作品ID	作品名	姓	名	文字遣い種別	分類番号	テキストファイルURL
000002	三十三の死	素木	しづ	旧字旧仮名	NDC 913	https://www.aozora.gr.jp/cards/000012/files/2_ruby_20958.zip
000005	あいびき	ツルゲーネフ	イワン	新字新仮名	NDC 983	https://www.aozora.gr.jp/cards/000005/files/5_ruby_21311.zip
000007	赤蛙	島木	健作	新字旧仮名	NDC 913	https://www.aozora.gr.jp/cards/000008/files/7_ruby_20893.zip
000009	暁と夕の詩	立原	道造	新字旧仮名	NDC 911	https://www.aozora.gr.jp/cards/000011/files/9_ruby_20330.zip
000010	秋は淋しい	素木	しづ	新字旧仮名	NDC 913	https://www.aozora.gr.jp/cards/000012/files/10_ruby_20387.zip
000011	秋の瞳	八木	重吉	新字旧仮名	NDC 911	https://www.aozora.gr.jp/cards/000013/files/11_ruby_20061.zip
000012	悪魔の舌	村山	槐多	新字旧仮名	NDC 913	https://www.aozora.gr.jp/cards/000014/files/12_ruby_22756.zip
000013	十本の針	芥川	竜之介	新字新仮名	NDC 917	https://www.aozora.gr.jp/cards/000879/files/13_ruby_1960.zip
000014	あばばばば	芥川	竜之介	新字旧仮名	NDC 913	https://www.aozora.gr.jp/cards/000879/files/14_ruby_1261.zip
000015	アグニの神	芥川	竜之介	新字旧仮名	NDC K913	https://www.aozora.gr.jp/cards/000879/files/15_ruby_904.zip
000016	秋	芥川	竜之介	新字旧仮名	NDC 913	https://www.aozora.gr.jp/cards/000879/files/16_ruby_344.zip
000017	あの頃の自分の事	芥川	竜之介	新字旧仮名	NDC 914	https://www.aozora.gr.jp/cards/000879/files/17_ruby_377.zip
000018	闇中問答	芥川	竜之介	新字旧仮名	NDC 913 914	https://www.aozora.gr.jp/cards/000879/files/18_ruby_268.zip
000019	或阿呆の一生	芥川	竜之介	新字旧仮名	NDC 913	https://www.aozora.gr.jp/cards/000879/files/19_ruby_306.zip
000020	或旧友へ送る手記	芥川	竜之介	新字旧仮名	NDC 916	https://www.aozora.gr.jp/cards/000879/files/20_ruby_302.zip
000021	浅草公園	芥川	竜之介	新字新仮名	NDC 912	https://www.aozora.gr.jp/cards/000879/files/21_ruby_1427.zip
000022	羅生門の後に	芥川	竜之介	新字新仮名	NDC 914	https://www.aozora.gr.jp/cards/000879/files/22_ruby_983.zip
000023	芭蕉雑記	芥川	竜之介	新字旧仮名	NDC 911	https://www.aozora.gr.jp/cards/000879/files/23_ruby_1254.zip
000024	尾生の信	芥川	竜之介	新字新仮名	NDC 913	https://www.aozora.gr.jp/cards/000879/files/24_ruby_877.zip
000025	文学好きの家庭から	芥川	竜之介	新字新仮名	NDC 914	https://www.aozora.gr.jp/cards/000879/files/25_ruby_1213.zip
000026	文芸的な、余りに文芸的な	芥川	竜之介	新字旧仮名	NDC 914	https://www.aozora.gr.jp/cards/000879/files/26_ruby_1441.zip
000027	文章	芥川	竜之介	新字新仮名	NDC 913	https://www.aozora.gr.jp/cards/000879/files/27_ruby_1126.zip
000028	舞踏会	芥川	竜之介	新字旧仮名	NDC 913	https://www.aozora.gr.jp/cards/000879/files/28_ruby_272.zip
000029	カルメン	芥川	竜之介	新字新仮名	NDC 913	https://www.aozora.gr.jp/cards/000879/files/29_ruby_1382.zip
000193	尼	ウィード	グスターフ	新字旧仮名	NDC 949	https://www.aozora.gr.jp/cards/000017/files/193_ruby_22801.zip
000195	可哀相な姉	渡辺	温	新字新仮名	NDC 913	https://www.aozora.gr.jp/cards/000020/files/195_ruby_26090.zip
000197	青い顔	三島	霜川	旧字旧仮名	NDC 913	https://www.aozora.gr.jp/cards/000022/files/197_ruby_22597.zip
000198	青白き夢	素木	しづ	新字旧仮名	NDC 913	https://www.aozora.gr.jp/cards/000012/files/198_ruby_20962.zip
000199	あらくれ	徳田	秋声	新字新仮名	NDC 913	https://www.aozora.gr.jp/cards/000023/files/199_ruby_4177.zip
000201	或る女	有島	武郎	新字新仮名	NDC 913	https://www.aozora.gr.jp/cards/000025/files/201_ruby_2682.zip
000202	或る女	有島	武郎	新字新仮名	NDC 913	https://www.aozora.gr.jp/cards/000025/files/202_ruby_20065.zip
000203	僕の帽子のお話	有島	武郎	新字新仮名	NDC K913	https://www.aozora.gr.jp/cards/000025/files/203_ruby_20491.zip
000204	カインの末裔	有島	武郎	新字新仮名	NDC 913	https://www.aozora.gr.jp/cards/000025/files/204_ruby_3382.zip
000205	私の父と母	有島	武郎	新字新仮名	NDC 914	https://www.aozora.gr.jp/cards/000025/files/205_ruby_20493.zip
000206	小さき者へ	有島	武郎	新字新仮名	NDC 913	https://www.aozora.gr.jp/cards/000025/files/206_ruby_20462.zip
000207	二つの道	有島	武郎	新字新仮名	NDC 914	https://www.aozora.gr.jp/cards/000025/files/207_ruby_385.zip
000208	片信	有島	武郎	新字新仮名	NDC 914	https://www.aozora.gr.jp/cards/000025/files/208_ruby_20484.zip
000209	卑怯者	有島	武郎	新字新仮名	NDC 913	https://www.aozora.gr.jp/cards/000025/files/209_ruby_20464.zip
000210	広津氏に答う	有島	武郎	新字新仮名	NDC 914	https://www.aozora.gr.jp/cards/000025/files/210_ruby_20473.zip
000211	一房の葡萄	有島	武郎	新字新仮名	NDC K913	https://www.aozora.gr.jp/cards/000025/files/211_ruby_20471.zip
000212	火事とポチ	有島	武郎	新字新仮名	NDC K913	https://www.aozora.gr.jp/cards/000025/files/212_ruby_19526.zip
000213	小作人への告別	有島	武郎	新字新仮名	NDC 916	https://www.aozora.gr.jp/cards/000025/files/213_ruby_20456.zip
000214	水野仙子氏の作品について	有島	武郎	旧字旧仮名	NDC 910	https://www.aozora.gr.jp/cards/000025/files/214_txt_20495.zip
000215	溺れかけた兄妹	有島	武郎	新字新仮名	NDC K913	https://www.aozora.gr.jp/cards/000025/files/215_ruby_20450.zip
000216	星座	有島	武郎	新字新仮名	NDC 913	https://www.aozora.gr.jp/cards/000025/files/216_ruby_20489.zip
000217	宣言一つ	有島	武郎	新字新仮名	NDC 914	https://www.aozora.gr.jp/cards/000025/files/217_ruby_20458.zip
000219	在りし日の歌	中原	中也	新字旧仮名	NDC 911	https://www.aozora.gr.jp/cards/000026/files/219_ruby_33151.zip
000220	或る母の話	渡辺	温	新字新仮名	NDC 913	https://www.aozora.gr.jp/cards/000020/files/220_ruby_28304.zip
000221	梓川の上流	小島	烏水	新字新仮名	NDC 291 915	https://www.aozora.gr.jp/cards/000027/files/221_ruby_2487.zip
000223	晩餐	素木	しづ	新字新仮名	NDC 913	https://www.aozora.gr.jp/cards/000012/files/223_ruby_2389.zip
000224	薔薇	ウィード	グスターフ	新字旧仮名	NDC 949	https://www.aozora.gr.jp/cards/000017/files/224_ruby_23183.zip
000228	セメント樽の中の手紙	葉山	嘉樹	新字新仮名	NDC 913	https://www.aozora.gr.jp/cards/000031/files/228_ruby_21663.zip
000229	父を失う話	渡辺	温	新字新仮名	NDC 913	https://www.aozora.gr.jp/cards/000020/files/229_ruby_29037.zip
000233	デンマルク国の話	内村	鑑三	新字新仮名	NDC 198	https://www.aozora.gr.jp/cards/000034/files/233_ruby_2990.zip
000234	二十世紀旗手	太宰	治	新字新仮名	NDC 913	https://www.aozora.gr.jp/cards/000035/files/234_ruby_19993.zip
000235	八十八夜	太宰	治	新字新仮名	NDC 913	https://www.aozora.gr.jp/cards/000035/files/235_ruby_20028.zip
000236	ア、秋	太宰	治	新字新仮名	NDC 914	https://www.aozora.gr.jp/cards/000035/files/236_ruby_19995.zip
000237	小さいアルバム	太宰	治	新字新仮名	NDC 913	https://www.aozora.gr.jp/cards/000035/files/237_ruby_20059.zip
000238	老ハイデルベルヒ	太宰	治	新字新仮名	NDC 913	https://www.aozora.gr.jp/cards/000035/files/238_ruby_20004.zip
000239	兄たち	太宰	治	新字新仮名	NDC 913	https://www.aozora.gr.jp/cards/000035/files/239_ruby_20002.zip
000240	あさましきもの	太宰	治	新字新仮名	NDC 913	https://www.aozora.gr.jp/cards/000035/files/240_ruby_2332.zip
000241	美男子と煙草	太宰	治	新字新仮名	NDC 913	https://www.aozora.gr.jp/cards/000035/files/241_ruby_3106.zip
000242	美少女	太宰	治	新字新仮名	NDC 913	https://www.aozora.gr.jp/cards/000035/files/242_ruby_20032.zip
000243	眉山	太宰	治	新字新仮名	NDC 913	https://www.aozora.gr.jp/cards/000035/files/243_ruby_20189.zip
000244	チャンス	太宰	治	新字新仮名	NDC 913	https://www.aozora.gr.jp/cards/000035/files/244_ruby_20156.zip
000245	父	太宰	治	新字新仮名	NDC 913	https://www.aozora.gr.jp/cards/000035/files/245_ruby_20185.zip
000246	畜犬談	太宰	治	新字新仮名	NDC 913	https://www.aozora.gr.jp/cards/000035/files/246_ruby_1636.zip
000247	地球図	太宰	治	新字新仮名	NDC 913	https://www.aozora.gr.jp/cards/000035/files/247_ruby_19980.zip
000248	千代女	太宰	治	新字新仮名	NDC 913	https://www.aozora.gr.jp/cards/000035/files/248_ruby_20042.zip
000249	断崖の錯覚	黒木	舜平	新字新仮名	NDC 913	https://www.aozora.gr.jp/cards/000035/files/249_ruby_3658.zip
000250	男女同権	太宰	治	新字新仮名	NDC 913	https://www.aozora.gr.jp/cards/000035/files/250_ruby_20148.zip
000251	誰	太宰	治	新字新仮名	NDC 913	https://www.aozora.gr.jp/cards/000035/files/251_ruby_3560.zip
000319	電報	黒島	伝治	新字新仮名	NDC 913	https://www.aozora.gr.jp/cards/000037/files/319_ruby_22344.zip
000321	二老人	国木田	独歩	新字新仮名	NDC 913	https://www.aozora.gr.jp/cards/000038/files/321_ruby_4292.zip
000322	源おじ	国木田	独歩	新字新仮名	NDC 913	https://www.aozora.gr.jp/cards/000038/files/322_ruby_646.zip
000323	牛肉と馬鈴薯	国木田	独歩	新字新仮名	NDC 913	https://www.aozora.gr.jp/cards/000038/files/323_ruby_352.zip
000324	非凡なる凡人	国木田	独歩	新字新仮名	NDC 913	https://www.aozora.gr.jp/cards/000038/files/324_ruby_2371.zip
000325	疲労	国木田	独歩	新字新仮名	NDC 913	https://www.aozora.gr.jp/cards/000038/files/325_ruby_4276.zip
000326	少年の悲哀	国木田	独歩	旧字旧仮名	NDC 913	https://www.aozora.gr.jp/cards/000038/files/326_ruby_5992.zip
000327	恋を恋する人	国木田	独歩	新字新仮名	NDC 913	https://www.aozora.gr.jp/cards/000038/files/327_ruby_1970.zip
000328	窮死	国木田	独歩	新字新仮名	NDC 913	https://www.aozora.gr.jp/cards/000038/files/328_ruby_4258.zip
000329	武蔵野	国木田	独歩	新字新仮名	NDC 914 915	https://www.aozora.gr.jp/cards/000038/files/329_ruby_5709.zip
000330	怠惰屋の弟子入り	国木田	独歩	旧字旧仮名	NDC 953	https://www.aozora.gr.jp/cards/000038/files/330_ruby_1482.zip
000331	石清虚	国木田	独歩	旧字旧仮名	NDC 913	https://www.aozora.gr.jp/cards/000038/files/331_ruby_5989.zip
000332	酒中日記	国木田	独歩	新字新仮名	NDC 913	https://www.aozora.gr.jp/cards/000038/files/332_ruby_337.zip
000333	空知川の岸辺	国木田	独歩	新字旧仮名	NDC 914 915	https://www.aozora.gr.jp/cards/000038/files/333_ruby_22322.zip
000334	少年の悲哀	国木田	独歩	新字新仮名	NDC 913	https://www.aozora.gr.jp/cards/000038/files/334_ruby_4268.zip
000335	たき火	国木田	独歩	新字新仮名	NDC 913	https://www.aozora.gr.jp/cards/000038/files/335_ruby_5703.zip
000336	運命論者	国木田	独歩	新字新仮名	NDC 913	https://www.aozora.gr.jp/cards/000038/files/336_ruby_1953.zip
000337	土曜夫人	織田	作之助	新字新仮名	NDC 913	https://www.aozora.gr.jp/cards/000040/files/337_ruby_19630.zip
000339	映画時代	寺田	寅彦	新字新仮名	NDC 778	https://www.aozora.gr.jp/cards/000042/files/339_ruby_489.zip
000340	地図に出てくる男女	吉行	エイスケ	新字新仮名	NDC 913	https://www.aozora.gr.jp/cards/000043/files/340_ruby_34761.zip
000341	飛行機から墜ちるまで	吉行	エイスケ	新字新仮名	NDC 913	https://www.aozora.gr.jp/cards/000043/files/341_ruby_34730.zip
000342	女百貨店	吉行	エイスケ	新字新仮名	NDC 913	https://www.aozora.gr.jp/cards/000043/files/342_ruby_34713.zip
000343	大阪万華鏡	吉行	エイスケ	新字新仮名	NDC 913	https://www.aozora.gr.jp/cards/000043/files/343_ruby_34720.zip
000344	戦争のファンタジイ	吉行	エイスケ	新字新仮名	NDC 913	https://www.aozora.gr.jp/cards/000043/files/344_ruby_34786.zip
000345	新種族ノラ	吉行	エイスケ	新字新仮名	NDC 913	https://www.aozora.gr.jp/cards/000043/files/345_ruby_34688.zip
000346	職業婦人気質	吉行	エイスケ	新字新仮名	NDC 913	https://www.aozora.gr.jp/cards/000043/files/346_ruby_34691.zip
000348	文七元結	三遊亭	円朝	新字新仮名	NDC 779 913	https://www.aozora.gr.jp/cards/000989/files/348_ruby_6144.zip
000349	根岸お行の松　因果塚の由来	三遊亭	円朝	新字新仮名	NDC 779 913	https://www.aozora.gr.jp/cards/000989/files/349_ruby.zip
000350	真景累ヶ淵	三遊亭	円朝	新字新仮名	NDC 779 913	https://www.aozora.gr.jp/cards/000989/files/350_ruby_33175.zip
000351	業平文治漂流奇談	三遊亭	円朝	新字新仮名	NDC 779 913	https://www.aozora.gr.jp/cards/000989/files/351_ruby.zip
000353	政談月の鏡	三遊亭	円朝	新字新仮名	NDC 779 913	https://www.aozora.gr.jp/cards/000989/files/353_ruby_3751.zip
000354	闇夜の梅	三遊亭	円朝	新字新仮名	NDC 779 913	https://www.aozora.gr.jp/cards/000989/files/354_ruby_3752.zip
000357	外套	ゴーゴリ	ニコライ	新字新仮名	NDC 983	https://www.aozora.gr.jp/cards/000207/files/357_ruby_22445.zip
000358	画家とセリセリス	南部	修太郎	旧字旧仮名	NDC 913	https://www.aozora.gr.jp/cards/000048/files/358_ruby_21368.zip
000359	眼帯記	北条	民雄	新字新仮名	NDC 916	https://www.aozora.gr.jp/cards/000997/files/359_ruby.zip
000360	外科室	泉	鏡花	新字新仮名	NDC 913	https://www.aozora.gr.jp/cards/000050/files/360_ruby_434.zip
000361	幻談	幸田	露伴	新字新仮名	NDC 913	https://www.aozora.gr.jp/cards/000051/files/361_ruby_3948.zip
000363	義血侠血	泉	鏡花	新字新仮名	NDC 913	https://www.aozora.gr.jp/cards/000050/files/363_ruby_2654.zip
000369	母となる	福田	英子	新字旧仮名	NDC 914	https://www.aozora.gr.jp/cards/000057/files/369_ruby_18840.zip
000371	浜菊	伊藤	左千夫	新字新仮名	NDC 913	https://www.aozora.gr.jp/cards/000058/files/371_ruby_5879.zip
000372	鼻	ゴーゴリ	ニコライ	新字新仮名	NDC 983	https://www.aozora.gr.jp/cards/000207/files/372_ruby_22447.zip
000373	花嫁の訂正	渡辺	温	新字新仮名	NDC 913	https://www.aozora.gr.jp/cards/000020/files/373_ruby_29381.zip
000376	ハルピンの一夜	南部	修太郎	旧字旧仮名	NDC 913	https://www.aozora.gr.jp/cards/000048/files/376_ruby_3331.zip
000377	国語音韻の変遷	橋本	進吉	新字新仮名	NDC 811	https://www.aozora.gr.jp/cards/000061/files/377_ruby_2753.zip
000378	雛鳥の夢	素木	しづ	新字旧仮名	NDC 913	https://www.aozora.gr.jp/cards/000012/files/378_ruby_20972.zip
000379	氷雨	葉山	嘉樹	新字旧仮名	NDC 913	https://www.aozora.gr.jp/cards/000031/files/379_ruby_21679.zip
000380	放浪	織田	作之助	新字新仮名	NDC 913	https://www.aozora.gr.jp/cards/000040/files/380_ruby_2698.zip
000382	私は懐疑派だ	二葉亭	四迷	新字新仮名	NDC 914	https://www.aozora.gr.jp/cards/000006/files/382_ruby_22429.zip
000383	予が半生の懺悔	二葉亭	四迷	新字新仮名	NDC 914	https://www.aozora.gr.jp/cards/000006/files/383_ruby_22434.zip
000384	余が翻訳の標準	二葉亭	四迷	新字新仮名	NDC 801	https://www.aozora.gr.jp/cards/000006/files/384_ruby_22427.zip
000385	一円本流行の害毒と其裏面談	宮武	外骨	新字新仮名	NDC 023 914	https://www.aozora.gr.jp/cards/000063/files/385_ruby_2182.zip
000386	十三夜	樋口	一葉	旧字旧仮名	NDC 913	https://www.aozora.gr.jp/cards/000064/files/386_ruby_15290.zip
000387	にごりえ	樋口	一葉	旧字旧仮名	NDC 913	https://www.aozora.gr.jp/cards/000064/files/387_ruby_15292.zip
000388	大つごもり	樋口	一葉	旧字旧仮名	NDC 913	https://www.aozora.gr.jp/cards/000064/files/388_ruby_15294.zip
000389	たけくらべ	樋口	一葉	旧字旧仮名	NDC 913	https://www.aozora.gr.jp/cards/000064/files/389_ruby_15296.zip
000390	うつせみ	樋口	一葉	旧字旧仮名	NDC 913	https://www.aozora.gr.jp/cards/000064/files/390_ruby_15298.zip
000391	わかれ道	樋口	一葉	旧字旧仮名	NDC 913	https://www.aozora.gr.jp/cards/000064/files/391_ruby_15300.zip
000392	ゆく雲	樋口	一葉	旧字旧仮名	NDC 913	https://www.aozora.gr.jp/cards/000064/files/392_ruby_15302.zip
000393	「いき」の構造	九鬼	周造	新字新仮名	NDC 701	https://www.aozora.gr.jp/cards/000065/files/393_ruby_1764.zip
000395	田舎の時計他十二篇	萩原	朔太郎	新字旧仮名	NDC 911	https://www.aozora.gr.jp/cards/000067/files/395_ruby.zip
000396	駒のいななき	橋本	進吉	新字新仮名	NDC 811	https://www.aozora.gr.jp/cards/000061/files/396_ruby_21657.zip
000397	淫売婦	葉山	嘉樹	新字新仮名	NDC 913	https://www.aozora.gr.jp/cards/000031/files/397_ruby_21661.zip
000398	いのちの初夜	北条	民雄	新字新仮名	NDC 913	https://www.aozora.gr.jp/cards/000997/files/398_ruby_2016.zip
000401	イワンとイワンの兄	渡辺	温	新字新仮名	NDC 913	https://www.aozora.gr.jp/cards/000020/files/401_ruby_28317.zip
000405	自分のこと	南部	修太郎	旧字旧仮名	NDC 916	https://www.aozora.gr.jp/cards/000048/files/405_txt_21370.zip
000407	ジガ蜂	島木	健作	新字旧仮名	NDC 913	https://www.aozora.gr.jp/cards/000008/files/407_ruby_20885.zip
000408	陣中日誌（遺稿）	山中	貞雄	新字新仮名	NDC 916	https://www.aozora.gr.jp/cards/000072/files/408_ruby_3319.zip
000410	解剖室	三島	霜川	旧字旧仮名	NDC 913	https://www.aozora.gr.jp/cards/000022/files/410_ruby_22624.zip
000411	愛撫	梶井	基次郎	新字新仮名	NDC 913	https://www.aozora.gr.jp/cards/000074/files/411_ruby_19632.zip
000412	ある崖上の感情	梶井	基次郎	新字新仮名	NDC 913	https://www.aozora.gr.jp/cards/000074/files/412_ruby_19691.zip
000413	ある心の風景	梶井	基次郎	新字新仮名	NDC 913	https://www.aozora.gr.jp/cards/000074/files/413_ruby_19693.zip
000414	泥濘	梶井	基次郎	新字新仮名	NDC 913	https://www.aozora.gr.jp/cards/000074/files/414_ruby_19797.zip
000415	闇の絵巻	梶井	基次郎	新字新仮名	NDC 914	https://www.aozora.gr.jp/cards/000074/files/415_ruby_19817.zip
000416	冬の蠅	梶井	基次郎	新字新仮名	NDC 913	https://www.aozora.gr.jp/cards/000074/files/416_ruby_19813.zip
000417	冬の日	梶井	基次郎	新字新仮名	NDC 913	https://www.aozora.gr.jp/cards/000074/files/417_ruby_19815.zip
000418	闇の書	梶井	基次郎	新字新仮名	NDC 913	https://www.aozora.gr.jp/cards/000074/files/418_ruby_922.zip
000419	Ｋの昇天	梶井	基次郎	新字新仮名	NDC 913	https://www.aozora.gr.jp/cards/000074/files/419_ruby_19701.zip
000420	筧の話	梶井	基次郎	新字新仮名	NDC 914	https://www.aozora.gr.jp/cards/000074/files/420_ruby_19695.zip
000421	過古	梶井	基次郎	新字新仮名	NDC 913	https://www.aozora.gr.jp/cards/000074/files/421_ruby_19697.zip
000422	器楽的幻覚	梶井	基次郎	新字新仮名	NDC 914	https://www.aozora.gr.jp/cards/000074/files/422_ruby_19699.zip
000423	交尾	梶井	基次郎	新字新仮名	NDC 913	https://www.aozora.gr.jp/cards/000074/files/423_ruby_503.zip
000424	檸檬	梶井	基次郎	新字新仮名	NDC 913	https://www.aozora.gr.jp/cards/000074/files/424_ruby_19825.zip
000425	のんきな患者	梶井	基次郎	新字新仮名	NDC 913	https://www.aozora.gr.jp/cards/000074/files/425_ruby_19811.zip
000426	路上	梶井	基次郎	新字新仮名	NDC 913	https://www.aozora.gr.jp/cards/000074/files/426_ruby_19827.zip
000427	桜の樹の下には	梶井	基次郎	新字新仮名	NDC 913	https://www.aozora.gr.jp/cards/000074/files/427_ruby_19792.zip
000432	駆落	森	鴎外	新字旧仮名	NDC 943	https://www.aozora.gr.jp/cards/000075/files/432_ruby_22834.zip
000433	上高地風景保護論	小島	烏水	新字新仮名	NDC 291 914	https://www.aozora.gr.jp/cards/000027/files/433_ruby_20733.zip
000435	かなしみの日より	素木	しづ	新字旧仮名	NDC 913	https://www.aozora.gr.jp/cards/000012/files/435_ruby_20960.zip
000436	五月の朝の花	岡本	かの子	新字新仮名	NDC 914	https://www.aozora.gr.jp/cards/000076/files/436_txt_20308.zip
000437	秋雨の追憶	岡本	かの子	旧字旧仮名	NDC 914	https://www.aozora.gr.jp/cards/000076/files/437_ruby_4658.zip
000438	ある男の死	岡本	かの子	新字旧仮名	NDC 914	https://www.aozora.gr.jp/cards/000076/files/438_ruby_23854.zip
000439	縮緬のこころ	岡本	かの子	新字旧仮名	NDC 914	https://www.aozora.gr.jp/cards/000076/files/439_txt_4288.zip
000440	富士	岡本	かの子	新字新仮名	NDC 913	https://www.aozora.gr.jp/cards/000076/files/440_ruby_2581.zip
000441	愚なる（?!）母の散文詩	岡本	かの子	新字旧仮名	NDC 914	https://www.aozora.gr.jp/cards/000076/files/441_txt_18830.zip
000442	慈悲	岡本	かの子	新字新仮名	NDC 914	https://www.aozora.gr.jp/cards/000076/files/442_ruby_3976.zip
000443	風と裾	岡本	かの子	新字旧仮名	NDC 914	https://www.aozora.gr.jp/cards/000076/files/443_txt_4289.zip
000444	みちのく	岡本	かの子	新字新仮名	NDC 913	https://www.aozora.gr.jp/cards/000076/files/444_ruby_20627.zip
000445	恋愛といふもの	岡本	かの子	新字旧仮名	NDC 914	https://www.aozora.gr.jp/cards/000076/files/445_txt_18832.zip
000446	鯉魚	岡本	かの子	新字新仮名	NDC 913	https://www.aozora.gr.jp/cards/000076/files/446_ruby_20629.zip
000447	老妓抄	岡本	かの子	新字新仮名	NDC 913	https://www.aozora.gr.jp/cards/000076/files/447_ruby_19591.zip
000448	東海道五十三次	岡本	かの子	新字新仮名	NDC 914 915	https://www.aozora.gr.jp/cards/000076/files/448_ruby_19597.zip
000449	本州横断　癇癪徒歩旅行	押川	春浪	新字新仮名	NDC 915	https://www.aozora.gr.jp/cards/000077/files/449_ruby_2853.zip
000450	夏秋表	立原	道造	新字新仮名	NDC 914	https://www.aozora.gr.jp/cards/000011/files/450_txt_21031.zip
000452	競馬	織田	作之助	新字新仮名	NDC 913	https://www.aozora.gr.jp/cards/000040/files/452_ruby_291.zip
000453	計画	平出	修	旧字旧仮名	NDC 913	https://www.aozora.gr.jp/cards/000080/files/453_ruby_420.zip
000454	毒もみのすきな署長さん	宮沢	賢治	新字新仮名	NDC K913	https://www.aozora.gr.jp/cards/000081/files/454_ruby_635.zip
000455	ガドルフの百合	宮沢	賢治	新字新仮名	NDC K913	https://www.aozora.gr.jp/cards/000081/files/455_ruby_1471.zip
000456	銀河鉄道の夜	宮沢	賢治	新字新仮名	NDC K913	https://www.aozora.gr.jp/cards/000081/files/456_ruby_145.zip
000458	ひかりの素足	宮沢	賢治	新字旧仮名	NDC 913	https://www.aozora.gr.jp/cards/000081/files/458_ruby_19934.zip
000459	双子の星	宮沢	賢治	新字新仮名	NDC K913	https://www.aozora.gr.jp/cards/000081/files/459_ruby_5441.zip
000460	インドラの網	宮沢	賢治	新字新仮名	NDC K913	https://www.aozora.gr.jp/cards/000081/files/460_ruby_1416.zip
000461	雁の童子	宮沢	賢治	新字新仮名	NDC K913	https://www.aozora.gr.jp/cards/000081/files/461_ruby_27797.zip
000462	風の又三郎	宮沢	賢治	新字新仮名	NDC K913	https://www.aozora.gr.jp/cards/000081/files/462_ruby_716.zip
000463	マグノリアの木	宮沢	賢治	新字新仮名	NDC 913	https://www.aozora.gr.jp/cards/000081/files/463_ruby_32309.zip
000464	猫の事務所	宮沢	賢治	新字旧仮名	NDC 913	https://www.aozora.gr.jp/cards/000081/files/464_ruby_19940.zip
000465	農民芸術概論	宮沢	賢治	新字旧仮名	NDC 701 914	https://www.aozora.gr.jp/cards/000081/files/465_txt_911.zip
000466	オツベルと象	宮沢	賢治	新字新仮名	NDC K913	https://www.aozora.gr.jp/cards/000081/files/466_ruby_1478.zip
000467	ポランの広場	宮沢	賢治	新字旧仮名	NDC K912 K913	https://www.aozora.gr.jp/cards/000081/files/467_txt_19933.zip
000468	さいかち淵	宮沢	賢治	新字旧仮名	NDC 913	https://www.aozora.gr.jp/cards/000081/files/468_ruby_3642.zip
000469	さるのこしかけ	宮沢	賢治	新字新仮名	NDC K913	https://www.aozora.gr.jp/cards/000081/files/469_ruby_19942.zip
000470	セロ弾きのゴーシュ	宮沢	賢治	新字新仮名	NDC K913	https://www.aozora.gr.jp/cards/000081/files/470_ruby_3987.zip
000471	疾中	宮沢	賢治	新字旧仮名	NDC 911	https://www.aozora.gr.jp/cards/000081/files/471_ruby_19936.zip
000474	日本国憲法	日本国		新字旧仮名	NDC 323	https://www.aozora.gr.jp/cards/001528/files/474_txt.zip
000475	半七捕物帳	岡本	綺堂	新字新仮名	NDC 913	https://www.aozora.gr.jp/cards/000082/files/475_ruby_1665.zip
000476	籠釣瓶	岡本	綺堂	新字新仮名	NDC 913	https://www.aozora.gr.jp/cards/000082/files/476_ruby_33083.zip
000477	箕輪心中	岡本	綺堂	新字新仮名	NDC 913	https://www.aozora.gr.jp/cards/000082/files/477_ruby_33087.zip
000478	両国の秋	岡本	綺堂	新字新仮名	NDC 913	https://www.aozora.gr.jp/cards/000082/files/478_ruby_33089.zip
000479	心中浪華の春雨	岡本	綺堂	新字新仮名	NDC 913	https://www.aozora.gr.jp/cards/000082/files/479_ruby_33085.zip
000480	玉藻の前	岡本	綺堂	新字新仮名	NDC 913	https://www.aozora.gr.jp/cards/000082/files/480_ruby_6016.zip
000481	鳥辺山心中	岡本	綺堂	新字新仮名	NDC 913	https://www.aozora.gr.jp/cards/000082/files/481_ruby_33081.zip
000482	半七捕物帳	岡本	綺堂	新字新仮名	NDC 913	https://www.aozora.gr.jp/cards/000082/files/482_ruby_2864.zip
000483	半七捕物帳	岡本	綺堂	新字新仮名	NDC 913	https://www.aozora.gr.jp/cards/000082/files/483_ruby_3277.zip
000484	ゆず湯	岡本	綺堂	新字新仮名	NDC 913	https://www.aozora.gr.jp/cards/000082/files/484_ruby_3313.zip
000485	青木の出京	菊池	寛	新字新仮名	NDC 913	https://www.aozora.gr.jp/cards/000083/files/485_ruby_19844.zip
000486	入れ札	菊池	寛	新字新仮名	NDC 912	https://www.aozora.gr.jp/cards/000083/files/486_ruby_19917.zip
000487	吉良上野の立場	菊池	寛	新字新仮名	NDC 913	https://www.aozora.gr.jp/cards/000083/files/487_ruby_19886.zip
000488	勲章を貰う話	菊池	寛	新字新仮名	NDC 913	https://www.aozora.gr.jp/cards/000083/files/488_ruby_19853.zip
000489	身投げ救助業	菊池	寛	新字新仮名	NDC 913	https://www.aozora.gr.jp/cards/000083/files/489_ruby_19848.zip
000490	三浦右衛門の最後	菊池	寛	新字新仮名	NDC 913	https://www.aozora.gr.jp/cards/000083/files/490_ruby_19861.zip
000491	Ｍ侯爵と写真師	菊池	寛	新字新仮名	NDC 913	https://www.aozora.gr.jp/cards/000083/files/491_ruby_19859.zip
000492	無名作家の日記	菊池	寛	新字新仮名	NDC 913	https://www.aozora.gr.jp/cards/000083/files/492_ruby_19842.zip
000493	大島が出来る話	菊池	寛	新字新仮名	NDC 913	https://www.aozora.gr.jp/cards/000083/files/493_ruby_19920.zip
000494	屋上の狂人	菊池	寛	新字新仮名	NDC 912	https://www.aozora.gr.jp/cards/000083/files/494_ruby_19911.zip
000495	恩を返す話	菊池	寛	新字新仮名	NDC 913	https://www.aozora.gr.jp/cards/000083/files/495_ruby_19922.zip
000496	恩讐の彼方に	菊池	寛	新字新仮名	NDC 913	https://www.aozora.gr.jp/cards/000083/files/496_ruby_19865.zip
000497	蘭学事始	菊池	寛	新字新仮名	NDC 913	https://www.aozora.gr.jp/cards/000083/files/497_ruby_3051.zip
000498	船医の立場	菊池	寛	新字新仮名	NDC 913	https://www.aozora.gr.jp/cards/000083/files/498_ruby_3276.zip
000499	勝負事	菊池	寛	新字新仮名	NDC 913	https://www.aozora.gr.jp/cards/000083/files/499_ruby_19857.zip
000500	出世	菊池	寛	新字新仮名	NDC 913	https://www.aozora.gr.jp/cards/000083/files/500_ruby_19846.zip
000501	忠直卿行状記	菊池	寛	新字新仮名	NDC 913	https://www.aozora.gr.jp/cards/000083/files/501_ruby_19863.zip
000507	木の都	織田	作之助	新字旧仮名	NDC 914	https://www.aozora.gr.jp/cards/000040/files/507_ruby_19625.zip
000508	霧の夜に	南部	修太郎	旧字旧仮名	NDC 913	https://www.aozora.gr.jp/cards/000048/files/508_ruby_21401.zip
000509	喫茶店にて	萩原	朔太郎	新字旧仮名	NDC 914	https://www.aozora.gr.jp/cards/000067/files/509_txt_21644.zip
000510	古代国語の音韻に就いて	橋本	進吉	新字新仮名	NDC 811	https://www.aozora.gr.jp/cards/000061/files/510_ruby_2728.zip
000512	恋	渡辺	温	新字新仮名	NDC 913	https://www.aozora.gr.jp/cards/000020/files/512_ruby_1376.zip
000513	工場の窓より	葉山	嘉樹	新字旧仮名	NDC 913	https://www.aozora.gr.jp/cards/000031/files/513_ruby_21701.zip
000515	国民性と文学	綱島	梁川	新字旧仮名	NDC 901	https://www.aozora.gr.jp/cards/000087/files/515_ruby_21303.zip
000517	子に与ふ	北	一輝	新字旧仮名	NDC 916	https://www.aozora.gr.jp/cards/000089/files/517_txt_20769.zip
000519	後世への最大遺物	内村	鑑三	新字新仮名	NDC 914	https://www.aozora.gr.jp/cards/000034/files/519_ruby_2965.zip
000521	高野聖	泉	鏡花	新字新仮名	NDC 913	https://www.aozora.gr.jp/cards/000050/files/521_ruby_20582.zip
000522	金色夜叉	尾崎	紅葉	新字旧仮名	NDC 913	https://www.aozora.gr.jp/cards/000091/files/522_ruby_3355.zip
000523	高山の雪	小島	烏水	新字新仮名	NDC 291 914	https://www.aozora.gr.jp/cards/000027/files/523_ruby_2839.zip
000525	神社合祀に関する意見	南方	熊楠	新字新仮名	NDC 175	https://www.aozora.gr.jp/cards/000093/files/525_ruby_1904.zip
000526	十二支考	南方	熊楠	新字新仮名	NDC 388	https://www.aozora.gr.jp/cards/000093/files/526_ruby_5504.zip
000527	十二支考	南方	熊楠	新字新仮名	NDC 388	https://www.aozora.gr.jp/cards/000093/files/527_ruby_2159.zip
000529	国貞えがく	泉	鏡花	新字新仮名	NDC 913	https://www.aozora.gr.jp/cards/000050/files/529_ruby_20652.zip
000530	黒猫	佐々木	直次郎	新字新仮名	NDC 933	https://www.aozora.gr.jp/cards/000094/files/530_ruby_20931.zip
000531	あやかしの鼓	夢野	久作	新字新仮名	NDC 913	https://www.aozora.gr.jp/cards/000096/files/531_ruby_736.zip
000538	舞姫	石橋	忍月	新字旧仮名	NDC 910	https://www.aozora.gr.jp/cards/000102/files/538_ruby_20592.zip
000539	万福追想	葉山	嘉樹	新字旧仮名	NDC 913	https://www.aozora.gr.jp/cards/000031/files/539_ruby_21681.zip
000541	職工と微笑	松永	延造	新字新仮名	NDC 913	https://www.aozora.gr.jp/cards/000104/files/541_ruby_22552.zip
000542	貧しき信徒	八木	重吉	新字新仮名	NDC 911	https://www.aozora.gr.jp/cards/000013/files/542_ruby_471.zip
000544	姪子	伊藤	左千夫	新字新仮名	NDC 913	https://www.aozora.gr.jp/cards/000058/files/544_ruby_20601.zip
000545	夫婦善哉	織田	作之助	新字新仮名	NDC 913	https://www.aozora.gr.jp/cards/000040/files/545_ruby_33101.zip
000546	まざあ・ぐうす	北原	白秋	新字新仮名	NDC K931	https://www.aozora.gr.jp/cards/001529/files/546_ruby_21323.zip
000549	ぶくぶく長々火の目小僧	鈴木	三重吉	新字新仮名	NDC K913	https://www.aozora.gr.jp/cards/000107/files/549_ruby_20952.zip
000555	右門捕物帖	佐々木	味津三	新字新仮名	NDC 913	https://www.aozora.gr.jp/cards/000111/files/555_ruby_18948.zip
000556	右門捕物帖	佐々木	味津三	新字新仮名	NDC 913	https://www.aozora.gr.jp/cards/000111/files/556_ruby_19004.zip
000557	右門捕物帖	佐々木	味津三	新字新仮名	NDC 913	https://www.aozora.gr.jp/cards/000111/files/557_ruby_19518.zip
000558	右門捕物帖	佐々木	味津三	新字新仮名	NDC 913	https://www.aozora.gr.jp/cards/000111/files/558_ruby_18946.zip
000559	右門捕物帖	佐々木	味津三	新字新仮名	NDC 913	https://www.aozora.gr.jp/cards/000111/files/559_ruby_18961.zip
000560	右門捕物帖	佐々木	味津三	新字新仮名	NDC 913	https://www.aozora.gr.jp/cards/000111/files/560_ruby_19002.zip
000561	右門捕物帖	佐々木	味津三	新字新仮名	NDC 913	https://www.aozora.gr.jp/cards/000111/files/561_ruby_19508.zip
000562	右門捕物帖	佐々木	味津三	新字新仮名	NDC 913	https://www.aozora.gr.jp/cards/000111/files/562_ruby_18950.zip
000563	右門捕物帖	佐々木	味津三	新字新仮名	NDC 913	https://www.aozora.gr.jp/cards/000111/files/563_ruby_19498.zip
000564	右門捕物帖	佐々木	味津三	新字新仮名	NDC 913	https://www.aozora.gr.jp/cards/000111/files/564_ruby_18952.zip
000565	旗本退屈男	佐々木	味津三	新字新仮名	NDC 913	https://www.aozora.gr.jp/cards/000111/files/565_ruby_4197.zip
000566	旗本退屈男	佐々木	味津三	新字新仮名	NDC 913	https://www.aozora.gr.jp/cards/000111/files/566_ruby_4091.zip
000567	旗本退屈男	佐々木	味津三	新字新仮名	NDC 913	https://www.aozora.gr.jp/cards/000111/files/567_ruby_4203.zip
000568	旗本退屈男	佐々木	味津三	新字新仮名	NDC 913	https://www.aozora.gr.jp/cards/000111/files/568_ruby_4205.zip
000569	右門捕物帖	佐々木	味津三	新字新仮名	NDC 913	https://www.aozora.gr.jp/cards/000111/files/569_ruby_19444.zip
000570	右門捕物帖	佐々木	味津三	新字新仮名	NDC 913	https://www.aozora.gr.jp/cards/000111/files/570_ruby_19520.zip
000571	右門捕物帖	佐々木	味津三	新字新仮名	NDC 913	https://www.aozora.gr.jp/cards/000111/files/571_ruby_19502.zip
000596	響	水野	仙子	旧字旧仮名	NDC 913	https://www.aozora.gr.jp/cards/000112/files/596_ruby_22685.zip
000597	輝ける朝	水野	仙子	旧字旧仮名	NDC 913	https://www.aozora.gr.jp/cards/000112/files/597_ruby_5510.zip
000598	神楽阪の半襟	水野	仙子	旧字旧仮名	NDC 913	https://www.aozora.gr.jp/cards/000112/files/598_txt_22636.zip
000599	道	水野	仙子	旧字旧仮名	NDC 913	https://www.aozora.gr.jp/cards/000112/files/599_ruby_22687.zip
000600	女	水野	仙子	旧字旧仮名	NDC 913	https://www.aozora.gr.jp/cards/000112/files/600_txt_22628.zip
000601	四十余日	水野	仙子	旧字旧仮名	NDC 913	https://www.aozora.gr.jp/cards/000112/files/601_ruby_22663.zip
000602	白い雌鷄の行方	水野	仙子	旧字旧仮名	NDC 913	https://www.aozora.gr.jp/cards/000112/files/602_ruby_22665.zip
000603	嘘をつく日	水野	仙子	旧字旧仮名	NDC 913	https://www.aozora.gr.jp/cards/000112/files/603_ruby_22626.zip
000605	モルグ街の殺人事件	佐々木	直次郎	新字新仮名	NDC 933	https://www.aozora.gr.jp/cards/000094/files/605_ruby_20933.zip
000606	守の家	伊藤	左千夫	新字新仮名	NDC 913	https://www.aozora.gr.jp/cards/000058/files/606_ruby_20603.zip
000610	虫干し	鷹野	つぎ	新字新仮名	NDC 914	https://www.aozora.gr.jp/cards/000116/files/610_ruby_20956.zip
000613	長塚節歌集	長塚	節	旧字旧仮名	NDC 911	https://www.aozora.gr.jp/cards/000118/files/613_ruby_1982.zip
000614	長塚節歌集	長塚	節	旧字旧仮名	NDC 911	https://www.aozora.gr.jp/cards/000118/files/614_ruby_1985.zip
000615	長塚節歌集	長塚	節	旧字旧仮名	NDC 911	https://www.aozora.gr.jp/cards/000118/files/615_ruby_1988.zip
000616	長塚節句集	長塚	節	旧字旧仮名	NDC 911	https://www.aozora.gr.jp/cards/000118/files/616_ruby_1991.zip
000617	悟浄歎異	中島	敦	新字新仮名	NDC 913	https://www.aozora.gr.jp/cards/000119/files/617_ruby_1485.zip
000618	狐憑	中島	敦	旧字旧仮名	NDC 913	https://www.aozora.gr.jp/cards/000119/files/618_ruby_2379.zip
000619	南島譚	中島	敦	新字新仮名	NDC 913	https://www.aozora.gr.jp/cards/000119/files/619_ruby_2307.zip
000620	名人伝	中島	敦	旧字旧仮名	NDC 913	https://www.aozora.gr.jp/cards/000119/files/620_ruby_657.zip
000621	名人伝	中島	敦	新字新仮名	NDC 913	https://www.aozora.gr.jp/cards/000119/files/621_ruby_661.zip
000622	文字禍	中島	敦	新字新仮名	NDC 913	https://www.aozora.gr.jp/cards/000119/files/622_ruby_14496.zip
000623	山月記	中島	敦	旧字旧仮名	NDC 913	https://www.aozora.gr.jp/cards/000119/files/623_ruby_18352.zip
000624	山月記	中島	敦	新字新仮名	NDC 913	https://www.aozora.gr.jp/cards/000119/files/624_ruby_5668.zip
000625	奈々子	伊藤	左千夫	新字新仮名	NDC 913	https://www.aozora.gr.jp/cards/000058/files/625_ruby_20586.zip
000626	南蛮寺門前	木下	杢太郎	新字旧仮名	NDC 911 912	https://www.aozora.gr.jp/cards/000120/files/626_ruby_6075.zip
000627	赤い蝋燭	新美	南吉	新字新仮名	NDC 913	https://www.aozora.gr.jp/cards/000121/files/627_ruby_4098.zip
000628	ごん狐	新美	南吉	新字新仮名	NDC K913	https://www.aozora.gr.jp/cards/000121/files/628_ruby_649.zip
000629	ごんごろ鐘	新美	南吉	新字新仮名	NDC K913	https://www.aozora.gr.jp/cards/000121/files/629_ruby_34385.zip
000630	花のき村と盗人たち	新美	南吉	新字新仮名	NDC K913	https://www.aozora.gr.jp/cards/000121/files/630_ruby_21623.zip
000631	川	新美	南吉	新字新仮名	NDC K913	https://www.aozora.gr.jp/cards/000121/files/631_ruby_21639.zip
000632	狐	新美	南吉	新字新仮名	NDC K913	https://www.aozora.gr.jp/cards/000121/files/632_ruby_2032.zip
000633	張紅倫	新美	南吉	新字新仮名	NDC K913	https://www.aozora.gr.jp/cards/000121/files/633_ruby.zip
000634	久助君の話	新美	南吉	新字新仮名	NDC K913	https://www.aozora.gr.jp/cards/000121/files/634_ruby_21621.zip
000635	おじいさんのランプ	新美	南吉	新字新仮名	NDC K913	https://www.aozora.gr.jp/cards/000121/files/635_ruby_4097.zip
000636	正坊とクロ	新美	南吉	新字新仮名	NDC K913	https://www.aozora.gr.jp/cards/000121/files/636_ruby_21635.zip
000637	手袋を買いに	新美	南吉	新字新仮名	NDC K913	https://www.aozora.gr.jp/cards/000121/files/637_ruby_4095.zip
000638	牛をつないだ椿の木	新美	南吉	新字新仮名	NDC K913	https://www.aozora.gr.jp/cards/000121/files/638_ruby_34288.zip
000639	嘘	新美	南吉	新字新仮名	NDC K913	https://www.aozora.gr.jp/cards/000121/files/639_ruby_21641.zip
000640	病む子の祭	新美	南吉	新字新仮名	NDC K913	https://www.aozora.gr.jp/cards/000121/files/640_ruby_21637.zip
000641	猫町	萩原	朔太郎	新字新仮名	NDC 913	https://www.aozora.gr.jp/cards/000067/files/641_ruby_21646.zip
000642	猫又先生	南部	修太郎	旧字旧仮名	NDC 913	https://www.aozora.gr.jp/cards/000048/files/642_ruby_21366.zip
000644	日本山岳景の特色	小島	烏水	新字新仮名	NDC 291 914	https://www.aozora.gr.jp/cards/000027/files/644_ruby_2491.zip
000646	二銭銅貨	黒島	伝治	新字新仮名	NDC 913	https://www.aozora.gr.jp/cards/000037/files/646_ruby_4385.zip
000647	野菊の墓	伊藤	左千夫	新字新仮名	NDC 913	https://www.aozora.gr.jp/cards/000058/files/647_ruby_20405.zip
000649	女盗	南部	修太郎	旧字旧仮名	NDC 913	https://www.aozora.gr.jp/cards/000048/files/649_ruby.zip
000651	小熊秀雄全集-01	小熊	秀雄	新字旧仮名	NDC 911	https://www.aozora.gr.jp/cards/000124/files/651_ruby.zip
000652	小熊秀雄全集-10	小熊	秀雄	新字旧仮名	NDC 911	https://www.aozora.gr.jp/cards/000124/files/652_ruby.zip
000653	小熊秀雄全集-11	小熊	秀雄	新字旧仮名	NDC 911	https://www.aozora.gr.jp/cards/000124/files/653_ruby.zip
000654	小熊秀雄全集-12	小熊	秀雄	新字旧仮名	NDC 911	https://www.aozora.gr.jp/cards/000124/files/654_ruby.zip
000655	小熊秀雄全集-14	小熊	秀雄	新字旧仮名	NDC K913	https://www.aozora.gr.jp/cards/000124/files/655_ruby_1595.zip
000656	小熊秀雄全集-02	小熊	秀雄	新字旧仮名	NDC 911	https://www.aozora.gr.jp/cards/000124/files/656_ruby_1643.zip
000657	小熊秀雄全集-20	小熊	秀雄	新字旧仮名	NDC 914	https://www.aozora.gr.jp/cards/000124/files/657_ruby.zip
000658	小熊秀雄全集-03	小熊	秀雄	新字旧仮名	NDC 911	https://www.aozora.gr.jp/cards/000124/files/658_ruby.zip
000659	小熊秀雄全集-04	小熊	秀雄	新字旧仮名	NDC 911	https://www.aozora.gr.jp/cards/000124/files/659_ruby.zip
000660	小熊秀雄全集-05	小熊	秀雄	新字旧仮名	NDC 911	https://www.aozora.gr.jp/cards/000124/files/660_ruby.zip
000661	小熊秀雄全集-06	小熊	秀雄	新字旧仮名	NDC 911	https://www.aozora.gr.jp/cards/000124/files/661_ruby.zip
000662	小熊秀雄全集-07	小熊	秀雄	新字旧仮名	NDC 911	https://www.aozora.gr.jp/cards/000124/files/662_ruby.zip
000663	小熊秀雄全集-08	小熊	秀雄	新字旧仮名	NDC 911	https://www.aozora.gr.jp/cards/000124/files/663_ruby.zip
000664	小熊秀雄全集-09	小熊	秀雄	新字旧仮名	NDC 911	https://www.aozora.gr.jp/cards/000124/files/664_ruby_23284.zip
000665	人外魔境	小栗	虫太郎	新字新仮名	NDC 913	https://www.aozora.gr.jp/cards/000125/files/665_ruby_1503.zip
000666	白蟻	小栗	虫太郎	新字新仮名	NDC 913	https://www.aozora.gr.jp/cards/000125/files/666_ruby_2185.zip
000667	失楽園殺人事件	小栗	虫太郎	新字新仮名	NDC 913	https://www.aozora.gr.jp/cards/000125/files/667_ruby_441.zip
000668	私の生ひ立ち	与謝野	晶子	新字旧仮名	NDC 914	https://www.aozora.gr.jp/cards/000885/files/668_ruby.zip
000669	オリンポスの果実	田中	英光	新字新仮名	NDC 913	https://www.aozora.gr.jp/cards/000126/files/669_ruby_3264.zip
000673	阿部一族	森	鴎外	新字新仮名	NDC 913	https://www.aozora.gr.jp/cards/000129/files/673_ruby_23254.zip
000674	ぢいさんばあさん	森	鴎外	旧字旧仮名	NDC 913	https://www.aozora.gr.jp/cards/000129/files/674_ruby_15357.zip
000675	二人の友	森	鴎外	新字新仮名	NDC 913	https://www.aozora.gr.jp/cards/000129/files/675_ruby_23191.zip
000676	百物語	森	鴎外	新字新仮名	NDC 913	https://www.aozora.gr.jp/cards/000129/files/676_ruby_23235.zip
000677	仮名遣意見	森	鴎外	旧字旧仮名	NDC 811	https://www.aozora.gr.jp/cards/000129/files/677_ruby_22836.zip
000678	かのように	森	鴎外	新字新仮名	NDC 913	https://www.aozora.gr.jp/cards/000129/files/678_ruby_22883.zip
000679	寒山拾得	森	鴎外	旧字旧仮名	NDC 913	https://www.aozora.gr.jp/cards/000129/files/679_ruby_15360.zip
000680	カズイスチカ	森	鴎外	新字新仮名	NDC 913	https://www.aozora.gr.jp/cards/000129/files/680_ruby_23197.zip
000681	栗山大膳	森	鴎外	旧字旧仮名	NDC 913	https://www.aozora.gr.jp/cards/000129/files/681_ruby_22935.zip
000682	舞姫	森	鴎外	旧字旧仮名	NDC 913	https://www.aozora.gr.jp/cards/000129/files/682_ruby_15413.zip
000683	妄想	森	鴎外	新字旧仮名	NDC 913	https://www.aozora.gr.jp/cards/000129/files/683_ruby_23193.zip
000684	歴史其儘と歴史離れ	森	鴎外	新字旧仮名	NDC 914	https://www.aozora.gr.jp/cards/000129/files/684_ruby_294.zip
000685	サフラン	森	鴎外	新字新仮名	NDC 914	https://www.aozora.gr.jp/cards/000129/files/685_ruby_20310.zip
000686	佐橋甚五郎	森	鴎外	新字新仮名	NDC 913	https://www.aozora.gr.jp/cards/000129/files/686_ruby_2541.zip
000687	最後の一句	森	鴎外	旧字旧仮名	NDC 913	https://www.aozora.gr.jp/cards/000129/files/687_ruby_15355.zip
000688	杯	森	鴎外	新字新仮名	NDC 913	https://www.aozora.gr.jp/cards/000129/files/688_ruby_23233.zip
000697	癩	島木	健作	新字新仮名	NDC 913	https://www.aozora.gr.jp/cards/000008/files/697_ruby_20889.zip
000701	六白金星	織田	作之助	新字旧仮名	NDC 913	https://www.aozora.gr.jp/cards/000040/files/701_ruby_19623.zip
000705	産褥の記	与謝野	晶子	新字旧仮名	NDC 914	https://www.aozora.gr.jp/cards/000885/files/705_ruby_3958.zip
000707	或る嬰児殺しの動機	佐左木	俊郎	新字新仮名	NDC 913	https://www.aozora.gr.jp/cards/000134/files/707_ruby_20896.zip
000708	街底の熔鉱炉	佐左木	俊郎	新字新仮名	NDC 913	https://www.aozora.gr.jp/cards/000134/files/708_ruby_20848.zip
000709	街頭の偽映鏡	佐左木	俊郎	新字新仮名	NDC 913	https://www.aozora.gr.jp/cards/000134/files/709_ruby_20913.zip
000710	秘密の風景画	佐左木	俊郎	新字新仮名	NDC 913	https://www.aozora.gr.jp/cards/000134/files/710_ruby_20855.zip
000711	骨を削りつつ歩む	佐左木	俊郎	新字新仮名	NDC 914	https://www.aozora.gr.jp/cards/000134/files/711_ruby_20870.zip
000712	駈落	佐左木	俊郎	新字新仮名	NDC 913	https://www.aozora.gr.jp/cards/000134/files/712_ruby_20850.zip
000713	仮装観桜会	佐左木	俊郎	新字新仮名	NDC 913	https://www.aozora.gr.jp/cards/000134/files/713_ruby_20898.zip
000714	機関車	佐左木	俊郎	新字新仮名	NDC 913	https://www.aozora.gr.jp/cards/000134/files/714_ruby_20844.zip
000715	季節の植物帳	佐左木	俊郎	新字新仮名	NDC 914	https://www.aozora.gr.jp/cards/000134/files/715_ruby_20846.zip
000716	汽笛	佐左木	俊郎	新字新仮名	NDC 913	https://www.aozora.gr.jp/cards/000134/files/716_ruby_20819.zip
000717	熊の出る開墾地	佐左木	俊郎	新字新仮名	NDC 913	https://www.aozora.gr.jp/cards/000134/files/717_ruby_20891.zip
000718	栗の花の咲くころ	佐左木	俊郎	新字新仮名	NDC 913	https://www.aozora.gr.jp/cards/000134/files/718_ruby_20853.zip
000719	恐怖城	佐左木	俊郎	新字新仮名	NDC 913	https://www.aozora.gr.jp/cards/000134/files/719_ruby_20907.zip
000720	緑の芽	佐左木	俊郎	新字新仮名	NDC 913	https://www.aozora.gr.jp/cards/000134/files/720_ruby_20873.zip
000721	猟奇の街	佐左木	俊郎	新字新仮名	NDC 913	https://www.aozora.gr.jp/cards/000134/files/721_ruby_20911.zip
000722	錯覚の拷問室	佐左木	俊郎	新字新仮名	NDC 913	https://www.aozora.gr.jp/cards/000134/files/722_ruby_20909.zip
000723	接吻を盗む女の話	佐左木	俊郎	新字新仮名	NDC 913	https://www.aozora.gr.jp/cards/000134/files/723_ruby_20877.zip
000728	殺人行者	村山	槐多	新字旧仮名	NDC 913	https://www.aozora.gr.jp/cards/000014/files/728_txt_22758.zip
000729	さようなら	田中	英光	新字新仮名	NDC 913	https://www.aozora.gr.jp/cards/000126/files/729_ruby_3425.zip
000731	聖三稜玻璃	山村	暮鳥	旧字旧仮名	NDC 911	https://www.aozora.gr.jp/cards/000136/files/731_ruby_3216.zip
000732	青春の逆説	織田	作之助	新字新仮名	NDC 913	https://www.aozora.gr.jp/cards/000040/files/732_ruby_19840.zip
000733	神秘的半獣主義	岩野	泡鳴	旧字旧仮名	NDC 121 914	https://www.aozora.gr.jp/cards/000137/files/733_ruby.zip
000737	世相	織田	作之助	新字新仮名	NDC 913	https://www.aozora.gr.jp/cards/000040/files/737_ruby_3433.zip
000738	雪中富士登山記	小島	烏水	新字新仮名	NDC 291 915	https://www.aozora.gr.jp/cards/000027/files/738_ruby_2479.zip
000740	シャロットの妖姫	坪内	逍遥	新字旧仮名	NDC 931	https://www.aozora.gr.jp/cards/000140/files/740_ruby_574.zip
000744	勝敗	渡辺	温	新字新仮名	NDC 913	https://www.aozora.gr.jp/cards/000020/files/744_ruby_28710.zip
000745	少女	渡辺	温	新字新仮名	NDC 913	https://www.aozora.gr.jp/cards/000020/files/745_ruby_28539.zip
000746	シルクハット	渡辺	温	新字新仮名	NDC 913	https://www.aozora.gr.jp/cards/000020/files/746_ruby_28730.zip
000749	草木塔	種田	山頭火	新字旧仮名	NDC 911	https://www.aozora.gr.jp/cards/000146/files/749_ruby_298.zip
000751	二百十日	夏目	漱石	新字新仮名	NDC 913	https://www.aozora.gr.jp/cards/000148/files/751_ruby_1539.zip
000752	坊っちゃん	夏目	漱石	新字新仮名	NDC 913	https://www.aozora.gr.jp/cards/000148/files/752_ruby_2438.zip
000753	文鳥	夏目	漱石	新字新仮名	NDC 913	https://www.aozora.gr.jp/cards/000148/files/753_ruby_1701.zip
000754	文芸委員は何をするか	夏目	漱石	新字新仮名	NDC 914	https://www.aozora.gr.jp/cards/000148/files/754_ruby_2320.zip
000755	文芸の哲学的基礎	夏目	漱石	新字新仮名	NDC 901	https://www.aozora.gr.jp/cards/000148/files/755_ruby_3617.zip
000756	文芸と道徳	夏目	漱石	新字新仮名	NDC 901	https://www.aozora.gr.jp/cards/000148/files/756_ruby_2948.zip
000757	道楽と職業	夏目	漱石	新字新仮名	NDC 914	https://www.aozora.gr.jp/cards/000148/files/757_ruby_2986.zip
000758	永日小品	夏目	漱石	新字新仮名	NDC 914	https://www.aozora.gr.jp/cards/000148/files/758_ruby_6056.zip
000759	現代日本の開化	夏目	漱石	新字新仮名	NDC 914	https://www.aozora.gr.jp/cards/000148/files/759_ruby_3240.zip
000760	硝子戸の中	夏目	漱石	新字新仮名	NDC 914	https://www.aozora.gr.jp/cards/000148/files/760_ruby_2341.zip
000761	虞美人草	夏目	漱石	新字新仮名	NDC 913	https://www.aozora.gr.jp/cards/000148/files/761_ruby_1861.zip
000762	長谷川君と余	夏目	漱石	新字新仮名	NDC 914	https://www.aozora.gr.jp/cards/000148/files/762_ruby_1705.zip
000763	変な音	夏目	漱石	新字新仮名	NDC 914	https://www.aozora.gr.jp/cards/000148/files/763_ruby_1709.zip
000764	変な音	夏目	漱石	旧字旧仮名	NDC 914	https://www.aozora.gr.jp/cards/000148/files/764_ruby_2927.zip
000765	彼岸過迄	夏目	漱石	新字新仮名	NDC 913	https://www.aozora.gr.jp/cards/000148/files/765_ruby_2469.zip
000766	コンラッドの描きたる自然について	夏目	漱石	新字新仮名	NDC 930	https://www.aozora.gr.jp/cards/000148/files/766_ruby_2068.zip
000767	人生	夏目	漱石	新字旧仮名	NDC 914	https://www.aozora.gr.jp/cards/000148/files/767_ruby_3256.zip
000802	杉よ！　眼の男よ！	富岡	誠	旧字旧仮名	NDC 911	https://www.aozora.gr.jp/cards/000149/files/802_txt.zip
000804	雨の日に香を燻く	薄田	泣菫	新字旧仮名	NDC 914	https://www.aozora.gr.jp/cards/000150/files/804_txt_4409.zip
000805	草の親しみ	薄田	泣菫	新字旧仮名	NDC 914	https://www.aozora.gr.jp/cards/000150/files/805_txt_20995.zip
000807	Ｓ中尉の話	南部	修太郎	旧字旧仮名	NDC 913	https://www.aozora.gr.jp/cards/000048/files/807_ruby_21364.zip
000809	台風	与謝野	晶子	新字旧仮名	NDC 914	https://www.aozora.gr.jp/cards/000885/files/809_ruby_4174.zip
000811	氷屋の旗	石川	啄木	新字旧仮名	NDC 914	https://www.aozora.gr.jp/cards/000153/files/811_ruby_20503.zip
000812	初めて見たる小樽	石川	啄木	新字新仮名	NDC 914	https://www.aozora.gr.jp/cards/000153/files/812_ruby_20594.zip
000813	性急な思想	石川	啄木	新字新仮名	NDC 914	https://www.aozora.gr.jp/cards/000153/files/813_ruby_19528.zip
000814	時代閉塞の現状	石川	啄木	新字新仮名	NDC 914	https://www.aozora.gr.jp/cards/000153/files/814_ruby_20611.zip
000815	悲しき玩具	石川	啄木	新字旧仮名	NDC 911	https://www.aozora.gr.jp/cards/000153/files/815_ruby_20543.zip
000816	一握の砂	石川	啄木	新字旧仮名	NDC 911	https://www.aozora.gr.jp/cards/000153/files/816_ruby_5621.zip
000817	詩	石川	啄木	新字旧仮名	NDC 911	https://www.aozora.gr.jp/cards/000153/files/817_ruby_20661.zip
000818	弓町より	石川	啄木	新字新仮名	NDC 914	https://www.aozora.gr.jp/cards/000153/files/818_ruby_20596.zip
000820	義人の姿	田中	貢太郎	新字新仮名	NDC 913	https://www.aozora.gr.jp/cards/000154/files/820_ruby_3933.zip
000821	宝蔵の短刀	田中	貢太郎	新字新仮名	NDC 913	https://www.aozora.gr.jp/cards/000154/files/821_ruby.zip
000822	村の怪談	田中	貢太郎	新字新仮名	NDC 913	https://www.aozora.gr.jp/cards/000154/files/822_ruby.zip
000823	猫の踊	田中	貢太郎	新字新仮名	NDC 913	https://www.aozora.gr.jp/cards/000154/files/823_ruby.zip
000824	幽霊の自筆	田中	貢太郎	新字新仮名	NDC 913	https://www.aozora.gr.jp/cards/000154/files/824_ruby.zip
000825	大日本帝国憲法	日本国		旧字旧仮名	NDC 323	https://www.aozora.gr.jp/cards/001528/files/825_ruby.zip
000827	どんぐり	寺田	寅彦	新字新仮名	NDC 470	https://www.aozora.gr.jp/cards/000042/files/827_ruby_2783.zip
000828	ちるちる・みちる	山村	暮鳥	旧字旧仮名	NDC K913	https://www.aozora.gr.jp/cards/000136/files/828_ruby.zip
000830	突貫紀行	幸田	露伴	新字新仮名	NDC 915	https://www.aozora.gr.jp/cards/000051/files/830_ruby_555.zip
000831	豚群	黒島	伝治	新字新仮名	NDC 913	https://www.aozora.gr.jp/cards/000037/files/831_ruby_22353.zip
000832	土佐日記	紀	貫之	旧字旧仮名	NDC 915	https://www.aozora.gr.jp/cards/000155/files/832_txt_16017.zip
000833	党生活者	小林	多喜二	新字新仮名	NDC 913	https://www.aozora.gr.jp/cards/000156/files/833_ruby_28259.zip
000834	楚囚之詩	北村	透谷	新字旧仮名	NDC 911	https://www.aozora.gr.jp/cards/000157/files/834_ruby.zip
000835	船	島崎	藤村	新字新仮名	NDC 913	https://www.aozora.gr.jp/cards/000158/files/835_ruby.zip
000836	岩石の間	島崎	藤村	新字新仮名	NDC 913	https://www.aozora.gr.jp/cards/000158/files/836_ruby_23276.zip
000837	二人の兄弟	島崎	藤村	新字新仮名	NDC K913	https://www.aozora.gr.jp/cards/000158/files/837_ruby_20948.zip
000838	旧主人	島崎	藤村	新字新仮名	NDC 913	https://www.aozora.gr.jp/cards/000158/files/838_ruby_2886.zip
000839	芽生	島崎	藤村	新字新仮名	NDC 913	https://www.aozora.gr.jp/cards/000158/files/839_ruby.zip
000840	並木	島崎	藤村	新字新仮名	NDC 913	https://www.aozora.gr.jp/cards/000158/files/840_ruby_2890.zip
000841	伸び支度	島崎	藤村	新字新仮名	NDC K913	https://www.aozora.gr.jp/cards/000158/files/841_ruby_20943.zip
000842	路傍の雑草	島崎	藤村	新字旧仮名	NDC 914	https://www.aozora.gr.jp/cards/000158/files/842_ruby_4181.zip
000843	新生	島崎	藤村	新字新仮名	NDC 913	https://www.aozora.gr.jp/cards/000158/files/843_ruby_3554.zip
000844	刺繍	島崎	藤村	新字新仮名	NDC 913	https://www.aozora.gr.jp/cards/000158/files/844_ruby_20939.zip
000845	藁草履	島崎	藤村	新字新仮名	NDC 913	https://www.aozora.gr.jp/cards/000158/files/845_ruby.zip
000847	だだをこねる	辻	潤	新字新仮名	NDC 914	https://www.aozora.gr.jp/cards/000159/files/847_ruby_21071.zip
000848	惰眠洞妄語	辻	潤	新字新仮名	NDC 914	https://www.aozora.gr.jp/cards/000159/files/848_ruby_21059.zip
000849	風狂私語	辻	潤	新字新仮名	NDC 914	https://www.aozora.gr.jp/cards/000159/files/849_ruby.zip
000850	浮浪漫語	辻	潤	新字新仮名	NDC 914	https://www.aozora.gr.jp/cards/000159/files/850_ruby.zip
000851	変なあたま	辻	潤	新字新仮名	NDC 914	https://www.aozora.gr.jp/cards/000159/files/851_ruby.zip
000852	ふもれすく	辻	潤	新字新仮名	NDC 914	https://www.aozora.gr.jp/cards/000159/files/852_ruby_21055.zip
000853	自分だけの世界	辻	潤	新字新仮名	NDC 914	https://www.aozora.gr.jp/cards/000159/files/853_ruby_1337.zip
000854	「享楽座」のぷろろぐ	辻	潤	新字新仮名	NDC 911	https://www.aozora.gr.jp/cards/000159/files/854_ruby_21300.zip
000855	錯覚自我説	辻	潤	新字新仮名	NDC 914	https://www.aozora.gr.jp/cards/000159/files/855_ruby_21057.zip
000856	錯覚した小宇宙	辻	潤	新字新仮名	NDC 914	https://www.aozora.gr.jp/cards/000159/files/856_ruby.zip
000857	Tada-Dada of Alangri-Gloriban	辻	潤	その他	NDC 914	https://www.aozora.gr.jp/cards/000159/files/857_ruby_1343.zip
000858	え゛りと・え゛りたす	辻	潤	新字新仮名	NDC 914	https://www.aozora.gr.jp/cards/000159/files/858_ruby.zip
000859	月に吠える	萩原	朔太郎	新字旧仮名	NDC 911	https://www.aozora.gr.jp/cards/000067/files/859_ruby_21655.zip
000862	聴雨	織田	作之助	新字旧仮名	NDC 796 913	https://www.aozora.gr.jp/cards/000040/files/862_ruby_19621.zip
000863	海に生くる人々	葉山	嘉樹	新字新仮名	NDC 913	https://www.aozora.gr.jp/cards/000031/files/863_ruby_22417.zip
000864	右門捕物帖　三十番手柄　帯解け仏法	山中	貞雄	新字新仮名	NDC 912	https://www.aozora.gr.jp/cards/000072/files/864_ruby_3401.zip
000865	十八時の音楽浴	海野	十三	新字新仮名	NDC 913	https://www.aozora.gr.jp/cards/000160/files/865_ruby_23817.zip
000866	ある宇宙塵の秘密	海野	十三	新字新仮名	NDC 913	https://www.aozora.gr.jp/cards/000160/files/866_ruby_23838.zip
000867	地球を狙う者	海野	十三	新字新仮名	NDC 913	https://www.aozora.gr.jp/cards/000160/files/867_ruby_23852.zip
000868	第五氷河期	海野	十三	新字新仮名	NDC 913	https://www.aozora.gr.jp/cards/000160/files/868_ruby_23813.zip
000869	俘囚	海野	十三	新字新仮名	NDC 913	https://www.aozora.gr.jp/cards/000160/files/869_ruby_3004.zip
000870	軍用鮫	海野	十三	新字新仮名	NDC 913	https://www.aozora.gr.jp/cards/000160/files/870_ruby_23836.zip
000871	生きている腸	海野	十三	新字新仮名	NDC 913	https://www.aozora.gr.jp/cards/000160/files/871_ruby_3244.zip
000872	幸運の黒子	海野	十三	新字新仮名	NDC 913	https://www.aozora.gr.jp/cards/000160/files/872_ruby_19580.zip
000873	放送された遺言	海野	十三	新字新仮名	NDC 913	https://www.aozora.gr.jp/cards/000160/files/873_ruby_23286.zip
000874	恐竜艇の冒険	海野	十三	新字新仮名	NDC K913	https://www.aozora.gr.jp/cards/000160/files/874_ruby_23900.zip
000875	地球発狂事件	海野	十三	新字新仮名	NDC 913	https://www.aozora.gr.jp/cards/000160/files/875_ruby_3249.zip
000876	人造人間殺害事件	海野	十三	新字新仮名	NDC 913	https://www.aozora.gr.jp/cards/000160/files/876_ruby_2975.zip
000877	千年後の世界	海野	十三	新字新仮名	NDC 913	https://www.aozora.gr.jp/cards/000160/files/877_ruby_23845.zip
000878	特許多腕人間方式	海野	十三	新字新仮名	NDC 913	https://www.aozora.gr.jp/cards/000160/files/878_ruby_23847.zip
000879	透明猫	海野	十三	新字新仮名	NDC K913	https://www.aozora.gr.jp/cards/000160/files/879_ruby_23880.zip
000880	宇宙女囚第一号	海野	十三	新字新仮名	NDC 913	https://www.aozora.gr.jp/cards/000160/files/880_ruby_23796.zip
000881	予報省告示	海野	十三	新字新仮名	NDC 913	https://www.aozora.gr.jp/cards/000160/files/881_ruby_23902.zip
000882	アッシャー家の崩壊	佐々木	直次郎	新字新仮名	NDC 933	https://www.aozora.gr.jp/cards/000094/files/882_ruby_20929.zip
000883	嘘	渡辺	温	新字新仮名	NDC 913	https://www.aozora.gr.jp/cards/000020/files/883_ruby_28331.zip
000884	渦巻ける烏の群	黒島	伝治	新字新仮名	NDC 913	https://www.aozora.gr.jp/cards/000037/files/884_ruby_3459.zip
000885	秋草と虫の音	若山	牧水	新字旧仮名	NDC 914	https://www.aozora.gr.jp/cards/000162/files/885_ruby_18398.zip
000886	渓をおもふ	若山	牧水	新字旧仮名	NDC 914	https://www.aozora.gr.jp/cards/000162/files/886_ruby_4399.zip
000888	忘れ形見	若松	賤子	新字新仮名	NDC K913	https://www.aozora.gr.jp/cards/000163/files/888_ruby_28090.zip
000889	萱草に寄す	立原	道造	新字旧仮名	NDC 911	https://www.aozora.gr.jp/cards/000011/files/889_ruby_20332.zip
000890	私の母	堺	利彦	新字新仮名	NDC 914	https://www.aozora.gr.jp/cards/000164/files/890_ruby_18836.zip
000891	為文学者経	内田	魯庵	新字旧仮名	NDC 914	https://www.aozora.gr.jp/cards/000165/files/891_ruby_4415.zip
000892	クサンチス	サマン	アルベール	新字旧仮名	NDC 953	https://www.aozora.gr.jp/cards/000166/files/892_ruby_20935.zip
000894	山羊の歌	中原	中也	新字旧仮名	NDC 911	https://www.aozora.gr.jp/cards/000026/files/894_ruby_5790.zip
000897	夜行巡査	泉	鏡花	新字新仮名	NDC 913	https://www.aozora.gr.jp/cards/000050/files/897_ruby_20741.zip
000899	優しき歌　Ⅰ・Ⅱ	立原	道造	新字旧仮名	NDC 911	https://www.aozora.gr.jp/cards/000011/files/899_ruby_1607.zip
000901	余が言文一致の由来	二葉亭	四迷	旧字旧仮名	NDC 901	https://www.aozora.gr.jp/cards/000006/files/901_ruby_16058.zip
000902	予が見神の実験	綱島	梁川	新字旧仮名	NDC 914	https://www.aozora.gr.jp/cards/000087/files/902_ruby_70096.zip
000903	赤い着物	横光	利一	新字新仮名	NDC 914	https://www.aozora.gr.jp/cards/000168/files/903_ruby_2167.zip
000904	春は馬車に乗って	横光	利一	新字新仮名	NDC 913	https://www.aozora.gr.jp/cards/000168/files/904_ruby.zip
000905	火	横光	利一	新字新仮名	NDC 913	https://www.aozora.gr.jp/cards/000168/files/905_ruby.zip
000906	時間	横光	利一	新字新仮名	NDC 913	https://www.aozora.gr.jp/cards/000168/files/906_ruby.zip
000907	機械	横光	利一	新字新仮名	NDC 913	https://www.aozora.gr.jp/cards/000168/files/907_ruby_4907.zip
000908	御身	横光	利一	新字新仮名	NDC 913	https://www.aozora.gr.jp/cards/000168/files/908_ruby.zip
000909	鳥	横光	利一	新字新仮名	NDC 913	https://www.aozora.gr.jp/cards/000168/files/909_ruby_518.zip
000911	遺言	大杉	栄	新字旧仮名	NDC 914	https://www.aozora.gr.jp/cards/000169/files/911_txt.zip
000912	雪の白峰	小島	烏水	新字新仮名	NDC 291 915	https://www.aozora.gr.jp/cards/000027/files/912_ruby_20735.zip
000913	三つの眼鏡	夢野	久作	新字新仮名	NDC K913	https://www.aozora.gr.jp/cards/000096/files/913_ruby_21834.zip
000914	雨ふり坊主	香倶土	三鳥	新字新仮名	NDC K913	https://www.aozora.gr.jp/cards/000096/files/914_ruby_3587.zip
000915	ビルディング	夢野	久作	新字新仮名	NDC 913	https://www.aozora.gr.jp/cards/000096/files/915_ruby_3897.zip
000916	豚吉とヒョロ子	三鳥山人		新字新仮名	NDC K913	https://www.aozora.gr.jp/cards/000096/files/916_ruby_21817.zip
000917	夫人探索	夢野	久作	新字新仮名	NDC 913	https://www.aozora.gr.jp/cards/000096/files/917_ruby_22018.zip
000918	人の顔	夢野	久作	新字新仮名	NDC 913	https://www.aozora.gr.jp/cards/000096/files/918_ruby_22016.zip
000919	いなか、の、じけん	夢野	久作	新字新仮名	NDC 913	https://www.aozora.gr.jp/cards/000096/files/919_ruby_22030.zip
000920	巡査辞職	夢野	久作	新字新仮名	NDC 913	https://www.aozora.gr.jp/cards/000096/files/920_ruby_22034.zip
000921	怪夢	夢野	久作	新字新仮名	NDC 913	https://www.aozora.gr.jp/cards/000096/files/921_ruby_21998.zip
000922	鉄鎚	夢野	久作	新字新仮名	NDC 913	https://www.aozora.gr.jp/cards/000096/files/922_ruby_22001.zip
000923	キキリツツリ	海若	藍平	新字新仮名	NDC K913	https://www.aozora.gr.jp/cards/000096/files/923_ruby_21745.zip
000924	クチマネ	海若	藍平	新字新仮名	NDC K913	https://www.aozora.gr.jp/cards/000096/files/924_ruby_21747.zip
000925	ルルとミミ	とだ	けん	新字新仮名	NDC K913	https://www.aozora.gr.jp/cards/000096/files/925_ruby_21795.zip
000926	正夢	萠円		新字新仮名	NDC K913	https://www.aozora.gr.jp/cards/000096/files/926_ruby_21797.zip
000927	虫の生命	海若	藍平	新字新仮名	NDC K913	https://www.aozora.gr.jp/cards/000096/files/927_ruby_21749.zip
000928	お菓子の大舞踏会	海若	藍平	新字新仮名	NDC K913	https://www.aozora.gr.jp/cards/000096/files/928_ruby_21743.zip
000929	奥様探偵術	夢野	久作	新字新仮名	NDC 913	https://www.aozora.gr.jp/cards/000096/files/929_ruby_21955.zip
000930	押絵の奇蹟	夢野	久作	新字新仮名	NDC 913	https://www.aozora.gr.jp/cards/000096/files/930_ruby_21996.zip
000931	笑う唖女	夢野	久作	新字新仮名	NDC 914	https://www.aozora.gr.jp/cards/000096/files/931_ruby_22203.zip
000932	オシャベリ姫	かぐつち	みどり	新字新仮名	NDC K913	https://www.aozora.gr.jp/cards/000096/files/932_ruby_21784.zip
000933	猟奇歌	夢野	久作	新字旧仮名	NDC 911	https://www.aozora.gr.jp/cards/000096/files/933_ruby_22021.zip
000934	猿小僧	萠円山人		新字新仮名	NDC K913	https://www.aozora.gr.jp/cards/000096/files/934_ruby_21815.zip
000935	少女地獄	夢野	久作	新字新仮名	NDC 913	https://www.aozora.gr.jp/cards/000096/files/935_ruby_23283.zip
000936	白髪小僧	杉山	萠円	新字新仮名	NDC K913	https://www.aozora.gr.jp/cards/000096/files/936_ruby_21786.zip
000937	青水仙、赤水仙	海若	藍平	新字新仮名	NDC K913	https://www.aozora.gr.jp/cards/000096/files/937_ruby_3074.zip
000938	卵	夢野	久作	新字新仮名	NDC 913	https://www.aozora.gr.jp/cards/000096/files/938_ruby_22014.zip
000939	東京人の堕落時代	杉山	萠円	新字新仮名	NDC 916	https://www.aozora.gr.jp/cards/000096/files/939_ruby_21953.zip
000940	街頭から見た新東京の裏面	杉山	萠円	新字新仮名	NDC 916	https://www.aozora.gr.jp/cards/000096/files/940_ruby_21951.zip
000941	若返り薬	海若	藍平	新字新仮名	NDC K913	https://www.aozora.gr.jp/cards/000096/files/941_ruby_21772.zip
000942	雪の塔	海若	藍平	新字新仮名	NDC K913	https://www.aozora.gr.jp/cards/000096/files/942_ruby_21770.zip
000943	幽霊塔	黒岩	涙香	新字新仮名	NDC 913	https://www.aozora.gr.jp/cards/000179/files/943_ruby_20711.zip
000945	罪過論	石橋	忍月	新字旧仮名	NDC 910	https://www.aozora.gr.jp/cards/000102/files/945_ruby_20590.zip
000946	善の研究	西田	幾多郎	新字新仮名	NDC 121	https://www.aozora.gr.jp/cards/000182/files/946_ruby_4400.zip
000947	ゼーロン	牧野	信一	新字新仮名	NDC 913	https://www.aozora.gr.jp/cards/000183/files/947_ruby_22531.zip
000948	絶望	徳田	秋声	旧字旧仮名	NDC 913	https://www.aozora.gr.jp/cards/000023/files/948_ruby_21312.zip
000949	象牙の牌	渡辺	温	新字新仮名	NDC 913	https://www.aozora.gr.jp/cards/000020/files/949_ruby_29012.zip
000958	半七捕物帳	岡本	綺堂	新字新仮名	NDC 913	https://www.aozora.gr.jp/cards/000082/files/958_ruby_1796.zip
000959	半七捕物帳	岡本	綺堂	新字新仮名	NDC 913	https://www.aozora.gr.jp/cards/000082/files/959_ruby_2353.zip
000960	半七捕物帳	岡本	綺堂	新字新仮名	NDC 913	https://www.aozora.gr.jp/cards/000082/files/960_ruby_2718.zip
000961	半七捕物帳	岡本	綺堂	新字新仮名	NDC 913	https://www.aozora.gr.jp/cards/000082/files/961_ruby_2195.zip
000962	大凶の籤	武田	麟太郎	新字旧仮名	NDC 913	https://www.aozora.gr.jp/cards/000189/files/962_ruby_20991.zip
000963	現代詩	武田	麟太郎	新字旧仮名	NDC 913	https://www.aozora.gr.jp/cards/000189/files/963_ruby_20982.zip
000964	半七捕物帳	岡本	綺堂	新字新仮名	NDC 913	https://www.aozora.gr.jp/cards/000082/files/964_ruby_3285.zip
000965	半七捕物帳	岡本	綺堂	新字新仮名	NDC 913	https://www.aozora.gr.jp/cards/000082/files/965_ruby_2025.zip
000966	半七捕物帳	岡本	綺堂	新字新仮名	NDC 913	https://www.aozora.gr.jp/cards/000082/files/966_ruby_2121.zip
000967	蛇の花嫁	大手	拓次	新字旧仮名	NDC 911	https://www.aozora.gr.jp/cards/000190/files/967_ruby_20619.zip
000974	尾崎放哉選句集	尾崎	放哉	新字旧仮名	NDC 911	https://www.aozora.gr.jp/cards/000195/files/974_txt_317.zip
000975	方丈記	鴨	長明	旧字旧仮名	NDC 914	https://www.aozora.gr.jp/cards/000196/files/975_txt_15934.zip
000978	一の酉	武田	麟太郎	新字旧仮名	NDC 913	https://www.aozora.gr.jp/cards/000189/files/978_ruby_20980.zip
000980	釜ヶ崎	武田	麟太郎	新字旧仮名	NDC 913	https://www.aozora.gr.jp/cards/000189/files/980_ruby_20978.zip
000984	家霊	岡本	かの子	新字新仮名	NDC 913	https://www.aozora.gr.jp/cards/000076/files/984_ruby_19593.zip
000986	狂童女の恋	岡本	かの子	旧字旧仮名	NDC 913	https://www.aozora.gr.jp/cards/000076/files/986_txt_16761.zip
001002	日本三文オペラ	武田	麟太郎	新字旧仮名	NDC 913	https://www.aozora.gr.jp/cards/000189/files/1002_ruby_20989.zip
001006	奴隷根性論	大杉	栄	新字新仮名	NDC 914	https://www.aozora.gr.jp/cards/000169/files/1006_txt_457.zip
001007	鎖工場	大杉	栄	新字新仮名	NDC 913	https://www.aozora.gr.jp/cards/000169/files/1007_ruby_20609.zip
001016	鮨	岡本	かの子	新字新仮名	NDC 913	https://www.aozora.gr.jp/cards/000076/files/1016_ruby_19595.zip
001029	藍色の蟇	大手	拓次	新字旧仮名	NDC 911	https://www.aozora.gr.jp/cards/000190/files/1029_ruby_20617.zip
001036	水害雑録	伊藤	左千夫	新字新仮名	NDC 914	https://www.aozora.gr.jp/cards/000058/files/1036_ruby_20584.zip
001037	二、三羽――十二、三羽	泉	鏡花	新字新仮名	NDC 913 914	https://www.aozora.gr.jp/cards/000050/files/1037_ruby_20650.zip
001040	愛と婚姻	泉	鏡花	新字旧仮名	NDC 914	https://www.aozora.gr.jp/cards/000050/files/1040_ruby_20510.zip
001041	秋の暈	織田	作之助	新字新仮名	NDC 914	https://www.aozora.gr.jp/cards/000040/files/1041_txt_4746.zip
001043	雨の夜	樋口	一葉	新字旧仮名	NDC 913	https://www.aozora.gr.jp/cards/000064/files/1043_ruby_18856.zip
001044	あの時分	国木田	独歩	新字新仮名	NDC 913	https://www.aozora.gr.jp/cards/000038/files/1044_ruby_4470.zip
001045	病院の窓	南部	修太郎	旧字旧仮名	NDC 913	https://www.aozora.gr.jp/cards/000048/files/1045_ruby_21362.zip
001048	どんたく	竹久	夢二	新字旧仮名	NDC 911	https://www.aozora.gr.jp/cards/000212/files/1048_ruby_21411.zip
001049	フランス哲学についての感想	西田	幾多郎	新字新仮名	NDC 135	https://www.aozora.gr.jp/cards/000182/files/1049_ruby_4509.zip
001050	復讐	夢野	久作	新字新仮名	NDC 913	https://www.aozora.gr.jp/cards/000096/files/1050_ruby_22260.zip
001052	疑惑	南部	修太郎	旧字旧仮名	NDC 913	https://www.aozora.gr.jp/cards/000048/files/1052_ruby_21360.zip
001060	比叡	横光	利一	新字新仮名	NDC 913	https://www.aozora.gr.jp/cards/000168/files/1060_ruby_4727.zip
001061	雛がたり	泉	鏡花	新字新仮名	NDC 914	https://www.aozora.gr.jp/cards/000050/files/1061_ruby_4517.zip
001066	一兵卒	田山	花袋	新字新仮名	NDC 913	https://www.aozora.gr.jp/cards/000214/files/1066_ruby_4602.zip
001067	人外魔境	小栗	虫太郎	新字新仮名	NDC 913	https://www.aozora.gr.jp/cards/000125/files/1067_ruby_1929.zip
001069	鍵屋の辻	直木	三十五	新字新仮名	NDC 913	https://www.aozora.gr.jp/cards/000216/files/1069_ruby.zip
001070	哀しき父	葛西	善蔵	新字旧仮名	NDC 913	https://www.aozora.gr.jp/cards/000984/files/1070_ruby_22271.zip
001072	語られざる哲学	三木	清	新字新仮名	NDC 121 914	https://www.aozora.gr.jp/cards/000218/files/1072_ruby_22574.zip
001074	苦力頭の表情	里村	欣三	新字新仮名	NDC 913	https://www.aozora.gr.jp/cards/000219/files/1074_ruby.zip
001075	狂人は笑う	夢野	久作	新字新仮名	NDC 913	https://www.aozora.gr.jp/cards/000096/files/1075_ruby_22252.zip
001078	「紋」	黒島	伝治	新字新仮名	NDC 913	https://www.aozora.gr.jp/cards/000037/files/1078_ruby.zip
001079	なまけ者と雨	若山	牧水	新字旧仮名	NDC 914	https://www.aozora.gr.jp/cards/000162/files/1079_ruby_18850.zip
001080	ナポレオンと田虫	横光	利一	新字新仮名	NDC 913	https://www.aozora.gr.jp/cards/000168/files/1080_ruby_4732.zip
001081	ネギ一束	田山	花袋	新字新仮名	NDC 913	https://www.aozora.gr.jp/cards/000214/files/1081_ruby.zip
001083	鰊漁場	島木	健作	新字新仮名	NDC 913	https://www.aozora.gr.jp/cards/000008/files/1083_ruby_3812.zip
001087	婦系図	泉	鏡花	新字新仮名	NDC 913	https://www.aozora.gr.jp/cards/000050/files/1087_ruby_4443.zip
001091	竜潭譚	泉	鏡花	新字旧仮名	NDC 913	https://www.aozora.gr.jp/cards/000050/files/1091_ruby_20648.zip
001092	咲いてゆく花	素木	しづ	新字新仮名	NDC 913	https://www.aozora.gr.jp/cards/000012/files/1092_ruby_20970.zip
001094	五月雨	吉江	喬松	新字旧仮名	NDC 914	https://www.aozora.gr.jp/cards/000220/files/1094_ruby_18852.zip
001096	政治的価値と芸術的価値	平林	初之輔	旧字旧仮名	NDC 901	https://www.aozora.gr.jp/cards/000221/files/1096_ruby_4785.zip
001097	椎の若葉	葛西	善蔵	新字旧仮名	NDC 913	https://www.aozora.gr.jp/cards/000984/files/1097_ruby_22273.zip
001098	少女病	田山	花袋	新字新仮名	NDC 913	https://www.aozora.gr.jp/cards/000214/files/1098_ruby_4607.zip
001100	醜婦を呵す	泉	鏡花	新字旧仮名	NDC 914	https://www.aozora.gr.jp/cards/000050/files/1100_ruby_20515.zip
001103	睡蓮	横光	利一	新字新仮名	NDC 914	https://www.aozora.gr.jp/cards/000168/files/1103_ruby.zip
001108	科学者と芸術家	寺田	寅彦	新字新仮名	NDC 401	https://www.aozora.gr.jp/cards/000042/files/1108_ruby_4611.zip
001110	鵜飼	横光	利一	新字新仮名	NDC 914	https://www.aozora.gr.jp/cards/000168/files/1110_ruby_20314.zip
001113	運動会の風景	葉山	嘉樹	新字旧仮名	NDC 914	https://www.aozora.gr.jp/cards/000031/files/1113_txt_21703.zip
001114	若葉の雨	薄田	泣菫	新字旧仮名	NDC 914	https://www.aozora.gr.jp/cards/000150/files/1114_ruby_18854.zip
001119	思い出の記	小泉	節子	新字新仮名	NDC 916	https://www.aozora.gr.jp/cards/000224/files/1119_ruby_4794.zip
001142	美術曲芸しん粉細工	阿部	徳蔵	新字新仮名	NDC 779 914	https://www.aozora.gr.jp/cards/000225/files/1142_txt_20452.zip
001150	宇宙の始まり	アレニウス	スヴァンテ	新字新仮名	NDC 440	https://www.aozora.gr.jp/cards/000226/files/1150_ruby_38564.zip
001151	聖書	生田	春月	新字新仮名	NDC 193	https://www.aozora.gr.jp/cards/000227/files/1151_ruby_18265.zip
001152	本州横断　痛快徒歩旅行	井沢	衣水	新字新仮名	NDC 915	https://www.aozora.gr.jp/cards/000077/files/1152_ruby_63598.zip
001153	猫と色の嗜好	石田	孫太郎	新字新仮名	NDC 914	https://www.aozora.gr.jp/cards/000229/files/1153_ruby_4896.zip
001154	最終戦争論	石原	莞爾	新字新仮名	NDC 391	https://www.aozora.gr.jp/cards/000230/files/1154_ruby_3529.zip
001156	新日本の進路	石原	莞爾	旧字新仮名	NDC 392	https://www.aozora.gr.jp/cards/000230/files/1156_txt_23616.zip
001157	ふるさと	漢那	浪笛	新字旧仮名	NDC 911	https://www.aozora.gr.jp/cards/001666/files/1157_ruby_60082.zip
001173	いろ扱ひ	泉	鏡花	新字旧仮名	NDC 914	https://www.aozora.gr.jp/cards/000050/files/1173_ruby_20512.zip
001174	眉かくしの霊	泉	鏡花	新字新仮名	NDC 913	https://www.aozora.gr.jp/cards/000050/files/1174_ruby_20552.zip
001175	草あやめ	泉	鏡花	新字旧仮名	NDC 913	https://www.aozora.gr.jp/cards/000050/files/1175_ruby_20312.zip
001176	妖術	泉	鏡花	新字新仮名	NDC 913	https://www.aozora.gr.jp/cards/000050/files/1176_ruby_20391.zip
001177	朱日記	泉	鏡花	新字新仮名	NDC 913	https://www.aozora.gr.jp/cards/000050/files/1177_ruby_20392.zip
001178	海異記	泉	鏡花	新字新仮名	NDC 913	https://www.aozora.gr.jp/cards/000050/files/1178_ruby_23158.zip
001190	演技指導論草案	伊丹	万作	新字新仮名	NDC 778	https://www.aozora.gr.jp/cards/000231/files/1190_ruby_29779.zip
001191	映画界手近の問題	伊丹	万作	新字新仮名	NDC 778	https://www.aozora.gr.jp/cards/000231/files/1191_ruby_29778.zip
001192	映画と癩の問題	伊丹	万作	新字新仮名	NDC 368 778	https://www.aozora.gr.jp/cards/000231/files/1192_ruby_29060.zip
001193	戦争中止を望む	伊丹	万作	新字新仮名	NDC 914	https://www.aozora.gr.jp/cards/000231/files/1193_ruby_29061.zip
001194	一つの世界	伊丹	万作	新字新仮名	NDC 914	https://www.aozora.gr.jp/cards/000231/files/1194_ruby_29780.zip
001195	顔の美について	伊丹	万作	新字新仮名	NDC 914	https://www.aozora.gr.jp/cards/000231/files/1195_txt_7949.zip
001196	隣の嫁	伊藤	左千夫	新字新仮名	NDC 913	https://www.aozora.gr.jp/cards/000058/files/1196_ruby_32528.zip
001197	春の潮	伊藤	左千夫	新字新仮名	NDC 913	https://www.aozora.gr.jp/cards/000058/files/1197_ruby_32554.zip
001198	河口湖	伊藤	左千夫	新字新仮名	NDC 914 915	https://www.aozora.gr.jp/cards/000058/files/1198_ruby_23353.zip
001199	去年	伊藤	左千夫	新字新仮名	NDC 913	https://www.aozora.gr.jp/cards/000058/files/1199_ruby_23354.zip
001200	紅黄録	伊藤	左千夫	新字新仮名	NDC 914	https://www.aozora.gr.jp/cards/000058/files/1200_ruby_23355.zip
001202	かの日の歌【一】	漢那	浪笛	新字旧仮名	NDC 911	https://www.aozora.gr.jp/cards/001666/files/1202_ruby_60435.zip
001206	泡鳴五部作	岩野	泡鳴	旧字旧仮名	NDC 913	https://www.aozora.gr.jp/cards/000137/files/1206_ruby_58778.zip
001207	耽溺	岩野	泡鳴	新字新仮名	NDC 913	https://www.aozora.gr.jp/cards/000137/files/1207_ruby_21583.zip
001210	人相見	内田	魯庵	新字旧仮名	NDC 914	https://www.aozora.gr.jp/cards/000165/files/1210_txt_7954.zip
001211	温情の裕かな夏目さん	内田	魯庵	新字新仮名	NDC 910 914	https://www.aozora.gr.jp/cards/000165/files/1211_ruby_5367.zip
001212	時事雑評二三	内村	鑑三	新字旧仮名	NDC 190 914	https://www.aozora.gr.jp/cards/000034/files/1212_ruby_19586.zip
001213	問答二三	内村	鑑三	新字旧仮名	NDC 191	https://www.aozora.gr.jp/cards/000034/files/1213_ruby_19584.zip
001214	楽しき生涯	内村	鑑三	新字旧仮名	NDC 911	https://www.aozora.gr.jp/cards/000034/files/1214_ruby_19589.zip
001215	寒中の木の芽	内村	鑑三	新字旧仮名	NDC 911	https://www.aozora.gr.jp/cards/000034/files/1215_ruby_4827.zip
001216	寡婦の除夜	内村	鑑三	新字旧仮名	NDC 911	https://www.aozora.gr.jp/cards/000034/files/1216_ruby_4826.zip
001217	ネルソン伝に序す	内村	鑑三	新字旧仮名	NDC 289	https://www.aozora.gr.jp/cards/000034/files/1217_ruby_19582.zip
001218	聖書の読方	内村	鑑三	新字新仮名	NDC 193	https://www.aozora.gr.jp/cards/000034/files/1218_ruby_18266.zip
001259	灯台鬼	大阪	圭吉	新字新仮名	NDC 913	https://www.aozora.gr.jp/cards/000236/files/1259_ruby_20763.zip
001260	幽霊妻	大阪	圭吉	新字新仮名	NDC 913	https://www.aozora.gr.jp/cards/000236/files/1260_ruby_1901.zip
001261	デパートの絞刑吏	大阪	圭吉	新字新仮名	NDC 913	https://www.aozora.gr.jp/cards/000236/files/1261_ruby_20761.zip
001262	死の快走船	大阪	圭吉	新字新仮名	NDC 913	https://www.aozora.gr.jp/cards/000236/files/1262_ruby_33548.zip
001263	気狂い機関車	大阪	圭吉	新字新仮名	NDC 913	https://www.aozora.gr.jp/cards/000236/files/1263_ruby_32717.zip
001264	とむらい機関車	大阪	圭吉	新字新仮名	NDC 913	https://www.aozora.gr.jp/cards/000236/files/1264_ruby_32718.zip
001265	闖入者	大阪	圭吉	新字新仮名	NDC 913	https://www.aozora.gr.jp/cards/000236/files/1265_ruby_33549.zip
001266	三狂人	大阪	圭吉	新字新仮名	NDC 913	https://www.aozora.gr.jp/cards/000236/files/1266_ruby_33547.zip
001267	白妖	大阪	圭吉	新字新仮名	NDC 913	https://www.aozora.gr.jp/cards/000236/files/1267_ruby_33550.zip
001268	あやつり裁判	大阪	圭吉	新字新仮名	NDC 913	https://www.aozora.gr.jp/cards/000236/files/1268_ruby_33546.zip
001269	銀座幽霊	大阪	圭吉	新字新仮名	NDC 913	https://www.aozora.gr.jp/cards/000236/files/1269_ruby_28145.zip
001270	動かぬ鯨群	大阪	圭吉	新字新仮名	NDC 913	https://www.aozora.gr.jp/cards/000236/files/1270_ruby_32510.zip
001271	寒の夜晴れ	大阪	圭吉	新字新仮名	NDC 913	https://www.aozora.gr.jp/cards/000236/files/1271_ruby_24116.zip
001272	三の字旅行会	大阪	圭吉	新字新仮名	NDC 913	https://www.aozora.gr.jp/cards/000236/files/1272_ruby_24138.zip
001273	自叙伝	大杉	栄	新字新仮名	NDC 914	https://www.aozora.gr.jp/cards/000169/files/1273_ruby.zip
001275	月譜	大町	桂月	新字旧仮名	NDC 914	https://www.aozora.gr.jp/cards/000237/files/1275_txt_18923.zip
001276	茶の本	岡倉	覚三	新字新仮名	NDC 791 914	https://www.aozora.gr.jp/cards/000238/files/1276_ruby_30137.zip
001277	非凡人と凡人の遺書	岡本	一平	新字旧仮名	NDC 914	https://www.aozora.gr.jp/cards/000239/files/1277_ruby_20765.zip
001278	渾沌未分	岡本	かの子	新字新仮名	NDC 913	https://www.aozora.gr.jp/cards/000076/files/1278_ruby_28098.zip
001310	かの日の歌【二】	漢那	浪笛	新字旧仮名	NDC 911	https://www.aozora.gr.jp/cards/001666/files/1310_ruby_60436.zip
001314	彫刻家の見たる美人	荻原	守衛	旧字旧仮名	NDC 914	https://www.aozora.gr.jp/cards/000240/files/1314_ruby_7771.zip
001315	小熊秀雄全集-13	小熊	秀雄	新字旧仮名	NDC 911	https://www.aozora.gr.jp/cards/000124/files/1315_ruby_21650.zip
001316	かの日の歌【三】	漢那	浪笛	新字旧仮名	NDC 911	https://www.aozora.gr.jp/cards/001666/files/1316_txt_60443.zip
001317	黒死館殺人事件	小栗	虫太郎	新字新仮名	NDC 913	https://www.aozora.gr.jp/cards/000125/files/1317_ruby_22263.zip
001318	聖アレキセイ寺院の惨劇	小栗	虫太郎	新字新仮名	NDC 913	https://www.aozora.gr.jp/cards/000125/files/1318_ruby_1898.zip
001320	人外魔境	小栗	虫太郎	新字新仮名	NDC 913	https://www.aozora.gr.jp/cards/000125/files/1320_ruby_1925.zip
001321	人外魔境	小栗	虫太郎	新字新仮名	NDC 913	https://www.aozora.gr.jp/cards/000125/files/1321_ruby_3826.zip
001322	遺書	尾崎	秀実	新字新仮名	NDC 289	https://www.aozora.gr.jp/cards/000242/files/1322_ruby_20767.zip
001323	海島冒険奇譚　海底軍艦	押川	春浪	旧字旧仮名	NDC K913	https://www.aozora.gr.jp/cards/000077/files/1323_ruby_30726.zip
001325	猿飛佐助	織田	作之助	新字新仮名	NDC 913	https://www.aozora.gr.jp/cards/000040/files/1325_ruby_2695.zip
001326	わが町	織田	作之助	新字新仮名	NDC 913	https://www.aozora.gr.jp/cards/000040/files/1326_ruby.zip
001327	かの日の歌【四】	漢那	浪笛	新字旧仮名	NDC 911	https://www.aozora.gr.jp/cards/001666/files/1327_ruby_60444.zip
001328	やきもの読本	小野	賢一郎	旧字旧仮名	NDC 751	https://www.aozora.gr.jp/cards/000243/files/1328_ruby_506.zip
001329	臨終まで	梶井	久	新字新仮名	NDC 914	https://www.aozora.gr.jp/cards/000244/files/1329_ruby_27366.zip
001330	単独行	加藤	文太郎	新字新仮名	NDC 291	https://www.aozora.gr.jp/cards/000245/files/1330_ruby_20843.zip
001333	恭三の父	加能	作次郎	新字新仮名	NDC 913	https://www.aozora.gr.jp/cards/000247/files/1333_ruby_20663.zip
001334	鱧の皮	上司	小剣	新字旧仮名	NDC 913	https://www.aozora.gr.jp/cards/000248/files/1334_ruby_20717.zip
001335	業苦	嘉村	礒多	旧字旧仮名	NDC 913	https://www.aozora.gr.jp/cards/000249/files/1335_ruby_20681.zip
001336	崖の下	嘉村	礒多	旧字旧仮名	NDC 913	https://www.aozora.gr.jp/cards/000249/files/1336_ruby_20679.zip
001337	足相撲	嘉村	礒多	旧字旧仮名	NDC 913	https://www.aozora.gr.jp/cards/000249/files/1337_ruby_20684.zip
001338	随筆「断片」	河上	肇	新字旧仮名	NDC 914	https://www.aozora.gr.jp/cards/000250/files/1338_ruby_17869.zip
001389	美術上の婦人	岸田	劉生	新字旧仮名	NDC 720 914	https://www.aozora.gr.jp/cards/000251/files/1389_ruby_18277.zip
001390	かの日の歌【五】	漢那	浪笛	新字旧仮名	NDC 911	https://www.aozora.gr.jp/cards/001666/files/1390_ruby_60442.zip
001392	少年の死	木下	杢太郎	旧字旧仮名	NDC 913	https://www.aozora.gr.jp/cards/000120/files/1392_ruby_20688.zip
001393	すかんぽ	木下	杢太郎	旧字旧仮名	NDC 914	https://www.aozora.gr.jp/cards/000120/files/1393_ruby_20686.zip
001394	パンの会の回想	木下	杢太郎	新字旧仮名	NDC 910 916	https://www.aozora.gr.jp/cards/000120/files/1394_txt_20690.zip
001395	本の装釘	木下	杢太郎	新字旧仮名	NDC 914	https://www.aozora.gr.jp/cards/000120/files/1395_ruby.zip
001396	北原白秋氏の肖像	木下	杢太郎	新字旧仮名	NDC 911	https://www.aozora.gr.jp/cards/000120/files/1396_ruby_24918.zip
001397	荷	金	史良	新字新仮名	NDC 914	https://www.aozora.gr.jp/cards/000252/files/1397_ruby_20808.zip
001398	光の中に	金	史良	新字新仮名	NDC 913	https://www.aozora.gr.jp/cards/000252/files/1398_ruby_5033.zip
001399	玄海灘密航	金	史良	新字新仮名	NDC 914	https://www.aozora.gr.jp/cards/000252/files/1399_ruby_20772.zip
001400	故郷を想う	金	史良	新字新仮名	NDC 914	https://www.aozora.gr.jp/cards/000252/files/1400_ruby_20806.zip
001401	近時政論考	陸	羯南	新字新仮名	NDC 312	https://www.aozora.gr.jp/cards/000253/files/1401_ruby_23869.zip
001402	心	漢那	浪笛	新字旧仮名	NDC 911	https://www.aozora.gr.jp/cards/001666/files/1402_ruby_60860.zip
001403	神州纐纈城	国枝	史郎	新字新仮名	NDC 913	https://www.aozora.gr.jp/cards/000255/files/1403_ruby_40425.zip
001404	高島異誌	国枝	史郎	新字新仮名	NDC 913	https://www.aozora.gr.jp/cards/000255/files/1404_ruby_6177.zip
001405	天主閣の音	国枝	史郎	新字新仮名	NDC 913	https://www.aozora.gr.jp/cards/000255/files/1405_ruby_6180.zip
001412	出家とその弟子	倉田	百三	新字新仮名	NDC 180 912	https://www.aozora.gr.jp/cards/000256/files/1412_ruby_24168.zip
001413	善くならうとする祈り	倉田	百三	新字旧仮名	NDC 914	https://www.aozora.gr.jp/cards/000256/files/1413_ruby.zip
001414	帰省	漢那	浪笛	新字旧仮名	NDC 911	https://www.aozora.gr.jp/cards/001666/files/1414_ruby_60420.zip
001415	無惨	黒岩	涙香	新字新仮名	NDC 913	https://www.aozora.gr.jp/cards/000179/files/1415_ruby_20923.zip
001416	血の文字	黒岩	涙香	新字新仮名	NDC 913	https://www.aozora.gr.jp/cards/000179/files/1416_ruby_22461.zip
001417	橇	黒島	伝治	新字新仮名	NDC 913	https://www.aozora.gr.jp/cards/000037/files/1417_ruby_22264.zip
001418	武装せる市街	黒島	伝治	新字新仮名	NDC 913	https://www.aozora.gr.jp/cards/000037/files/1418_ruby_3465.zip
001419	パルチザン・ウォルコフ	黒島	伝治	新字新仮名	NDC 913	https://www.aozora.gr.jp/cards/000037/files/1419_ruby_3494.zip
001420	海賊と遍路	黒島	伝治	新字新仮名	NDC 914	https://www.aozora.gr.jp/cards/000037/files/1420_ruby_22411.zip
001421	浮動する地価	黒島	伝治	新字新仮名	NDC 913	https://www.aozora.gr.jp/cards/000037/files/1421_ruby_22388.zip
001422	前哨	黒島	伝治	新字新仮名	NDC 913	https://www.aozora.gr.jp/cards/000037/files/1422_ruby_22364.zip
001423	車室	漢那	浪笛	新字旧仮名	NDC 911	https://www.aozora.gr.jp/cards/001666/files/1423_ruby_60421.zip
001424	反戦文学論	黒島	伝治	新字新仮名	NDC 910	https://www.aozora.gr.jp/cards/000037/files/1424_ruby_20336.zip
001425	女の顔	黒田	清輝	新字旧仮名	NDC 914	https://www.aozora.gr.jp/cards/000257/files/1425_ruby_7772.zip
001426	棕梠のそよぎ	漢那	浪笛	新字旧仮名	NDC 911	https://www.aozora.gr.jp/cards/001666/files/1426_txt_62541.zip
001428	ニッケルの文鎮	甲賀	三郎	新字新仮名	NDC 913	https://www.aozora.gr.jp/cards/000260/files/1428_ruby_20707.zip
001429	琥珀のパイプ	甲賀	三郎	新字新仮名	NDC 913	https://www.aozora.gr.jp/cards/000260/files/1429_ruby_19868.zip
001430	支倉事件	甲賀	三郎	新字新仮名	NDC 913	https://www.aozora.gr.jp/cards/000260/files/1430_ruby_26977.zip
001431	蜘蛛	甲賀	三郎	新字新仮名	NDC 913	https://www.aozora.gr.jp/cards/000260/files/1431_ruby_19869.zip
001432	黄鳥の嘆き	甲賀	三郎	新字新仮名	NDC 913	https://www.aozora.gr.jp/cards/000260/files/1432_ruby_20012.zip
001433	青服の男	甲賀	三郎	新字新仮名	NDC 913	https://www.aozora.gr.jp/cards/000260/files/1433_ruby_19749.zip
001434	水の東京	幸田	露伴	新字旧仮名	NDC 914 915	https://www.aozora.gr.jp/cards/000051/files/1434_ruby_20709.zip
001436	観画談	幸田	露伴	新字新仮名	NDC 913	https://www.aozora.gr.jp/cards/000051/files/1436_ruby_28541.zip
001437	魔法修行者	幸田	露伴	新字新仮名	NDC 147 387 913	https://www.aozora.gr.jp/cards/000051/files/1437_ruby_28543.zip
001438	骨董	幸田	露伴	新字新仮名	NDC 756 913	https://www.aozora.gr.jp/cards/000051/files/1438_ruby_28542.zip
001439	蘆声	幸田	露伴	新字新仮名	NDC 913	https://www.aozora.gr.jp/cards/000051/files/1439_ruby_28545.zip
001440	運命は切り開くもの	幸田	露伴	新字旧仮名	NDC 914	https://www.aozora.gr.jp/cards/000051/files/1440_ruby_26358.zip
001441	花のいろ／＼	幸田	露伴	新字旧仮名	NDC 914	https://www.aozora.gr.jp/cards/000051/files/1441_ruby.zip
001442	雲のいろ／＼	幸田	露伴	新字旧仮名	NDC 914	https://www.aozora.gr.jp/cards/000051/files/1442_ruby_1060.zip
001443	少年時代	幸田	露伴	新字新仮名	NDC 914	https://www.aozora.gr.jp/cards/000051/files/1443_ruby_1066.zip
001444	旅行の今昔	幸田	露伴	新字新仮名	NDC 914	https://www.aozora.gr.jp/cards/000051/files/1444_ruby_1072.zip
001445	学生時代	幸田	露伴	新字新仮名	NDC 914	https://www.aozora.gr.jp/cards/000051/files/1445_ruby_1057.zip
001446	言語体の文章と浮雲	幸田	露伴	新字新仮名	NDC 901	https://www.aozora.gr.jp/cards/000051/files/1446_ruby_1063.zip
001447	夜の隅田川	幸田	露伴	新字新仮名	NDC 914 915	https://www.aozora.gr.jp/cards/000051/files/1447_ruby_17577.zip
001448	侠客の種類	幸田	露伴	新字旧仮名	NDC 384	https://www.aozora.gr.jp/cards/000051/files/1448_ruby_4974.zip
001449	震は亨る	幸田	露伴	新字旧仮名	NDC 914	https://www.aozora.gr.jp/cards/000051/files/1449_ruby_17554.zip
001453	死生	幸徳	秋水	新字新仮名	NDC 309 916	https://www.aozora.gr.jp/cards/000261/files/1453_ruby_4758.zip
001454	愚人の毒	小酒井	不木	新字新仮名	NDC 913	https://www.aozora.gr.jp/cards/000262/files/1454_ruby_20739.zip
001455	メデューサの首	小酒井	不木	新字新仮名	NDC 913	https://www.aozora.gr.jp/cards/000262/files/1455_ruby_20743.zip
001456	死体蝋燭	小酒井	不木	新字新仮名	NDC 913	https://www.aozora.gr.jp/cards/000262/files/1456_ruby_20737.zip
001457	痴人の復讐	小酒井	不木	新字新仮名	NDC 913	https://www.aozora.gr.jp/cards/000262/files/1457_ruby_19473.zip
001458	恋愛曲線	小酒井	不木	新字新仮名	NDC 913	https://www.aozora.gr.jp/cards/000262/files/1458_ruby_14459.zip
001459	闘争	小酒井	不木	新字新仮名	NDC 913	https://www.aozora.gr.jp/cards/000262/files/1459_ruby_19474.zip
001460	毒と迷信	小酒井	不木	新字旧仮名	NDC 491 914	https://www.aozora.gr.jp/cards/000262/files/1460_ruby_5403.zip
001461	紀行文家の群れ	小島	烏水	新字新仮名	NDC 914	https://www.aozora.gr.jp/cards/000027/files/1461_ruby_4933.zip
001462	菜の花	小島	烏水	新字新仮名	NDC 914	https://www.aozora.gr.jp/cards/000027/files/1462_ruby_16564.zip
001463	槍ヶ岳第三回登山	小島	烏水	新字新仮名	NDC 291 915	https://www.aozora.gr.jp/cards/000027/files/1463_ruby_9736.zip
001464	亡びゆく森	小島	烏水	新字旧仮名	NDC 914	https://www.aozora.gr.jp/cards/000027/files/1464_ruby_16851.zip
001465	蟹工船	小林	多喜二	新字新仮名	NDC 913	https://www.aozora.gr.jp/cards/000156/files/1465_ruby_16804.zip
001466	工場細胞	小林	多喜二	新字新仮名	NDC 913	https://www.aozora.gr.jp/cards/000156/files/1466_ruby_24735.zip
001470	私の父	堺	利彦	新字新仮名	NDC 914	https://www.aozora.gr.jp/cards/000164/files/1470_ruby_18921.zip
001471	貧を記す	堺	利彦	新字新仮名	NDC 916	https://www.aozora.gr.jp/cards/000164/files/1471_ruby_20759.zip
001472	面白き二個の広告	堺	利彦	新字新仮名	NDC 914	https://www.aozora.gr.jp/cards/000164/files/1472_ruby_20757.zip
001488	菊模様皿山奇談	三遊亭	円朝	新字新仮名	NDC 779 913	https://www.aozora.gr.jp/cards/000989/files/1488_ruby_5040.zip
001489	名人長二	三遊亭	円朝	新字新仮名	NDC 779 913	https://www.aozora.gr.jp/cards/000989/files/1489_ruby_4809.zip
001490	西洋人情話　英国孝子ジョージスミス之伝	三遊亭	円朝	新字新仮名	NDC 779 913	https://www.aozora.gr.jp/cards/000989/files/1490_ruby.zip
001496	吸い殻	漢那	浪笛	新字旧仮名	NDC 911	https://www.aozora.gr.jp/cards/001666/files/1496_ruby_60795.zip
001497	盃	漢那	浪笛	新字旧仮名	NDC 911	https://www.aozora.gr.jp/cards/001666/files/1497_ruby_60794.zip
001502	破戒	島崎	藤村	新字旧仮名	NDC 913	https://www.aozora.gr.jp/cards/000158/files/1502_ruby_24534.zip
001503	千曲川のスケッチ	島崎	藤村	新字新仮名	NDC 914	https://www.aozora.gr.jp/cards/000158/files/1503_ruby_6001.zip
001504	夜明け前	島崎	藤村	新字新仮名	NDC 913	https://www.aozora.gr.jp/cards/000158/files/1504_ruby_6153.zip
001505	夜明け前	島崎	藤村	新字新仮名	NDC 913	https://www.aozora.gr.jp/cards/000158/files/1505_ruby_1916.zip
001506	夜明け前	島崎	藤村	新字新仮名	NDC 913	https://www.aozora.gr.jp/cards/000158/files/1506_ruby_1919.zip
001507	夜明け前	島崎	藤村	新字新仮名	NDC 913	https://www.aozora.gr.jp/cards/000158/files/1507_ruby_1882.zip
001522	初蛙	薄田	泣菫	新字新仮名	NDC 914	https://www.aozora.gr.jp/cards/000150/files/1522_ruby_16563.zip
001524	森の声	薄田	泣菫	新字旧仮名	NDC 914	https://www.aozora.gr.jp/cards/000150/files/1524_ruby_16850.zip
001525	手品師と蕃山	薄田	泣菫	新字旧仮名	NDC 914	https://www.aozora.gr.jp/cards/000150/files/1525_ruby_21023.zip
001526	幽霊の芝居見	薄田	泣菫	新字旧仮名	NDC 913	https://www.aozora.gr.jp/cards/000150/files/1526_ruby_21708.zip
001527	魚の憂鬱	薄田	泣菫	新字旧仮名	NDC 914	https://www.aozora.gr.jp/cards/000150/files/1527_ruby_21017.zip
001528	湖水の女	鈴木	三重吉	新字新仮名	NDC K913	https://www.aozora.gr.jp/cards/000107/files/1528_ruby_22410.zip
001529	黄金鳥	鈴木	三重吉	新字新仮名	NDC K913	https://www.aozora.gr.jp/cards/000107/files/1529_ruby_22409.zip
001530	古事記物語	太	安万侶	新字新仮名	NDC K913	https://www.aozora.gr.jp/cards/000107/files/1530_ruby_5501.zip
001532	千鳥	鈴木	三重吉	新字新仮名	NDC 913	https://www.aozora.gr.jp/cards/000107/files/1532_ruby_19833.zip
001541	駒台の発案者	関根	金次郎	新字旧仮名	NDC 796 914	https://www.aozora.gr.jp/cards/000268/files/1541_ruby_21709.zip
001542	本因坊と私	関根	金次郎	新字旧仮名	NDC 795 914	https://www.aozora.gr.jp/cards/000268/files/1542_txt_20954.zip
001543	般若心経講義	高神	覚昇	新字新仮名	NDC 181 183	https://www.aozora.gr.jp/cards/000269/files/1543_ruby_23872.zip
001544	時	鷹野	つぎ	新字旧仮名	NDC 914	https://www.aozora.gr.jp/cards/000116/files/1544_txt_23719.zip
001545	佐竹の原へ大仏をこしらえたはなし	高村	光雲	新字新仮名	NDC 712 914	https://www.aozora.gr.jp/cards/000270/files/1545_ruby_18899.zip
001546	幕末維新懐古談	高村	光雲	新字新仮名	NDC 712 914	https://www.aozora.gr.jp/cards/000270/files/1546_ruby_21459.zip
001547	幕末維新懐古談	高村	光雲	新字新仮名	NDC 712 914	https://www.aozora.gr.jp/cards/000270/files/1547_ruby_21460.zip
001548	幕末維新懐古談	高村	光雲	新字新仮名	NDC 712 914	https://www.aozora.gr.jp/cards/000270/files/1548_ruby_21461.zip
001549	幕末維新懐古談	高村	光雲	新字新仮名	NDC 712 914	https://www.aozora.gr.jp/cards/000270/files/1549_ruby_21462.zip
001550	幕末維新懐古談	高村	光雲	新字新仮名	NDC 712 914	https://www.aozora.gr.jp/cards/000270/files/1550_ruby_21463.zip
001551	幕末維新懐古談	高村	光雲	新字新仮名	NDC 712 914	https://www.aozora.gr.jp/cards/000270/files/1551_ruby_21464.zip
001552	幕末維新懐古談	高村	光雲	新字新仮名	NDC 712 914	https://www.aozora.gr.jp/cards/000270/files/1552_ruby_21465.zip
001553	幕末維新懐古談	高村	光雲	新字新仮名	NDC 712 914	https://www.aozora.gr.jp/cards/000270/files/1553_ruby_21466.zip
001554	幕末維新懐古談	高村	光雲	新字新仮名	NDC 712 914	https://www.aozora.gr.jp/cards/000270/files/1554_ruby_21467.zip
001555	幕末維新懐古談	高村	光雲	新字新仮名	NDC 712 914	https://www.aozora.gr.jp/cards/000270/files/1555_ruby_21468.zip
001556	滝口入道	高山	樗牛	旧字旧仮名	NDC 913	https://www.aozora.gr.jp/cards/000271/files/1556_ruby_1907.zip
001557	落語家たち	武田	麟太郎	新字旧仮名	NDC 779 914	https://www.aozora.gr.jp/cards/000189/files/1557_txt_20993.zip
001558	砂がき	竹久	夢二	旧字旧仮名	NDC 914	https://www.aozora.gr.jp/cards/000212/files/1558_ruby_8005.zip
001559	ある眼	竹久	夢二	新字旧仮名	NDC 914	https://www.aozora.gr.jp/cards/000212/files/1559_txt_7943.zip
001560	秘密	竹久	夢二	新字旧仮名	NDC 914	https://www.aozora.gr.jp/cards/000212/files/1560_ruby_21029.zip
001609	狐の手帳	田中	貢太郎	新字新仮名	NDC 913	https://www.aozora.gr.jp/cards/000154/files/1609_ruby_5214.zip
001610	貧乏神物語	田中	貢太郎	新字新仮名	NDC 913	https://www.aozora.gr.jp/cards/000154/files/1610_ruby.zip
001611	怪僧	田中	貢太郎	新字新仮名	NDC 913	https://www.aozora.gr.jp/cards/000154/files/1611_ruby.zip
001612	庭の怪	田中	貢太郎	新字新仮名	NDC 913	https://www.aozora.gr.jp/cards/000154/files/1612_ruby_5203.zip
001613	八人みさきの話	田中	貢太郎	新字新仮名	NDC 913	https://www.aozora.gr.jp/cards/000154/files/1613_ruby.zip
001614	一緒に歩く亡霊	田中	貢太郎	新字新仮名	NDC 913	https://www.aozora.gr.jp/cards/000154/files/1614_ruby.zip
001615	蟇の血	田中	貢太郎	新字新仮名	NDC 913	https://www.aozora.gr.jp/cards/000154/files/1615_ruby_7918.zip
001616	北斗と南斗星	田中	貢太郎	新字新仮名	NDC 913 923	https://www.aozora.gr.jp/cards/000154/files/1616_ruby_13108.zip
001617	黄金の枕	田中	貢太郎	新字新仮名	NDC 913 923	https://www.aozora.gr.jp/cards/000154/files/1617_ruby_13100.zip
001618	再生	田中	貢太郎	新字新仮名	NDC 913 923	https://www.aozora.gr.jp/cards/000154/files/1618_ruby_16770.zip
001619	賭博の負債	田中	貢太郎	新字新仮名	NDC 913 923	https://www.aozora.gr.jp/cards/000154/files/1619_ruby_16771.zip
001620	狐と狸	田中	貢太郎	新字新仮名	NDC 913 923	https://www.aozora.gr.jp/cards/000154/files/1620_ruby_16772.zip
001663	野狐	田中	英光	新字新仮名	NDC 913	https://www.aozora.gr.jp/cards/000126/files/1663_ruby_5194.zip
001666	栄螺	田畑	修一郎	新字新仮名	NDC 914	https://www.aozora.gr.jp/cards/000273/files/1666_txt_18838.zip
001668	田舎教師	田山	花袋	新字新仮名	NDC 913	https://www.aozora.gr.jp/cards/000214/files/1668_ruby_24546.zip
001669	蒲団	田山	花袋	新字新仮名	NDC 913	https://www.aozora.gr.jp/cards/000214/files/1669_ruby_8218.zip
001670	道綱の母	田山	花袋	旧字旧仮名	NDC 913	https://www.aozora.gr.jp/cards/000214/files/1670_txt_9278.zip
001672	新茶のかおり	田山	花袋	新字新仮名	NDC 913	https://www.aozora.gr.jp/cards/000214/files/1672_txt_4841.zip
001674	燕枝芸談	談洲楼	燕枝　二代	新字旧仮名	NDC 914	https://www.aozora.gr.jp/cards/000274/files/1674_ruby_21035.zip
001675	うつり香	近松	秋江	新字新仮名	NDC 913	https://www.aozora.gr.jp/cards/000275/files/1675_ruby_21585.zip
001676	黒髪	近松	秋江	新字新仮名	NDC 913	https://www.aozora.gr.jp/cards/000275/files/1676_ruby_21589.zip
001677	狂乱	近松	秋江	新字新仮名	NDC 913	https://www.aozora.gr.jp/cards/000275/files/1677_ruby_21587.zip
001678	霜凍る宵	近松	秋江	新字新仮名	NDC 913	https://www.aozora.gr.jp/cards/000275/files/1678_ruby_21604.zip
001680	登山の朝	辻村	伊助	新字新仮名	NDC 293	https://www.aozora.gr.jp/cards/000277/files/1680_ruby_9737.zip
001681	猟人	津村	信夫	新字旧仮名	NDC 914	https://www.aozora.gr.jp/cards/000278/files/1681_txt_21307.zip
001682	旅日記から	寺田	寅彦	新字新仮名	NDC 915	https://www.aozora.gr.jp/cards/000042/files/1682_ruby_11011.zip
001684	柿の種	寺田	寅彦	新字新仮名	NDC 914	https://www.aozora.gr.jp/cards/000042/files/1684_ruby_11273.zip
001689	相撲	寺田	寅彦	新字新仮名	NDC 788	https://www.aozora.gr.jp/cards/000042/files/1689_ruby_9332.zip
001690	俳諧瑣談	寺田	寅彦	新字新仮名	NDC 911	https://www.aozora.gr.jp/cards/000042/files/1690_ruby_21497.zip
001691	天文と俳句	寺田	寅彦	旧字旧仮名	NDC 451 911	https://www.aozora.gr.jp/cards/000042/files/1691_ruby_13785.zip
001692	野球時代	寺田	寅彦	新字新仮名	NDC 914	https://www.aozora.gr.jp/cards/000042/files/1692_ruby_9560.zip
001693	蓑田先生	寺田	寅彦	新字旧仮名	NDC 914	https://www.aozora.gr.jp/cards/000042/files/1693_ruby_9875.zip
001694	知と疑い	寺田	寅彦	新字新仮名	NDC 914	https://www.aozora.gr.jp/cards/000042/files/1694_ruby_9559.zip
001695	わが中学時代の勉強法	寺田	寅彦	新字新仮名	NDC 914	https://www.aozora.gr.jp/cards/000042/files/1695_ruby_9874.zip
001696	木蓮	寺田	寅彦	新字旧仮名	NDC 914	https://www.aozora.gr.jp/cards/000042/files/1696_ruby_9873.zip
001697	軽井沢	寺田	寅彦	新字新仮名	NDC 915	https://www.aozora.gr.jp/cards/000042/files/1697_ruby_9876.zip
001698	縮図	徳田	秋声	新字新仮名	NDC 913	https://www.aozora.gr.jp/cards/000023/files/1698_ruby_4968.zip
001699	仮装人物	徳田	秋声	新字新仮名	NDC 913	https://www.aozora.gr.jp/cards/000023/files/1699_ruby_1922.zip
001700	新世帯	徳田	秋声	新字新仮名	NDC 913	https://www.aozora.gr.jp/cards/000023/files/1700_ruby_6147.zip
001701	足迹	徳田	秋声	新字新仮名	NDC 913	https://www.aozora.gr.jp/cards/000023/files/1701_ruby_8098.zip
001702	黴	徳田	秋声	新字新仮名	NDC 913	https://www.aozora.gr.jp/cards/000023/files/1702_ruby_6150.zip
001703	爛	徳田	秋声	新字新仮名	NDC 913	https://www.aozora.gr.jp/cards/000023/files/1703_ruby_10317.zip
001704	みみずのたはこと	徳冨	健次郎	新字新仮名	NDC 914	https://www.aozora.gr.jp/cards/000279/files/1704_ruby_6918.zip
001706	小説　不如帰　	徳冨	蘆花	新字新仮名	NDC 913	https://www.aozora.gr.jp/cards/000280/files/1706_ruby_5169.zip
001707	草とり	徳冨	蘆花	新字旧仮名	NDC 914	https://www.aozora.gr.jp/cards/000280/files/1707_ruby_21314.zip
001708	謀叛論（草稿）	徳冨	蘆花	新字新仮名	NDC 914	https://www.aozora.gr.jp/cards/000280/files/1708_ruby_21318.zip
001709	デカルトと引用精神	戸坂	潤	新字新仮名	NDC 135	https://www.aozora.gr.jp/cards/000281/files/1709_ruby_18268.zip
001710	思想と風俗	戸坂	潤	新字新仮名	NDC 304	https://www.aozora.gr.jp/cards/000281/files/1710_txt.zip
001711	道徳の観念	戸坂	潤	新字新仮名	NDC 150	https://www.aozora.gr.jp/cards/000281/files/1711_txt.zip
001712	読書法	戸坂	潤	新字新仮名	NDC 019	https://www.aozora.gr.jp/cards/000281/files/1712_ruby_25129.zip
001713	科学方法論	戸坂	潤	新字新仮名	NDC 401	https://www.aozora.gr.jp/cards/000281/files/1713_txt_43355.zip
001714	あめんちあ	富ノ沢	麟太郎	新字新仮名	NDC 913	https://www.aozora.gr.jp/cards/000282/files/1714_ruby_29965.zip
001715	巌流島	直木	三十五	新字新仮名	NDC 913	https://www.aozora.gr.jp/cards/000216/files/1715_ruby_2640.zip
001716	相馬の仇討	直木	三十五	新字新仮名	NDC 913	https://www.aozora.gr.jp/cards/000216/files/1716_ruby.zip
001717	傾城買虎之巻	直木	三十五	新字新仮名	NDC 913	https://www.aozora.gr.jp/cards/000216/files/1717_ruby.zip
001721	三人の相馬大作	直木	三十五	新字新仮名	NDC 913	https://www.aozora.gr.jp/cards/000216/files/1721_ruby_24963.zip
001722	寺坂吉右衛門の逃亡	直木	三十五	新字新仮名	NDC 913	https://www.aozora.gr.jp/cards/000216/files/1722_ruby_24431.zip
001723	寛永武道鑑	直木	三十五	新字新仮名	NDC 913	https://www.aozora.gr.jp/cards/000216/files/1723_ruby_24430.zip
001724	大衆文芸作法	直木	三十五	新字新仮名	NDC 901	https://www.aozora.gr.jp/cards/000216/files/1724_ruby_13761.zip
001725	死までを語る	直木	三十五	新字新仮名	NDC 914	https://www.aozora.gr.jp/cards/000216/files/1725_ruby_26027.zip
001726	大菩薩峠	中里	介山	新字新仮名	NDC 913	https://www.aozora.gr.jp/cards/000283/files/1726_ruby_5424.zip
001727	大菩薩峠	中里	介山	新字新仮名	NDC 913	https://www.aozora.gr.jp/cards/000283/files/1727_ruby_6790.zip
001728	大菩薩峠	中里	介山	新字新仮名	NDC 913	https://www.aozora.gr.jp/cards/000283/files/1728_ruby_3515.zip
001732	支那の書目に就いて	内藤	湖南	旧字旧仮名	NDC 020	https://www.aozora.gr.jp/cards/000284/files/1732_ruby_4326.zip
001733	文溯閣の四庫全書	内藤	湖南	旧字旧仮名	NDC 020 222	https://www.aozora.gr.jp/cards/000284/files/1733_txt_21577.zip
001734	応仁の乱に就て	内藤	湖南	旧字旧仮名	NDC 210	https://www.aozora.gr.jp/cards/000284/files/1734_ruby_4332.zip
001735	大阪の町人学者富永仲基	内藤	湖南	旧字旧仮名	NDC 121	https://www.aozora.gr.jp/cards/000284/files/1735_ruby_4337.zip
001736	概括的唐宋時代観	内藤	湖南	旧字旧仮名	NDC 222	https://www.aozora.gr.jp/cards/000284/files/1736_txt_21419.zip
001737	李陵	中島	敦	新字新仮名	NDC 913	https://www.aozora.gr.jp/cards/000119/files/1737_ruby_5656.zip
001738	弟子	中島	敦	新字新仮名	NDC 913	https://www.aozora.gr.jp/cards/000119/files/1738_ruby_16462.zip
001741	斗南先生	中島	敦	新字新仮名	NDC 913	https://www.aozora.gr.jp/cards/000119/files/1741_ruby_17142.zip
001742	牛人	中島	敦	新字新仮名	NDC 913	https://www.aozora.gr.jp/cards/000119/files/1742_ruby_5585.zip
001743	光と風と夢	中島	敦	新字新仮名	NDC 913	https://www.aozora.gr.jp/cards/000119/files/1743_ruby_5730.zip
001744	古街	漢那	浪笛	新字旧仮名	NDC 911	https://www.aozora.gr.jp/cards/001666/files/1744_ruby_60859.zip
001745	土	長塚	節	旧字旧仮名	NDC 913	https://www.aozora.gr.jp/cards/000118/files/1745_ruby_16881.zip
001752	文芸作品の映画化	南部	修太郎	旧字旧仮名	NDC 778 914	https://www.aozora.gr.jp/cards/000048/files/1752_txt_21358.zip
001753	うた時計	新美	南吉	新字新仮名	NDC K913	https://www.aozora.gr.jp/cards/000121/files/1753_ruby_18670.zip
001754	和太郎さんと牛	新美	南吉	新字新仮名	NDC K913	https://www.aozora.gr.jp/cards/000121/files/1754_ruby_5376.zip
001755	絶対矛盾的自己同一	西田	幾多郎	新字新仮名	NDC 121	https://www.aozora.gr.jp/cards/000182/files/1755_ruby_195.zip
001756	女王	野口	雨情	新字旧仮名	NDC K913	https://www.aozora.gr.jp/cards/000286/files/1756_ruby_18927.zip
001757	十五夜お月さん	野口	雨情	旧字旧仮名	NDC K911	https://www.aozora.gr.jp/cards/000286/files/1757_ruby_6365.zip
001758	青い眼の人形	野口	雨情	新字新仮名	NDC K911	https://www.aozora.gr.jp/cards/000286/files/1758_ruby.zip
001760	ルバイヤート	小川	亮作	新字新仮名	NDC 929	https://www.aozora.gr.jp/cards/000288/files/1760_ruby_23582.zip
001762	夢	萩原	朔太郎	旧字旧仮名	NDC 140 914	https://www.aozora.gr.jp/cards/000067/files/1762_ruby_24152.zip
001764	家庭の痛恨	萩原	朔太郎	新字旧仮名	NDC 914	https://www.aozora.gr.jp/cards/000067/files/1764_ruby_16199.zip
001765	夏帽子	萩原	朔太郎	新字旧仮名	NDC 914	https://www.aozora.gr.jp/cards/000067/files/1765_ruby_24103.zip
001766	ニイチェに就いての雑感	萩原	朔太郎	新字新仮名	NDC 914	https://www.aozora.gr.jp/cards/000067/files/1766_ruby_18269.zip
001767	装幀の意義	萩原	朔太郎	新字新仮名	NDC 914	https://www.aozora.gr.jp/cards/000067/files/1767_txt_18274.zip
001768	青猫	萩原	朔太郎	旧字旧仮名	NDC 911	https://www.aozora.gr.jp/cards/000067/files/1768_ruby_18600.zip
001769	蝶を夢む	萩原	朔太郎	旧字旧仮名	NDC 911	https://www.aozora.gr.jp/cards/000067/files/1769_ruby_18601.zip
001770	ウォーソン夫人の黒猫	萩原	朔太郎	新字新仮名	NDC 913	https://www.aozora.gr.jp/cards/000067/files/1770_ruby_4224.zip
001771	日清戦争異聞	萩原	朔太郎	新字新仮名	NDC 913	https://www.aozora.gr.jp/cards/000067/files/1771_ruby_4225.zip
001772	秋と漫歩	萩原	朔太郎	新字新仮名	NDC 914	https://www.aozora.gr.jp/cards/000067/files/1772_ruby_4219.zip
001773	老年と人生	萩原	朔太郎	新字新仮名	NDC 914	https://www.aozora.gr.jp/cards/000067/files/1773_ruby_4230.zip
001783	犬の生活	小山	清	新字新仮名	NDC 913	https://www.aozora.gr.jp/cards/001867/files/1783_ruby_65923.zip
001786	他人の夏	山川	方夫	新字新仮名	NDC 913	https://www.aozora.gr.jp/cards/001801/files/1786_ruby_74917.zip
001788	純情小曲集	萩原	朔太郎	旧字旧仮名	NDC 911	https://www.aozora.gr.jp/cards/000067/files/1788_ruby_18602.zip
001789	定本青猫	萩原	朔太郎	旧字旧仮名	NDC 911	https://www.aozora.gr.jp/cards/000067/files/1789_ruby_20545.zip
001795	夢の殺人	浜尾	四郎	新字新仮名	NDC 913	https://www.aozora.gr.jp/cards/000289/files/1795_ruby_22491.zip
001796	殺された天一坊	浜尾	四郎	新字新仮名	NDC 913	https://www.aozora.gr.jp/cards/000289/files/1796_ruby_22484.zip
001797	彼は誰を殺したか	浜尾	四郎	新字新仮名	NDC 913	https://www.aozora.gr.jp/cards/000289/files/1797_ruby_22482.zip
001798	途上の犯人	浜尾	四郎	新字新仮名	NDC 913	https://www.aozora.gr.jp/cards/000289/files/1798_ruby_22489.zip
001799	殺人鬼	浜尾	四郎	新字新仮名	NDC 913	https://www.aozora.gr.jp/cards/000289/files/1799_ruby_17480.zip
001800	丹下左膳	林	不忘	新字新仮名	NDC 913	https://www.aozora.gr.jp/cards/000290/files/1800_ruby_9298.zip
001803	煩悩秘文書	林	不忘	新字新仮名	NDC 913	https://www.aozora.gr.jp/cards/000290/files/1803_ruby_31604.zip
001804	平馬と鶯	林	不忘	新字新仮名	NDC K913	https://www.aozora.gr.jp/cards/000290/files/1804_ruby_18351.zip
001805	安重根	谷	譲次	新字新仮名	NDC 912	https://www.aozora.gr.jp/cards/000272/files/1805_ruby_11329.zip
001806	若き日の成吉思汗	林	不忘	新字新仮名	NDC 912	https://www.aozora.gr.jp/cards/000290/files/1806_ruby_31605.zip
001807	稲生播磨守	林	不忘	新字新仮名	NDC 912	https://www.aozora.gr.jp/cards/000290/files/1807_ruby_31586.zip
001808	元禄十三年	林	不忘	新字新仮名	NDC 913	https://www.aozora.gr.jp/cards/000290/files/1808_ruby_7908.zip
001809	寛永相合傘	林	不忘	新字新仮名	NDC 913	https://www.aozora.gr.jp/cards/000290/files/1809_ruby_7904.zip
001810	口笛を吹く武士	林	不忘	新字新仮名	NDC 913	https://www.aozora.gr.jp/cards/000290/files/1810_ruby_7906.zip
001811	あの顔	林	不忘	新字新仮名	NDC 913	https://www.aozora.gr.jp/cards/000290/files/1811_ruby_18350.zip
001812	仇討たれ戯作	林	不忘	新字新仮名	NDC 913	https://www.aozora.gr.jp/cards/000290/files/1812_ruby_7902.zip
001813	新版　放浪記	林	芙美子	新字新仮名	NDC 913	https://www.aozora.gr.jp/cards/000291/files/1813_ruby_28358.zip
001814	風琴と魚の町	林	芙美子	新字新仮名	NDC 913	https://www.aozora.gr.jp/cards/000291/files/1814_ruby_24165.zip
001815	魚の序文	林	芙美子	新字新仮名	NDC 913	https://www.aozora.gr.jp/cards/000291/files/1815_ruby_24166.zip
001816	清貧の書	林	芙美子	新字新仮名	NDC 913	https://www.aozora.gr.jp/cards/000291/files/1816_ruby_24167.zip
001817	河沙魚	林	芙美子	新字新仮名	NDC 913	https://www.aozora.gr.jp/cards/000291/files/1817_ruby_28242.zip
001818	井戸の底に埃の溜つた話	葉山	嘉樹	新字旧仮名	NDC 914	https://www.aozora.gr.jp/cards/000031/files/1818_txt_4846.zip
001819	遺言文学	葉山	嘉樹	新字旧仮名	NDC 914	https://www.aozora.gr.jp/cards/000031/files/1819_txt_22266.zip
001820	獄中の女より男に	原田	皐月	新字旧仮名	NDC 914 915	https://www.aozora.gr.jp/cards/000292/files/1820_ruby_23726.zip
001821	夏の花	原	民喜	新字旧仮名	NDC 913	https://www.aozora.gr.jp/cards/000293/files/1821_txt_6692.zip
001847	苦しく美しき夏	原	民喜	新字新仮名	NDC 913	https://www.aozora.gr.jp/cards/000293/files/1847_ruby_5803.zip
001848	秋日記	原	民喜	新字新仮名	NDC 913	https://www.aozora.gr.jp/cards/000293/files/1848_ruby_5794.zip
001849	冬日記	原	民喜	新字新仮名	NDC 913	https://www.aozora.gr.jp/cards/000293/files/1849_ruby_5818.zip
001850	美しき死の岸に	原	民喜	新字新仮名	NDC 913	https://www.aozora.gr.jp/cards/000293/files/1850_ruby_20467.zip
001851	死のなかの風景	原	民喜	新字新仮名	NDC 913	https://www.aozora.gr.jp/cards/000293/files/1851_ruby_5806.zip
001852	火の唇	原	民喜	新字新仮名	NDC 913	https://www.aozora.gr.jp/cards/000293/files/1852_ruby_21719.zip
001853	壊滅の序曲	原	民喜	新字新仮名	NDC 913	https://www.aozora.gr.jp/cards/000293/files/1853_ruby_7027.zip
001854	廃墟から	原	民喜	新字新仮名	NDC 913	https://www.aozora.gr.jp/cards/000293/files/1854_ruby_21716.zip
001855	鎮魂歌	原	民喜	新字新仮名	NDC 913	https://www.aozora.gr.jp/cards/000293/files/1855_ruby_5809.zip
001856	永遠のみどり	原	民喜	新字新仮名	NDC 913	https://www.aozora.gr.jp/cards/000293/files/1856_ruby_5800.zip
001857	月の夜	樋口	一葉	新字旧仮名	NDC 913	https://www.aozora.gr.jp/cards/000064/files/1857_ruby_18925.zip
001858	晶子鑑賞	平野	万里	新字旧仮名	NDC 911	https://www.aozora.gr.jp/cards/000294/files/1858_ruby_15765.zip
001859	唯物史観と文学	平林	初之輔	旧字旧仮名	NDC 901	https://www.aozora.gr.jp/cards/000221/files/1859_ruby.zip
001860	文芸運動と労働運動	平林	初之輔	旧字旧仮名	NDC 901	https://www.aozora.gr.jp/cards/000221/files/1860_ruby.zip
001861	中西氏に答う	平林	初之輔	旧字新仮名	NDC 901	https://www.aozora.gr.jp/cards/000221/files/1861_ruby_4868.zip
001862	山吹町の殺人	平林	初之輔	新字新仮名	NDC 913	https://www.aozora.gr.jp/cards/000221/files/1862_ruby.zip
001864	福翁自伝	福沢	諭吉	新字新仮名	NDC 289	https://www.aozora.gr.jp/cards/000296/files/1864_ruby_61551.zip
001866	画室の言葉	藤島	武二	新字新仮名	NDC 723	https://www.aozora.gr.jp/cards/000298/files/1866_ruby_18276.zip
001867	四日間	ガールシン	フセヴォロド・ミハイロヴィチ	新字新仮名	NDC 983	https://www.aozora.gr.jp/cards/000340/files/1867_ruby_20715.zip
001868	小説総論	二葉亭	四迷	新字新仮名	NDC 901	https://www.aozora.gr.jp/cards/000006/files/1868_ruby_22436.zip
001869	浮雲	二葉亭	四迷	新字新仮名	NDC 913	https://www.aozora.gr.jp/cards/000006/files/1869_ruby_33306.zip
001871	落穴と振子	佐々木	直次郎	新字新仮名	NDC 933	https://www.aozora.gr.jp/cards/000094/files/1871_ruby_17551.zip
001872	法窓夜話	穂積	陳重	新字新仮名	NDC 320	https://www.aozora.gr.jp/cards/000301/files/1872_ruby_3491.zip
001873	東西ほくろ考	堀口	九万一	新字旧仮名	NDC 914	https://www.aozora.gr.jp/cards/000302/files/1873_ruby_7775.zip
001875	石狩川	本庄	陸男	新字新仮名	NDC 913	https://www.aozora.gr.jp/cards/000303/files/1875_ruby_42799.zip
001876	女肉を料理する男	牧	逸馬	新字新仮名	NDC 913	https://www.aozora.gr.jp/cards/000304/files/1876_ruby_6171.zip
001877	浴槽の花嫁	牧	逸馬	新字新仮名	NDC 913	https://www.aozora.gr.jp/cards/000304/files/1877_ruby_6174.zip
001878	戦雲を駆る女怪	牧	逸馬	新字新仮名	NDC 913	https://www.aozora.gr.jp/cards/000304/files/1878_ruby_23857.zip
001879	上海された男	牧	逸馬	新字新仮名	NDC 913	https://www.aozora.gr.jp/cards/000304/files/1879_ruby_16476.zip
001880	舞馬	牧	逸馬	新字新仮名	NDC 913	https://www.aozora.gr.jp/cards/000304/files/1880_ruby_16477.zip
001885	最後の丘	漢那	浪笛	新字旧仮名	NDC 911	https://www.aozora.gr.jp/cards/001666/files/1885_ruby_60793.zip
001890	鬼涙村	牧野	信一	新字新仮名	NDC 913	https://www.aozora.gr.jp/cards/000183/files/1890_ruby_19563.zip
001891	城ヶ島の春	牧野	信一	旧字旧仮名	NDC 914	https://www.aozora.gr.jp/cards/000183/files/1891_ruby_7610.zip
001892	痴日	牧野	信一	旧字旧仮名	NDC 913	https://www.aozora.gr.jp/cards/000183/files/1892_ruby_7608.zip
001893	緑の軍港	牧野	信一	旧字旧仮名	NDC 914	https://www.aozora.gr.jp/cards/000183/files/1893_ruby_7614.zip
001895	余話	牧野	信一	新字旧仮名	NDC 914	https://www.aozora.gr.jp/cards/000183/files/1895_ruby_22533.zip
001896	寒山落木　巻一	正岡	子規	旧字旧仮名	NDC 911	https://www.aozora.gr.jp/cards/000305/files/1896_ruby.zip
001897	墨汁一滴	正岡	子規	新字旧仮名	NDC 914	https://www.aozora.gr.jp/cards/000305/files/1897_ruby_18490.zip
001902	九月十四日の朝	正岡	子規	旧字旧仮名	NDC 914	https://www.aozora.gr.jp/cards/000305/files/1902_ruby_4971.zip
001903	死後	正岡	子規	新字新仮名	NDC 914	https://www.aozora.gr.jp/cards/000305/files/1903_ruby_4853.zip
001904	ラ氏の笛	松永	延造	新字新仮名	NDC 913	https://www.aozora.gr.jp/cards/000104/files/1904_ruby_22554.zip
001906	山想う心	松濤	明	新字新仮名	NDC 291 786	https://www.aozora.gr.jp/cards/000307/files/1906_ruby_8206.zip
001907	暴風雨に終わった一日	松本	泰	新字新仮名	NDC 913	https://www.aozora.gr.jp/cards/000308/files/1907_ruby_5412.zip
001908	宝石の序曲	松本	泰	新字新仮名	NDC 913	https://www.aozora.gr.jp/cards/000308/files/1908_ruby_22565.zip
001909	謎の街	松本	泰	新字新仮名	NDC 913	https://www.aozora.gr.jp/cards/000308/files/1909_ruby_22563.zip
001910	まよわし	漢那	浪笛	新字旧仮名	NDC 911	https://www.aozora.gr.jp/cards/001666/files/1910_ruby_61178.zip
001911	雪之丞変化	三上	於菟吉	新字新仮名	NDC 913	https://www.aozora.gr.jp/cards/000310/files/1911_ruby_50235.zip
001914	人生論ノート	三木	清	新字新仮名	NDC 121	https://www.aozora.gr.jp/cards/000218/files/1914_ruby_63481.zip
001915	消息一通	三木	清	新字旧仮名	NDC 121 915	https://www.aozora.gr.jp/cards/000218/files/1915_ruby_22595.zip
001916	十二支考	南方	熊楠	新字新仮名	NDC 388	https://www.aozora.gr.jp/cards/000093/files/1916_ruby_22740.zip
001917	易の占いして金取り出したること	南方	熊楠	新字新仮名	NDC 914	https://www.aozora.gr.jp/cards/000093/files/1917_ruby_7779.zip
001950	光のない朝	宮本	百合子	新字新仮名	NDC 913	https://www.aozora.gr.jp/cards/000311/files/1950_ruby.zip
001951	顔	宮本	百合子	新字新仮名	NDC 913	https://www.aozora.gr.jp/cards/000311/files/1951_ruby.zip
001952	古き小画	宮本	百合子	新字新仮名	NDC 913	https://www.aozora.gr.jp/cards/000311/files/1952_ruby.zip
001953	伊太利亜の古陶	宮本	百合子	新字新仮名	NDC 913	https://www.aozora.gr.jp/cards/000311/files/1953_ruby_5821.zip
001954	心の河	宮本	百合子	新字新仮名	NDC 913	https://www.aozora.gr.jp/cards/000311/files/1954_ruby.zip
001955	小村淡彩	宮本	百合子	新字新仮名	NDC 913	https://www.aozora.gr.jp/cards/000311/files/1955_ruby_6069.zip
001956	格子縞の毛布	宮本	百合子	新字新仮名	NDC 913	https://www.aozora.gr.jp/cards/000311/files/1956_ruby.zip
001957	七階の住人	宮本	百合子	新字新仮名	NDC 913	https://www.aozora.gr.jp/cards/000311/files/1957_ruby.zip
001958	杏の若葉	宮本	百合子	新字新仮名	NDC 913	https://www.aozora.gr.jp/cards/000311/files/1958_ruby.zip
001959	墓	宮本	百合子	新字新仮名	NDC 913	https://www.aozora.gr.jp/cards/000311/files/1959_ruby.zip
001960	氷蔵の二階	宮本	百合子	新字新仮名	NDC 913	https://www.aozora.gr.jp/cards/000311/files/1960_ruby_6050.zip
001961	部屋	宮本	百合子	新字新仮名	NDC 913	https://www.aozora.gr.jp/cards/000311/files/1961_ruby.zip
001962	蠅	宮本	百合子	新字新仮名	NDC 913	https://www.aozora.gr.jp/cards/000311/files/1962_ruby.zip
001963	縫子	宮本	百合子	新字新仮名	NDC 913	https://www.aozora.gr.jp/cards/000311/files/1963_ruby.zip
001964	一太と母	宮本	百合子	新字新仮名	NDC 913	https://www.aozora.gr.jp/cards/000311/files/1964_ruby_6856.zip
001965	牡丹	宮本	百合子	新字新仮名	NDC 913	https://www.aozora.gr.jp/cards/000311/files/1965_ruby_6858.zip
001966	白い翼	宮本	百合子	新字新仮名	NDC 913	https://www.aozora.gr.jp/cards/000311/files/1966_ruby_6860.zip
002036	蕎麦の味と食い方問題	村井	政善	新字新仮名	NDC 596	https://www.aozora.gr.jp/cards/000312/files/2036_ruby_22711.zip
002037	新らしき悲しみにうつる時	漢那	浪笛	新字旧仮名	NDC 911	https://www.aozora.gr.jp/cards/001666/files/2037_ruby_61308.zip
002038	つかれ	漢那	浪笛	新字旧仮名	NDC 911	https://www.aozora.gr.jp/cards/001666/files/2038_ruby_61210.zip
002059	十三時	ポー	エドガー・アラン	新字旧仮名	NDC 933	https://www.aozora.gr.jp/cards/000094/files/2059_ruby_22501.zip
002062	猿	クラルテ	ジュール	新字旧仮名	NDC 953	https://www.aozora.gr.jp/cards/000357/files/2062_ruby_22975.zip
002064	防火栓	ヒルシュフェルド	ゲオルヒ	新字旧仮名	NDC 943	https://www.aozora.gr.jp/cards/000359/files/2064_ruby_22477.zip
002065	アンドレアス・タアマイエルが遺書	シュニッツレル	アルツール	新字旧仮名	NDC 943	https://www.aozora.gr.jp/cards/000360/files/2065_ruby_20950.zip
002067	パアテル・セルギウス	トルストイ	レオ	新字旧仮名	NDC 983	https://www.aozora.gr.jp/cards/000361/files/2067_ruby_5574.zip
002068	樺太脱獄記	コロレンコ	ウラジミール・ガラクティオノヴィチ	新字旧仮名	NDC 983	https://www.aozora.gr.jp/cards/000362/files/2068_ruby_16700.zip
002069	鱷	ドストエフスキー	フィヨードル・ミハイロヴィチ	新字旧仮名	NDC 983	https://www.aozora.gr.jp/cards/000363/files/2069_ruby_6004.zip
002070	センツアマニ	ゴーリキー	マクシム	新字旧仮名	NDC 983	https://www.aozora.gr.jp/cards/000364/files/2070_ruby_23051.zip
002071	板ばさみ	チリコフ	オイゲン	新字旧仮名	NDC 983	https://www.aozora.gr.jp/cards/000365/files/2071_ruby_21037.zip
002072	笑	アルチバシェッフ	ミハイル・ペトローヴィチ	新字旧仮名	NDC 983	https://www.aozora.gr.jp/cards/000366/files/2072_ruby_20499.zip
002073	死	アルチバシェッフ	ミハイル・ペトローヴィチ	新字旧仮名	NDC 983	https://www.aozora.gr.jp/cards/000366/files/2073_ruby_20497.zip
002074	フロルスと賊と	クスミン	ミカイル・アレクセーヴィチ	新字旧仮名	NDC 983	https://www.aozora.gr.jp/cards/000367/files/2074_ruby_20812.zip
002075	うづしほ	ポー	エドガー・アラン	新字旧仮名	NDC 933	https://www.aozora.gr.jp/cards/000094/files/2075_ruby_34226.zip
002076	病院横町の殺人犯	ポー	エドガー・アラン	新字旧仮名	NDC 933	https://www.aozora.gr.jp/cards/000094/files/2076_ruby_34315.zip
002086	恋衣	増田	雅子	新字旧仮名	NDC 911	https://www.aozora.gr.jp/cards/000318/files/2086_ruby_15763.zip
002087	婦人雑誌と猫	山本	宣治	新字旧仮名	NDC 914	https://www.aozora.gr.jp/cards/000319/files/2087_ruby_23273.zip
002096	黒白ストーリー	杉山	萠円	新字新仮名	NDC 913	https://www.aozora.gr.jp/cards/000096/files/2096_ruby_19325.zip
002142	梅津只円翁伝	杉山	萠円	新字新仮名	NDC 773	https://www.aozora.gr.jp/cards/000096/files/2142_ruby_22741.zip
002149	微笑	横光	利一	新字新仮名	NDC 913	https://www.aozora.gr.jp/cards/000168/files/2149_ruby_10216.zip
002150	洋灯	横光	利一	新字新仮名	NDC 914	https://www.aozora.gr.jp/cards/000168/files/2150_ruby_6369.zip
002151	新感覚派とコンミニズム文学	横光	利一	新字新仮名	NDC 901	https://www.aozora.gr.jp/cards/000168/files/2151_ruby_12106.zip
002152	純粋小説論	横光	利一	新字新仮名	NDC 901	https://www.aozora.gr.jp/cards/000168/files/2152_ruby.zip
002153	夢もろもろ	横光	利一	新字新仮名	NDC 914	https://www.aozora.gr.jp/cards/000168/files/2153_ruby_28786.zip
002154	汚ない家	横光	利一	新字旧仮名	NDC 913	https://www.aozora.gr.jp/cards/000168/files/2154_txt_16201.zip
002165	舞姫	与謝野	晶子	新字旧仮名	NDC 911	https://www.aozora.gr.jp/cards/000885/files/2165_ruby_22324.zip
002166	夢の影響	与謝野	晶子	旧字旧仮名	NDC 914	https://www.aozora.gr.jp/cards/000885/files/2166_txt_28785.zip
002167	隣の家	与謝野	晶子	新字旧仮名	NDC 914	https://www.aozora.gr.jp/cards/000885/files/2167_ruby_16200.zip
002168	巴里より	与謝野	晶子	新字旧仮名	NDC 915	https://www.aozora.gr.jp/cards/000320/files/2168_ruby_16254.zip
002169	礼厳法師歌集	与謝野	寛	新字旧仮名	NDC 911	https://www.aozora.gr.jp/cards/000321/files/2169_ruby_15940.zip
002170	夢	吉江	孤雁	旧字旧仮名	NDC 914	https://www.aozora.gr.jp/cards/000220/files/2170_ruby_15466.zip
002171	蘇峰先生の「大正の青年と帝国の前途」を読む	吉野	作造	新字旧仮名	NDC 914	https://www.aozora.gr.jp/cards/000323/files/2171_ruby.zip
002172	東京ロマンティック恋愛記	吉行	エイスケ	新字新仮名	NDC 913	https://www.aozora.gr.jp/cards/000043/files/2172_ruby_34693.zip
002173	バルザックの寝巻姿	吉行	エイスケ	新字新仮名	NDC 913	https://www.aozora.gr.jp/cards/000043/files/2173_ruby_34703.zip
002174	スポールティフな娼婦	吉行	エイスケ	新字新仮名	NDC 913	https://www.aozora.gr.jp/cards/000043/files/2174_ruby_34706.zip
002175	恋の一杯売	吉行	エイスケ	新字新仮名	NDC 913	https://www.aozora.gr.jp/cards/000043/files/2175_ruby_34734.zip
002176	孟買挿話	吉行	エイスケ	新字新仮名	NDC 913	https://www.aozora.gr.jp/cards/000043/files/2176_ruby_23279.zip
002187	夢鬼	蘭	郁二郎	新字新仮名	NDC 913	https://www.aozora.gr.jp/cards/000325/files/2187_ruby_39153.zip
002188	歪んだ夢	蘭	郁二郎	新字新仮名	NDC 913	https://www.aozora.gr.jp/cards/000325/files/2188_ruby_24733.zip
002189	魔像	蘭	郁二郎	新字新仮名	NDC 913	https://www.aozora.gr.jp/cards/000325/files/2189_ruby_24729.zip
002190	白金神経の少女	蘭	郁二郎	新字新仮名	NDC 913	https://www.aozora.gr.jp/cards/000325/files/2190_ruby_24730.zip
002191	睡魔	蘭	郁二郎	新字新仮名	NDC 913	https://www.aozora.gr.jp/cards/000325/files/2191_ruby_24731.zip
002192	地図にない島	蘭	郁二郎	新字新仮名	NDC 913	https://www.aozora.gr.jp/cards/000325/files/2192_ruby_24727.zip
002193	火星の魔術師	蘭	郁二郎	新字新仮名	NDC 913	https://www.aozora.gr.jp/cards/000325/files/2193_ruby_24728.zip
002194	宇宙爆撃	蘭	郁二郎	新字新仮名	NDC 913	https://www.aozora.gr.jp/cards/000325/files/2194_ruby_24732.zip
002195	蝱の囁き	蘭	郁二郎	新字新仮名	NDC 913	https://www.aozora.gr.jp/cards/000325/files/2195_ruby_24726.zip
002196	或る精神異常者	田中	早苗	新字新仮名	NDC 953	https://www.aozora.gr.jp/cards/000326/files/2196_ruby_3453.zip
002198	家のめぐり	若山	牧水	旧字旧仮名	NDC 914	https://www.aozora.gr.jp/cards/000162/files/2198_ruby_16513.zip
002199	酒と歌	若山	牧水	旧字旧仮名	NDC 914	https://www.aozora.gr.jp/cards/000162/files/2199_ruby_5117.zip
002200	金比羅参り	若山	牧水	旧字旧仮名	NDC 914	https://www.aozora.gr.jp/cards/000162/files/2200_ruby.zip
002201	藤の花	若山	牧水	旧字旧仮名	NDC 914	https://www.aozora.gr.jp/cards/000162/files/2201_txt.zip
002202	花二三	若山	牧水	旧字旧仮名	NDC 914	https://www.aozora.gr.jp/cards/000162/files/2202_ruby.zip
002203	たべものの木	若山	牧水	旧字旧仮名	NDC 914	https://www.aozora.gr.jp/cards/000162/files/2203_ruby.zip
002204	鴉と正覚坊	若山	牧水	旧字旧仮名	NDC 914	https://www.aozora.gr.jp/cards/000162/files/2204_ruby_16515.zip
002205	庭さきの森の春	若山	牧水	旧字旧仮名	NDC 914	https://www.aozora.gr.jp/cards/000162/files/2205_ruby.zip
002206	鳳来寺紀行	若山	牧水	旧字旧仮名	NDC 914	https://www.aozora.gr.jp/cards/000162/files/2206_ruby_16517.zip
002207	湯槽の朝	若山	牧水	旧字旧仮名	NDC 914	https://www.aozora.gr.jp/cards/000162/files/2207_ruby.zip
002208	鮎釣に過した夏休み	若山	牧水	旧字旧仮名	NDC 914	https://www.aozora.gr.jp/cards/000162/files/2208_ruby.zip
002209	梅雨紀行	若山	牧水	旧字旧仮名	NDC 914	https://www.aozora.gr.jp/cards/000162/files/2209_ruby_5147.zip
002210	樹木とその葉	若山	牧水	旧字旧仮名	NDC 914	https://www.aozora.gr.jp/cards/000162/files/2210_ruby_20355.zip
002211	樹木とその葉	若山	牧水	旧字旧仮名	NDC 914	https://www.aozora.gr.jp/cards/000162/files/2211_ruby_20320.zip
002223	絵姿	ワイルド	オスカー	新字新仮名	NDC 913	https://www.aozora.gr.jp/cards/000020/files/2223_ruby_28385.zip
002224	警察官職務執行法	日本国		新字新仮名	NDC 317	https://www.aozora.gr.jp/cards/001528/files/2224_txt.zip
002225	祖母	楠山	正雄	新字新仮名	NDC K913	https://www.aozora.gr.jp/cards/000329/files/2225_ruby.zip
002226	尚書稽疑	内藤	湖南	旧字旧仮名	NDC 123	https://www.aozora.gr.jp/cards/000284/files/2226_txt_21490.zip
002227	支那歴史的思想の起源	内藤	湖南	旧字旧仮名	NDC 222	https://www.aozora.gr.jp/cards/000284/files/2227_ruby_4344.zip
002228	聖徳太子	内藤	湖南	旧字旧仮名	NDC 289	https://www.aozora.gr.jp/cards/000284/files/2228_ruby_4308.zip
002229	古鏡	若杉	鳥子	旧字旧仮名	NDC 913	https://www.aozora.gr.jp/cards/000331/files/2229_ruby.zip
002244	章学誠の史学	内藤	湖南	旧字旧仮名	NDC 222	https://www.aozora.gr.jp/cards/000284/files/2244_ruby_4347.zip
002245	手術	小酒井	不木	新字新仮名	NDC 913	https://www.aozora.gr.jp/cards/000262/files/2245_ruby_3991.zip
002251	近畿地方に於ける神社	内藤	湖南	旧字旧仮名	NDC 175	https://www.aozora.gr.jp/cards/000284/files/2251_ruby_4352.zip
002252	弘法大師の文芸	内藤	湖南	旧字旧仮名	NDC 188	https://www.aozora.gr.jp/cards/000284/files/2252_ruby_4303.zip
002259	海潮音	上田	敏	新字旧仮名	NDC 908 911 931 941 951 959 971	https://www.aozora.gr.jp/cards/000235/files/2259_ruby_2139.zip
002299	土鼠と落盤	黒島	伝治	新字新仮名	NDC 913	https://www.aozora.gr.jp/cards/000037/files/2299_ruby_22390.zip
002300	黒い頭	海若	藍平	新字新仮名	NDC K913	https://www.aozora.gr.jp/cards/000096/files/2300_ruby_3079.zip
002301	白椿	海若	藍平	新字新仮名	NDC K913	https://www.aozora.gr.jp/cards/000096/files/2301_ruby_3080.zip
002304	最後の胡弓弾き	新美	南吉	新字新仮名	NDC K913	https://www.aozora.gr.jp/cards/000121/files/2304_ruby_4101.zip
002305	先生の眼玉に	香倶土	三鳥	新字新仮名	NDC K913	https://www.aozora.gr.jp/cards/000096/files/2305_ruby_3593.zip
002306	奇妙な遠眼鏡	香倶土	三鳥	新字新仮名	NDC K913	https://www.aozora.gr.jp/cards/000096/files/2306_ruby_3595.zip
002311	征服の事実	大杉	栄	新字新仮名	NDC 914	https://www.aozora.gr.jp/cards/000169/files/2311_txt_460.zip
002312	生の拡充	大杉	栄	新字新仮名	NDC 914	https://www.aozora.gr.jp/cards/000169/files/2312_txt_463.zip
002316	兵隊の死	渡辺	温	新字新仮名	NDC 913	https://www.aozora.gr.jp/cards/000020/files/2316_ruby_1379.zip
002318	五題	山中	貞雄	新字新仮名	NDC 778	https://www.aozora.gr.jp/cards/000072/files/2318_txt_13555.zip
002319	気まま者の日記	山中	貞雄	新字新仮名	NDC 778	https://www.aozora.gr.jp/cards/000072/files/2319_txt_13556.zip
002320	雑録	山中	貞雄	新字新仮名	NDC 774	https://www.aozora.gr.jp/cards/000072/files/2320_txt_13557.zip
002330	竜舌蘭	寺田	寅彦	新字新仮名	NDC 470	https://www.aozora.gr.jp/cards/000042/files/2330_ruby_2787.zip
002331	花物語	寺田	寅彦	新字新仮名	NDC 470	https://www.aozora.gr.jp/cards/000042/files/2331_ruby_2791.zip
002332	芝刈り	寺田	寅彦	新字新仮名	NDC 470	https://www.aozora.gr.jp/cards/000042/files/2332_ruby_2795.zip
002365	山を讃する文	小島	烏水	新字旧仮名	NDC 291 914	https://www.aozora.gr.jp/cards/000027/files/2365_ruby_13473.zip
002387	梁上の足	若杉	鳥子	旧字旧仮名	NDC 913	https://www.aozora.gr.jp/cards/000331/files/2387_ruby.zip
002388	烈日	若杉	鳥子	旧字旧仮名	NDC 913	https://www.aozora.gr.jp/cards/000331/files/2388_ruby_5049.zip
002389	彼女こゝに眠る	若杉	鳥子	旧字旧仮名	NDC 913	https://www.aozora.gr.jp/cards/000331/files/2389_ruby_5070.zip
002391	残されたる江戸	柴田	流星	新字新仮名	NDC 213	https://www.aozora.gr.jp/cards/000342/files/2391_ruby_18576.zip
002392	灰燼十万巻	内田	魯庵	新字新仮名	NDC 916	https://www.aozora.gr.jp/cards/000165/files/2392_ruby_18.zip
002393	文明国には必ず智識ある高等遊民あり	内田	魯庵	新字新仮名	NDC 914	https://www.aozora.gr.jp/cards/000165/files/2393_ruby_15.zip
002394	駆逐されんとする文人	内田	魯庵	新字新仮名	NDC 914	https://www.aozora.gr.jp/cards/000165/files/2394_ruby_21.zip
002395	二十五年間の文人の社会的地位の進歩	内田	魯庵	新字新仮名	NDC 914	https://www.aozora.gr.jp/cards/000165/files/2395_ruby_24.zip
002398	趣味としての読書	平田	禿木	新字旧仮名	NDC 019	https://www.aozora.gr.jp/cards/000343/files/2398_ruby_1775.zip
002399	私の書斎	土田	杏村	新字旧仮名	NDC 914	https://www.aozora.gr.jp/cards/000344/files/2399_txt_1772.zip
002400	書斎	辻	潤	新字新仮名	NDC 019 914	https://www.aozora.gr.jp/cards/000159/files/2400_ruby_30894.zip
002402	家庭の読書室	内田	魯庵	新字旧仮名	NDC 914	https://www.aozora.gr.jp/cards/000165/files/2402_txt_20726.zip
002405	旗本移転後の始末	勝	海舟	新字旧仮名	NDC 210	https://www.aozora.gr.jp/cards/000354/files/2405_txt_21498.zip
002406	荒野の呼び声	山本	政喜	新字新仮名	NDC 933 934	https://www.aozora.gr.jp/cards/001515/files/2406_ruby_72990.zip
002407	画学校時代	上村	松園	新字新仮名	NDC 721	https://www.aozora.gr.jp/cards/000355/files/2407_txt_20722.zip
002408	明治二十四、五年頃の東京文科大学選科	西田	幾多郎	新字新仮名	NDC 121	https://www.aozora.gr.jp/cards/000182/files/2408_ruby_21698.zip
002409	新橋	北原	白秋	新字旧仮名	NDC 914 915	https://www.aozora.gr.jp/cards/000106/files/2409_ruby_5960.zip
002410	筆のしづく	幸徳	秋水	新字旧仮名	NDC 309 914	https://www.aozora.gr.jp/cards/000261/files/2410_txt_16931.zip
002411	人造人間	平林	初之輔	新字新仮名	NDC 913	https://www.aozora.gr.jp/cards/000221/files/2411_ruby_22550.zip
002412	月	上田	敏	新字旧仮名	NDC 914	https://www.aozora.gr.jp/cards/000235/files/2412_txt_24156.zip
002413	母親	若杉	鳥子	新字新仮名	NDC 913	https://www.aozora.gr.jp/cards/000331/files/2413_ruby.zip
002415	思ひ出	北原	白秋	旧字旧仮名	NDC 911	https://www.aozora.gr.jp/cards/000106/files/2415_ruby_6159.zip
002417	小熊秀雄全集-15	小熊	秀雄	新字旧仮名	NDC 913	https://www.aozora.gr.jp/cards/000124/files/2417_ruby_21853.zip
002421	小熊秀雄全集-19	小熊	秀雄	新字旧仮名	NDC 720	https://www.aozora.gr.jp/cards/000124/files/2421_ruby_21875.zip
002422	夏の月	川端	茅舎	新字旧仮名	NDC 913	https://www.aozora.gr.jp/cards/000369/files/2422_txt_24158.zip
002423	お月さまいくつ	北原	白秋	新字旧仮名	NDC K911	https://www.aozora.gr.jp/cards/000106/files/2423_ruby_24157.zip
002424	書斎と星	北原	白秋	新字旧仮名	NDC 914	https://www.aozora.gr.jp/cards/000106/files/2424_ruby_23720.zip
002425	北村透谷詩集	北村	透谷	旧字旧仮名	NDC 911	https://www.aozora.gr.jp/cards/000157/files/2425_ruby_31253.zip
002426	霧の不二、月の不二	小島	烏水	新字旧仮名	NDC 291 915	https://www.aozora.gr.jp/cards/000027/files/2426_ruby_24153.zip
002427	白峰山脈縦断記	小島	烏水	新字新仮名	NDC 291 915	https://www.aozora.gr.jp/cards/000027/files/2427_ruby_36013.zip
002428	谷より峰へ峰より谷へ	小島	烏水	新字新仮名	NDC 291 915	https://www.aozora.gr.jp/cards/000027/files/2428_ruby_36014.zip
002429	不尽の高根	小島	烏水	新字新仮名	NDC 291 915	https://www.aozora.gr.jp/cards/000027/files/2429_ruby_17140.zip
002517	水汲み	徳冨	蘆花	新字旧仮名	NDC 914	https://www.aozora.gr.jp/cards/000280/files/2517_ruby_21316.zip
002518	大阪を歩く	直木	三十五	新字新仮名	NDC 914	https://www.aozora.gr.jp/cards/000216/files/2518_ruby_25883.zip
002521	悟浄出世	中島	敦	新字新仮名	NDC 913	https://www.aozora.gr.jp/cards/000119/files/2521_ruby_5328.zip
002523	ウィリアム・ウィルスン	佐々木	直次郎	新字新仮名	NDC 933	https://www.aozora.gr.jp/cards/000094/files/2523_ruby_19896.zip
002524	メールストロムの旋渦	佐々木	直次郎	新字新仮名	NDC 933	https://www.aozora.gr.jp/cards/000094/files/2524_ruby_19895.zip
002525	黄金虫	佐々木	直次郎	新字新仮名	NDC 933	https://www.aozora.gr.jp/cards/000094/files/2525_ruby_15769.zip
002526	早すぎる埋葬	佐々木	直次郎	新字新仮名	NDC 933	https://www.aozora.gr.jp/cards/000094/files/2526_ruby_17669.zip
002531	外に出た友	北条	民雄	新字旧仮名	NDC 916	https://www.aozora.gr.jp/cards/000997/files/2531_ruby_22479.zip
002532	病牀瑣事	正岡	子規	新字旧仮名	NDC 914	https://www.aozora.gr.jp/cards/000305/files/2532_txt_22538.zip
002533	歌よみに与ふる書	正岡	子規	新字旧仮名	NDC 911	https://www.aozora.gr.jp/cards/000305/files/2533_ruby_16139.zip
002534	人々に答ふ	正岡	子規	新字旧仮名	NDC 911	https://www.aozora.gr.jp/cards/000305/files/2534_ruby_39288.zip
002535	花枕	正岡	子規	旧字旧仮名	NDC 913	https://www.aozora.gr.jp/cards/000305/files/2535_ruby_41416.zip
002536	十二支考	南方	熊楠	新字新仮名	NDC 388	https://www.aozora.gr.jp/cards/000093/files/2536_ruby_20126.zip
002537	十二支考	南方	熊楠	新字新仮名	NDC 388	https://www.aozora.gr.jp/cards/000093/files/2537_ruby_21533.zip
002538	十二支考	南方	熊楠	新字新仮名	NDC 388	https://www.aozora.gr.jp/cards/000093/files/2538_ruby_34475.zip
002539	十二支考	南方	熊楠	新字新仮名	NDC 388	https://www.aozora.gr.jp/cards/000093/files/2539_ruby_34476.zip
002540	十二支考	南方	熊楠	新字新仮名	NDC 388	https://www.aozora.gr.jp/cards/000093/files/2540_ruby_34962.zip
002541	十二支考	南方	熊楠	新字新仮名	NDC 388	https://www.aozora.gr.jp/cards/000093/files/2541_ruby_34963.zip
002542	十二支考	南方	熊楠	新字新仮名	NDC 388	https://www.aozora.gr.jp/cards/000093/files/2542_ruby_35599.zip
002544	花守	横瀬	夜雨	旧字旧仮名	NDC 911	https://www.aozora.gr.jp/cards/000370/files/2544_ruby_23298.zip
002545	炭焼のむすめ	長塚	節	旧字旧仮名	NDC 914	https://www.aozora.gr.jp/cards/000118/files/2545_ruby_21606.zip
002548	月二夜	与謝野	晶子	新字旧仮名	NDC 914	https://www.aozora.gr.jp/cards/000885/files/2548_ruby_24159.zip
002549	住吉祭	与謝野	晶子	新字旧仮名	NDC 914	https://www.aozora.gr.jp/cards/000885/files/2549_ruby_8169.zip
002550	御門主	与謝野	晶子	新字旧仮名	NDC 913	https://www.aozora.gr.jp/cards/000885/files/2550_ruby_8229.zip
002551	日記のうち	与謝野	晶子	新字旧仮名	NDC 915	https://www.aozora.gr.jp/cards/000885/files/2551_ruby_8232.zip
002552	六日間	与謝野	晶子	新字旧仮名	NDC 915	https://www.aozora.gr.jp/cards/000885/files/2552_ruby_8231.zip
002553	帰つてから	与謝野	晶子	新字旧仮名	NDC 914	https://www.aozora.gr.jp/cards/000885/files/2553_ruby_8279.zip
002554	午後	与謝野	晶子	新字旧仮名	NDC 913	https://www.aozora.gr.jp/cards/000885/files/2554_ruby_8228.zip
002555	戸の外まで	与謝野	晶子	新字旧仮名	NDC 916	https://www.aozora.gr.jp/cards/000885/files/2555_ruby_8170.zip
002556	女が来て	与謝野	晶子	新字旧仮名	NDC 913	https://www.aozora.gr.jp/cards/000885/files/2556_ruby_8168.zip
002557	晶子詩篇全集	与謝野	晶子	新字旧仮名	NDC 911	https://www.aozora.gr.jp/cards/000885/files/2557_ruby_13911.zip
002561	蓬生	与謝野	寛	新字旧仮名	NDC 913	https://www.aozora.gr.jp/cards/000320/files/2561_ruby_8069.zip
002562	執達吏	与謝野	寛	新字旧仮名	NDC 913	https://www.aozora.gr.jp/cards/000320/files/2562_ruby_8054.zip
002563	妄動	与謝野	寛	新字旧仮名	NDC 911	https://www.aozora.gr.jp/cards/000320/files/2563_ruby_8050.zip
002564	失楽	与謝野	寛	新字旧仮名	NDC 911	https://www.aozora.gr.jp/cards/000320/files/2564_ruby_8053.zip
002565	南洋館	与謝野	寛	新字旧仮名	NDC 911	https://www.aozora.gr.jp/cards/000320/files/2565_ruby_8052.zip
002566	素描	与謝野	寛	新字旧仮名	NDC 913	https://www.aozora.gr.jp/cards/000320/files/2566_ruby_8055.zip
002567	梅原良三郎氏のモンマルトルの画室	与謝野	寛	新字旧仮名	NDC 911	https://www.aozora.gr.jp/cards/000320/files/2567_ruby_8056.zip
002568	“MONICO”	与謝野	寛	新字旧仮名	NDC 911	https://www.aozora.gr.jp/cards/000320/files/2568_ruby_8051.zip
002569	ああ華族様だよ　と私は嘘を吐くのであった	渡辺	温	新字新仮名	NDC 913	https://www.aozora.gr.jp/cards/000020/files/2569_ruby_28290.zip
002570	遺書に就て	渡辺	温	新字新仮名	NDC 913	https://www.aozora.gr.jp/cards/000020/files/2570_ruby_28503.zip
002571	アンドロギュノスの裔	渡辺	温	新字新仮名	NDC 913	https://www.aozora.gr.jp/cards/000020/files/2571_ruby_28315.zip
002572	赤い煙突	渡辺	温	新字新仮名	NDC 913	https://www.aozora.gr.jp/cards/000020/files/2572_ruby_28293.zip
002573	風船美人	渡辺	温	新字新仮名	NDC 913	https://www.aozora.gr.jp/cards/000020/files/2573_ruby_32346.zip
002577	怪談牡丹灯籠	三遊亭	円朝	新字新仮名	NDC 779 913	https://www.aozora.gr.jp/cards/000989/files/2577_ruby_37419.zip
002578	女給	細井	和喜蔵	新字新仮名	NDC 913	https://www.aozora.gr.jp/cards/000371/files/2578_ruby_22540.zip
002579	純情小曲集	萩原	恭次郎	旧字旧仮名	NDC 911	https://www.aozora.gr.jp/cards/000725/files/2579_txt_66584.zip
002581	モルモット	細井	和喜蔵	新字新仮名	NDC 913	https://www.aozora.gr.jp/cards/000371/files/2581_ruby_22548.zip
002582	日本脱出記	大杉	栄	新字新仮名	NDC 289 915	https://www.aozora.gr.jp/cards/000169/files/2582_ruby_20704.zip
002583	獄中記	大杉	栄	新字新仮名	NDC 289 916	https://www.aozora.gr.jp/cards/000169/files/2583_ruby_20613.zip
002584	続獄中記	大杉	栄	新字新仮名	NDC 289 916	https://www.aozora.gr.jp/cards/000169/files/2584_ruby_20615.zip
002585	惨事のあと	素木	しづ	新字新仮名	NDC 913	https://www.aozora.gr.jp/cards/000012/files/2585_ruby_20968.zip
002587	支那人の文弱と保守	桑原	隲蔵	旧字旧仮名	NDC 222	https://www.aozora.gr.jp/cards/000372/files/2587_ruby_6203.zip
002588	支那人の妥協性と猜疑心	桑原	隲蔵	旧字旧仮名	NDC 222	https://www.aozora.gr.jp/cards/000372/files/2588_ruby_6200.zip
002590	愛と認識との出発	倉田	百三	新字新仮名	NDC 914	https://www.aozora.gr.jp/cards/000256/files/2590_ruby_20694.zip
002603	文学の本質について（一）	平林	初之輔	新字旧仮名	NDC 901	https://www.aozora.gr.jp/cards/000221/files/2603_txt_11837.zip
002605	悔	水野	仙子	旧字旧仮名	NDC 913	https://www.aozora.gr.jp/cards/000112/files/2605_ruby_22638.zip
002606	カンカン虫殺人事件	大阪	圭吉	新字新仮名	NDC 913	https://www.aozora.gr.jp/cards/000236/files/2606_ruby_20607.zip
002607	近代支那の文化生活	内藤	湖南	旧字旧仮名	NDC 222	https://www.aozora.gr.jp/cards/000284/files/2607_txt_21481.zip
002608	蔵書家の話	内藤	湖南	旧字旧仮名	NDC 024	https://www.aozora.gr.jp/cards/000284/files/2608_txt_21516.zip
002609	支那に於ける史の起源	内藤	湖南	旧字旧仮名	NDC 222	https://www.aozora.gr.jp/cards/000284/files/2609_ruby_4359.zip
002610	支那古典学の研究法に就きて	内藤	湖南	旧字旧仮名	NDC 222	https://www.aozora.gr.jp/cards/000284/files/2610_txt_4362.zip
002611	禹貢製作の時代	内藤	湖南	旧字旧仮名	NDC 222	https://www.aozora.gr.jp/cards/000284/files/2611_txt_21327.zip
002612	大師の入唐	桑原	隲蔵	旧字旧仮名	NDC 188 222	https://www.aozora.gr.jp/cards/000372/files/2612_ruby_1865.zip
002613	棄てる金	若杉	鳥子	新字新仮名	NDC 913	https://www.aozora.gr.jp/cards/000331/files/2613_ruby.zip
002614	敵討札所の霊験	三遊亭	円朝	新字新仮名	NDC 779 913	https://www.aozora.gr.jp/cards/000989/files/2614_ruby_17951.zip
002640	山と雪の日記	板倉	勝宣	新字新仮名	NDC 291	https://www.aozora.gr.jp/cards/000864/files/2640_ruby_20575.zip
002650	春の上河内へ	板倉	勝宣	新字新仮名	NDC 291	https://www.aozora.gr.jp/cards/000864/files/2650_ruby_20571.zip
002651	五色温泉スキー日記	板倉	勝宣	新字新仮名	NDC 291	https://www.aozora.gr.jp/cards/000864/files/2651_ruby_20569.zip
002652	春の槍から帰って	板倉	勝宣	新字新仮名	NDC 291	https://www.aozora.gr.jp/cards/000864/files/2652_ruby_20573.zip
002653	安藤昌益	狩野	亨吉	旧字旧仮名	NDC 121	https://www.aozora.gr.jp/cards/000866/files/2653_ruby_20665.zip
002660	歴史の概念	狩野	亨吉	旧字旧仮名	NDC 201	https://www.aozora.gr.jp/cards/000866/files/2660_ruby_20667.zip
002661	ある遊郭での出来事	若杉	鳥子	新字新仮名	NDC 916	https://www.aozora.gr.jp/cards/000331/files/2661_ruby_3551.zip
002662	新しき夫の愛	若杉	鳥子	新字新仮名	NDC 915	https://www.aozora.gr.jp/cards/000331/files/2662_ruby.zip
002663	雨の回想	若杉	鳥子	新字新仮名	NDC 914	https://www.aozora.gr.jp/cards/000331/files/2663_ruby_5331.zip
002664	職業の苦痛	若杉	鳥子	新字新仮名	NDC 916	https://www.aozora.gr.jp/cards/000331/files/2664_ruby_5339.zip
002665	爾雅の新研究	内藤	湖南	旧字旧仮名	NDC 222 821	https://www.aozora.gr.jp/cards/000284/files/2665_ruby_4368.zip
002688	黒猫	島木	健作	新字新仮名	NDC 913	https://www.aozora.gr.jp/cards/000008/files/2688_ruby_20887.zip
002689	奥間巡査	池宮城	積宝	新字旧仮名	NDC 913	https://www.aozora.gr.jp/cards/000868/files/2689_ruby_20501.zip
002690	反逆	矢田	津世子	新字新仮名	NDC 913	https://www.aozora.gr.jp/cards/000317/files/2690_ruby_23261.zip
002691	罠を跳び越える女	矢田	津世子	新字新仮名	NDC 913	https://www.aozora.gr.jp/cards/000317/files/2691_ruby_23263.zip
002698	今度こそ	片岡	鉄兵	新字新仮名	NDC 913	https://www.aozora.gr.jp/cards/000491/files/2698_ruby_6141.zip
002699	テガミ	小林	多喜二	新字新仮名	NDC 913	https://www.aozora.gr.jp/cards/000156/files/2699_ruby_6186.zip
002700	父帰る	小林	多喜二	新字新仮名	NDC 913	https://www.aozora.gr.jp/cards/000156/files/2700_txt_20752.zip
002701	争われない事実	小林	多喜二	新字新仮名	NDC 913	https://www.aozora.gr.jp/cards/000156/files/2701_ruby_20750.zip
002702	疵	小林	多喜二	新字新仮名	NDC 913	https://www.aozora.gr.jp/cards/000156/files/2702_ruby_20754.zip
002703	級長の願い	小林	多喜二	新字新仮名	NDC 913	https://www.aozora.gr.jp/cards/000156/files/2703_txt_20748.zip
002704	とも喰い	本庄	陸男	新字新仮名	NDC 913	https://www.aozora.gr.jp/cards/000303/files/2704_ruby_22443.zip
002705	前夜	本庄	陸男	新字新仮名	NDC 913	https://www.aozora.gr.jp/cards/000303/files/2705_ruby_22441.zip
002706	お菜のない弁当	本庄	陸男	新字新仮名	NDC 913	https://www.aozora.gr.jp/cards/000303/files/2706_ruby_22439.zip
002707	組合旗を折る	永崎	貢	新字新仮名	NDC 913	https://www.aozora.gr.jp/cards/000869/files/2707_ruby_6189.zip
002708	文学の本質について（二）	平林	初之輔	新字旧仮名	NDC 901	https://www.aozora.gr.jp/cards/000221/files/2708_txt_11838.zip
002720	チチハルまで	黒島	伝治	新字新仮名	NDC 913	https://www.aozora.gr.jp/cards/000037/files/2720_ruby_20698.zip
002721	名勝地帯	黒島	伝治	新字新仮名	NDC 913	https://www.aozora.gr.jp/cards/000037/files/2721_ruby_20696.zip
002844	浚渫船	葉山	嘉樹	新字新仮名	NDC 913	https://www.aozora.gr.jp/cards/000031/files/2844_ruby_37267.zip
002845	乳色の靄	葉山	嘉樹	新字新仮名	NDC 913	https://www.aozora.gr.jp/cards/000031/files/2845_ruby_37268.zip
002846	生爪を剥ぐ	葉山	嘉樹	新字新仮名	NDC 913	https://www.aozora.gr.jp/cards/000031/files/2846_ruby_37269.zip
002847	御萩と七種粥	河上	肇	新字新仮名	NDC 914	https://www.aozora.gr.jp/cards/000250/files/2847_ruby_5415.zip
002848	防備隊	黒島	伝治	新字新仮名	NDC 913	https://www.aozora.gr.jp/cards/000037/files/2848_ruby_6183.zip
002928	漱石と自分	狩野	亨吉	旧字旧仮名	NDC 910	https://www.aozora.gr.jp/cards/000866/files/2928_txt_20675.zip
002929	天馬	金	史良	新字新仮名	NDC 913	https://www.aozora.gr.jp/cards/000252/files/2929_ruby_37327.zip
002931	シベリヤに近く	里村	欣三	新字新仮名	NDC 913	https://www.aozora.gr.jp/cards/000219/files/2931_ruby_8580.zip
002932	放浪の宿	里村	欣三	新字新仮名	NDC 913	https://www.aozora.gr.jp/cards/000219/files/2932_ruby_37265.zip
002933	十姉妹	山本	勝治	新字新仮名	NDC 913	https://www.aozora.gr.jp/cards/000870/files/2933_ruby_23265.zip
002934	大菩薩峠	中里	介山	新字新仮名	NDC 913	https://www.aozora.gr.jp/cards/000283/files/2934_ruby_5644.zip
002936	労働者の居ない船	葉山	嘉樹	新字新仮名	NDC 913	https://www.aozora.gr.jp/cards/000031/files/2936_ruby_37270.zip
002937	坑夫の子	葉山	嘉樹	新字新仮名	NDC 913	https://www.aozora.gr.jp/cards/000031/files/2937_ruby_37266.zip
002944	戦話	岩野	泡鳴	新字新仮名	NDC 913 914	https://www.aozora.gr.jp/cards/000137/files/2944_ruby_5748.zip
002946	ドレフュー大疑獄とエミール・ゾーラ	幸徳	秋水	新字新仮名	NDC 235 914	https://www.aozora.gr.jp/cards/000261/files/2946_txt_20728.zip
002947	文士としての兆民先生	幸徳	秋水	新字新仮名	NDC 289 910	https://www.aozora.gr.jp/cards/000261/files/2947_ruby_5676.zip
002948	獄中生活	堺	利彦	新字新仮名	NDC 916	https://www.aozora.gr.jp/cards/000164/files/2948_ruby_6093.zip
002950	トコヨゴヨミ	田山	花袋	新字新仮名	NDC 913	https://www.aozora.gr.jp/cards/000214/files/2950_txt_12262.zip
002951	躯	徳田	秋声	新字新仮名	NDC 913	https://www.aozora.gr.jp/cards/000023/files/2951_ruby_5662.zip
002952	太十と其犬	長塚	節	新字新仮名	NDC 913	https://www.aozora.gr.jp/cards/000118/files/2952_ruby_5545.zip
002953	昇降場	広津	柳浪	新字新仮名	NDC 913	https://www.aozora.gr.jp/cards/000295/files/2953_ruby_5754.zip
003029	処女作の思い出	南部	修太郎	旧字旧仮名	NDC 914	https://www.aozora.gr.jp/cards/000048/files/3029_ruby.zip
003031	梨の実	小山内	薫	新字新仮名	NDC K913	https://www.aozora.gr.jp/cards/000479/files/3031_ruby_19530.zip
003032	少年と海	加能	作次郎	新字新仮名	NDC K913	https://www.aozora.gr.jp/cards/000247/files/3032_ruby_19535.zip
003039	天津教古文書の批判	狩野	亨吉	旧字旧仮名	NDC 178	https://www.aozora.gr.jp/cards/000866/files/3039_ruby_19888.zip
003041	八ヶ嶽の魔神	国枝	史郎	新字新仮名	NDC 913	https://www.aozora.gr.jp/cards/000255/files/3041_ruby_32479.zip
003042	神秘昆虫館	国枝	史郎	新字新仮名	NDC 913	https://www.aozora.gr.jp/cards/000255/files/3042_ruby_30591.zip
003043	火を喰つた鴉	逸見	猶吉	新字旧仮名	NDC K913	https://www.aozora.gr.jp/cards/000765/files/3043_ruby_30893.zip
003044	椰子蟹	宮原	晃一郎	新字新仮名	NDC K913	https://www.aozora.gr.jp/cards/000809/files/3044_ruby_22415.zip
003045	金のくびかざり	小野	浩	新字新仮名	NDC K913	https://www.aozora.gr.jp/cards/000871/files/3045_ruby_19534.zip
003046	やんちゃオートバイ	木内	高音	新字新仮名	NDC K913	https://www.aozora.gr.jp/cards/000872/files/3046_ruby_19537.zip
003047	蛙	林	芙美子	新字新仮名	NDC K913	https://www.aozora.gr.jp/cards/000291/files/3047_ruby_19539.zip
003055	逸見猶吉詩集	逸見	猶吉	新字旧仮名	NDC 911	https://www.aozora.gr.jp/cards/000765/files/3055_ruby_8289.zip
003056	アリア人の孤独	松永	延造	新字旧仮名	NDC 913	https://www.aozora.gr.jp/cards/000104/files/3056_ruby_6942.zip
003057	イボタの虫	中戸川	吉二	新字旧仮名	NDC 913	https://www.aozora.gr.jp/cards/000697/files/3057_ruby_7920.zip
003061	名人上手に聴く	野呂	栄太郎	新字新仮名	NDC 309	https://www.aozora.gr.jp/cards/000287/files/3061_ruby_15920.zip
003062	十月革命と婦人の解放	野呂	栄太郎	新字新仮名	NDC 309	https://www.aozora.gr.jp/cards/000287/files/3062_ruby_15923.zip
003063	進むべき道	野呂	栄太郎	新字新仮名	NDC 309	https://www.aozora.gr.jp/cards/000287/files/3063_txt_15921.zip
003064	『日本資本主義発達史講座』趣意書	野呂	栄太郎	新字新仮名	NDC 332	https://www.aozora.gr.jp/cards/000287/files/3064_ruby_14490.zip
003066	大菩薩峠	中里	介山	新字新仮名	NDC 913	https://www.aozora.gr.jp/cards/000283/files/3066_ruby_14246.zip
003198	文学方法論	平林	初之輔	新字旧仮名	NDC 901	https://www.aozora.gr.jp/cards/000221/files/3198_ruby_7759.zip
003203	夏蚕時	金田	千鶴	新字旧仮名	NDC 913	https://www.aozora.gr.jp/cards/000873/files/3203_ruby_34283.zip
003204	霜	金田	千鶴	新字旧仮名	NDC 913	https://www.aozora.gr.jp/cards/000873/files/3204_ruby_34282.zip
003208	きのふけふの草花	南方	熊楠	新字旧仮名	NDC 470 914	https://www.aozora.gr.jp/cards/000093/files/3208_ruby_22709.zip
003209	小川芋銭	山村	暮鳥	新字旧仮名	NDC 914	https://www.aozora.gr.jp/cards/000136/files/3209_ruby_7209.zip
003210	小川芋銭先生と私	野口	雨情	新字旧仮名	NDC 914	https://www.aozora.gr.jp/cards/000286/files/3210_ruby_7207.zip
003211	隣室の客	長塚	節	新字旧仮名	NDC 913	https://www.aozora.gr.jp/cards/000118/files/3211_ruby_8184.zip
003212	浮浪	葛西	善蔵	新字旧仮名	NDC 913	https://www.aozora.gr.jp/cards/000984/files/3212_txt_7922.zip
003213	色ガラスの街	尾形	亀之助	新字旧仮名	NDC 911	https://www.aozora.gr.jp/cards/000874/files/3213_ruby.zip
003216	デカルト哲学について	西田	幾多郎	新字新仮名	NDC 135	https://www.aozora.gr.jp/cards/000182/files/3216_ruby_16385.zip
003217	世界新秩序の原理	西田	幾多郎	旧字旧仮名	NDC 311	https://www.aozora.gr.jp/cards/000182/files/3217_txt_70009.zip
003218	窓	鷹野	つぎ	新字新仮名	NDC 913	https://www.aozora.gr.jp/cards/000116/files/3218_ruby_6319.zip
003219	草藪	鷹野	つぎ	新字新仮名	NDC 913	https://www.aozora.gr.jp/cards/000116/files/3219_ruby.zip
003220	泣虫小僧	林	芙美子	新字新仮名	NDC 913	https://www.aozora.gr.jp/cards/000291/files/3220_ruby_8584.zip
003222	乞はない乞食	添田	唖蝉坊	新字旧仮名	NDC 914	https://www.aozora.gr.jp/cards/000368/files/3222_ruby_3894.zip
003223	貧書生	内田	魯庵	新字旧仮名	NDC 913	https://www.aozora.gr.jp/cards/000165/files/3223_ruby_3884.zip
003224	青眼白頭	斎藤	緑雨	新字旧仮名	NDC 917	https://www.aozora.gr.jp/cards/000565/files/3224_ruby_3890.zip
003225	貧乏一期、二期、三期	直木	三十五	新字旧仮名	NDC 914	https://www.aozora.gr.jp/cards/000216/files/3225_ruby_21356.zip
003226	大菩薩峠	中里	介山	新字新仮名	NDC 913	https://www.aozora.gr.jp/cards/000283/files/3226_ruby_1818.zip
003227	大菩薩峠	中里	介山	新字新仮名	NDC 913	https://www.aozora.gr.jp/cards/000283/files/3227_ruby_1846.zip
003228	大菩薩峠	中里	介山	新字新仮名	NDC 913	https://www.aozora.gr.jp/cards/000283/files/3228_ruby_1849.zip
003240	帰国	田山	花袋	旧字旧仮名	NDC 913	https://www.aozora.gr.jp/cards/000214/files/3240_txt_23634.zip
003241	江戸か東京か	淡島	寒月	新字新仮名	NDC 914	https://www.aozora.gr.jp/cards/000388/files/3241_ruby_8542.zip
003309	艸木虫魚	薄田	泣菫	新字新仮名	NDC 914	https://www.aozora.gr.jp/cards/000150/files/3309_ruby_8192.zip
003310	平凡	二葉亭	四迷	新字新仮名	NDC 913	https://www.aozora.gr.jp/cards/000006/files/3310_ruby_8278.zip
003311	遺言状・遺族善後策	二葉亭	四迷	新字新仮名	NDC 916	https://www.aozora.gr.jp/cards/000006/files/3311_ruby_7023.zip
003328	父	金子	ふみ子	新字新仮名	NDC 914	https://www.aozora.gr.jp/cards/000246/files/3328_ruby_20713.zip
003331	あはれなる廿日鼠	倉田	百三	新字旧仮名	NDC 915	https://www.aozora.gr.jp/cards/000256/files/3331_txt.zip
003332	大菩薩峠	中里	介山	新字新仮名	NDC 913	https://www.aozora.gr.jp/cards/000283/files/3332_ruby_53.zip
003333	大菩薩峠	中里	介山	新字新仮名	NDC 913	https://www.aozora.gr.jp/cards/000283/files/3333_ruby_112.zip
003334	大菩薩峠	中里	介山	新字新仮名	NDC 913	https://www.aozora.gr.jp/cards/000283/files/3334_ruby_115.zip
003335	大菩薩峠	中里	介山	新字新仮名	NDC 913	https://www.aozora.gr.jp/cards/000283/files/3335_ruby_1858.zip
003386	侘助椿	薄田	泣菫	新字旧仮名	NDC 914	https://www.aozora.gr.jp/cards/000150/files/3386_ruby_21027.zip
003387	水仙の幻想	薄田	泣菫	新字旧仮名	NDC 914	https://www.aozora.gr.jp/cards/000150/files/3387_ruby_21019.zip
003388	石竹	薄田	泣菫	新字旧仮名	NDC 914	https://www.aozora.gr.jp/cards/000150/files/3388_ruby_21021.zip
003389	たにしの出世	楠山	正雄	新字新仮名	NDC K913	https://www.aozora.gr.jp/cards/000329/files/3389_ruby_5672.zip
003390	浦島太郎	楠山	正雄	新字新仮名	NDC K913	https://www.aozora.gr.jp/cards/000329/files/3390_ruby_6090.zip
003391	花咲かじじい	楠山	正雄	新字新仮名	NDC K913	https://www.aozora.gr.jp/cards/000329/files/3391_ruby.zip
003396	雨になる朝	尾形	亀之助	新字旧仮名	NDC 911	https://www.aozora.gr.jp/cards/000874/files/3396_txt_8152.zip
003397	障子のある家	尾形	亀之助	新字旧仮名	NDC 911	https://www.aozora.gr.jp/cards/000874/files/3397_txt_29753.zip
003399	私と詩	尾形	亀之助	新字旧仮名	NDC 911	https://www.aozora.gr.jp/cards/000874/files/3399_txt_29755.zip
003400	部屋の中	尾形	亀之助	新字旧仮名	NDC 911	https://www.aozora.gr.jp/cards/000874/files/3400_txt_29754.zip
003401	跡	尾形	亀之助	新字旧仮名	NDC 914	https://www.aozora.gr.jp/cards/000874/files/3401_txt_23784.zip
003402	さびしい人生興奮	尾形	亀之助	新字旧仮名	NDC 914	https://www.aozora.gr.jp/cards/000874/files/3402_txt_23785.zip
003403	身辺雑記	尾形	亀之助	新字旧仮名	NDC 914	https://www.aozora.gr.jp/cards/000874/files/3403_txt_23786.zip
003404	机の前の裸は語る	尾形	亀之助	新字旧仮名	NDC 914	https://www.aozora.gr.jp/cards/000874/files/3404_txt_23788.zip
003405	早春雑記	尾形	亀之助	新字旧仮名	NDC 914	https://www.aozora.gr.jp/cards/000874/files/3405_txt_23787.zip
003406	みごとな女	森本	薫	新字新仮名	NDC 912	https://www.aozora.gr.jp/cards/000827/files/3406_ruby_6233.zip
003410	雪中行	石川	啄木	新字旧仮名	NDC 915	https://www.aozora.gr.jp/cards/000153/files/3410_ruby_20508.zip
003411	華々しき一族	森本	薫	新字新仮名	NDC 912	https://www.aozora.gr.jp/cards/000827/files/3411_ruby_6230.zip
003412	秦始皇帝	桑原	隲蔵	旧字旧仮名	NDC 222	https://www.aozora.gr.jp/cards/000372/files/3412_ruby_5250.zip
003413	橋の下	ブウテ	フレデリック	新字新仮名	NDC 953	https://www.aozora.gr.jp/cards/000881/files/3413_ruby_28547.zip
003414	田舎	プレヴォー	マルセル	新字新仮名	NDC 953	https://www.aozora.gr.jp/cards/000882/files/3414_ruby_28548.zip
003418	襟	ディモフ	オシップ	新字新仮名	NDC 983	https://www.aozora.gr.jp/cards/000884/files/3418_ruby_28552.zip
003419	田舎の新春	横瀬	夜雨	旧字旧仮名	NDC 914	https://www.aozora.gr.jp/cards/000370/files/3419_ruby_11283.zip
003420	春	横瀬	夜雨	旧字旧仮名	NDC 914	https://www.aozora.gr.jp/cards/000370/files/3420_txt_11287.zip
003421	べつ甲蜂	横瀬	夜雨	旧字旧仮名	NDC 914	https://www.aozora.gr.jp/cards/000370/files/3421_ruby_11288.zip
003428	修善寺漱石詩碑碑陰に記せる文	狩野	亨吉	旧字旧仮名	NDC 910	https://www.aozora.gr.jp/cards/000866/files/3428_txt_20677.zip
003503	愚禿親鸞	西田	幾多郎	新字新仮名	NDC 188	https://www.aozora.gr.jp/cards/000182/files/3503_ruby_12195.zip
003505	読書	西田	幾多郎	新字新仮名	NDC 121	https://www.aozora.gr.jp/cards/000182/files/3505_ruby_53028.zip
003506	我が子の死	西田	幾多郎	新字新仮名	NDC 121	https://www.aozora.gr.jp/cards/000182/files/3506_ruby_12196.zip
003507	火の柱	木下	尚江	新字旧仮名	NDC 913	https://www.aozora.gr.jp/cards/000525/files/3507_ruby_11857.zip
003510	医師高間房一氏	田畑	修一郎	新字旧仮名	NDC 913	https://www.aozora.gr.jp/cards/000273/files/3510_ruby_11352.zip
003512	和解	徳田	秋声	新字旧仮名	NDC 913	https://www.aozora.gr.jp/cards/000023/files/3512_ruby_13336.zip
003513	五葉の松	横瀬	夜雨	旧字旧仮名	NDC 914	https://www.aozora.gr.jp/cards/000370/files/3513_ruby_11284.zip
003514	天狗塚	横瀬	夜雨	旧字旧仮名	NDC 210 213	https://www.aozora.gr.jp/cards/000370/files/3514_ruby_11286.zip
003515	女子文壇の人々	横瀬	夜雨	旧字旧仮名	NDC 914	https://www.aozora.gr.jp/cards/000370/files/3515_txt_11285.zip
003536	東漢の班超	桑原	隲蔵	旧字旧仮名	NDC 222	https://www.aozora.gr.jp/cards/000372/files/3536_ruby_5998.zip
003537	支那史上の偉人（孔子と孔明）	桑原	隲蔵	旧字旧仮名	NDC 222	https://www.aozora.gr.jp/cards/000372/files/3537_ruby_5926.zip
003539	木犀の香	薄田	泣菫	新字新仮名	NDC 914	https://www.aozora.gr.jp/cards/000150/files/3539_ruby_21025.zip
003540	しらくちの花	長塚	節	新字旧仮名	NDC 914	https://www.aozora.gr.jp/cards/000118/files/3540_ruby.zip
003552	楢重雑筆	小出	楢重	新字新仮名	NDC 914	https://www.aozora.gr.jp/cards/000259/files/3552_ruby_1895.zip
003553	めでたき風景	小出	楢重	新字新仮名	NDC 914	https://www.aozora.gr.jp/cards/000259/files/3553_ruby_3477.zip
003554	油絵新技法	小出	楢重	新字新仮名	NDC 724	https://www.aozora.gr.jp/cards/000259/files/3554_ruby_5296.zip
003555	大切な雰囲気	小出	楢重	新字新仮名	NDC 723	https://www.aozora.gr.jp/cards/000259/files/3555_ruby_5645.zip
003576	転機	伊藤	野枝	新字新仮名	NDC 913	https://www.aozora.gr.jp/cards/000416/files/3576_txt_7575.zip
003577	ある男の堕落	伊藤	野枝	新字新仮名	NDC 913	https://www.aozora.gr.jp/cards/000416/files/3577_ruby_7573.zip
003585	ああ玉杯に花うけて	佐藤	紅緑	新字新仮名	NDC K913	https://www.aozora.gr.jp/cards/000575/files/3585_ruby_20013.zip
003590	科学論	戸坂	潤	新字新仮名	NDC 401	https://www.aozora.gr.jp/cards/000281/files/3590_ruby_31063.zip
003591	技術の哲学	戸坂	潤	新字新仮名	NDC 401	https://www.aozora.gr.jp/cards/000281/files/3591_ruby_44531.zip
003594	イデオロギーの論理学	戸坂	潤	新字新仮名	NDC 121	https://www.aozora.gr.jp/cards/000281/files/3594_ruby_37567.zip
003595	イデオロギー概論	戸坂	潤	新字新仮名	NDC 121	https://www.aozora.gr.jp/cards/000281/files/3595_ruby_38064.zip
003596	日本イデオロギー論	戸坂	潤	新字新仮名	NDC 121	https://www.aozora.gr.jp/cards/000281/files/3596_ruby_38216.zip
003597	現代哲学講話	戸坂	潤	新字新仮名	NDC 121	https://www.aozora.gr.jp/cards/000281/files/3597_ruby_41279.zip
003598	現代唯物論講話	戸坂	潤	新字新仮名	NDC 111	https://www.aozora.gr.jp/cards/000281/files/3598_ruby_47317.zip
003599	認識論とは何か	戸坂	潤	新字新仮名	NDC 115	https://www.aozora.gr.jp/cards/000281/files/3599_ruby_44988.zip
003600	思想としての文学	戸坂	潤	新字新仮名	NDC 121 910	https://www.aozora.gr.jp/cards/000281/files/3600_ruby_47320.zip
003601	世界の一環としての日本	戸坂	潤	新字新仮名	NDC 304	https://www.aozora.gr.jp/cards/000281/files/3601_ruby_50568.zip
003602	辞典	戸坂	潤	新字新仮名	NDC 121	https://www.aozora.gr.jp/cards/000281/files/3602_ruby_37826.zip
003603	社会時評	戸坂	潤	新字新仮名	NDC 304	https://www.aozora.gr.jp/cards/000281/files/3603_ruby_34729.zip
003607	読書八境	市島	春城	新字旧仮名	NDC 914	https://www.aozora.gr.jp/cards/000412/files/3607_txt_3797.zip
003608	読書弁	正岡	子規	新字旧仮名	NDC 914	https://www.aozora.gr.jp/cards/000305/files/3608_ruby_3794.zip
003609	十歳以前に読んだ本	坪内	逍遥	新字旧仮名	NDC 916	https://www.aozora.gr.jp/cards/000141/files/3609_ruby_3800.zip
003612	言いたい事と言わねばならない事と	桐生	悠々	新字新仮名	NDC 914	https://www.aozora.gr.jp/cards/000535/files/3612_ruby_20810.zip
003616	出奔	伊藤	野枝	新字新仮名	NDC 913	https://www.aozora.gr.jp/cards/000416/files/3616_txt_7589.zip
003617	わがまま	伊藤	野枝	新字新仮名	NDC 913	https://www.aozora.gr.jp/cards/000416/files/3617_txt_7587.zip
003619	希臘及び羅馬と香料	加福	均三	新字旧仮名	NDC 383	https://www.aozora.gr.jp/cards/000891/files/3619_ruby_18897.zip
003620	香ひの狩猟者	北原	白秋	新字旧仮名	NDC 914	https://www.aozora.gr.jp/cards/000106/files/3620_ruby_18901.zip
003621	犬	正岡	子規	新字旧仮名	NDC K914	https://www.aozora.gr.jp/cards/000305/files/3621_txt_22535.zip
003622	犬物語	内田	魯庵	新字旧仮名	NDC 913	https://www.aozora.gr.jp/cards/000165/files/3622_ruby_7637.zip
003646	こがね丸	巌谷	小波	新字旧仮名	NDC K913	https://www.aozora.gr.jp/cards/000981/files/3646_ruby_5721.zip
003665	晋室の南渡と南方の開発	桑原	隲蔵	旧字旧仮名	NDC 222	https://www.aozora.gr.jp/cards/000372/files/3665_ruby_5995.zip
003666	東洋人の発明	桑原	隲蔵	旧字旧仮名	NDC 220 502	https://www.aozora.gr.jp/cards/000372/files/3666_ruby_3471.zip
003667	歴史上より観たる南支那の開発	桑原	隲蔵	旧字旧仮名	NDC 222	https://www.aozora.gr.jp/cards/000372/files/3667_ruby_6212.zip
003668	世界新秩序の原理	西田	幾多郎	新字新仮名	NDC 311	https://www.aozora.gr.jp/cards/000182/files/3668_txt_70011.zip
003681	三角と四角	巌谷	小波	その他	NDC K913	https://www.aozora.gr.jp/cards/000981/files/3681_ruby_20605.zip
003829	地図にない街	橋本	五郎	新字新仮名	NDC 913	https://www.aozora.gr.jp/cards/000900/files/3829_ruby_15600.zip
003830	硯友社の沿革	尾崎	紅葉	新字旧仮名	NDC 916	https://www.aozora.gr.jp/cards/000091/files/3830_ruby_16989.zip
004054	松と藤芸妓の替紋	三遊亭	円朝	新字新仮名	NDC 779 913	https://www.aozora.gr.jp/cards/000989/files/4054_ruby_19619.zip
004055	兵馬倥偬の人	塚原	渋柿園	旧字旧仮名	NDC 914	https://www.aozora.gr.jp/cards/000660/files/4055_ruby_6236.zip
004057	大菩薩峠	中里	介山	新字新仮名	NDC 913	https://www.aozora.gr.jp/cards/000283/files/4057_ruby_4048.zip
004058	大菩薩峠	中里	介山	新字新仮名	NDC 913	https://www.aozora.gr.jp/cards/000283/files/4058_ruby_4051.zip
004059	大菩薩峠	中里	介山	新字新仮名	NDC 913	https://www.aozora.gr.jp/cards/000283/files/4059_ruby_4054.zip
004060	大菩薩峠	中里	介山	新字新仮名	NDC 913	https://www.aozora.gr.jp/cards/000283/files/4060_ruby_4062.zip
004067	贋紙幣事件	甲賀	三郎	新字新仮名	NDC K913	https://www.aozora.gr.jp/cards/000260/files/4067_ruby_16756.zip
004069	計略二重戦	甲賀	三郎	新字新仮名	NDC 913	https://www.aozora.gr.jp/cards/000260/files/4069_ruby_16755.zip
004070	二黒の巳	平出	修	新字旧仮名	NDC 913	https://www.aozora.gr.jp/cards/000080/files/4070_ruby_4215.zip
004071	公判	平出	修	新字旧仮名	NDC 913	https://www.aozora.gr.jp/cards/000080/files/4071_ruby_4212.zip
004072	瘢痕	平出	修	新字旧仮名	NDC 913	https://www.aozora.gr.jp/cards/000080/files/4072_ruby_4213.zip
004073	夜烏	平出	修	新字旧仮名	NDC 913	https://www.aozora.gr.jp/cards/000080/files/4073_ruby_4214.zip
004075	子供に化けた狐	野口	雨情	新字旧仮名	NDC K913	https://www.aozora.gr.jp/cards/000286/files/4075_ruby_13872.zip
004076	石川啄木と小奴	野口	雨情	新字旧仮名	NDC 914	https://www.aozora.gr.jp/cards/000286/files/4076_ruby_13873.zip
004077	仲のわるい姉妹	野口	雨情	新字旧仮名	NDC K913	https://www.aozora.gr.jp/cards/000286/files/4077_ruby_13874.zip
004078	虹の橋	野口	雨情	新字旧仮名	NDC K913	https://www.aozora.gr.jp/cards/000286/files/4078_ruby_13875.zip
004079	大利根八十里を溯る	野口	雨情	新字旧仮名	NDC 911	https://www.aozora.gr.jp/cards/000286/files/4079_ruby_13876.zip
004080	黄金の甕	野口	雨情	新字旧仮名	NDC K913	https://www.aozora.gr.jp/cards/000286/files/4080_ruby_13877.zip
004081	札幌時代の石川啄木	野口	雨情	新字旧仮名	NDC 914	https://www.aozora.gr.jp/cards/000286/files/4081_ruby_13878.zip
004082	つね子さんと兎	野口	雨情	新字旧仮名	NDC K913	https://www.aozora.gr.jp/cards/000286/files/4082_ruby_13879.zip
004083	少女と海鬼灯	野口	雨情	新字旧仮名	NDC K913	https://www.aozora.gr.jp/cards/000286/files/4083_ruby_13880.zip
004084	エミイル・ゾラの文学方法論	平林	初之輔	新字旧仮名	NDC 901	https://www.aozora.gr.jp/cards/000221/files/4084_ruby_7765.zip
004088	青草	十一谷	義三郎	新字新仮名	NDC 913	https://www.aozora.gr.jp/cards/000601/files/4088_ruby_5542.zip
004089	橋	池谷	信三郎	新字新仮名	NDC 913	https://www.aozora.gr.jp/cards/000398/files/4089_ruby_6972.zip
004093	五大堂	田沢	稲舟	新字旧仮名	NDC 913	https://www.aozora.gr.jp/cards/000904/files/4093_ruby_21321.zip
004094	軒もる月	樋口	一葉	新字旧仮名	NDC 913	https://www.aozora.gr.jp/cards/000064/files/4094_ruby_9507.zip
004095	あきあはせ	樋口	一葉	新字旧仮名	NDC 913	https://www.aozora.gr.jp/cards/000064/files/4095_ruby_9505.zip
004096	すゞろごと	樋口	一葉	新字旧仮名	NDC 913	https://www.aozora.gr.jp/cards/000064/files/4096_ruby_9506.zip
004097	雲は天才である	石川	啄木	旧字旧仮名	NDC 913	https://www.aozora.gr.jp/cards/000153/files/4097_ruby_7978.zip
004098	葬列	石川	啄木	旧字旧仮名	NDC 914	https://www.aozora.gr.jp/cards/000153/files/4098_ruby_7998.zip
004099	漂泊	石川	啄木	旧字旧仮名	NDC 913	https://www.aozora.gr.jp/cards/000153/files/4099_ruby_8656.zip
004100	菊池君	石川	啄木	旧字旧仮名	NDC 913	https://www.aozora.gr.jp/cards/000153/files/4100_ruby_8251.zip
004101	病院の窓	石川	啄木	旧字旧仮名	NDC 913	https://www.aozora.gr.jp/cards/000153/files/4101_ruby_8257.zip
004102	二筋の血	石川	啄木	旧字旧仮名	NDC 913	https://www.aozora.gr.jp/cards/000153/files/4102_ruby_8261.zip
004103	天鵞絨	石川	啄木	旧字旧仮名	NDC 913	https://www.aozora.gr.jp/cards/000153/files/4103_ruby_9483.zip
004104	葉書	石川	啄木	旧字旧仮名	NDC 913	https://www.aozora.gr.jp/cards/000153/files/4104_ruby_9487.zip
004106	大阪発見	織田	作之助	新字新仮名	NDC 914	https://www.aozora.gr.jp/cards/000040/files/4106_ruby_7694.zip
004107	成長が生んだ私の恋愛破綻	伊藤	野枝	新字新仮名	NDC 914	https://www.aozora.gr.jp/cards/000416/files/4107_txt_7698.zip
004108	男女関係について	大杉	栄	新字新仮名	NDC 914	https://www.aozora.gr.jp/cards/000169/files/4108_ruby_7688.zip
004144	計画	平出	修	新字旧仮名	NDC 913	https://www.aozora.gr.jp/cards/000080/files/4144_ruby_4216.zip
004145	逆徒	平出	修	新字旧仮名	NDC 913	https://www.aozora.gr.jp/cards/000080/files/4145_ruby_4217.zip
004146	畜生道	平出	修	新字旧仮名	NDC 913	https://www.aozora.gr.jp/cards/000080/files/4146_ruby_4218.zip
004155	人を殺す犬	小林	多喜二	新字新仮名	NDC 913	https://www.aozora.gr.jp/cards/000156/files/4155_ruby_17541.zip
004156	雪の夜	小林	多喜二	新字新仮名	NDC 913	https://www.aozora.gr.jp/cards/000156/files/4156_ruby_17540.zip
004251	犬	アンドレーエフ	レオニード・ニコラーエヴィチ	新字新仮名	NDC 983	https://www.aozora.gr.jp/cards/000907/files/4251_ruby_12064.zip
004254	船中八策	坂本	竜馬	新字旧仮名	NDC 311	https://www.aozora.gr.jp/cards/000908/files/4254_ruby_16726.zip
004261	マリー・ロジェエの怪事件	佐々木	直次郎	新字新仮名	NDC 933	https://www.aozora.gr.jp/cards/000094/files/4261_ruby_54182.zip
004262	散歩	水野	仙子	新字旧仮名	NDC 913	https://www.aozora.gr.jp/cards/000112/files/4262_ruby_15310.zip
004263	脱殻	水野	仙子	新字旧仮名	NDC 913	https://www.aozora.gr.jp/cards/000112/files/4263_ruby_15311.zip
004266	探偵小説の魅力	南部	修太郎	旧字旧仮名	NDC 901 914	https://www.aozora.gr.jp/cards/000048/files/4266_ruby_6361.zip
004269	元時代の蒙古人	桑原	隲蔵	旧字旧仮名	NDC 222	https://www.aozora.gr.jp/cards/000372/files/4269_ruby_6221.zip
004270	支那人の食人肉風習	桑原	隲蔵	旧字旧仮名	NDC 222	https://www.aozora.gr.jp/cards/000372/files/4270_ruby_6209.zip
004271	支那人弁髪の歴史	桑原	隲蔵	旧字旧仮名	NDC 222	https://www.aozora.gr.jp/cards/000372/files/4271_ruby_6215.zip
004272	支那の宦官	桑原	隲蔵	旧字旧仮名	NDC 222	https://www.aozora.gr.jp/cards/000372/files/4272_ruby_6206.zip
004282	可愛いポール	北条	民雄	新字新仮名	NDC K913	https://www.aozora.gr.jp/cards/000997/files/4282_ruby_5494.zip
004283	すみれ	北条	民雄	新字新仮名	NDC K913	https://www.aozora.gr.jp/cards/000997/files/4283_ruby_5495.zip
004284	大震火災記	鈴木	三重吉	新字新仮名	NDC K916	https://www.aozora.gr.jp/cards/000107/files/4284_ruby_5496.zip
004285	冬を迎へようとして	水野	仙子	旧字旧仮名	NDC 915	https://www.aozora.gr.jp/cards/000112/files/4285_ruby_7815.zip
004297	粟田口霑笛竹（澤紫ゆかりの咲分）	条野	採菊	新字新仮名	NDC 779 913 914	https://www.aozora.gr.jp/cards/001551/files/4297_ruby_40460.zip
004298	霧陰伊香保湯煙	三遊亭	円朝	新字新仮名	NDC 779 913	https://www.aozora.gr.jp/cards/000989/files/4298_ruby_35276.zip
004299	小国寡民	河上	肇	新字旧仮名	NDC 914	https://www.aozora.gr.jp/cards/000250/files/4299_ruby_14334.zip
004300	香水紳士	大阪	圭吉	新字新仮名	NDC K913	https://www.aozora.gr.jp/cards/000236/files/4300_ruby_6029.zip
004309	婦人の天職	堺	利彦	新字新仮名	NDC 914	https://www.aozora.gr.jp/cards/000164/files/4309_ruby_5760.zip
004310	赤旗事件の回顧	堺	利彦	新字新仮名	NDC 914	https://www.aozora.gr.jp/cards/000164/files/4310_ruby_5761.zip
004314	東西交通史上より観たる日本の開発	桑原	隲蔵	旧字旧仮名	NDC 222	https://www.aozora.gr.jp/cards/000372/files/4314_ruby_6218.zip
004316	嫂	素木	しづ	新字旧仮名	NDC 913	https://www.aozora.gr.jp/cards/000012/files/4316_ruby_20976.zip
004317	人外魔境	小栗	虫太郎	新字新仮名	NDC 913	https://www.aozora.gr.jp/cards/000125/files/4317_ruby_9651.zip
004319	大菩薩峠	中里	介山	新字新仮名	NDC 913	https://www.aozora.gr.jp/cards/000283/files/4319_ruby_9459.zip
004324	死刑の前	幸徳	秋水	新字新仮名	NDC 309 916	https://www.aozora.gr.jp/cards/000261/files/4324_ruby_13973.zip
004328	クリスマス・カロル	ディケンズ	チャールズ	新字新仮名	NDC 933	https://www.aozora.gr.jp/cards/000914/files/4328_ruby_7734.zip
004329	明治美人伝	長谷川	時雨	新字新仮名	NDC 281	https://www.aozora.gr.jp/cards/000726/files/4329_ruby_28170.zip
004330	明治大正美人追憶	長谷川	時雨	新字新仮名	NDC 281	https://www.aozora.gr.jp/cards/000726/files/4330_ruby_28169.zip
004332	女の一生	森本	薫	新字新仮名	NDC 912	https://www.aozora.gr.jp/cards/000827/files/4332_ruby_20640.zip
004336	盈虚	中島	敦	旧字旧仮名	NDC 913	https://www.aozora.gr.jp/cards/000119/files/4336_ruby_7822.zip
004348	放翁鑑賞	河上	肇	新字旧仮名	NDC 921	https://www.aozora.gr.jp/cards/000250/files/4348_ruby_15490.zip
004349	山雀	薄田	泣菫	新字旧仮名	NDC 914	https://www.aozora.gr.jp/cards/000150/files/4349_ruby_9504.zip
004350	黒猫	薄田	泣菫	新字旧仮名	NDC 914	https://www.aozora.gr.jp/cards/000150/files/4350_ruby_9502.zip
004351	利休と遠州	薄田	泣菫	新字旧仮名	NDC 913	https://www.aozora.gr.jp/cards/000150/files/4351_ruby_9503.zip
004352	小壺狩	薄田	泣菫	新字旧仮名	NDC 913	https://www.aozora.gr.jp/cards/000150/files/4352_ruby_9501.zip
004353	旧聞日本橋	長谷川	時雨	新字新仮名	NDC 914	https://www.aozora.gr.jp/cards/000310/files/4353_ruby_9538.zip
004354	旧聞日本橋	長谷川	時雨	新字新仮名	NDC 914	https://www.aozora.gr.jp/cards/000726/files/4354_ruby_9539.zip
004355	石ころ路	田畑	修一郎	新字新仮名	NDC 913	https://www.aozora.gr.jp/cards/000273/files/4355_ruby_10196.zip
004362	政治的価値と芸術的価値	平林	初之輔	新字旧仮名	NDC 901	https://www.aozora.gr.jp/cards/000221/files/4362_txt_16730.zip
004363	踊る地平線	谷	譲次	新字新仮名	NDC 913 915	https://www.aozora.gr.jp/cards/000272/files/4363_ruby_5763.zip
004364	踊る地平線	谷	譲次	新字新仮名	NDC 913 915	https://www.aozora.gr.jp/cards/000272/files/4364_ruby_5762.zip
004365	踊る地平線	谷	譲次	新字新仮名	NDC 913 915	https://www.aozora.gr.jp/cards/000272/files/4365_ruby_8007.zip
004366	踊る地平線	谷	譲次	新字新仮名	NDC 913 915	https://www.aozora.gr.jp/cards/000272/files/4366_ruby_8009.zip
004367	踊る地平線	谷	譲次	新字新仮名	NDC 913 915	https://www.aozora.gr.jp/cards/000272/files/4367_ruby_8011.zip
004368	踊る地平線	谷	譲次	新字新仮名	NDC 913 915	https://www.aozora.gr.jp/cards/000272/files/4368_ruby_8013.zip
004369	踊る地平線	谷	譲次	新字新仮名	NDC 913 915	https://www.aozora.gr.jp/cards/000272/files/4369_ruby_8015.zip
004370	踊る地平線	谷	譲次	新字新仮名	NDC 913 915	https://www.aozora.gr.jp/cards/000272/files/4370_ruby_8017.zip
004371	踊る地平線	谷	譲次	新字新仮名	NDC 913 915	https://www.aozora.gr.jp/cards/000272/files/4371_ruby_8019.zip
004372	踊る地平線	谷	譲次	新字新仮名	NDC 913 915	https://www.aozora.gr.jp/cards/000272/files/4372_ruby_8021.zip
004373	踊る地平線	谷	譲次	新字新仮名	NDC 913 915	https://www.aozora.gr.jp/cards/000272/files/4373_ruby_8023.zip
004374	踊る地平線	谷	譲次	新字新仮名	NDC 913 915	https://www.aozora.gr.jp/cards/000272/files/4374_ruby_8025.zip
004375	踊る地平線	谷	譲次	新字新仮名	NDC 913 915	https://www.aozora.gr.jp/cards/000272/files/4375_ruby_8027.zip
004376	即興詩人	アンデルセン	ハンス・クリスチャン	旧字旧仮名	NDC 949	https://www.aozora.gr.jp/cards/000019/files/4376_ruby_18828.zip
004377	人生終に奈何	高山	樗牛	旧字旧仮名	NDC 914	https://www.aozora.gr.jp/cards/000271/files/4377_ruby_14458.zip
004378	一葉女史の「たけくらべ」を読みて	高山	樗牛	旧字旧仮名	NDC 914	https://www.aozora.gr.jp/cards/000271/files/4378_ruby_18569.zip
004379	反古しらべ	樋口	一葉	旧字旧仮名	NDC 914	https://www.aozora.gr.jp/cards/000064/files/4379_txt_18328.zip
004380	さをのしづく	樋口	一葉	旧字旧仮名	NDC 913	https://www.aozora.gr.jp/cards/000064/files/4380_txt_7718.zip
004381	清見寺の鐘声	高山	樗牛	旧字旧仮名	NDC 914	https://www.aozora.gr.jp/cards/000271/files/4381_ruby_14043.zip
004386	修道院の秋	南部	修太郎	旧字旧仮名	NDC 913	https://www.aozora.gr.jp/cards/000048/files/4386_ruby.zip
004387	日曜日から日曜日まで	南部	修太郎	旧字旧仮名	NDC 915	https://www.aozora.gr.jp/cards/000048/files/4387_txt_13532.zip
004388	死者の書	折口	信夫	新字旧仮名	NDC 913	https://www.aozora.gr.jp/cards/000933/files/4388_ruby_48056.zip
004396	水害雑録	伊藤	左千夫	旧字旧仮名	NDC 914	https://www.aozora.gr.jp/cards/000058/files/4396_ruby_6262.zip
004397	奈々子	伊藤	左千夫	旧字旧仮名	NDC 913	https://www.aozora.gr.jp/cards/000058/files/4397_ruby_6265.zip
004398	死者の書	折口	信夫	新字新仮名	NDC 913	https://www.aozora.gr.jp/cards/000933/files/4398_ruby_14165.zip
004399	外来語所感	九鬼	周造	新字新仮名	NDC 814 914	https://www.aozora.gr.jp/cards/000065/files/4399_ruby_11272.zip
004400	かれいの贈物	九鬼	周造	新字新仮名	NDC 121 914	https://www.aozora.gr.jp/cards/000065/files/4400_ruby_11276.zip
004401	祇園の枝垂桜	九鬼	周造	新字新仮名	NDC 914	https://www.aozora.gr.jp/cards/000065/files/4401_ruby_11282.zip
004402	偶然の産んだ駄洒落	九鬼	周造	新字新仮名	NDC 121 914	https://www.aozora.gr.jp/cards/000065/files/4402_ruby_11277.zip
004403	小唄のレコード	九鬼	周造	新字新仮名	NDC 768 914	https://www.aozora.gr.jp/cards/000065/files/4403_ruby_11278.zip
004404	伝統と進取	九鬼	周造	新字新仮名	NDC 914	https://www.aozora.gr.jp/cards/000065/files/4404_ruby_11279.zip
004407	世界怪談名作集	アンドレーエフ	レオニード・ニコラーエヴィチ	新字新仮名	NDC 983 908	https://www.aozora.gr.jp/cards/000907/files/4407_ruby_33356.zip
004411	岩波茂雄宛書簡	野呂	栄太郎	新字新仮名	NDC 915	https://www.aozora.gr.jp/cards/000287/files/4411_ruby_18141.zip
004412	岩波茂雄宛書簡	野呂	栄太郎	新字新仮名	NDC 915	https://www.aozora.gr.jp/cards/000287/files/4412_ruby_13619.zip
004413	加藤正宛書簡	野呂	栄太郎	新字新仮名	NDC 915	https://www.aozora.gr.jp/cards/000287/files/4413_ruby_13620.zip
004414	馬地獄	織田	作之助	新字新仮名	NDC 914	https://www.aozora.gr.jp/cards/000040/files/4414_ruby_14335.zip
004429	万葉集を読む	正岡	子規	旧字旧仮名	NDC 911	https://www.aozora.gr.jp/cards/000305/files/4429_ruby_18491.zip
004430	万葉集巻十六	正岡	子規	旧字旧仮名	NDC 911	https://www.aozora.gr.jp/cards/000305/files/4430_ruby_18492.zip
004431	水野仙子さんの思ひ出	今井	邦子	旧字旧仮名	NDC 910	https://www.aozora.gr.jp/cards/000234/files/4431_ruby_11012.zip
004444	能楽論	野口	米次郎	新字旧仮名	NDC 773	https://www.aozora.gr.jp/cards/000939/files/4444_ruby_7692.zip
004445	よくぞ能の家に	観世	左近　二十四世	新字旧仮名	NDC 773	https://www.aozora.gr.jp/cards/000938/files/4445_txt_7690.zip
004446	石	尾崎	放哉	新字旧仮名	NDC 914	https://www.aozora.gr.jp/cards/000195/files/4446_txt_7696.zip
004447	石を積む	別所	梅之助	新字旧仮名	NDC 914	https://www.aozora.gr.jp/cards/000940/files/4447_ruby_7686.zip
004449	平野義太郎宛書簡	野呂	栄太郎	新字新仮名	NDC 915	https://www.aozora.gr.jp/cards/000287/files/4449_ruby_13731.zip
004450	平野義太郎宛書簡	野呂	栄太郎	新字新仮名	NDC 915	https://www.aozora.gr.jp/cards/000287/files/4450_ruby_13732.zip
004451	平野義太郎宛書簡	野呂	栄太郎	新字新仮名	NDC 915	https://www.aozora.gr.jp/cards/000287/files/4451_txt_13736.zip
004452	平野義太郎宛書簡	野呂	栄太郎	新字新仮名	NDC 915	https://www.aozora.gr.jp/cards/000287/files/4452_ruby_13735.zip
004453	平野義太郎宛書簡	野呂	栄太郎	新字新仮名	NDC 915	https://www.aozora.gr.jp/cards/000287/files/4453_ruby_13734.zip
004454	平野義太郎宛書簡	野呂	栄太郎	新字新仮名	NDC 915	https://www.aozora.gr.jp/cards/000287/files/4454_ruby_13737.zip
004455	平野義太郎宛書簡	野呂	栄太郎	新字新仮名	NDC 915	https://www.aozora.gr.jp/cards/000287/files/4455_txt_13733.zip
004456	平野義太郎宛書簡	野呂	栄太郎	新字新仮名	NDC 915	https://www.aozora.gr.jp/cards/000287/files/4456_ruby_13738.zip
004458	きもの	長谷川	時雨	新字旧仮名	NDC 914	https://www.aozora.gr.jp/cards/000726/files/4458_ruby_12225.zip
004460	諸家の芸術価値理論の批判	平林	初之輔	新字旧仮名	NDC 901	https://www.aozora.gr.jp/cards/000221/files/4460_txt_11955.zip
004470	遠野へ	水野	葉舟	新字新仮名	NDC 913	https://www.aozora.gr.jp/cards/000941/files/4470_ruby_14515.zip
004471	月見草	水野	葉舟	新字新仮名	NDC 913	https://www.aozora.gr.jp/cards/000941/files/4471_ruby_14516.zip
004472	旅からのはがき	水野	葉舟	新字新仮名	NDC 915	https://www.aozora.gr.jp/cards/000941/files/4472_ruby_14517.zip
004473	土淵村にての日記	水野	葉舟	新字新仮名	NDC 915	https://www.aozora.gr.jp/cards/000941/files/4473_ruby_14518.zip
004488	梅若七兵衛	三遊亭	円朝	新字新仮名	NDC 779 913	https://www.aozora.gr.jp/cards/000989/files/4488_ruby_13758.zip
004489	松の操美人の生埋	三遊亭	円朝	新字新仮名	NDC 779 913	https://www.aozora.gr.jp/cards/000989/files/4489_ruby_42584.zip
004491	北国の人	水野	葉舟	新字新仮名	NDC 913	https://www.aozora.gr.jp/cards/000941/files/4491_ruby_14519.zip
004492	香油	水野	葉舟	新字新仮名	NDC 913	https://www.aozora.gr.jp/cards/000941/files/4492_ruby_14520.zip
004493	帰途	水野	葉舟	新字新仮名	NDC 913	https://www.aozora.gr.jp/cards/000941/files/4493_ruby_14521.zip
004494	黄昏	水野	葉舟	新字新仮名	NDC 913	https://www.aozora.gr.jp/cards/000941/files/4494_ruby_14522.zip
004495	栗毛虫	長塚	節	旧字旧仮名	NDC 914	https://www.aozora.gr.jp/cards/000118/files/4495_txt_15445.zip
004496	月見の夕	長塚	節	旧字旧仮名	NDC 914	https://www.aozora.gr.jp/cards/000118/files/4496_ruby_14837.zip
004497	土浦の川口	長塚	節	旧字旧仮名	NDC 915	https://www.aozora.gr.jp/cards/000118/files/4497_ruby_14840.zip
004498	利根川の一夜	長塚	節	旧字旧仮名	NDC 914	https://www.aozora.gr.jp/cards/000118/files/4498_ruby_14841.zip
004499	才丸行き	長塚	節	旧字旧仮名	NDC 914	https://www.aozora.gr.jp/cards/000118/files/4499_ruby_14838.zip
004515	痍のあと	長塚	節	旧字旧仮名	NDC 914	https://www.aozora.gr.jp/cards/000118/files/4515_ruby_15447.zip
004516	浜の冬	長塚	節	旧字旧仮名	NDC 914	https://www.aozora.gr.jp/cards/000118/files/4516_ruby_15119.zip
004517	鉛筆日抄	長塚	節	旧字旧仮名	NDC 915	https://www.aozora.gr.jp/cards/000118/files/4517_ruby_11634.zip
004527	闇桜	樋口	一葉	新字旧仮名	NDC 913	https://www.aozora.gr.jp/cards/000064/files/4527_ruby_27466.zip
004528	雪の日	樋口	一葉	新字旧仮名	NDC 913	https://www.aozora.gr.jp/cards/000064/files/4528_ruby_27467.zip
004529	琴の音	樋口	一葉	新字旧仮名	NDC 913	https://www.aozora.gr.jp/cards/000064/files/4529_ruby_27465.zip
004530	旧聞日本橋	長谷川	時雨	新字新仮名	NDC 914	https://www.aozora.gr.jp/cards/000726/files/4530_ruby_9550.zip
004531	旧聞日本橋	長谷川	時雨	新字新仮名	NDC 914	https://www.aozora.gr.jp/cards/000726/files/4531_ruby_9562.zip
004532	旧聞日本橋	長谷川	時雨	新字新仮名	NDC 914	https://www.aozora.gr.jp/cards/000726/files/4532_ruby_8540.zip
004533	旧聞日本橋	長谷川	時雨	新字新仮名	NDC 914	https://www.aozora.gr.jp/cards/000726/files/4533_ruby_8539.zip
004534	旧聞日本橋	長谷川	時雨	新字新仮名	NDC 914	https://www.aozora.gr.jp/cards/000726/files/4534_ruby_8541.zip
004535	旧聞日本橋	長谷川	時雨	新字新仮名	NDC 914	https://www.aozora.gr.jp/cards/000726/files/4535_ruby_8554.zip
004536	旧聞日本橋	長谷川	時雨	新字新仮名	NDC 914	https://www.aozora.gr.jp/cards/000726/files/4536_ruby_8558.zip
004537	旧聞日本橋	長谷川	時雨	新字新仮名	NDC 914	https://www.aozora.gr.jp/cards/000726/files/4537_ruby_8560.zip
004598	朝	田山	花袋	新字旧仮名	NDC 913	https://www.aozora.gr.jp/cards/000214/files/4598_ruby_15826.zip
004599	晩菊	林	芙美子	新字旧仮名	NDC 913	https://www.aozora.gr.jp/cards/000291/files/4599_ruby_16973.zip
004603	美的生活を論ず	高山	樗牛	旧字旧仮名	NDC 701	https://www.aozora.gr.jp/cards/000271/files/4603_ruby_7317.zip
004618	神曲	ダンテ	アリギエリ	旧字旧仮名	NDC 971	https://www.aozora.gr.jp/cards/000961/files/4618_ruby_13198.zip
004621	関東防空大演習を嗤う	桐生	悠々	新字新仮名	NDC 914	https://www.aozora.gr.jp/cards/000535/files/4621_ruby_15601.zip
004622	正義の国と人生	桐生	悠々	新字新仮名	NDC 914	https://www.aozora.gr.jp/cards/000535/files/4622_txt_15602.zip
004624	天竜川	小島	烏水	新字旧仮名	NDC 291 915	https://www.aozora.gr.jp/cards/000027/files/4624_ruby_10235.zip
004626	かけはしの記	正岡	子規	新字旧仮名	NDC 915	https://www.aozora.gr.jp/cards/000305/files/4626_ruby_10312.zip
004627	旅日記	二葉亭	四迷	新字旧仮名	NDC 915	https://www.aozora.gr.jp/cards/000006/files/4627_ruby_17006.zip
004629	霧ヶ峰から鷲ヶ峰へ	徳田	秋声	新字旧仮名	NDC 915	https://www.aozora.gr.jp/cards/000023/files/4629_ruby_14588.zip
004631	白帝城	北原	白秋	新字旧仮名	NDC 914 915	https://www.aozora.gr.jp/cards/000106/files/4631_ruby_15114.zip
004632	霧の旅	吉江	喬松	旧字旧仮名	NDC 915	https://www.aozora.gr.jp/cards/000220/files/4632_ruby_16127.zip
004634	北信早春譜	野上	豊一郎	旧字旧仮名	NDC 915	https://www.aozora.gr.jp/cards/000963/files/4634_ruby_12237.zip
004639	日本ライン	北原	白秋	新字旧仮名	NDC 914 915	https://www.aozora.gr.jp/cards/000106/files/4639_ruby_15116.zip
004640	伊良湖の旅	吉江	喬松	新字旧仮名	NDC 915	https://www.aozora.gr.jp/cards/000220/files/4640_ruby_16066.zip
004644	放翁鑑賞	河上	肇	新字旧仮名	NDC 921	https://www.aozora.gr.jp/cards/000250/files/4644_ruby_15596.zip
004645	鳥羽家の子供	田畑	修一郎	新字旧仮名	NDC 913	https://www.aozora.gr.jp/cards/000273/files/4645_ruby_19027.zip
004646	高尾紀行	正岡	子規	旧字旧仮名	NDC 915	https://www.aozora.gr.jp/cards/000305/files/4646_txt_9553.zip
004647	大島行	林	芙美子	旧字旧仮名	NDC 915	https://www.aozora.gr.jp/cards/000291/files/4647_ruby_15319.zip
004650	文学的自叙伝	牧野	信一	旧字旧仮名	NDC 914	https://www.aozora.gr.jp/cards/000183/files/4650_ruby_7606.zip
004651	日光	田山	花袋	旧字旧仮名	NDC 915	https://www.aozora.gr.jp/cards/000214/files/4651_ruby_15316.zip
004656	鎌倉一見の記	正岡	子規	旧字旧仮名	NDC 915	https://www.aozora.gr.jp/cards/000305/files/4656_ruby_10313.zip
004659	塩原日記	岩野	泡鳴	旧字旧仮名	NDC 915	https://www.aozora.gr.jp/cards/000137/files/4659_ruby_15312.zip
004660	山を想ふ	水上	滝太郎	旧字旧仮名	NDC 291 914 915	https://www.aozora.gr.jp/cards/000800/files/4660_ruby_12239.zip
004661	滑川畔にて	嘉村	礒多	旧字旧仮名	NDC 913	https://www.aozora.gr.jp/cards/000249/files/4661_ruby_15313.zip
004662	箱根の山々	近松	秋江	旧字旧仮名	NDC 915	https://www.aozora.gr.jp/cards/000275/files/4662_ruby_15317.zip
004663	海郷風物記	木下	杢太郎	旧字旧仮名	NDC 914 915	https://www.aozora.gr.jp/cards/000120/files/4663_ruby_15314.zip
004664	湖水めぐり	野上	豊一郎	旧字旧仮名	NDC 915	https://www.aozora.gr.jp/cards/000963/files/4664_ruby_12235.zip
004665	道学先生の旅	戸川	秋骨	旧字旧仮名	NDC 915	https://www.aozora.gr.jp/cards/000669/files/4665_txt_15318.zip
004673	ガリバー旅行記	スウィフト	ジョナサン	新字新仮名	NDC K933	https://www.aozora.gr.jp/cards/000912/files/4673_ruby_7882.zip
004680	夏の花	原	民喜	新字新仮名	NDC 913	https://www.aozora.gr.jp/cards/000293/files/4680_ruby_18429.zip
004690	書簡	原	民喜	新字旧仮名	NDC 915	https://www.aozora.gr.jp/cards/000293/files/4690_ruby_8274.zip
004691	三田社会科学研究会	野呂	栄太郎	新字新仮名	NDC 309	https://www.aozora.gr.jp/cards/000287/files/4691_ruby_14491.zip
004692	三田社会科学研究会報告	野呂	栄太郎	新字新仮名	NDC 309	https://www.aozora.gr.jp/cards/000287/files/4692_ruby_15922.zip
004693	チャアリイは何処にいる	牧	逸馬	新字新仮名	NDC 913	https://www.aozora.gr.jp/cards/000304/files/4693_ruby_23714.zip
004702	京阪聞見録	木下	杢太郎	旧字旧仮名	NDC 915	https://www.aozora.gr.jp/cards/000120/files/4702_ruby_19305.zip
004703	山陰の風景	木下	利玄	旧字旧仮名	NDC 915	https://www.aozora.gr.jp/cards/000526/files/4703_ruby_19306.zip
004705	尹主事	金	史良	旧字新仮名	NDC 913	https://www.aozora.gr.jp/cards/000252/files/4705_ruby_25016.zip
004706	蒲寿庚の事蹟	桑原	隲蔵	旧字旧仮名	NDC 222	https://www.aozora.gr.jp/cards/000372/files/4706_ruby_13572.zip
004707	大秦景教流行中国碑に就いて	桑原	隲蔵	旧字旧仮名	NDC 192 222	https://www.aozora.gr.jp/cards/000372/files/4707_ruby_9654.zip
004708	東洋史上より観たる明治時代の発展	桑原	隲蔵	旧字旧仮名	NDC 220	https://www.aozora.gr.jp/cards/000372/files/4708_ruby_7740.zip
004712	重右衛門の最後	田山	花袋	新字旧仮名	NDC 913	https://www.aozora.gr.jp/cards/000214/files/4712_ruby_13745.zip
004713	別れたる妻に送る手紙	近松	秋江	新字新仮名	NDC 913	https://www.aozora.gr.jp/cards/000275/files/4713_ruby_16267.zip
004715	湖光島影	近松	秋江	旧字旧仮名	NDC 915	https://www.aozora.gr.jp/cards/000275/files/4715_ruby_19304.zip
004728	白い壁	本庄	陸男	新字新仮名	NDC 913	https://www.aozora.gr.jp/cards/000303/files/4728_ruby_10195.zip
004729	『尚書』の高等批評	白鳥	庫吉	新字新仮名	NDC 123	https://www.aozora.gr.jp/cards/000603/files/4729_ruby_17002.zip
004730	省察	デカルト	ルネ	旧字旧仮名	NDC 135	https://www.aozora.gr.jp/cards/001029/files/4730_txt_58052.zip
004731	酔ひたる商人	水野	仙子	旧字旧仮名	NDC 913	https://www.aozora.gr.jp/cards/000112/files/4731_ruby_8294.zip
004732	夜の浪	水野	仙子	旧字旧仮名	NDC 913	https://www.aozora.gr.jp/cards/000112/files/4732_txt_8060.zip
004733	犬の威厳	水野	仙子	旧字旧仮名	NDC 913	https://www.aozora.gr.jp/cards/000112/files/4733_txt_8059.zip
004736	浅間山麓	若杉	鳥子	新字新仮名	NDC 914	https://www.aozora.gr.jp/cards/000331/files/4736_ruby_9556.zip
004737	独り旅	若杉	鳥子	新字新仮名	NDC 914	https://www.aozora.gr.jp/cards/000331/files/4737_ruby_9558.zip
004738	旧師の家	若杉	鳥子	新字新仮名	NDC 914	https://www.aozora.gr.jp/cards/000331/files/4738_ruby_9557.zip
004744	関牧塲創業記事	関	寛	新字新仮名	NDC 642	https://www.aozora.gr.jp/cards/001026/files/4744_ruby_17979.zip
004747	廃墟から	原	民喜	新字旧仮名	NDC 913	https://www.aozora.gr.jp/cards/000293/files/4747_txt_6693.zip
004748	壊滅の序曲	原	民喜	新字旧仮名	NDC 913	https://www.aozora.gr.jp/cards/000293/files/4748_ruby_6652.zip
004749	小さな村	原	民喜	新字旧仮名	NDC 913	https://www.aozora.gr.jp/cards/000293/files/4749_ruby_6699.zip
004750	氷花	原	民喜	新字旧仮名	NDC 913	https://www.aozora.gr.jp/cards/000293/files/4750_txt_6702.zip
004762	或売笑婦の話	徳田	秋声	新字旧仮名	NDC 913	https://www.aozora.gr.jp/cards/000023/files/4762_ruby_21354.zip
004763	花が咲く	徳田	秋声	新字旧仮名	NDC 913	https://www.aozora.gr.jp/cards/000023/files/4763_ruby_26651.zip
004764	風呂桶	徳田	秋声	新字旧仮名	NDC 913	https://www.aozora.gr.jp/cards/000023/files/4764_ruby_26652.zip
004765	町の踊り場	徳田	秋声	新字旧仮名	NDC 913	https://www.aozora.gr.jp/cards/000023/files/4765_ruby_26653.zip
004766	チビの魂	徳田	秋声	新字旧仮名	NDC 913	https://www.aozora.gr.jp/cards/000023/files/4766_ruby_26649.zip
004767	のらもの	徳田	秋声	新字旧仮名	NDC 913	https://www.aozora.gr.jp/cards/000023/files/4767_ruby_26650.zip
004790	十二支考	南方	熊楠	新字新仮名	NDC 388	https://www.aozora.gr.jp/cards/000093/files/4790_ruby_35598.zip
004793	マダム貞奴	長谷川	時雨	新字新仮名	NDC 281 772	https://www.aozora.gr.jp/cards/000726/files/4793_ruby_19507.zip
004797	人形の家	イプセン	ヘンリック	旧字旧仮名	NDC 949	https://www.aozora.gr.jp/cards/001028/files/4797_ruby_31735.zip
004798	曠野	堀	辰雄	新字新仮名	NDC 913	https://www.aozora.gr.jp/cards/001030/files/4798_ruby_14146.zip
004799	晩夏	堀	辰雄	新字新仮名	NDC 913	https://www.aozora.gr.jp/cards/001030/files/4799_ruby_14419.zip
004800	ほととぎす	堀	辰雄	新字新仮名	NDC 913	https://www.aozora.gr.jp/cards/001030/files/4800_ruby_14470.zip
004801	かげろうの日記	堀	辰雄	新字新仮名	NDC 913	https://www.aozora.gr.jp/cards/001030/files/4801_ruby_14468.zip
004802	聖家族	堀	辰雄	新字新仮名	NDC 913	https://www.aozora.gr.jp/cards/001030/files/4802_ruby_14469.zip
004803	風立ちぬ	堀	辰雄	新字新仮名	NDC 913	https://www.aozora.gr.jp/cards/001030/files/4803_ruby_14149.zip
004804	姨捨	堀	辰雄	新字新仮名	NDC 913	https://www.aozora.gr.jp/cards/001030/files/4804_ruby_14148.zip
004805	菜穂子	堀	辰雄	新字新仮名	NDC 913	https://www.aozora.gr.jp/cards/001030/files/4805_ruby_14296.zip
004806	大和路・信濃路	堀	辰雄	新字新仮名	NDC 915	https://www.aozora.gr.jp/cards/001030/files/4806_ruby_14471.zip
004807	雪の上の足跡	堀	辰雄	新字新仮名	NDC 913	https://www.aozora.gr.jp/cards/001030/files/4807_ruby_14155.zip
004808	三つの挿話	堀	辰雄	新字新仮名	NDC 913	https://www.aozora.gr.jp/cards/001030/files/4808_ruby_14387.zip
004809	花を持てる女	堀	辰雄	新字新仮名	NDC 913	https://www.aozora.gr.jp/cards/001030/files/4809_ruby_14365.zip
004810	朴の咲く頃	堀	辰雄	新字新仮名	NDC 913	https://www.aozora.gr.jp/cards/001030/files/4810_ruby_14389.zip
004811	恢復期	堀	辰雄	新字新仮名	NDC 913	https://www.aozora.gr.jp/cards/001030/files/4811_ruby_14377.zip
004812	美しい村	堀	辰雄	新字新仮名	NDC 913	https://www.aozora.gr.jp/cards/001030/files/4812_ruby_14825.zip
004813	麦藁帽子	堀	辰雄	新字新仮名	NDC 913	https://www.aozora.gr.jp/cards/001030/files/4813_ruby_14369.zip
004814	燃ゆる頬	堀	辰雄	新字新仮名	NDC 913	https://www.aozora.gr.jp/cards/001030/files/4814_ruby_14373.zip
004820	神曲	ダンテ	アリギエリ	旧字旧仮名	NDC 971	https://www.aozora.gr.jp/cards/000961/files/4820_ruby_20538.zip
004823	小桜姫物語	浅野	和三郎	新字新仮名	NDC 147	https://www.aozora.gr.jp/cards/001034/files/4823_ruby_48360.zip
004826	霊訓	浅野	和三郎	新字新仮名	NDC 147	https://www.aozora.gr.jp/cards/001035/files/4826_ruby_30422.zip
004829	鳴雪自叙伝	内藤	鳴雪	新字新仮名	NDC 911	https://www.aozora.gr.jp/cards/000684/files/4829_ruby_34858.zip
004839	桜さく島	竹久	夢二	新字旧仮名	NDC 911	https://www.aozora.gr.jp/cards/000212/files/4839_ruby_19248.zip
004840	桜さく島	竹久	夢二	新字旧仮名	NDC 911	https://www.aozora.gr.jp/cards/000212/files/4840_ruby_19249.zip
004841	後光殺人事件	小栗	虫太郎	新字新仮名	NDC 913	https://www.aozora.gr.jp/cards/000125/files/4841_ruby_16998.zip
004850	邪宗門	北原	白秋	新字旧仮名	NDC 911	https://www.aozora.gr.jp/cards/000106/files/4850_ruby_13896.zip
004852	失念術講義	井上	円了	旧字旧仮名	NDC 141	https://www.aozora.gr.jp/cards/001021/files/4852_ruby_47458.zip
004859	気質と文章	南部	修太郎	旧字旧仮名	NDC 901	https://www.aozora.gr.jp/cards/000048/files/4859_ruby_7660.zip
004867	字で書いた漫画	谷	譲次	新字新仮名	NDC 914	https://www.aozora.gr.jp/cards/000272/files/4867_ruby_29011.zip
004868	認識論	三木	清	旧字旧仮名	NDC 121	https://www.aozora.gr.jp/cards/000218/files/4868_txt_26088.zip
004873	虚弱	三島	霜川	旧字旧仮名	NDC 913	https://www.aozora.gr.jp/cards/000022/files/4873_ruby_13475.zip
004874	昔の女	三島	霜川	旧字旧仮名	NDC 913	https://www.aozora.gr.jp/cards/000022/files/4874_ruby_13476.zip
004878	瓢作り	杉田	久女	新字旧仮名	NDC 914	https://www.aozora.gr.jp/cards/000606/files/4878_ruby_11002.zip
004879	夾竹桃の家の女	中島	敦	新字旧仮名	NDC 914	https://www.aozora.gr.jp/cards/000119/files/4879_ruby_11348.zip
004885	「別居」について	伊藤	野枝	新字新仮名	NDC 914	https://www.aozora.gr.jp/cards/000416/files/4885_txt_9738.zip
004886	母への追慕	上村	松園	新字新仮名	NDC 721	https://www.aozora.gr.jp/cards/000355/files/4886_txt_9739.zip
004889	直訴状	田中	正造	新字旧仮名	NDC 519 561	https://www.aozora.gr.jp/cards/000649/files/4889_txt_9291.zip
004890	非常歎願書	田中	正造	新字旧仮名	NDC 334	https://www.aozora.gr.jp/cards/000649/files/4890_txt_9293.zip
004891	土地兼併の罪悪	田中	正造	旧字旧仮名	NDC 517	https://www.aozora.gr.jp/cards/000649/files/4891_txt_9248.zip
004892	亡国に至るを知らざれば之即ち亡国の儀に付質問	田中	正造	旧字旧仮名	NDC 519 561	https://www.aozora.gr.jp/cards/000649/files/4892_txt_9245.zip
004907	明治十年前後	淡島	寒月	新字新仮名	NDC 914	https://www.aozora.gr.jp/cards/000388/files/4907_ruby_8533.zip
004908	銀座は昔からハイカラな所	淡島	寒月	新字新仮名	NDC 914	https://www.aozora.gr.jp/cards/000388/files/4908_ruby_8545.zip
004909	寺内の奇人団	淡島	寒月	新字新仮名	NDC 914	https://www.aozora.gr.jp/cards/000388/files/4909_ruby_8537.zip
004910	身毒丸	折口	信夫	新字旧仮名	NDC 913	https://www.aozora.gr.jp/cards/000933/files/4910_ruby_14172.zip
004920	科学の不思議	伊藤	野枝	新字旧仮名	NDC K404	https://www.aozora.gr.jp/cards/001049/files/4920_ruby_39154.zip
004944	亡び行く江戸趣味	淡島	寒月	新字新仮名	NDC 914	https://www.aozora.gr.jp/cards/000388/files/4944_ruby_8547.zip
004945	江戸の玩具	淡島	寒月	新字旧仮名	NDC 914	https://www.aozora.gr.jp/cards/000388/files/4945_ruby_8543.zip
004952	土俗玩具の話	淡島	寒月	新字新仮名	NDC 914	https://www.aozora.gr.jp/cards/000388/files/4952_ruby_8546.zip
004953	活動写真	淡島	寒月	新字新仮名	NDC 778 914	https://www.aozora.gr.jp/cards/000388/files/4953_ruby_8544.zip
004954	梵雲庵漫録	淡島	寒月	新字新仮名	NDC 914	https://www.aozora.gr.jp/cards/000388/files/4954_ruby_8538.zip
004955	諸国の玩具	淡島	寒月	新字新仮名	NDC 759 914	https://www.aozora.gr.jp/cards/000388/files/4955_ruby_8536.zip
004956	我が宗教観	淡島	寒月	新字新仮名	NDC 161	https://www.aozora.gr.jp/cards/000388/files/4956_ruby_8532.zip
004957	凧の話	淡島	寒月	新字新仮名	NDC 914	https://www.aozora.gr.jp/cards/000388/files/4957_ruby_8534.zip
004958	公益に有害の鉱業を停止せざるの儀に付質問書	田中	正造	旧字旧仮名	NDC 519 561	https://www.aozora.gr.jp/cards/000649/files/4958_txt_9246.zip
004959	月夜のあとさき	津村	信夫	新字新仮名	NDC 914	https://www.aozora.gr.jp/cards/000278/files/4959_ruby_9740.zip
004962	獄中消息	大杉	栄	新字新仮名	NDC 915	https://www.aozora.gr.jp/cards/000169/files/4962_ruby_10881.zip
004963	原爆詩集	峠	三吉	新字新仮名	NDC 911	https://www.aozora.gr.jp/cards/001053/files/4963_ruby_16044.zip
004964	入梅	久坂	葉子	新字新仮名	NDC 913	https://www.aozora.gr.jp/cards/001052/files/4964_ruby_18636.zip
004967	落ちてゆく世界	久坂	葉子	新字新仮名	NDC 913	https://www.aozora.gr.jp/cards/001052/files/4967_ruby_18634.zip
004968	灰色の記憶	久坂	葉子	新字新仮名	NDC 913	https://www.aozora.gr.jp/cards/001052/files/4968_ruby_18637.zip
004969	華々しき瞬間	久坂	葉子	新字新仮名	NDC 913	https://www.aozora.gr.jp/cards/001052/files/4969_ruby_18638.zip
004970	幾度目かの最期	久坂	葉子	新字新仮名	NDC 913	https://www.aozora.gr.jp/cards/001052/files/4970_ruby_18633.zip
004971	旧聞日本橋	長谷川	時雨	新字新仮名	NDC 914	https://www.aozora.gr.jp/cards/000726/files/4971_ruby_8753.zip
004972	旧聞日本橋	長谷川	時雨	新字新仮名	NDC 914	https://www.aozora.gr.jp/cards/000726/files/4972_ruby_8757.zip
004973	旧聞日本橋	長谷川	時雨	新字新仮名	NDC 914	https://www.aozora.gr.jp/cards/000726/files/4973_ruby_9213.zip
004985	南予枇杷行	河東	碧梧桐	新字旧仮名	NDC 915	https://www.aozora.gr.jp/cards/000510/files/4985_ruby_16965.zip
004986	水郷柳河	北原	白秋	新字旧仮名	NDC 914 915	https://www.aozora.gr.jp/cards/000106/files/4986_ruby_15801.zip
004987	耶馬渓の一夜	田山	花袋	新字旧仮名	NDC 915	https://www.aozora.gr.jp/cards/000214/files/4987_ruby_16966.zip
004989	屋久島紀行	林	芙美子	旧字旧仮名	NDC 915	https://www.aozora.gr.jp/cards/000291/files/4989_ruby_24106.zip
004990	沖縄の旅	浜田	青陵	旧字旧仮名	NDC 291 915	https://www.aozora.gr.jp/cards/001054/files/4990_ruby_20644.zip
004992	松浦あがた	蒲原	有明	新字旧仮名	NDC 915	https://www.aozora.gr.jp/cards/001055/files/4992_ruby_17194.zip
004995	東山時代における一縉紳の生活	原	勝郎	新字新仮名	NDC 210	https://www.aozora.gr.jp/cards/001037/files/4995_ruby_17349.zip
005001	曼珠沙華	斎藤	茂吉	新字新仮名	NDC 914	https://www.aozora.gr.jp/cards/001059/files/5001_ruby_14144.zip
005002	蚤	斎藤	茂吉	新字新仮名	NDC 914	https://www.aozora.gr.jp/cards/001059/files/5002_ruby_14141.zip
005003	支流	斎藤	茂吉	新字旧仮名	NDC 914	https://www.aozora.gr.jp/cards/001059/files/5003_ruby_14139.zip
005004	双葉山	斎藤	茂吉	新字旧仮名	NDC 914	https://www.aozora.gr.jp/cards/001059/files/5004_ruby_14143.zip
005006	木乃伊の口紅	田村	俊子	旧字旧仮名	NDC 913	https://www.aozora.gr.jp/cards/000655/files/5006_ruby_23904.zip
005007	唯物史観と現代の意識	三木	清	旧字旧仮名	NDC 121	https://www.aozora.gr.jp/cards/000218/files/5007_txt_47368.zip
005008	死の接吻	南部	修太郎	旧字旧仮名	NDC 913	https://www.aozora.gr.jp/cards/000048/files/5008_ruby_13477.zip
005009	山の湯雑記	折口	信夫	新字新仮名	NDC 914	https://www.aozora.gr.jp/cards/000933/files/5009_ruby_14188.zip
005010	筬の音	折口	信夫	新字旧仮名	NDC 914	https://www.aozora.gr.jp/cards/000933/files/5010_ruby_14174.zip
005011	鬼を追い払う夜	折口	信夫	新字新仮名	NDC 386	https://www.aozora.gr.jp/cards/000933/files/5011_ruby_14158.zip
005012	日本美	折口	信夫	新字旧仮名	NDC 701	https://www.aozora.gr.jp/cards/000933/files/5012_ruby_14176.zip
005013	門松のはなし	折口	信夫	新字旧仮名	NDC 386	https://www.aozora.gr.jp/cards/000933/files/5013_ruby_14160.zip
005016	源氏物語	紫式部		新字新仮名	NDC 913	https://www.aozora.gr.jp/cards/000052/files/5016_ruby_9746.zip
005017	源氏物語	紫式部		新字新仮名	NDC 913	https://www.aozora.gr.jp/cards/000052/files/5017_ruby_9752.zip
005018	源氏物語	紫式部		新字新仮名	NDC 913	https://www.aozora.gr.jp/cards/000052/files/5018_ruby_9754.zip
005019	源氏物語	紫式部		新字新仮名	NDC 913	https://www.aozora.gr.jp/cards/000052/files/5019_ruby_9761.zip
005020	源氏物語	紫式部		新字新仮名	NDC 913	https://www.aozora.gr.jp/cards/000052/files/5020_ruby_11253.zip
005021	源氏物語	紫式部		新字新仮名	NDC 913	https://www.aozora.gr.jp/cards/000052/files/5021_ruby_11106.zip
005022	源氏物語	紫式部		新字新仮名	NDC 913	https://www.aozora.gr.jp/cards/000052/files/5022_ruby_10211.zip
005023	源氏物語	紫式部		新字新仮名	NDC 913	https://www.aozora.gr.jp/cards/000052/files/5023_ruby_10174.zip
005024	源氏物語	紫式部		新字新仮名	NDC 913	https://www.aozora.gr.jp/cards/000052/files/5024_ruby_11084.zip
005025	源氏物語	紫式部		新字新仮名	NDC 913	https://www.aozora.gr.jp/cards/000052/files/5025_ruby_11635.zip
005026	源氏物語	紫式部		新字新仮名	NDC 913	https://www.aozora.gr.jp/cards/000052/files/5026_ruby_11637.zip
005027	源氏物語	紫式部		新字新仮名	NDC 913	https://www.aozora.gr.jp/cards/000052/files/5027_ruby_11269.zip
005028	源氏物語	紫式部		新字新仮名	NDC 913	https://www.aozora.gr.jp/cards/000052/files/5028_ruby_11649.zip
005029	源氏物語	紫式部		新字新仮名	NDC 913	https://www.aozora.gr.jp/cards/000052/files/5029_ruby_10176.zip
005030	源氏物語	紫式部		新字新仮名	NDC 913	https://www.aozora.gr.jp/cards/000052/files/5030_ruby_10218.zip
005031	源氏物語	紫式部		新字新仮名	NDC 913	https://www.aozora.gr.jp/cards/000052/files/5031_ruby_10220.zip
005032	源氏物語	紫式部		新字新仮名	NDC 913	https://www.aozora.gr.jp/cards/000052/files/5032_ruby_10222.zip
005072	ドナウ源流行	斎藤	茂吉	新字新仮名	NDC 915	https://www.aozora.gr.jp/cards/001059/files/5072_ruby_38453.zip
005073	筆	斎藤	茂吉	新字旧仮名	NDC 914	https://www.aozora.gr.jp/cards/001059/files/5073_txt_38454.zip
005074	鯉	斎藤	茂吉	新字旧仮名	NDC 914	https://www.aozora.gr.jp/cards/001059/files/5074_ruby_14137.zip
005075	人麿の妻	斎藤	茂吉	新字旧仮名	NDC 914	https://www.aozora.gr.jp/cards/001059/files/5075_ruby_14142.zip
005076	『さびし』の伝統	斎藤	茂吉	新字旧仮名	NDC 911	https://www.aozora.gr.jp/cards/001059/files/5076_ruby_38456.zip
005077	リギ山上の一夜	斎藤	茂吉	新字新仮名	NDC 915	https://www.aozora.gr.jp/cards/001059/files/5077_ruby_38455.zip
005078	カフエ・ミネルワ	斎藤	茂吉	新字旧仮名	NDC 914	https://www.aozora.gr.jp/cards/001059/files/5078_ruby_38451.zip
005079	脱帽	斎藤	茂吉	新字旧仮名	NDC 914	https://www.aozora.gr.jp/cards/001059/files/5079_ruby_38452.zip
005080	呉秀三先生	斎藤	茂吉	新字新仮名	NDC 914	https://www.aozora.gr.jp/cards/001059/files/5080_ruby_14136.zip
005081	子規と野球	斎藤	茂吉	新字旧仮名	NDC 914	https://www.aozora.gr.jp/cards/001059/files/5081_ruby_14138.zip
005082	万葉秀歌	斎藤	茂吉	新字新仮名	NDC 911	https://www.aozora.gr.jp/cards/001059/files/5082_ruby_32225.zip
007939	自伝	三島	霜川	旧字旧仮名	NDC 914 916	https://www.aozora.gr.jp/cards/000022/files/7939_ruby_12221.zip
012612	詩と散文との間を行く発想法	折口	信夫	旧字旧仮名	NDC 901	https://www.aozora.gr.jp/cards/000933/files/12612_txt_14168.zip
012614	文学を愛づる心	折口	信夫	旧字旧仮名	NDC 901	https://www.aozora.gr.jp/cards/000933/files/12614_ruby_14182.zip
012616	文学に於ける虚構	折口	信夫	旧字旧仮名	NDC 901	https://www.aozora.gr.jp/cards/000933/files/12616_ruby_14181.zip
012618	好悪の論	折口	信夫	旧字旧仮名	NDC 914	https://www.aozora.gr.jp/cards/000933/files/12618_ruby_14163.zip
012620	水中の友	折口	信夫	旧字旧仮名	NDC 914	https://www.aozora.gr.jp/cards/000933/files/12620_ruby_14173.zip
012621	小説の予言者	折口	信夫	旧字旧仮名	NDC 914	https://www.aozora.gr.jp/cards/000933/files/12621_txt_14169.zip
012624	死者の書　続編（草稿）	折口	信夫	旧字旧仮名	NDC 913	https://www.aozora.gr.jp/cards/000933/files/12624_ruby_14166.zip
013202	『新訳源氏物語』初版の序	上田	敏	新字新仮名	NDC 913 914	https://www.aozora.gr.jp/cards/000235/files/13202_ruby_9290.zip
013203	久坂葉子の誕生と死亡	久坂	葉子	新字新仮名	NDC 913	https://www.aozora.gr.jp/cards/001052/files/13203_ruby_18635.zip
013204	商品としての近代小説	平林	初之輔	新字旧仮名	NDC 910	https://www.aozora.gr.jp/cards/000221/files/13204_ruby_16412.zip
013205	村々の祭り	折口	信夫	新字旧仮名	NDC 386	https://www.aozora.gr.jp/cards/000933/files/13205_ruby_14185.zip
013206	万葉集に現れた古代信仰	折口	信夫	新字旧仮名	NDC 901	https://www.aozora.gr.jp/cards/000933/files/13206_ruby_14183.zip
015937	「平家物語」ぬきほ（言文一致訳）	作者不詳		新字新仮名	NDC 913	https://www.aozora.gr.jp/cards/001529/files/15937_ruby_34615.zip
015938	元禄時代小説第一巻「本朝二十不孝」ぬきほ（言文一致訳）	井原	西鶴	新字新仮名	NDC 913	https://www.aozora.gr.jp/cards/001216/files/15938_ruby_34613.zip
015956	唖娘スバー	タゴール	ラビンドラナート	新字新仮名	NDC 929	https://www.aozora.gr.jp/cards/001075/files/15956_ruby_27806.zip
015959	二つの短い話	ケネディ	パトリック	新字新仮名	NDC K933	https://www.aozora.gr.jp/cards/001299/files/15959_ruby_27801.zip
018326	熊の足跡	徳冨	蘆花	旧字旧仮名	NDC 915	https://www.aozora.gr.jp/cards/000280/files/18326_ruby_19199.zip
018327	東旭川村にて	島木	健作	旧字旧仮名	NDC 915	https://www.aozora.gr.jp/cards/000008/files/18327_ruby_19202.zip
018328	日高十勝の記憶	岩野	泡鳴	旧字旧仮名	NDC 915	https://www.aozora.gr.jp/cards/000137/files/18328_ruby_19201.zip
018329	摩周湖紀行	林	芙美子	旧字旧仮名	NDC 915	https://www.aozora.gr.jp/cards/000291/files/18329_ruby_11050.zip
018330	ワンダ・ブック――少年・少女のために――	ホーソーン	ナサニエル	新字新仮名	NDC K933	https://www.aozora.gr.jp/cards/000905/files/18330_ruby_14073.zip
018332	岡の家	鈴木	三重吉	新字新仮名	NDC K913	https://www.aozora.gr.jp/cards/000107/files/18332_ruby_14429.zip
018333	デイモンとピシアス	鈴木	三重吉	新字新仮名	NDC K913	https://www.aozora.gr.jp/cards/000107/files/18333_ruby_14428.zip
018334	猿かに合戦	楠山	正雄	新字新仮名	NDC K913	https://www.aozora.gr.jp/cards/000329/files/18334_ruby_11929.zip
018335	ねずみの嫁入り	楠山	正雄	新字新仮名	NDC K913	https://www.aozora.gr.jp/cards/000329/files/18335_ruby_11926.zip
018336	文福茶がま	楠山	正雄	新字新仮名	NDC K913	https://www.aozora.gr.jp/cards/000329/files/18336_ruby_11922.zip
018337	金太郎	楠山	正雄	新字新仮名	NDC K913	https://www.aozora.gr.jp/cards/000329/files/18337_ruby_11924.zip
018338	田原藤太	楠山	正雄	新字新仮名	NDC K913	https://www.aozora.gr.jp/cards/000329/files/18338_ruby_13237.zip
018339	大江山	楠山	正雄	新字新仮名	NDC K913	https://www.aozora.gr.jp/cards/000329/files/18339_ruby_13234.zip
018340	羅生門	楠山	正雄	新字新仮名	NDC K913	https://www.aozora.gr.jp/cards/000329/files/18340_ruby_13244.zip
018341	八幡太郎	楠山	正雄	新字新仮名	NDC K913	https://www.aozora.gr.jp/cards/000329/files/18341_ruby_13240.zip
018342	鵺	楠山	正雄	新字新仮名	NDC K913	https://www.aozora.gr.jp/cards/000329/files/18342_ruby_13239.zip
018353	貧乏物語	河上	肇	新字新仮名	NDC 331	https://www.aozora.gr.jp/cards/000250/files/18353_ruby_28946.zip
018358	貝殻追放	水上	滝太郎	旧字旧仮名	NDC 914	https://www.aozora.gr.jp/cards/000800/files/18358_ruby_17131.zip
018361	ベーシック英語	高田	力	旧字旧仮名	NDC 834	https://www.aozora.gr.jp/cards/001065/files/18361_ruby_31252.zip
018362	帝室論緒言	飯田	平作	旧字旧仮名	NDC 288	https://www.aozora.gr.jp/cards/001953/files/18362_ruby_72242.zip
018367	淡路人形座訪問	竹内	勝太郎	旧字旧仮名	NDC 777	https://www.aozora.gr.jp/cards/000636/files/18367_ruby_17024.zip
018368	防雪林	小林	多喜二	旧字旧仮名	NDC 913	https://www.aozora.gr.jp/cards/000156/files/18368_ruby_23228.zip
018371	博物館	浜田	青陵	旧字旧仮名	NDC 069	https://www.aozora.gr.jp/cards/001054/files/18371_ruby_34702.zip
018375	やどなし犬	鈴木	三重吉	新字新仮名	NDC K913	https://www.aozora.gr.jp/cards/000107/files/18375_ruby_14427.zip
018376	桃太郎	楠山	正雄	新字新仮名	NDC K913	https://www.aozora.gr.jp/cards/000329/files/18376_ruby_12074.zip
018377	かちかち山	楠山	正雄	新字新仮名	NDC K913	https://www.aozora.gr.jp/cards/000329/files/18377_ruby_11923.zip
018378	舌切りすずめ	楠山	正雄	新字新仮名	NDC K913	https://www.aozora.gr.jp/cards/000329/files/18378_ruby_12072.zip
018379	くらげのお使い	楠山	正雄	新字新仮名	NDC K913	https://www.aozora.gr.jp/cards/000329/files/18379_ruby_12073.zip
018414	「青白き夢」序	森田	草平	旧字旧仮名	NDC 913 914	https://www.aozora.gr.jp/cards/000826/files/18414_ruby_12053.zip
024344	瑪瑙盤	林	芙美子	新字旧仮名	NDC 913	https://www.aozora.gr.jp/cards/000291/files/24344_ruby_12032.zip
024345	「リラ」の女達	林	芙美子	新字旧仮名	NDC 913	https://www.aozora.gr.jp/cards/000291/files/24345_txt_12031.zip
024346	清修館挿話	林	芙美子	新字新仮名	NDC 913	https://www.aozora.gr.jp/cards/000291/files/24346_txt_13997.zip
024347	朝夕	林	芙美子	新字旧仮名	NDC 913	https://www.aozora.gr.jp/cards/000291/files/24347_ruby_11342.zip
024349	小さい花	林	芙美子	新字旧仮名	NDC 913	https://www.aozora.gr.jp/cards/000291/files/24349_txt_11337.zip
024350	或る女	林	芙美子	旧字旧仮名	NDC 913	https://www.aozora.gr.jp/cards/000291/files/24350_ruby_13139.zip
024376	丹下左膳	林	不忘	新字新仮名	NDC 913	https://www.aozora.gr.jp/cards/000290/files/24376_ruby_19087.zip
024377	丹下左膳	林	不忘	新字新仮名	NDC 913	https://www.aozora.gr.jp/cards/000290/files/24377_ruby_19091.zip
024382	死せる魂	ゴーゴリ	ニコライ	新字新仮名	NDC 983	https://www.aozora.gr.jp/cards/000207/files/24382_ruby_59426.zip
024385	著者小伝	直木	三十五	旧字旧仮名	NDC 910 914	https://www.aozora.gr.jp/cards/000216/files/24385_txt_17003.zip
024386	長谷川時雨が卅歳若かつたら	直木	三十五	旧字旧仮名	NDC 914	https://www.aozora.gr.jp/cards/000216/files/24386_ruby_10319.zip
024387	鞦韆考	原	勝郎	旧字旧仮名	NDC 384 781	https://www.aozora.gr.jp/cards/001037/files/24387_txt_10354.zip
024388	貢院の春	原	勝郎	旧字旧仮名	NDC 222	https://www.aozora.gr.jp/cards/001037/files/24388_txt_11010.zip
024438	盈虚	中島	敦	新字新仮名	NDC 913	https://www.aozora.gr.jp/cards/000119/files/24438_ruby_11131.zip
024440	恋文	高田	保	新字旧仮名	NDC 914	https://www.aozora.gr.jp/cards/001073/files/24440_txt_15138.zip
024448	珠	素木	しづ	旧字旧仮名	NDC 913	https://www.aozora.gr.jp/cards/000012/files/24448_ruby_11788.zip
024456	棄老伝説に就て	南方	熊楠	旧字旧仮名	NDC 388	https://www.aozora.gr.jp/cards/000093/files/24456_ruby_11349.zip
033200	幸福への道	素木	しづ	旧字旧仮名	NDC 913	https://www.aozora.gr.jp/cards/000012/files/33200_ruby_11851.zip
033203	シンデレラ	水谷	まさる	新字新仮名	NDC K913	https://www.aozora.gr.jp/cards/001074/files/33203_ruby_12193.zip
033205	ジーキル博士とハイド氏の怪事件	佐々木	直次郎	新字新仮名	NDC 933	https://www.aozora.gr.jp/cards/000888/files/33205_ruby_26003.zip
033206	宝島	佐々木	直次郎	新字新仮名	NDC K933	https://www.aozora.gr.jp/cards/000888/files/33206_ruby_35590.zip
033224	親鸞	吉川	英治	新字新仮名	NDC 913	https://www.aozora.gr.jp/cards/001562/files/33224_ruby_73833.zip
033227	松のや露八	吉川	英治	新字新仮名	NDC 913	https://www.aozora.gr.jp/cards/001562/files/33227_ruby_61173.zip
033229	コドモノスケッチ帖	竹久	夢二	新字旧仮名	NDC K911	https://www.aozora.gr.jp/cards/000212/files/33229_ruby_19203.zip
042134	貝殻追放	水上	滝太郎	旧字旧仮名	NDC 914	https://www.aozora.gr.jp/cards/000800/files/42134_ruby_17086.zip
042135	貝殻追放	水上	滝太郎	旧字旧仮名	NDC 914	https://www.aozora.gr.jp/cards/000800/files/42135_ruby_17087.zip
042136	貝殻追放	水上	滝太郎	旧字旧仮名	NDC 914	https://www.aozora.gr.jp/cards/000800/files/42136_ruby_17088.zip
042137	貝殻追放	水上	滝太郎	旧字旧仮名	NDC 914	https://www.aozora.gr.jp/cards/000800/files/42137_txt_17089.zip
042138	貝殻追放	水上	滝太郎	旧字旧仮名	NDC 914	https://www.aozora.gr.jp/cards/000800/files/42138_ruby_17568.zip
042139	貝殻追放	水上	滝太郎	旧字旧仮名	NDC 914	https://www.aozora.gr.jp/cards/000800/files/42139_ruby_17569.zip
042140	貝殻追放	水上	滝太郎	旧字旧仮名	NDC 914	https://www.aozora.gr.jp/cards/000800/files/42140_ruby_17570.zip
042141	貝殻追放	水上	滝太郎	旧字旧仮名	NDC 914	https://www.aozora.gr.jp/cards/000800/files/42141_ruby_17571.zip
042142	貝殻追放	水上	滝太郎	旧字旧仮名	NDC 914	https://www.aozora.gr.jp/cards/000800/files/42142_ruby_17572.zip
042143	貝殻追放	水上	滝太郎	旧字旧仮名	NDC 914	https://www.aozora.gr.jp/cards/000800/files/42143_ruby_17610.zip
042144	貝殻追放	水上	滝太郎	旧字旧仮名	NDC 914	https://www.aozora.gr.jp/cards/000800/files/42144_ruby_17611.zip
042145	今戸心中	広津	柳浪	新字新仮名	NDC 913	https://www.aozora.gr.jp/cards/000295/files/42145_ruby_22356.zip
042146	道成寺（一幕劇）	郡	虎彦	新字新仮名	NDC 912	https://www.aozora.gr.jp/cards/001077/files/42146_ruby_20063.zip
042149	異国さかな雑談	浜田	青陵	旧字旧仮名	NDC 596 915	https://www.aozora.gr.jp/cards/001054/files/42149_ruby_15584.zip
042150	温泉雑記	浜田	青陵	旧字旧仮名	NDC 290 915	https://www.aozora.gr.jp/cards/001054/files/42150_txt_15586.zip
042151	シュリーマン夫人を憶ふ	浜田	青陵	旧字旧仮名	NDC 289 915	https://www.aozora.gr.jp/cards/001054/files/42151_ruby_15588.zip
042153	考古学教室の思ひ出話	浜田	青陵	旧字旧仮名	NDC 210 915	https://www.aozora.gr.jp/cards/001054/files/42153_txt_15587.zip
042154	石鏃の思出話	浜田	青陵	旧字旧仮名	NDC 210 915	https://www.aozora.gr.jp/cards/001054/files/42154_txt_15589.zip
042155	埃及雑記	浜田	青陵	旧字旧仮名	NDC 294 915	https://www.aozora.gr.jp/cards/001054/files/42155_ruby_15585.zip
042157	接吻	斎藤	茂吉	新字旧仮名	NDC 914	https://www.aozora.gr.jp/cards/001059/files/42157_ruby_14140.zip
042158	貝殻追放	水上	滝太郎	旧字旧仮名	NDC 914	https://www.aozora.gr.jp/cards/000800/files/42158_ruby_17612.zip
042167	墓	正岡	子規	新字旧仮名	NDC 914	https://www.aozora.gr.jp/cards/000305/files/42167_txt_12294.zip
042168	夜寒十句	正岡	子規	新字旧仮名	NDC 911 914	https://www.aozora.gr.jp/cards/000305/files/42168_ruby_12296.zip
042174	水郷	三島	霜川	旧字旧仮名	NDC 913	https://www.aozora.gr.jp/cards/000022/files/42174_ruby_13147.zip
042184	神曲	ダンテ	アリギエリ	旧字旧仮名	NDC 971	https://www.aozora.gr.jp/cards/000961/files/42184_ruby_16541.zip
042215	鎌倉時代の布教と当時の交通	原	勝郎	旧字旧仮名	NDC 182 210	https://www.aozora.gr.jp/cards/001037/files/42215_txt_17080.zip
042216	一兵卒と銃	南部	修太郎	旧字旧仮名	NDC 913	https://www.aozora.gr.jp/cards/000048/files/42216_ruby_13474.zip
042217	死せる魂	ゴーゴリ	ニコライ	新字新仮名	NDC 983	https://www.aozora.gr.jp/cards/000207/files/42217_ruby_59963.zip
042225	「一握の砂」序	藪野	椋十	新字旧仮名	NDC 911 914	https://www.aozora.gr.jp/cards/001080/files/42225_ruby_13289.zip
042232	新詩発生時代の思ひ出	土井	晩翠	旧字旧仮名	NDC 914 911 902	https://www.aozora.gr.jp/cards/001081/files/42232_ruby_23379.zip
042233	天地有情	土井	晩翠	旧字旧仮名	NDC 911	https://www.aozora.gr.jp/cards/001081/files/42233_ruby_37101.zip
042237	釈迢空に与ふ	斎藤	茂吉	旧字旧仮名	NDC 911 914	https://www.aozora.gr.jp/cards/001059/files/42237_ruby_14542.zip
042242	漱石さんのロンドンにおけるエピソード	土井	晩翠	新字旧仮名	NDC 910	https://www.aozora.gr.jp/cards/001081/files/42242_ruby_16187.zip
042248	生みの力	片上	伸	旧字旧仮名	NDC 901	https://www.aozora.gr.jp/cards/000492/files/42248_ruby_48039.zip
042251	ドストイェフスキーに就いて	片上	伸	旧字旧仮名	NDC 980	https://www.aozora.gr.jp/cards/000492/files/42251_txt_48040.zip
042252	人間の本性	片上	伸	旧字旧仮名	NDC 980	https://www.aozora.gr.jp/cards/000492/files/42252_txt_48041.zip
042253	貝殻追放	水上	滝太郎	旧字旧仮名	NDC 914	https://www.aozora.gr.jp/cards/000800/files/42253_ruby_17620.zip
042254	平民の娘	三島	霜川	旧字旧仮名	NDC 913	https://www.aozora.gr.jp/cards/000022/files/42254_ruby_59590.zip
042284	狂人日記	ゴーゴリ	ニコライ	旧字旧仮名	NDC 983	https://www.aozora.gr.jp/cards/000207/files/42284_ruby_16271.zip
042285	歌時計	水谷	まさる	旧字旧仮名	NDC K911	https://www.aozora.gr.jp/cards/001074/files/42285_ruby_23618.zip
042286	カラマゾフの兄弟	ドストエフスキー	フィヨードル・ミハイロヴィチ	新字新仮名	NDC 983	https://www.aozora.gr.jp/cards/000363/files/42286_ruby_36920.zip
042289	六月	相馬	泰三	新字新仮名	NDC 913	https://www.aozora.gr.jp/cards/001082/files/42289_ruby_15591.zip
042290	初恋	矢崎	嵯峨の舎	新字新仮名	NDC 913	https://www.aozora.gr.jp/cards/001083/files/42290_ruby_23163.zip
042293	ジエィン・エア	十一谷	義三郎	旧字旧仮名	NDC 933 934	https://www.aozora.gr.jp/cards/000601/files/42293_ruby_64231.zip
042294	怪奇人造島	寺島	柾史	新字新仮名	NDC K913	https://www.aozora.gr.jp/cards/001084/files/42294_ruby_23548.zip
042298	小さな旅	富田	木歩	新字新仮名	NDC 911 914	https://www.aozora.gr.jp/cards/000677/files/42298_txt_23363.zip
042307	若草物語	オルコット	ルイーザ・メイ	新字新仮名	NDC K933	https://www.aozora.gr.jp/cards/001090/files/42307_txt_24297.zip
042309	ラプンツェル	グリム	ヴィルヘルム・カール	新字新仮名	NDC K943	https://www.aozora.gr.jp/cards/001091/files/42309_ruby_17938.zip
042317	杜松の樹	グリム	ヴィルヘルム・カール	新字新仮名	NDC K943	https://www.aozora.gr.jp/cards/001091/files/42317_ruby_18234.zip
042338	盗まれた手紙	佐々木	直次郎	新字新仮名	NDC 933	https://www.aozora.gr.jp/cards/000094/files/42338_ruby_15461.zip
042344	南方	田畑	修一郎	旧字旧仮名	NDC 913	https://www.aozora.gr.jp/cards/000273/files/42344_ruby_15715.zip
042347	静物	十一谷	義三郎	新字旧仮名	NDC 913	https://www.aozora.gr.jp/cards/000601/files/42347_ruby_23608.zip
042348	山の手の子	水上	滝太郎	新字新仮名	NDC 913	https://www.aozora.gr.jp/cards/000800/files/42348_ruby_23272.zip
042349	武蔵野	山田	美妙	新字新仮名	NDC 913	https://www.aozora.gr.jp/cards/000843/files/42349_ruby_23258.zip
042378	赤いくつ	アンデルセン	ハンス・クリスチャン	新字新仮名	NDC K949	https://www.aozora.gr.jp/cards/000019/files/42378_ruby_18383.zip
042379	しっかり者のすずの兵隊	アンデルセン	ハンス・クリスチャン	新字新仮名	NDC K949	https://www.aozora.gr.jp/cards/000019/files/42379_ruby_20835.zip
042380	幸福のうわおいぐつ	アンデルセン	ハンス・クリスチャン	新字新仮名	NDC K949	https://www.aozora.gr.jp/cards/000019/files/42380_ruby_20836.zip
042381	小夜啼鳥	アンデルセン	ハンス・クリスチャン	新字新仮名	NDC K949	https://www.aozora.gr.jp/cards/000019/files/42381_ruby_18649.zip
042382	旅なかま	アンデルセン	ハンス・クリスチャン	新字新仮名	NDC K949	https://www.aozora.gr.jp/cards/000019/files/42382_ruby_17311.zip
042383	人魚のひいさま	アンデルセン	ハンス・クリスチャン	新字新仮名	NDC K949	https://www.aozora.gr.jp/cards/000019/files/42383_ruby_19889.zip
042384	野のはくちょう	アンデルセン	ハンス・クリスチャン	新字新仮名	NDC K949	https://www.aozora.gr.jp/cards/000019/files/42384_ruby_20838.zip
042385	ひこうかばん	アンデルセン	ハンス・クリスチャン	新字新仮名	NDC K949	https://www.aozora.gr.jp/cards/000019/files/42385_ruby_20839.zip
042386	醜い家鴨の子	アンデルセン	ハンス・クリスチャン	新字新仮名	NDC K949	https://www.aozora.gr.jp/cards/000019/files/42386_ruby_20867.zip
042387	雪の女王	アンデルセン	ハンス・クリスチャン	新字新仮名	NDC K949	https://www.aozora.gr.jp/cards/000019/files/42387_ruby_20531.zip
042389	蠱惑	豊島	与志雄	新字新仮名	NDC 913	https://www.aozora.gr.jp/cards/000906/files/42389_ruby_21013.zip
042390	恩人	豊島	与志雄	新字新仮名	NDC 913	https://www.aozora.gr.jp/cards/000906/files/42390_ruby_32945.zip
042391	囚われ	豊島	与志雄	新字新仮名	NDC 913	https://www.aozora.gr.jp/cards/000906/files/42391_ruby_32955.zip
042392	球突場の一隅	豊島	与志雄	新字新仮名	NDC 913	https://www.aozora.gr.jp/cards/000906/files/42392_ruby_32953.zip
042393	過渡人	豊島	与志雄	新字新仮名	NDC 913	https://www.aozora.gr.jp/cards/000906/files/42393_ruby_40359.zip
042394	少年の死	豊島	与志雄	新字新仮名	NDC 913	https://www.aozora.gr.jp/cards/000906/files/42394_ruby_32948.zip
042395	運命のままに	豊島	与志雄	新字新仮名	NDC 913	https://www.aozora.gr.jp/cards/000906/files/42395_ruby_40360.zip
042396	生あらば	豊島	与志雄	新字新仮名	NDC 913	https://www.aozora.gr.jp/cards/000906/files/42396_ruby_32949.zip
042397	田原氏の犯罪	豊島	与志雄	新字新仮名	NDC 913	https://www.aozora.gr.jp/cards/000906/files/42397_ruby_32952.zip
042398	生と死との記録	豊島	与志雄	新字新仮名	NDC 913	https://www.aozora.gr.jp/cards/000906/files/42398_ruby_32950.zip
042399	掠奪せられたる男	豊島	与志雄	新字新仮名	NDC 913	https://www.aozora.gr.jp/cards/000906/files/42399_ruby_40363.zip
042400	蘇生	豊島	与志雄	新字新仮名	NDC 913	https://www.aozora.gr.jp/cards/000906/files/42400_ruby_32951.zip
042401	微笑	豊島	与志雄	新字新仮名	NDC 913	https://www.aozora.gr.jp/cards/000906/files/42401_ruby_32957.zip
042402	楠の話	豊島	与志雄	新字新仮名	NDC 913	https://www.aozora.gr.jp/cards/000906/files/42402_ruby_40361.zip
042403	群集	豊島	与志雄	新字新仮名	NDC 913	https://www.aozora.gr.jp/cards/000906/files/42403_ruby_32946.zip
042404	愚かな一日	豊島	与志雄	新字新仮名	NDC 913	https://www.aozora.gr.jp/cards/000906/files/42404_ruby_32944.zip
042405	二つの途	豊島	与志雄	新字新仮名	NDC 913	https://www.aozora.gr.jp/cards/000906/files/42405_ruby_32958.zip
042614	夜長姫と耳男	坂口	安吾	新字新仮名	NDC 913	https://www.aozora.gr.jp/cards/001095/files/42614_ruby_21833.zip
042615	風と光と二十の私と	坂口	安吾	新字新仮名	NDC 913	https://www.aozora.gr.jp/cards/001095/files/42615_ruby_21263.zip
042616	風博士	坂口	安吾	新字新仮名	NDC 913	https://www.aozora.gr.jp/cards/001095/files/42616_ruby_20999.zip
042617	肝臓先生	坂口	安吾	新字新仮名	NDC 913	https://www.aozora.gr.jp/cards/001095/files/42617_ruby_29709.zip
042618	桜の森の満開の下	坂口	安吾	新字新仮名	NDC 913	https://www.aozora.gr.jp/cards/001095/files/42618_ruby_21052.zip
042619	続堕落論	坂口	安吾	新字新仮名	NDC 914	https://www.aozora.gr.jp/cards/001095/files/42619_ruby_21408.zip
042620	堕落論	坂口	安吾	新字新仮名	NDC 914	https://www.aozora.gr.jp/cards/001095/files/42620_ruby_21051.zip
042621	白痴	坂口	安吾	新字新仮名	NDC 913	https://www.aozora.gr.jp/cards/001095/files/42621_ruby_21262.zip
042622	飛騨の顔	坂口	安吾	新字新仮名	NDC 915	https://www.aozora.gr.jp/cards/001095/files/42622_ruby_29708.zip
042623	勉強記	坂口	安吾	新字新仮名	NDC 913	https://www.aozora.gr.jp/cards/001095/files/42623_ruby_21403.zip
042624	青春論	坂口	安吾	新字新仮名	NDC 914	https://www.aozora.gr.jp/cards/001095/files/42624_ruby_21405.zip
042625	日本文化私観	坂口	安吾	新字新仮名	NDC 914	https://www.aozora.gr.jp/cards/001095/files/42625_ruby_21261.zip
042626	不連続殺人事件	坂口	安吾	新字新仮名	NDC 913	https://www.aozora.gr.jp/cards/001095/files/42626_ruby_59990.zip
042681	砂糖泥棒	黒島	伝治	新字新仮名	NDC 913	https://www.aozora.gr.jp/cards/000037/files/42681_ruby_21510.zip
042686	大師の時代	榊	亮三郎	旧字旧仮名	NDC 188	https://www.aozora.gr.jp/cards/001096/files/42686_ruby_29726.zip
042687	後の業平文治	三遊亭	円朝	新字新仮名	NDC 779 913	https://www.aozora.gr.jp/cards/000989/files/42687_ruby_14322.zip
042688	アド・バルーン	織田	作之助	新字新仮名	NDC 913	https://www.aozora.gr.jp/cards/000040/files/42688_ruby_45446.zip
042689	雨	織田	作之助	新字新仮名	NDC 913	https://www.aozora.gr.jp/cards/000040/files/42689_ruby_45447.zip
042690	蛍	織田	作之助	新字新仮名	NDC 913	https://www.aozora.gr.jp/cards/000040/files/42690_ruby_45448.zip
042692	次郎物語	下村	湖人	新字新仮名	NDC 913	https://www.aozora.gr.jp/cards/001097/files/42692_ruby_21001.zip
042752	時と永遠	波多野	精一	旧字旧仮名	NDC 161	https://www.aozora.gr.jp/cards/001011/files/42752_ruby_24662.zip
042753	読書子に寄す	岩波	茂雄	新字新仮名	NDC 914	https://www.aozora.gr.jp/cards/001119/files/42753_txt_14493.zip
042754	風は草木にささやいた	山村	暮鳥	旧字旧仮名	NDC 911	https://www.aozora.gr.jp/cards/000136/files/42754_ruby_34852.zip
042755	雲	山村	暮鳥	旧字旧仮名	NDC 911	https://www.aozora.gr.jp/cards/000136/files/42755_ruby_34854.zip
042756	四十八人目	森田	草平	新字新仮名	NDC 913	https://www.aozora.gr.jp/cards/000826/files/42756_ruby_24294.zip
042757	虹猫と木精	ファイルマン	ローズ	新字旧仮名	NDC K913	https://www.aozora.gr.jp/cards/000809/files/42757_ruby_15095.zip
042758	虹猫の大女退治	ファイルマン	ローズ	新字旧仮名	NDC K913	https://www.aozora.gr.jp/cards/000809/files/42758_ruby_15096.zip
042759	虹猫の話	ファイルマン	ローズ	新字旧仮名	NDC K913	https://www.aozora.gr.jp/cards/000809/files/42759_ruby_15097.zip
042761	子良の昇天	宮原	晃一郎	新字旧仮名	NDC K913	https://www.aozora.gr.jp/cards/000809/files/42761_ruby_16132.zip
042762	漁師の冒険	宮原	晃一郎	新字旧仮名	NDC K913	https://www.aozora.gr.jp/cards/000809/files/42762_ruby_16131.zip
042763	ラマ塔の秘密	宮原	晃一郎	新字旧仮名	NDC K913	https://www.aozora.gr.jp/cards/000809/files/42763_ruby_16130.zip
042764	紫大納言	坂口	安吾	新字新仮名	NDC 913	https://www.aozora.gr.jp/cards/001095/files/42764_ruby_32703.zip
042765	鉱毒飛沫	木下	尚江	新字旧仮名	NDC 312 368 071 561	https://www.aozora.gr.jp/cards/000525/files/42765_ruby_22803.zip
042766	政治の破産者・田中正造	木下	尚江	新字旧仮名	NDC 289 561	https://www.aozora.gr.jp/cards/000525/files/42766_ruby_22804.zip
042767	無人島に生きる十六人	須川	邦彦	新字新仮名	NDC K290	https://www.aozora.gr.jp/cards/001120/files/42767_ruby_15339.zip
042773	ロミオとヂュリエット	シェークスピア	ウィリアム	旧字旧仮名	NDC 932	https://www.aozora.gr.jp/cards/000264/files/42773_ruby_38390.zip
042789	ジエィン・エア	十一谷	義三郎	旧字旧仮名	NDC 933	https://www.aozora.gr.jp/cards/001111/files/42789_ruby_64055.zip
042809	探偵小説アルセーヌ・ルパン	婦人文化研究会		新字新仮名	NDC K953	https://www.aozora.gr.jp/cards/001121/files/42809_ruby_15919.zip
042811	現代の詐術	坂口	安吾	新字新仮名	NDC 914	https://www.aozora.gr.jp/cards/001095/files/42811_ruby_25952.zip
042812	淪落の青春	坂口	安吾	新字新仮名	NDC 913	https://www.aozora.gr.jp/cards/001095/files/42812_ruby_25954.zip
042813	出家物語	坂口	安吾	新字新仮名	NDC 913	https://www.aozora.gr.jp/cards/001095/files/42813_ruby_25956.zip
042923	論語物語	下村	湖人	新字新仮名	NDC 123	https://www.aozora.gr.jp/cards/001097/files/42923_ruby_58715.zip
042926	葬られたる秘密	小泉	八雲	新字新仮名	NDC 933	https://www.aozora.gr.jp/cards/000258/files/42926_ruby_14899.zip
042927	耳無芳一の話	小泉	八雲	新字新仮名	NDC 933	https://www.aozora.gr.jp/cards/000258/files/42927_ruby_15422.zip
042928	貉	小泉	八雲	新字新仮名	NDC 933	https://www.aozora.gr.jp/cards/000258/files/42928_ruby_14900.zip
042929	白銀の失踪	ドイル	アーサー・コナン	新字新仮名	NDC K933	https://www.aozora.gr.jp/cards/000009/files/42929_ruby_15737.zip
042930	秘密の庭	チェスタートン	ギルバート・キース	新字新仮名	NDC 933	https://www.aozora.gr.jp/cards/001123/files/42930_ruby_35455.zip
042931	見えざる人	チェスタートン	ギルバート・キース	新字新仮名	NDC 933	https://www.aozora.gr.jp/cards/001123/files/42931_ruby_35456.zip
042932	青玉の十字架	チェスタートン	ギルバート・キース	新字新仮名	NDC 933	https://www.aozora.gr.jp/cards/001123/files/42932_ruby_35454.zip
042933	「吶喊」原序	井上	紅梅	新字新仮名	NDC 923 924	https://www.aozora.gr.jp/cards/001124/files/42933_ruby_31025.zip
042934	阿Ｑ正伝	井上	紅梅	新字新仮名	NDC 923	https://www.aozora.gr.jp/cards/001124/files/42934_ruby_16367.zip
042935	明日	井上	紅梅	新字新仮名	NDC 923	https://www.aozora.gr.jp/cards/001124/files/42935_ruby_14898.zip
042936	狂人日記	井上	紅梅	新字新仮名	NDC 923	https://www.aozora.gr.jp/cards/001124/files/42936_ruby_15983.zip
042937	薬	井上	紅梅	新字新仮名	NDC 923	https://www.aozora.gr.jp/cards/001124/files/42937_ruby_15449.zip
042938	孔乙己	井上	紅梅	新字新仮名	NDC 923	https://www.aozora.gr.jp/cards/001124/files/42938_ruby_18431.zip
042939	故郷	井上	紅梅	新字新仮名	NDC 923	https://www.aozora.gr.jp/cards/001124/files/42939_ruby_14897.zip
042940	作男・ゴーの名誉	チェスタートン	ギルバート・キース	新字新仮名	NDC 933	https://www.aozora.gr.jp/cards/001123/files/42940_ruby_15736.zip
043005	旧作	上村	松園	新字新仮名	NDC 721	https://www.aozora.gr.jp/cards/000355/files/43005_ruby_15473.zip
043006	九龍虫	上村	松園	新字新仮名	NDC 721	https://www.aozora.gr.jp/cards/000355/files/43006_txt_15474.zip
043007	砂書きの老人	上村	松園	新字新仮名	NDC 721	https://www.aozora.gr.jp/cards/000355/files/43007_txt_15475.zip
043008	眉の記	上村	松園	新字新仮名	NDC 721	https://www.aozora.gr.jp/cards/000355/files/43008_ruby_15476.zip
043009	無題抄	上村	松園	新字新仮名	NDC 721	https://www.aozora.gr.jp/cards/000355/files/43009_ruby_15477.zip
043010	友人	上村	松園	新字新仮名	NDC 721	https://www.aozora.gr.jp/cards/000355/files/43010_ruby_15478.zip
043011	科学的の神秘	宮原	晃一郎	旧字旧仮名	NDC 949	https://www.aozora.gr.jp/cards/000809/files/43011_txt_29585.zip
043012	イプセンの日本語訳	宮原	晃一郎	旧字旧仮名	NDC 949	https://www.aozora.gr.jp/cards/000809/files/43012_txt_29584.zip
043013	スカンヂナヴィア文学概観	宮原	晃一郎	旧字旧仮名	NDC 949	https://www.aozora.gr.jp/cards/000809/files/43013_ruby_29586.zip
043018	サレーダイン公爵の罪業	チェスタートン	ギルバート・キース	新字新仮名	NDC 933	https://www.aozora.gr.jp/cards/001123/files/43018_ruby_15735.zip
043019	些細な事件	井上	紅梅	新字新仮名	NDC 923	https://www.aozora.gr.jp/cards/001124/files/43019_ruby_31029.zip
043020	端午節	井上	紅梅	新字新仮名	NDC 923	https://www.aozora.gr.jp/cards/001124/files/43020_ruby_15512.zip
043021	頭髪の故事	井上	紅梅	新字新仮名	NDC 923	https://www.aozora.gr.jp/cards/001124/files/43021_ruby_31027.zip
043022	風波	井上	紅梅	新字新仮名	NDC 923	https://www.aozora.gr.jp/cards/001124/files/43022_ruby_35452.zip
043023	哲学入門	三木	清	新字新仮名	NDC 100 121	https://www.aozora.gr.jp/cards/000218/files/43023_ruby_26531.zip
043025	佐野だより	木下	尚江	旧字旧仮名	NDC 312 368 071 561	https://www.aozora.gr.jp/cards/000525/files/43025_ruby_23489.zip
043026	雪中の日光より	木下	尚江	旧字旧仮名	NDC 312 368 071 561	https://www.aozora.gr.jp/cards/000525/files/43026_ruby_23490.zip
043027	臨終の田中正造	木下	尚江	新字旧仮名	NDC 312 368 289 561	https://www.aozora.gr.jp/cards/000525/files/43027_ruby_23511.zip
043028	黄色な顔	ドイル	アーサー・コナン	新字新仮名	NDC K933	https://www.aozora.gr.jp/cards/000009/files/43028_ruby_15448.zip
043029	女大学評論	福沢	諭吉	新字新仮名	NDC 159	https://www.aozora.gr.jp/cards/000296/files/43029_ruby_23223.zip
043032	支那研究に就て	狩野	直喜	旧字旧仮名	NDC 222	https://www.aozora.gr.jp/cards/001127/files/43032_txt_23362.zip
043037	あたらしい憲法のはなし	文部省		旧字新仮名	NDC 323	https://www.aozora.gr.jp/cards/001128/files/43037_txt_15619.zip
043056	臨時急行列車の紛失	新青年編輯局		新字新仮名	NDC 933	https://www.aozora.gr.jp/cards/000009/files/43056_ruby_16830.zip
043064	新女大学	福沢	諭吉	新字新仮名	NDC 159	https://www.aozora.gr.jp/cards/000296/files/43064_ruby_24472.zip
043065	近藤勇と科学	直木	三十五	新字新仮名	NDC 913	https://www.aozora.gr.jp/cards/000216/files/43065_ruby_16247.zip
043066	甲州鎮撫隊	国枝	史郎	新字新仮名	NDC 913	https://www.aozora.gr.jp/cards/000255/files/43066_ruby_16255.zip
043067	大菩薩峠芝居話	平山	蘆江	旧字旧仮名	NDC 772 914	https://www.aozora.gr.jp/cards/001132/files/43067_txt_15783.zip
043068	中里介山の『大菩薩峠』	三田村	鳶魚	新字新仮名	NDC 910	https://www.aozora.gr.jp/cards/001133/files/43068_ruby_23863.zip
043072	話に聞いた近藤勇	三田村	鳶魚	新字新仮名	NDC 289	https://www.aozora.gr.jp/cards/001133/files/43072_ruby_23343.zip
043093	ヴェルダン	野上	豊一郎	新字新仮名	NDC 293 915	https://www.aozora.gr.jp/cards/000963/files/43093_ruby_18200.zip
043094	エトナ	野上	豊一郎	新字新仮名	NDC 293 915	https://www.aozora.gr.jp/cards/000963/files/43094_ruby_18201.zip
043095	シェイクスピアの郷里	野上	豊一郎	新字新仮名	NDC 293 915 932	https://www.aozora.gr.jp/cards/000963/files/43095_ruby_17715.zip
043096	処女の木とアブ・サルガ	野上	豊一郎	新字新仮名	NDC 294 915	https://www.aozora.gr.jp/cards/000963/files/43096_ruby_17714.zip
043097	西洋見学「はしがき」	野上	豊一郎	旧字旧仮名	NDC 293 915	https://www.aozora.gr.jp/cards/000963/files/43097_txt_24105.zip
043098	闘牛	野上	豊一郎	新字新仮名	NDC 293 788 915	https://www.aozora.gr.jp/cards/000963/files/43098_ruby_17727.zip
043099	七重文化の都市	野上	豊一郎	新字新仮名	NDC 294 915	https://www.aozora.gr.jp/cards/000963/files/43099_ruby_17726.zip
043100	パラティーノ	野上	豊一郎	新字新仮名	NDC 293 915	https://www.aozora.gr.jp/cards/000963/files/43100_ruby_23651.zip
043101	パリの地下牢	野上	豊一郎	新字新仮名	NDC 293 915	https://www.aozora.gr.jp/cards/000963/files/43101_ruby_23650.zip
043102	パルテノン	野上	豊一郎	新字新仮名	NDC 293 915	https://www.aozora.gr.jp/cards/000963/files/43102_ruby_31948.zip
043103	吹雪のユンクフラウ	野上	豊一郎	新字新仮名	NDC 293 915	https://www.aozora.gr.jp/cards/000963/files/43103_ruby_18215.zip
043104	レンブラントの国	野上	豊一郎	新字新仮名	NDC 293 915	https://www.aozora.gr.jp/cards/000963/files/43104_ruby_18216.zip
043105	梅龍の話	小山内	薫	旧字旧仮名	NDC 913	https://www.aozora.gr.jp/cards/000479/files/43105_ruby_23359.zip
043107	「雨の降る日は天気が悪い」序	土井	晩翠	旧字旧仮名	NDC 914	https://www.aozora.gr.jp/cards/001081/files/43107_ruby_23253.zip
043115	野口英世博士の生家を訪ひて	土井	晩翠	旧字旧仮名	NDC 914	https://www.aozora.gr.jp/cards/001081/files/43115_txt_23252.zip
043116	晩翠放談「自序」	土井	晩翠	旧字旧仮名	NDC 914	https://www.aozora.gr.jp/cards/001081/files/43116_txt_24107.zip
043126	演出	野上	豊一郎	新字旧仮名	NDC 773 914	https://www.aozora.gr.jp/cards/000963/files/43126_ruby_24117.zip
043127	『出家とその弟子』の追憶	倉田	百三	新字新仮名	NDC 914	https://www.aozora.gr.jp/cards/000256/files/43127_txt_17184.zip
043128	愛の問題（夫婦愛）	倉田	百三	新字新仮名	NDC 367	https://www.aozora.gr.jp/cards/000256/files/43128_ruby_17264.zip
043129	学生と教養	倉田	百三	新字新仮名	NDC 150	https://www.aozora.gr.jp/cards/000256/files/43129_ruby_19299.zip
043130	学生と生活	倉田	百三	新字新仮名	NDC 152	https://www.aozora.gr.jp/cards/000256/files/43130_ruby_19324.zip
043131	学生と先哲	倉田	百三	新字新仮名	NDC 188	https://www.aozora.gr.jp/cards/000256/files/43131_ruby_20987.zip
043132	学生と読書	倉田	百三	新字新仮名	NDC 019	https://www.aozora.gr.jp/cards/000256/files/43132_ruby_18798.zip
043133	女性の諸問題	倉田	百三	新字新仮名	NDC 367	https://www.aozora.gr.jp/cards/000256/files/43133_ruby_17892.zip
043134	人生における離合について	倉田	百三	新字新仮名	NDC 367	https://www.aozora.gr.jp/cards/000256/files/43134_ruby_17294.zip
043135	婦人と職業	倉田	百三	新字新仮名	NDC 366 367	https://www.aozora.gr.jp/cards/000256/files/43135_ruby_17186.zip
043226	桂離宮	野上	豊一郎	旧字旧仮名	NDC 521 914	https://www.aozora.gr.jp/cards/000963/files/43226_ruby_24137.zip
043227	奈良二題	野上	豊一郎	旧字旧仮名	NDC 914	https://www.aozora.gr.jp/cards/000963/files/43227_ruby_24150.zip
043238	幸徳秋水と僕	木下	尚江	新字旧仮名	NDC 312 914	https://www.aozora.gr.jp/cards/000525/files/43238_ruby_24025.zip
043239	自由の使徒・島田三郎	木下	尚江	新字旧仮名	NDC 289	https://www.aozora.gr.jp/cards/000525/files/43239_ruby_24026.zip
043240	大野人	木下	尚江	新字旧仮名	NDC 312 368 561	https://www.aozora.gr.jp/cards/000525/files/43240_ruby_24027.zip
043241	鉄窓の歌	木下	尚江	新字旧仮名	NDC 312 911	https://www.aozora.gr.jp/cards/000525/files/43241_txt_24028.zip
043242	役人学三則	末弘	厳太郎	新字新仮名	NDC 320	https://www.aozora.gr.jp/cards/000922/files/43242_txt_17309.zip
043269	ある僧の奇蹟	田山	花袋	新字旧仮名	NDC 913	https://www.aozora.gr.jp/cards/000214/files/43269_ruby_16037.zip
043273	「二銭銅貨」を読む	小酒井	不木	新字新仮名	NDC 914	https://www.aozora.gr.jp/cards/000262/files/43273_ruby_16696.zip
043276	妾の半生涯	福田	英子	新字新仮名	NDC 289	https://www.aozora.gr.jp/cards/000057/files/43276_ruby_16767.zip
043291	省察	デカルト	ルネ	新字新仮名	NDC 135	https://www.aozora.gr.jp/cards/001029/files/43291_ruby_20925.zip
043297	武州公秘話	正宗	白鳥	新字新仮名	NDC 913 914	https://www.aozora.gr.jp/cards/001581/files/43297_ruby_60004.zip
043411	兎と猫	井上	紅梅	新字新仮名	NDC 923	https://www.aozora.gr.jp/cards/001124/files/43411_ruby_31028.zip
043412	鴨の喜劇	井上	紅梅	新字新仮名	NDC 923	https://www.aozora.gr.jp/cards/001124/files/43412_ruby_26842.zip
043413	白光	井上	紅梅	新字新仮名	NDC 923	https://www.aozora.gr.jp/cards/001124/files/43413_ruby_22450.zip
043414	不周山	井上	紅梅	新字新仮名	NDC 923	https://www.aozora.gr.jp/cards/001124/files/43414_ruby_26843.zip
043415	村芝居	井上	紅梅	新字新仮名	NDC 923	https://www.aozora.gr.jp/cards/001124/files/43415_ruby_16368.zip
043417	私の竜之助感	沢田	正二郎	旧字旧仮名	NDC 914	https://www.aozora.gr.jp/cards/001141/files/43417_txt_15905.zip
043418	絶景万国博覧会	小栗	虫太郎	新字新仮名	NDC 913	https://www.aozora.gr.jp/cards/000125/files/43418_ruby_16703.zip
043419	花束の虫	大阪	圭吉	新字新仮名	NDC 913	https://www.aozora.gr.jp/cards/000236/files/43419_ruby_16574.zip
043420	血液型殺人事件	甲賀	三郎	新字新仮名	NDC 913	https://www.aozora.gr.jp/cards/000260/files/43420_ruby_16757.zip
043421	両面競牡丹	酒井	嘉七	新字新仮名	NDC 913	https://www.aozora.gr.jp/cards/001142/files/43421_ruby_21643.zip
043422	陳情書	西尾	正	新字新仮名	NDC 913	https://www.aozora.gr.jp/cards/001143/files/43422_ruby_23689.zip
043425	足の裏	蘭	郁二郎	新字新仮名	NDC 913	https://www.aozora.gr.jp/cards/000325/files/43425_ruby_24858.zip
043426	穴	蘭	郁二郎	新字新仮名	NDC 913	https://www.aozora.gr.jp/cards/000325/files/43426_ruby_24859.zip
043427	息を止める男	蘭	郁二郎	新字新仮名	NDC 913	https://www.aozora.gr.jp/cards/000325/files/43427_ruby_24860.zip
043428	腐った蜉蝣	蘭	郁二郎	新字新仮名	NDC 913	https://www.aozora.gr.jp/cards/000325/files/43428_ruby_24861.zip
043429	幻聴	蘭	郁二郎	新字新仮名	NDC 913	https://www.aozora.gr.jp/cards/000325/files/43429_ruby_24862.zip
043430	孤独	蘭	郁二郎	新字新仮名	NDC 913	https://www.aozora.gr.jp/cards/000325/files/43430_ruby_24863.zip
043431	舌打する	蘭	郁二郎	新字新仮名	NDC 913	https://www.aozora.gr.jp/cards/000325/files/43431_ruby_24865.zip
043432	植物人間	蘭	郁二郎	新字新仮名	NDC 913	https://www.aozora.gr.jp/cards/000325/files/43432_ruby_24866.zip
043440	国民と思想	北村	透谷	新字旧仮名	NDC 121 914	https://www.aozora.gr.jp/cards/000157/files/43440_ruby_16668.zip
043441	実行的道徳	北村	透谷	新字旧仮名	NDC 191	https://www.aozora.gr.jp/cards/000157/files/43441_ruby_16667.zip
043442	徳川氏時代の平民的理想	北村	透谷	新字旧仮名	NDC 914	https://www.aozora.gr.jp/cards/000157/files/43442_ruby_16665.zip
043443	内部生命論	北村	透谷	新字旧仮名	NDC 914	https://www.aozora.gr.jp/cards/000157/files/43443_ruby_16666.zip
043444	復讐・戦争・自殺	北村	透谷	新字旧仮名	NDC 914	https://www.aozora.gr.jp/cards/000157/files/43444_ruby_16664.zip
043445	明治文学管見	北村	透谷	新字旧仮名	NDC 910	https://www.aozora.gr.jp/cards/000157/files/43445_ruby_17616.zip
043448	英雄論	山路	愛山	新字旧仮名	NDC 310	https://www.aozora.gr.jp/cards/000837/files/43448_ruby_23346.zip
043449	北村透谷君	山路	愛山	新字旧仮名	NDC 914	https://www.aozora.gr.jp/cards/000837/files/43449_ruby_22395.zip
043450	信仰個条なかるべからず	山路	愛山	新字旧仮名	NDC 190	https://www.aozora.gr.jp/cards/000837/files/43450_ruby_23350.zip
043451	透谷全集を読む	山路	愛山	新字旧仮名	NDC 914	https://www.aozora.gr.jp/cards/000837/files/43451_ruby_22396.zip
043452	明治文学史	山路	愛山	新字旧仮名	NDC 910	https://www.aozora.gr.jp/cards/000837/files/43452_ruby_23348.zip
043453	支那近世の国粋主義	狩野	直喜	旧字旧仮名	NDC 222	https://www.aozora.gr.jp/cards/001127/files/43453_ruby_23962.zip
043454	山庵雑記	北村	透谷	新字旧仮名	NDC 914	https://www.aozora.gr.jp/cards/000157/files/43454_ruby_17615.zip
043455	人生に相渉るとは何の謂ぞ	北村	透谷	新字旧仮名	NDC 914	https://www.aozora.gr.jp/cards/000157/files/43455_ruby_17614.zip
043456	「平和」発行之辞	北村	透谷	新字旧仮名	NDC 914	https://www.aozora.gr.jp/cards/000157/files/43456_ruby_17613.zip
043463	生活と一枚の宗教	倉田	百三	新字新仮名	NDC 180	https://www.aozora.gr.jp/cards/000256/files/43463_ruby_49890.zip
043465	芸術上の心得	倉田	百三	新字新仮名	NDC 159 917	https://www.aozora.gr.jp/cards/000256/files/43465_ruby_17185.zip
043482	想断々（１）	北村	透谷	新字旧仮名	NDC 914	https://www.aozora.gr.jp/cards/000157/files/43482_ruby_16180.zip
043483	想断々（２）	北村	透谷	新字旧仮名	NDC 914	https://www.aozora.gr.jp/cards/000157/files/43483_ruby_16181.zip
043484	頑執妄排の弊	北村	透谷	新字旧仮名	NDC 914	https://www.aozora.gr.jp/cards/000157/files/43484_ruby_16178.zip
043485	人生の意義	北村	透谷	新字旧仮名	NDC 914	https://www.aozora.gr.jp/cards/000157/files/43485_ruby_16179.zip
043486	賤事業弁	北村	透谷	新字旧仮名	NDC 910	https://www.aozora.gr.jp/cards/000157/files/43486_ruby_16185.zip
043487	熱意	北村	透谷	新字旧仮名	NDC 914	https://www.aozora.gr.jp/cards/000157/files/43487_ruby_16182.zip
043490	詩人論	山路	愛山	新字旧仮名	NDC 901	https://www.aozora.gr.jp/cards/000837/files/43490_ruby_23349.zip
043491	凡神的唯心的傾向に就て	山路	愛山	新字旧仮名	NDC 914	https://www.aozora.gr.jp/cards/000837/files/43491_ruby_23347.zip
043492	唯心的、凡神的傾向に就て（承前）	山路	愛山	新字旧仮名	NDC 914	https://www.aozora.gr.jp/cards/000837/files/43492_ruby_23351.zip
043496	金の十字架の呪い	チェスタートン	ギルバート・キース	新字新仮名	NDC 933	https://www.aozora.gr.jp/cards/001123/files/43496_ruby_16369.zip
043497	株式仲買店々員	ドイル	アーサー・コナン	新字新仮名	NDC K933	https://www.aozora.gr.jp/cards/000009/files/43497_ruby_16274.zip
043498	グロリア・スコット号	ドイル	アーサー・コナン	新字新仮名	NDC K933	https://www.aozora.gr.jp/cards/000009/files/43498_ruby_16423.zip
043508	磯馴松	清水	紫琴	新字旧仮名	NDC 913	https://www.aozora.gr.jp/cards/001146/files/43508_ruby_16522.zip
043509	一青年異様の述懐	清水	紫琴	新字旧仮名	NDC 913	https://www.aozora.gr.jp/cards/001146/files/43509_ruby_16523.zip
043510	今様夫婦気質	清水	紫琴	新字旧仮名	NDC 913	https://www.aozora.gr.jp/cards/001146/files/43510_ruby_16524.zip
043511	移民学園	清水	紫琴	新字旧仮名	NDC 913	https://www.aozora.gr.jp/cards/001146/files/43511_ruby_16525.zip
043512	葛のうら葉	清水	紫琴	新字旧仮名	NDC 913	https://www.aozora.gr.jp/cards/001146/files/43512_ruby_16526.zip
043513	心の鬼	清水	紫琴	新字旧仮名	NDC 913	https://www.aozora.gr.jp/cards/001146/files/43513_ruby_16527.zip
043514	小むすめ	清水	紫琴	新字旧仮名	NDC 913	https://www.aozora.gr.jp/cards/001146/files/43514_ruby_16528.zip
043515	こわれ指環	清水	紫琴	新字旧仮名	NDC 913	https://www.aozora.gr.jp/cards/001146/files/43515_ruby_16529.zip
043516	したゆく水	清水	紫琴	新字旧仮名	NDC 913	https://www.aozora.gr.jp/cards/001146/files/43516_ruby_16530.zip
043517	誰が罪	清水	紫琴	新字旧仮名	NDC 913	https://www.aozora.gr.jp/cards/001146/files/43517_ruby_16531.zip
043518	当世二人娘	清水	紫琴	新字旧仮名	NDC 913	https://www.aozora.gr.jp/cards/001146/files/43518_ruby_16532.zip
043519	野路の菊	清水	紫琴	新字旧仮名	NDC 913	https://www.aozora.gr.jp/cards/001146/files/43519_ruby_16533.zip
043520	もつれ糸	清水	紫琴	新字旧仮名	NDC 913	https://www.aozora.gr.jp/cards/001146/files/43520_ruby_16534.zip
043522	空家の冒険	ドイル	アーサー・コナン	新字新仮名	NDC K933	https://www.aozora.gr.jp/cards/000009/files/43522_ruby_16831.zip
043523	自転車嬢の危難	ドイル	アーサー・コナン	新字新仮名	NDC K933	https://www.aozora.gr.jp/cards/000009/files/43523_ruby_17190.zip
043524	入院患者	ドイル	アーサー・コナン	新字新仮名	NDC K933	https://www.aozora.gr.jp/cards/000009/files/43524_ruby_16422.zip
043526	一商人として 	相馬	愛蔵	新字新仮名	NDC 670	https://www.aozora.gr.jp/cards/001147/files/43526_ruby_20997.zip
043527	私の小売商道	相馬	愛蔵	新字新仮名	NDC 673	https://www.aozora.gr.jp/cards/001147/files/43527_ruby_17326.zip
043528	ことばのうみのおくがき	大槻	文彦	旧字旧仮名	NDC 813 914	https://www.aozora.gr.jp/cards/000457/files/43528_txt_17117.zip
043529	ヴィタミン研究の回顧	鈴木	梅太郎	旧字旧仮名	NDC 499	https://www.aozora.gr.jp/cards/000957/files/43529_txt_16742.zip
043540	探偵物語の処女作	黒岩	涙香	新字新仮名	NDC 914	https://www.aozora.gr.jp/cards/000179/files/43540_ruby_16695.zip
043541	ドイルを宗とす	甲賀	三郎	新字新仮名	NDC 914	https://www.aozora.gr.jp/cards/000260/files/43541_ruby_16694.zip
043550	人口論	マルサス	トマス・ロバート	新字新仮名	NDC 331 334	https://www.aozora.gr.jp/cards/001149/files/43550_ruby_17062.zip
043551	人口論	マルサス	トマス・ロバート	新字新仮名	NDC 331 334	https://www.aozora.gr.jp/cards/001149/files/43551_ruby_17188.zip
043552	手品師	久米	正雄	新字旧仮名	NDC 913	https://www.aozora.gr.jp/cards/001151/files/43552_ruby_23983.zip
043553	良友悪友	久米	正雄	新字旧仮名	NDC 913	https://www.aozora.gr.jp/cards/001151/files/43553_ruby_23982.zip
043554	金剛智三蔵と将軍米准那	榊	亮三郎	旧字旧仮名	NDC 188	https://www.aozora.gr.jp/cards/001096/files/43554_ruby_29725.zip
043555	頸飾り	辻	潤	新字新仮名	NDC 953	https://www.aozora.gr.jp/cards/000903/files/43555_ruby_70057.zip
043557	怪しの館	国枝	史郎	新字新仮名	NDC 913	https://www.aozora.gr.jp/cards/000255/files/43557_ruby_16981.zip
043558	一枚絵の女	国枝	史郎	新字新仮名	NDC 913	https://www.aozora.gr.jp/cards/000255/files/43558_ruby_16984.zip
043559	犬神娘	国枝	史郎	新字新仮名	NDC 913	https://www.aozora.gr.jp/cards/000255/files/43559_ruby_16985.zip
043560	開運の鼓	国枝	史郎	新字新仮名	NDC 913	https://www.aozora.gr.jp/cards/000255/files/43560_ruby_16980.zip
043561	猿ヶ京片耳伝説	国枝	史郎	新字新仮名	NDC 913	https://www.aozora.gr.jp/cards/000255/files/43561_ruby_16986.zip
043562	日置流系図	国枝	史郎	新字新仮名	NDC 913	https://www.aozora.gr.jp/cards/000255/files/43562_ruby_16982.zip
043563	北斎と幽霊	国枝	史郎	新字新仮名	NDC 913	https://www.aozora.gr.jp/cards/000255/files/43563_ruby_16983.zip
043566	怪しの者	国枝	史郎	新字新仮名	NDC 913	https://www.aozora.gr.jp/cards/000255/files/43566_ruby_17015.zip
043567	生死卍巴	国枝	史郎	新字新仮名	NDC 913	https://www.aozora.gr.jp/cards/000255/files/43567_ruby_17523.zip
043571	プランク先生の憶い出	長岡	半太郎	旧字旧仮名	NDC 420 914	https://www.aozora.gr.jp/cards/001153/files/43571_txt_23431.zip
043579	時計とステッキ	岸田	国士	新字旧仮名	NDC 914	https://www.aozora.gr.jp/cards/001154/files/43579_ruby_17329.zip
043580	舞台の言葉	岸田	国士	新字旧仮名	NDC 770 914	https://www.aozora.gr.jp/cards/001154/files/43580_ruby_17331.zip
043581	方言について	岸田	国士	新字旧仮名	NDC 914	https://www.aozora.gr.jp/cards/001154/files/43581_txt_17343.zip
043582	物言う術	岸田	国士	新字旧仮名	NDC 770 914	https://www.aozora.gr.jp/cards/001154/files/43582_ruby_17333.zip
043583	朱欒の花のさく頃	杉田	久女	新字新仮名	NDC 914	https://www.aozora.gr.jp/cards/000606/files/43583_ruby_16714.zip
043584	赤格子九郎右衛門	国枝	史郎	新字新仮名	NDC 913	https://www.aozora.gr.jp/cards/000255/files/43584_ruby_17063.zip
043585	天草四郎の妖術	国枝	史郎	新字新仮名	NDC 913	https://www.aozora.gr.jp/cards/000255/files/43585_ruby_17101.zip
043591	大正女流俳句の近代的特色	杉田	久女	新字新仮名	NDC 911	https://www.aozora.gr.jp/cards/000606/files/43591_ruby_16918.zip
043592	英彦山に登る	杉田	久女	新字新仮名	NDC 915	https://www.aozora.gr.jp/cards/000606/files/43592_ruby_16917.zip
043593	暖地の冬から山国の春へ	岸田	国士	新字旧仮名	NDC 914	https://www.aozora.gr.jp/cards/001154/files/43593_txt_17342.zip
043594	時　処　人	岸田	国士	新字新仮名	NDC 914	https://www.aozora.gr.jp/cards/001154/files/43594_ruby_17328.zip
043595	美談附近	岸田	国士	新字旧仮名	NDC 914	https://www.aozora.gr.jp/cards/001154/files/43595_ruby_17330.zip
043596	博物誌あとがき	岸田	国士	新字新仮名	NDC 954	https://www.aozora.gr.jp/cards/001154/files/43596_ruby_50774.zip
043598	桜の園	神西	清	新字新仮名	NDC 982	https://www.aozora.gr.jp/cards/001155/files/43598_ruby_37530.zip
043603	博物誌	岸田	国士	新字新仮名	NDC 954	https://www.aozora.gr.jp/cards/001156/files/43603_ruby_48015.zip
043605	愛人と厭人	宮原	晃一郎	新字旧仮名	NDC 914	https://www.aozora.gr.jp/cards/000809/files/43605_ruby_29583.zip
043606	自殺を買う話	橋本	五郎	新字新仮名	NDC 913	https://www.aozora.gr.jp/cards/000900/files/43606_ruby_17004.zip
043607	頭と足	平林	初之輔	新字新仮名	NDC 913	https://www.aozora.gr.jp/cards/000221/files/43607_ruby_17005.zip
043608	獅子は死せるに非ず	小栗	虫太郎	新字新仮名	NDC 914	https://www.aozora.gr.jp/cards/000125/files/43608_ruby_16999.zip
043609	段梯子の恐怖	小酒井	不木	新字新仮名	NDC 913	https://www.aozora.gr.jp/cards/000262/files/43609_ruby_17000.zip
043615	鷲の巣	ビョルンソン	ビョルンステェルネ	旧字旧仮名	NDC 949	https://www.aozora.gr.jp/cards/001158/files/43615_ruby_29587.zip
043620	方子と末起	小栗	虫太郎	新字新仮名	NDC 913	https://www.aozora.gr.jp/cards/000125/files/43620_ruby_16749.zip
043623	「味の素」発明の動機	池田	菊苗	新字旧仮名	NDC 588	https://www.aozora.gr.jp/cards/001160/files/43623_txt_16740.zip
043624	明治人物月旦（抄）	鳥谷部	春汀	旧字旧仮名	NDC 281	https://www.aozora.gr.jp/cards/001161/files/43624_ruby_28995.zip
043634	人柱の話	南方	熊楠	旧字旧仮名	NDC 384	https://www.aozora.gr.jp/cards/000093/files/43634_txt_35018.zip
043635	「ファン」について	伊丹	万作	新字新仮名	NDC 778	https://www.aozora.gr.jp/cards/000231/files/43635_txt_25992.zip
043636	映画と音楽	伊丹	万作	新字新仮名	NDC 778 914	https://www.aozora.gr.jp/cards/000231/files/43636_txt_27452.zip
043637	余裕のことなど	伊丹	万作	新字新仮名	NDC 914	https://www.aozora.gr.jp/cards/000231/files/43637_ruby_27458.zip
043638	わが妻の記	伊丹	万作	新字新仮名	NDC 914	https://www.aozora.gr.jp/cards/000231/files/43638_txt_27457.zip
043639	私の活動写真傍観史	伊丹	万作	新字新仮名	NDC 778	https://www.aozora.gr.jp/cards/000231/files/43639_ruby_40640.zip
043640	カタカナニツイテ	伊丹	万作	新字新仮名	NDC 811	https://www.aozora.gr.jp/cards/000231/files/43640_txt_25990.zip
043641	カメラに関する覚え書	伊丹	万作	新字新仮名	NDC 778	https://www.aozora.gr.jp/cards/000231/files/43641_txt_25991.zip
043642	ルネ・クレール私見	伊丹	万作	新字新仮名	NDC 778 914	https://www.aozora.gr.jp/cards/000231/files/43642_txt_27455.zip
043643	物理学革新の一つの尖端	長岡	半太郎	旧字旧仮名	NDC 421 914	https://www.aozora.gr.jp/cards/001153/files/43643_ruby_23430.zip
043644	犬を連れた奥さん	神西	清	新字新仮名	NDC 983	https://www.aozora.gr.jp/cards/001155/files/43644_ruby_29258.zip
043645	可愛い女	神西	清	新字新仮名	NDC 983	https://www.aozora.gr.jp/cards/001155/files/43645_ruby_29266.zip
043646	雪の宿り	神西	清	新字新仮名	NDC 913	https://www.aozora.gr.jp/cards/001157/files/43646_ruby_29127.zip
043647	イオーヌィチ	神西	清	新字新仮名	NDC 983	https://www.aozora.gr.jp/cards/001155/files/43647_ruby_29260.zip
043648	ヤトラカン・サミ博士の椅子	牧	逸馬	新字新仮名	NDC 913	https://www.aozora.gr.jp/cards/000304/files/43648_ruby_27995.zip
043649	死屍を食う男	葉山	嘉樹	新字新仮名	NDC 913	https://www.aozora.gr.jp/cards/000031/files/43649_ruby_28945.zip
043650	幸福な家庭	井上	紅梅	新字新仮名	NDC 923	https://www.aozora.gr.jp/cards/001124/files/43650_ruby_17189.zip
043651	狂女	秋田	滋	新字新仮名	NDC 953	https://www.aozora.gr.jp/cards/000903/files/43651_ruby_17720.zip
043652	墓	秋田	滋	新字新仮名	NDC 953	https://www.aozora.gr.jp/cards/000903/files/43652_ruby_17721.zip
043653	紅毛傾城	小栗	虫太郎	新字新仮名	NDC 913	https://www.aozora.gr.jp/cards/000125/files/43653_ruby_17153.zip
043654	アブセンス・オブ・マインド	西田	幾多郎	新字新仮名	NDC 121	https://www.aozora.gr.jp/cards/000182/files/43654_ruby_21728.zip
043655	或教授の退職の辞	西田	幾多郎	新字新仮名	NDC 121	https://www.aozora.gr.jp/cards/000182/files/43655_ruby_21729.zip
043656	潜航艇「鷹の城」	小栗	虫太郎	新字新仮名	NDC 913	https://www.aozora.gr.jp/cards/000125/files/43656_ruby_24010.zip
043657	NIELS BOHR	仁科	芳雄	旧字旧仮名	NDC 289 420	https://www.aozora.gr.jp/cards/001163/files/43657_txt_30076.zip
043658	大阪といふところ	長岡	半太郎	旧字旧仮名	NDC 914	https://www.aozora.gr.jp/cards/001153/files/43658_txt_23429.zip
043669	黄金の腕環	押川	春浪	新字新仮名	NDC K913	https://www.aozora.gr.jp/cards/000077/files/43669_ruby_19281.zip
043670	経済学及び課税の諸原理	吉田	秀夫	新字新仮名	NDC 331	https://www.aozora.gr.jp/cards/001164/files/43670_ruby_18588.zip
043672	婚姻の媒酌	榊	亮三郎	旧字旧仮名	NDC 385	https://www.aozora.gr.jp/cards/001096/files/43672_ruby_29724.zip
043675	自警録	新渡戸	稲造	新字新仮名	NDC 159	https://www.aozora.gr.jp/cards/000718/files/43675_ruby_38365.zip
043677	一週一夜物語	小栗	虫太郎	新字新仮名	NDC 913	https://www.aozora.gr.jp/cards/000125/files/43677_ruby_32276.zip
043678	地虫	小栗	虫太郎	新字新仮名	NDC 913	https://www.aozora.gr.jp/cards/000125/files/43678_ruby_49645.zip
043681	一つのエチケット	松濤	明	新字新仮名	NDC 291 786	https://www.aozora.gr.jp/cards/000307/files/43681_ruby_17722.zip
043682	再び山へ	松濤	明	新字新仮名	NDC 291 786	https://www.aozora.gr.jp/cards/000307/files/43682_ruby_17754.zip
043683	ピークハンティングに帰れ	松濤	明	新字新仮名	NDC 291 786	https://www.aozora.gr.jp/cards/000307/files/43683_ruby_17724.zip
043684	独房	小林	多喜二	新字新仮名	NDC 913	https://www.aozora.gr.jp/cards/000156/files/43684_ruby_24734.zip
043685	母たち	小林	多喜二	新字新仮名	NDC 913	https://www.aozora.gr.jp/cards/000156/files/43685_ruby_16970.zip
043686	俊寛	倉田	百三	新字新仮名	NDC 912	https://www.aozora.gr.jp/cards/000256/files/43686_ruby_24195.zip
043688	閑人詩話	河上	肇	新字旧仮名	NDC 914 919	https://www.aozora.gr.jp/cards/000250/files/43688_ruby_31856.zip
043702	二都物語	佐々木	直次郎	新字新仮名	NDC 933	https://www.aozora.gr.jp/cards/000914/files/43702_ruby_18430.zip
043703	株式会社科学研究所の使命 	仁科	芳雄	旧字旧仮名	NDC 407	https://www.aozora.gr.jp/cards/001163/files/43703_txt_19898.zip
043704	国際学術会議への旅	仁科	芳雄	旧字旧仮名	NDC 406 914	https://www.aozora.gr.jp/cards/001163/files/43704_txt_20589.zip
043705	国民の人格向上と科学技術 	仁科	芳雄	旧字旧仮名	NDC 401	https://www.aozora.gr.jp/cards/001163/files/43705_txt_19899.zip
043706	日本再建と科学	仁科	芳雄	旧字旧仮名	NDC 401	https://www.aozora.gr.jp/cards/001163/files/43706_txt_19928.zip
043707	ユネスコと科学	仁科	芳雄	旧字旧仮名	NDC 329 401	https://www.aozora.gr.jp/cards/001163/files/43707_txt_19897.zip
043711	調査機関	中井	正一	新字新仮名	NDC 307	https://www.aozora.gr.jp/cards/001166/files/43711_txt_18177.zip
043712	図書館に生きる道	中井	正一	新字新仮名	NDC 010	https://www.aozora.gr.jp/cards/001166/files/43712_txt_18178.zip
043713	図書館の未来像	中井	正一	新字新仮名	NDC 010	https://www.aozora.gr.jp/cards/001166/files/43713_ruby_18179.zip
043714	二十世紀の頂における図書館の意味	中井	正一	新字新仮名	NDC 010	https://www.aozora.gr.jp/cards/001166/files/43714_txt_18180.zip
043720	閉戸閑詠	河上	肇	新字旧仮名	NDC 911 919	https://www.aozora.gr.jp/cards/000250/files/43720_ruby_31854.zip
043723	「焚書時代」の出現	中井	正一	新字新仮名	NDC 010	https://www.aozora.gr.jp/cards/001166/files/43723_txt_18702.zip
043724	生まれ変った赤坂離宮	中井	正一	新字新仮名	NDC 016 914	https://www.aozora.gr.jp/cards/001166/files/43724_txt_18695.zip
043725	国立国会図書館について	中井	正一	新字新仮名	NDC 011 016	https://www.aozora.gr.jp/cards/001166/files/43725_txt_18696.zip
043726	知識と政治との遊離	中井	正一	新字新仮名	NDC 310	https://www.aozora.gr.jp/cards/001166/files/43726_txt_18697.zip
043727	地方文化運動報告	中井	正一	新字新仮名	NDC 011	https://www.aozora.gr.jp/cards/001166/files/43727_txt_18698.zip
043728	図書館法楽屋話	中井	正一	新字新仮名	NDC 011	https://www.aozora.gr.jp/cards/001166/files/43728_txt_18699.zip
043729	図書館法の成立	中井	正一	新字新仮名	NDC 011	https://www.aozora.gr.jp/cards/001166/files/43729_txt_18700.zip
043730	野に山にかかる虹の橋	中井	正一	新字新仮名	NDC 010	https://www.aozora.gr.jp/cards/001166/files/43730_txt_18701.zip
043731	民族の血管	中井	正一	新字新仮名	NDC 023	https://www.aozora.gr.jp/cards/001166/files/43731_txt_18703.zip
043739	夢は呼び交す	蒲原	有明	新字新仮名	NDC 913	https://www.aozora.gr.jp/cards/001055/files/43739_ruby_28306.zip
043740	新疆所感	日野	強	新字新仮名	NDC 292	https://www.aozora.gr.jp/cards/001167/files/43740_txt_29588.zip
043743	荒磯の興味	佐藤	惣之助	新字新仮名	NDC 787	https://www.aozora.gr.jp/cards/000577/files/43743_ruby_17251.zip
043775	俺の記	尾崎	放哉	新字旧仮名	NDC 914	https://www.aozora.gr.jp/cards/000195/files/43775_ruby_25014.zip
043776	北朗来庵	尾崎	放哉	新字旧仮名	NDC 914	https://www.aozora.gr.jp/cards/000195/files/43776_txt_24962.zip
043777	入庵雑記	尾崎	放哉	新字旧仮名	NDC 914	https://www.aozora.gr.jp/cards/000195/files/43777_ruby_24961.zip
043778	科学的新聞記者	桐生	悠々	新字新仮名	NDC 070	https://www.aozora.gr.jp/cards/000535/files/43778_txt_18653.zip
043779	煎じ詰めれば	桐生	悠々	新字新仮名	NDC 914	https://www.aozora.gr.jp/cards/000535/files/43779_txt_17348.zip
043782	山の秋	高村	光太郎	新字新仮名	NDC 914	https://www.aozora.gr.jp/cards/001168/files/43782_ruby_25589.zip
043783	山の春	高村	光太郎	新字新仮名	NDC 914	https://www.aozora.gr.jp/cards/001168/files/43783_ruby_25590.zip
043784	山の雪	高村	光太郎	新字新仮名	NDC 914	https://www.aozora.gr.jp/cards/001168/files/43784_ruby_25591.zip
043785	現代訳論語	下村	湖人	新字新仮名	NDC 123	https://www.aozora.gr.jp/cards/001097/files/43785_ruby_58793.zip
043789	次郎物語	下村	湖人	新字新仮名	NDC 913	https://www.aozora.gr.jp/cards/001097/files/43789_ruby_21003.zip
043790	次郎物語	下村	湖人	新字新仮名	NDC 913	https://www.aozora.gr.jp/cards/001097/files/43790_ruby_20882.zip
043791	次郎物語	下村	湖人	新字新仮名	NDC 913	https://www.aozora.gr.jp/cards/001097/files/43791_ruby_21659.zip
043792	次郎物語	下村	湖人	新字新仮名	NDC 913	https://www.aozora.gr.jp/cards/001097/files/43792_ruby_21947.zip
043794	「有明集」前後	蒲原	有明	旧字旧仮名	NDC 916	https://www.aozora.gr.jp/cards/001055/files/43794_txt_17945.zip
043795	仙人掌と花火の鑑賞	蒲原	有明	旧字旧仮名	NDC 914	https://www.aozora.gr.jp/cards/001055/files/43795_txt_17946.zip
043796	枕上浮雲	河上	肇	新字旧仮名	NDC 911 915	https://www.aozora.gr.jp/cards/000250/files/43796_ruby_31855.zip
043797	支那人心の新傾向	狩野	直喜	旧字旧仮名	NDC 122	https://www.aozora.gr.jp/cards/001127/files/43797_txt_33448.zip
043798	祭原教授文	狩野	直喜	旧字旧仮名	NDC 122	https://www.aozora.gr.jp/cards/001127/files/43798_txt_35146.zip
043799	競漕	久米	正雄	新字新仮名	NDC 913	https://www.aozora.gr.jp/cards/001151/files/43799_ruby_24134.zip
043804	双面神	岸田	国士	新字旧仮名	NDC 913	https://www.aozora.gr.jp/cards/001154/files/43804_ruby_66258.zip
043805	落葉日記	岸田	国士	新字旧仮名	NDC 913	https://www.aozora.gr.jp/cards/001154/files/43805_ruby_64015.zip
043807	泉	岸田	国士	新字旧仮名	NDC 913	https://www.aozora.gr.jp/cards/001154/files/43807_ruby_48278.zip
043810	馬鈴薯からトマト迄	石川	三四郎	新字旧仮名	NDC 610	https://www.aozora.gr.jp/cards/001170/files/43810_ruby_25598.zip
043811	農民自治の理論と実際	石川	三四郎	新字旧仮名	NDC 121 610	https://www.aozora.gr.jp/cards/001170/files/43811_ruby_25597.zip
043812	百姓日記	石川	三四郎	新字旧仮名	NDC 610	https://www.aozora.gr.jp/cards/001170/files/43812_ruby_25600.zip
043814	「壇」の解体	中井	正一	新字新仮名	NDC 701	https://www.aozora.gr.jp/cards/001166/files/43814_ruby_34574.zip
043816	生きている空間	中井	正一	新字新仮名	NDC 701	https://www.aozora.gr.jp/cards/001166/files/43816_ruby_34575.zip
043820	レンズとフィルム	中井	正一	新字新仮名	NDC 778	https://www.aozora.gr.jp/cards/001166/files/43820_ruby_37848.zip
043824	物理的集団的性格	中井	正一	新字新仮名	NDC 701	https://www.aozora.gr.jp/cards/001166/files/43824_ruby_57524.zip
043836	日本国見在書目録に就いて	狩野	直喜	旧字旧仮名	NDC 027 122	https://www.aozora.gr.jp/cards/001127/files/43836_txt_35145.zip
043837	ある自殺者の手記	秋田	滋	新字新仮名	NDC 953	https://www.aozora.gr.jp/cards/000903/files/43837_ruby_21727.zip
043840	光り合ういのち	倉田	百三	新字新仮名	NDC 913	https://www.aozora.gr.jp/cards/000256/files/43840_ruby_48376.zip
043841	貝殻追放	水上	滝太郎	旧字旧仮名	NDC 914	https://www.aozora.gr.jp/cards/000800/files/43841_txt_17619.zip
043846	すべてを得るは難し	岸田	国士	新字旧仮名	NDC 913	https://www.aozora.gr.jp/cards/001154/files/43846_ruby_69499.zip
043847	花問答	岸田	国士	新字旧仮名	NDC 913	https://www.aozora.gr.jp/cards/001154/files/43847_ruby_70385.zip
043848	火の扉	岸田	国士	新字新仮名	NDC 913	https://www.aozora.gr.jp/cards/001154/files/43848_ruby_49056.zip
043849	この握りめし	岸田	国士	新字新仮名	NDC 913	https://www.aozora.gr.jp/cards/001154/files/43849_ruby_45001.zip
043850	緑の星	岸田	国士	新字旧仮名	NDC 913	https://www.aozora.gr.jp/cards/001154/files/43850_ruby_45002.zip
043865	足利時代を論ず	原	勝郎	旧字旧仮名	NDC 210	https://www.aozora.gr.jp/cards/001037/files/43865_txt_37099.zip
043866	初雪	秋田	滋	新字新仮名	NDC 953	https://www.aozora.gr.jp/cards/000903/files/43866_ruby_18652.zip
043867	おばあさん	ささき	ふさ	旧字旧仮名	NDC 913	https://www.aozora.gr.jp/cards/000911/files/43867_ruby_32196.zip
043868	映画と民族性	伊丹	万作	新字新仮名	NDC 778 914	https://www.aozora.gr.jp/cards/000231/files/43868_ruby_27451.zip
043869	映画の普及力とは	伊丹	万作	新字新仮名	NDC 778 914	https://www.aozora.gr.jp/cards/000231/files/43869_ruby_27450.zip
043870	思い	伊丹	万作	新字新仮名	NDC 778 914	https://www.aozora.gr.jp/cards/000231/files/43870_ruby_27454.zip
043874	塩原多助一代記	三遊亭	円朝	新字新仮名	NDC 779 913	https://www.aozora.gr.jp/cards/000989/files/43874_ruby_42311.zip
043875	吾妻鏡の性質及其史料としての価値	原	勝郎	旧字旧仮名	NDC 210	https://www.aozora.gr.jp/cards/001037/files/43875_txt_37098.zip
044423	もみの木	アンデルセン	ハンス・クリスチャン	新字新仮名	NDC K949	https://www.aozora.gr.jp/cards/000019/files/44423_ruby_20868.zip
044427	日本史上の奥州	原	勝郎	旧字旧仮名	NDC 210 212	https://www.aozora.gr.jp/cards/001037/files/44427_txt_37100.zip
044723	助五郎余罪	牧	逸馬	新字新仮名	NDC 913	https://www.aozora.gr.jp/cards/000304/files/44723_ruby_18795.zip
044724	夜汽車	牧	逸馬	新字新仮名	NDC 913	https://www.aozora.gr.jp/cards/000304/files/44724_ruby_18796.zip
044904	フランケンシュタイン	シェリー	メアリー・ウォルストンクラフト	新字新仮名	NDC 933	https://www.aozora.gr.jp/cards/001176/files/44904_ruby_35453.zip
044905	狂言綺語	蒲原	有明	旧字旧仮名	NDC 914	https://www.aozora.gr.jp/cards/001055/files/44905_txt_20371.zip
044906	長谷川二葉亭	蒲原	有明	旧字旧仮名	NDC 914	https://www.aozora.gr.jp/cards/001055/files/44906_txt_20373.zip
044909	アイヌ神謡集	作者不詳		新字新仮名	NDC 929	https://www.aozora.gr.jp/cards/001529/files/44909_ruby_29000.zip
044910	桜花を詠める句	杉田	久女	新字新仮名	NDC 911	https://www.aozora.gr.jp/cards/000606/files/44910_txt_22300.zip
044911	女流俳句を味読す	杉田	久女	新字新仮名	NDC 911	https://www.aozora.gr.jp/cards/000606/files/44911_ruby_22301.zip
044912	梟啼く	杉田	久女	新字新仮名	NDC 914	https://www.aozora.gr.jp/cards/000606/files/44912_ruby_22302.zip
044913	行乞記	種田	山頭火	新字旧仮名	NDC 915	https://www.aozora.gr.jp/cards/000146/files/44913_ruby_29505.zip
044914	四国遍路日記	種田	山頭火	新字新仮名	NDC 915	https://www.aozora.gr.jp/cards/000146/files/44914_ruby_18616.zip
044920	〈美しい王子様のおせなかに〉	村山	籌子	新字旧仮名	NDC K911	https://www.aozora.gr.jp/cards/001172/files/44920_ruby_41421.zip
044921	コイヌ	村山	籌子	新字旧仮名	NDC K911	https://www.aozora.gr.jp/cards/001172/files/44921_txt_41427.zip
044922	〈おかみさん〉	村山	籌子	新字旧仮名	NDC K911	https://www.aozora.gr.jp/cards/001172/files/44922_txt_41422.zip
044923	あめやさん	村山	籌子	新字旧仮名	NDC K911	https://www.aozora.gr.jp/cards/001172/files/44923_txt_41420.zip
044924	もしも、あめのかはりに	村山	籌子	新字旧仮名	NDC K911	https://www.aozora.gr.jp/cards/001172/files/44924_txt_41431.zip
044925	〈あめがふつてくりや〉	村山	籌子	新字旧仮名	NDC K911	https://www.aozora.gr.jp/cards/001172/files/44925_txt_41419.zip
044926	〈かみのすくない　カテリーナ〉	村山	籌子	新字旧仮名	NDC K911	https://www.aozora.gr.jp/cards/001172/files/44926_txt_41424.zip
044927	〈あかい、やさしい　はなもやうが〉	村山	籌子	新字旧仮名	NDC K911	https://www.aozora.gr.jp/cards/001172/files/44927_txt_41418.zip
044928	ポックリ　キノクツ	村山	籌子	新字旧仮名	NDC K911	https://www.aozora.gr.jp/cards/001172/files/44928_txt_41429.zip
044929	雪のよる	村山	籌子	新字旧仮名	NDC K911	https://www.aozora.gr.jp/cards/001172/files/44929_txt_41432.zip
044930	おまゝごと	村山	籌子	新字旧仮名	NDC K911	https://www.aozora.gr.jp/cards/001172/files/44930_txt_41423.zip
044931	一人　二人	村山	籌子	新字旧仮名	NDC K911	https://www.aozora.gr.jp/cards/001172/files/44931_txt_41428.zip
044932	きしやのしよくどう	村山	籌子	新字旧仮名	NDC K911	https://www.aozora.gr.jp/cards/001172/files/44932_txt_41425.zip
044933	木馬	村山	籌子	新字旧仮名	NDC K911	https://www.aozora.gr.jp/cards/001172/files/44933_txt_41430.zip
044934	ギツコン　バツタン	村山	籌子	新字旧仮名	NDC K911	https://www.aozora.gr.jp/cards/001172/files/44934_txt_41426.zip
044935	うさぎのくだものや	村山	籌子	新字旧仮名	NDC K911	https://www.aozora.gr.jp/cards/001172/files/44935_ruby_43591.zip
044936	トントンピーピ	村山	籌子	新字旧仮名	NDC K911	https://www.aozora.gr.jp/cards/001172/files/44936_ruby_41701.zip
044984	お猫さん	古川	アヤ	新字旧仮名	NDC K913	https://www.aozora.gr.jp/cards/001172/files/44984_ruby_44826.zip
044985	カハイイ　山羊サン	落合	ユキ子	新字旧仮名	NDC K911	https://www.aozora.gr.jp/cards/001172/files/44985_ruby_42850.zip
044986	ミミヅクサン	落合	ユキ子	新字旧仮名	NDC K911	https://www.aozora.gr.jp/cards/001172/files/44986_txt_42851.zip
045021	「ヴェニスに死す」解説	実吉	捷郎	新字新仮名	NDC 943 944	https://www.aozora.gr.jp/cards/001759/files/45021_ruby_57286.zip
045030	雨の歌	山村	暮鳥	新字旧仮名	NDC K911	https://www.aozora.gr.jp/cards/000136/files/45030_ruby_41657.zip
045031	海辺にて	山村	暮鳥	新字旧仮名	NDC K911	https://www.aozora.gr.jp/cards/000136/files/45031_txt_41660.zip
045032	葭切鳥	山村	暮鳥	新字旧仮名	NDC K911	https://www.aozora.gr.jp/cards/000136/files/45032_ruby_41665.zip
045033	港の唄	山村	暮鳥	新字旧仮名	NDC K911	https://www.aozora.gr.jp/cards/000136/files/45033_txt_41663.zip
045034	筏乗り	山村	暮鳥	新字旧仮名	NDC K911	https://www.aozora.gr.jp/cards/000136/files/45034_ruby_41658.zip
045035	渚	山村	暮鳥	新字旧仮名	NDC K911	https://www.aozora.gr.jp/cards/000136/files/45035_ruby_41661.zip
045036	稲かけ	山村	暮鳥	新字旧仮名	NDC K911	https://www.aozora.gr.jp/cards/000136/files/45036_ruby_41659.zip
045037	百舌鳥	山村	暮鳥	新字旧仮名	NDC K911	https://www.aozora.gr.jp/cards/000136/files/45037_ruby_41664.zip
045038	雪	山村	暮鳥	新字旧仮名	NDC K911	https://www.aozora.gr.jp/cards/000136/files/45038_txt_41735.zip
045039	昔語り	山村	暮鳥	新字旧仮名	NDC K911	https://www.aozora.gr.jp/cards/000136/files/45039_txt_41734.zip
045040	鶸	山村	暮鳥	新字旧仮名	NDC K911	https://www.aozora.gr.jp/cards/000136/files/45040_txt_41733.zip
045041	春	山村	暮鳥	新字旧仮名	NDC K911	https://www.aozora.gr.jp/cards/000136/files/45041_ruby_41732.zip
045113	ちらちら光れ小い星	テーラー	ジェーン	新字旧仮名	NDC K931	https://www.aozora.gr.jp/cards/001178/files/45113_ruby_41301.zip
045117	ゐろりの中の街	スティーブンソン	ロバート・ルイス	新字旧仮名	NDC K931	https://www.aozora.gr.jp/cards/000888/files/45117_ruby_41372.zip
045118	誰か	スティーブンソン	ロバート・ルイス	新字旧仮名	NDC K931	https://www.aozora.gr.jp/cards/000888/files/45118_ruby_41374.zip
045119	積木の町	スティーブンソン	ロバート・ルイス	新字旧仮名	NDC K931	https://www.aozora.gr.jp/cards/000888/files/45119_txt_41375.zip
045120	僕の国	スティーブンソン	ロバート・ルイス	新字旧仮名	NDC K931	https://www.aozora.gr.jp/cards/000888/files/45120_ruby_41373.zip
045129	八の字山	土田	耕平	新字旧仮名	NDC K913	https://www.aozora.gr.jp/cards/001179/files/45129_ruby_43601.zip
045130	千本木川	土田	耕平	新字旧仮名	NDC K913	https://www.aozora.gr.jp/cards/001179/files/45130_ruby_43602.zip
045131	柿	土田	耕平	新字旧仮名	NDC K913	https://www.aozora.gr.jp/cards/001179/files/45131_ruby_43603.zip
045132	大寒小寒	土田	耕平	新字旧仮名	NDC K913	https://www.aozora.gr.jp/cards/001179/files/45132_ruby_43605.zip
045133	さがしもの	土田	耕平	新字旧仮名	NDC K913	https://www.aozora.gr.jp/cards/001179/files/45133_ruby_43606.zip
045134	のぞき眼鏡	土田	耕平	新字旧仮名	NDC K913	https://www.aozora.gr.jp/cards/001179/files/45134_ruby_44727.zip
045135	狐に化された話	土田	耕平	新字旧仮名	NDC K913	https://www.aozora.gr.jp/cards/001179/files/45135_ruby_44729.zip
045136	私の祖父	土田	耕平	新字旧仮名	NDC K914	https://www.aozora.gr.jp/cards/001179/files/45136_ruby_44728.zip
045137	峠	土田	耕平	新字旧仮名	NDC K913	https://www.aozora.gr.jp/cards/001179/files/45137_ruby_51728.zip
045138	お母さんの思ひ出	土田	耕平	新字旧仮名	NDC K913	https://www.aozora.gr.jp/cards/001179/files/45138_ruby_51732.zip
045139	時男さんのこと	土田	耕平	新字旧仮名	NDC K913	https://www.aozora.gr.jp/cards/001179/files/45139_ruby_51736.zip
045140	騎士屋	土田	耕平	新字旧仮名	NDC K913	https://www.aozora.gr.jp/cards/001179/files/45140_ruby_50629.zip
045141	海坊主の話	土田	耕平	新字旧仮名	NDC K913	https://www.aozora.gr.jp/cards/001179/files/45141_ruby_51138.zip
045142	身代り	土田	耕平	新字旧仮名	NDC K913	https://www.aozora.gr.jp/cards/001179/files/45142_ruby_51140.zip
045143	雪に埋れた話	土田	耕平	新字旧仮名	NDC K913	https://www.aozora.gr.jp/cards/001179/files/45143_ruby_50630.zip
045144	狐の渡	土田	耕平	新字旧仮名	NDC K913	https://www.aozora.gr.jp/cards/001179/files/45144_ruby_50628.zip
045145	天童	土田	耕平	新字旧仮名	NDC K913	https://www.aozora.gr.jp/cards/001179/files/45145_ruby_43604.zip
045154	拾うた冠	宮原	晃一郎	新字旧仮名	NDC K913	https://www.aozora.gr.jp/cards/000809/files/45154_ruby_19242.zip
045155	孝行鶉の話	宮原	晃一郎	新字旧仮名	NDC K913	https://www.aozora.gr.jp/cards/000809/files/45155_ruby_18125.zip
045156	夢の国	宮原	晃一郎	新字旧仮名	NDC K913	https://www.aozora.gr.jp/cards/000809/files/45156_ruby_18136.zip
045157	竜宮の犬	宮原	晃一郎	新字旧仮名	NDC K913	https://www.aozora.gr.jp/cards/000809/files/45157_ruby_18137.zip
045158	蛇いちご	宮原	晃一郎	新字旧仮名	NDC K913	https://www.aozora.gr.jp/cards/000809/files/45158_ruby_18132.zip
045159	悪魔の尾	宮原	晃一郎	新字旧仮名	NDC K913	https://www.aozora.gr.jp/cards/000809/files/45159_ruby_18120.zip
045160	豆小僧の冒険	宮原	晃一郎	新字旧仮名	NDC K913	https://www.aozora.gr.jp/cards/000809/files/45160_ruby_18133.zip
045161	幸坊の猫と鶏	宮原	晃一郎	新字旧仮名	NDC K913	https://www.aozora.gr.jp/cards/000809/files/45161_ruby_18126.zip
045162	鳩の鳴く時計	宮原	晃一郎	新字旧仮名	NDC K913	https://www.aozora.gr.jp/cards/000809/files/45162_ruby_20529.zip
045169	馬鹿七	沖野	岩三郎	新字旧仮名	NDC K913	https://www.aozora.gr.jp/cards/001180/files/45169_ruby_26191.zip
045170	熊と猪	沖野	岩三郎	新字旧仮名	NDC K913	https://www.aozora.gr.jp/cards/001180/files/45170_ruby_26187.zip
045171	山さち川さち	沖野	岩三郎	新字旧仮名	NDC K913	https://www.aozora.gr.jp/cards/001180/files/45171_ruby_26183.zip
045172	蚊帳の釣手	沖野	岩三郎	新字旧仮名	NDC K913	https://www.aozora.gr.jp/cards/001180/files/45172_ruby_26185.zip
045173	にらめつくらの鬼瓦	沖野	岩三郎	新字旧仮名	NDC K913	https://www.aozora.gr.jp/cards/001180/files/45173_ruby_26190.zip
045174	ばべるの塔	沖野	岩三郎	新字旧仮名	NDC K913	https://www.aozora.gr.jp/cards/001180/files/45174_ruby_26192.zip
045175	愚助大和尚	沖野	岩三郎	新字旧仮名	NDC K913	https://www.aozora.gr.jp/cards/001180/files/45175_ruby_26186.zip
045176	硯箱と時計	沖野	岩三郎	新字旧仮名	NDC K913	https://www.aozora.gr.jp/cards/001180/files/45176_ruby_26189.zip
045177	岩を小くする	沖野	岩三郎	新字旧仮名	NDC K913	https://www.aozora.gr.jp/cards/001180/files/45177_ruby_26184.zip
045178	源八栗	沖野	岩三郎	新字旧仮名	NDC K913	https://www.aozora.gr.jp/cards/001180/files/45178_ruby_26188.zip
045180	星の女	鈴木	三重吉	新字旧仮名	NDC K913	https://www.aozora.gr.jp/cards/000107/files/45180_ruby_23452.zip
045181	湖水の鐘	鈴木	三重吉	新字旧仮名	NDC K913	https://www.aozora.gr.jp/cards/000107/files/45181_ruby_23417.zip
045182	ぽつぽのお手帳	鈴木	三重吉	新字旧仮名	NDC K913	https://www.aozora.gr.jp/cards/000107/files/45182_ruby_23418.zip
045183	一本足の兵隊	アンデルセン	ハンス・クリスチャン	新字旧仮名	NDC K913	https://www.aozora.gr.jp/cards/000019/files/45183_ruby_23453.zip
045185	蛇つかひ	鈴木	三重吉	新字旧仮名	NDC K913	https://www.aozora.gr.jp/cards/000107/files/45185_ruby_26072.zip
045186	ざんげ	鈴木	三重吉	新字旧仮名	NDC K913	https://www.aozora.gr.jp/cards/000107/files/45186_ruby_23419.zip
045187	小犬	鈴木	三重吉	新字旧仮名	NDC K913	https://www.aozora.gr.jp/cards/000107/files/45187_ruby_26074.zip
045188	ダマスカスの賢者	鈴木	三重吉	新字旧仮名	NDC K913	https://www.aozora.gr.jp/cards/000107/files/45188_ruby_26071.zip
045189	勇士ウ※［＃小書き片仮名ヲ］ルター（実話）	鈴木	三重吉	新字旧仮名	NDC K913	https://www.aozora.gr.jp/cards/000107/files/45189_ruby_26076.zip
045190	パナマ運河を開いた話	鈴木	三重吉	新字旧仮名	NDC K916	https://www.aozora.gr.jp/cards/000107/files/45190_ruby_26075.zip
045207	「風博士」	牧野	信一	新字旧仮名	NDC 913	https://www.aozora.gr.jp/cards/000183/files/45207_ruby_28289.zip
045208	月世界競争探検	押川	春浪	新字新仮名	NDC K913	https://www.aozora.gr.jp/cards/000077/files/45208_ruby_23514.zip
045210	純粋経済学要論	手塚	寿郎	新字新仮名	NDC 331	https://www.aozora.gr.jp/cards/001185/files/45210_ruby_23043.zip
045214	吊籠と月光と	牧野	信一	新字新仮名	NDC 913	https://www.aozora.gr.jp/cards/000183/files/45214_ruby_18361.zip
045215	役人の頭	末弘	厳太郎	新字新仮名	NDC 320	https://www.aozora.gr.jp/cards/000922/files/45215_txt_18217.zip
045216	熱海線私語	牧野	信一	新字旧仮名	NDC 913	https://www.aozora.gr.jp/cards/000183/files/45216_ruby_22268.zip
045217	鱗雲	牧野	信一	新字旧仮名	NDC 913	https://www.aozora.gr.jp/cards/000183/files/45217_ruby_22833.zip
045218	西部劇通信	牧野	信一	新字旧仮名	NDC 913	https://www.aozora.gr.jp/cards/000183/files/45218_ruby_30423.zip
045219	創作生活にて	牧野	信一	新字旧仮名	NDC 913	https://www.aozora.gr.jp/cards/000183/files/45219_ruby_40254.zip
045220	父を売る子	牧野	信一	新字旧仮名	NDC 913	https://www.aozora.gr.jp/cards/000183/files/45220_ruby_38145.zip
045221	村のストア派	牧野	信一	新字旧仮名	NDC 913	https://www.aozora.gr.jp/cards/000183/files/45221_ruby_39780.zip
045222	センチメンタル・ドライヴ	牧野	信一	新字旧仮名	NDC 913	https://www.aozora.gr.jp/cards/000183/files/45222_ruby_39775.zip
045223	バラルダ物語	牧野	信一	新字旧仮名	NDC 913	https://www.aozora.gr.jp/cards/000183/files/45223_ruby_28929.zip
045229	虚妄と真実	蒲原	有明	旧字旧仮名	NDC 914	https://www.aozora.gr.jp/cards/001055/files/45229_txt_20372.zip
045249	南極の怪事	押川	春浪	新字新仮名	NDC K913	https://www.aozora.gr.jp/cards/000077/files/45249_ruby_34670.zip
045250	桃花源記序	狩野	直喜	旧字旧仮名	NDC 924	https://www.aozora.gr.jp/cards/001127/files/45250_ruby_20804.zip
045252	有明集	蒲原	有明	旧字旧仮名	NDC 911	https://www.aozora.gr.jp/cards/001055/files/45252_ruby_54017.zip
045257	アメリカ独立宣言	ジェファーソン	トマス	新字旧仮名	NDC 312	https://www.aozora.gr.jp/cards/001189/files/45257_ruby_18658.zip
045279	詩集夏花	伊東	静雄	新字旧仮名	NDC 911	https://www.aozora.gr.jp/cards/001197/files/45279_ruby_18467.zip
045280	わがひとに与ふる哀歌	伊東	静雄	新字旧仮名	NDC 911	https://www.aozora.gr.jp/cards/001197/files/45280_ruby_18469.zip
045305	挿頭花	津村	信夫	新字新仮名	NDC 914	https://www.aozora.gr.jp/cards/000278/files/45305_ruby_18451.zip
045306	あしびの花	土田	杏村	新字新仮名	NDC 914	https://www.aozora.gr.jp/cards/000344/files/45306_ruby_18452.zip
045338	随筆　藪柑子	土井	八枝	旧字旧仮名	NDC 914	https://www.aozora.gr.jp/cards/001198/files/45338_ruby_60787.zip
045340	暗号舞踏人の謎	ドイル	アーサー・コナン	新字新仮名	NDC K933	https://www.aozora.gr.jp/cards/000009/files/45340_ruby_18659.zip
045381	母を尋ねて三千里	アミーチス	エドモンド・デ	新字新仮名	NDC K973	https://www.aozora.gr.jp/cards/001048/files/45381_ruby_18650.zip
045384	一ノ倉沢	松濤	明	新字新仮名	NDC 291 786	https://www.aozora.gr.jp/cards/000307/files/45384_ruby_55287.zip
045385	一ノ倉沢南稜	松濤	明	新字新仮名	NDC 291 786	https://www.aozora.gr.jp/cards/000307/files/45385_ruby_55288.zip
045386	行乞記	種田	山頭火	新字旧仮名	NDC 915	https://www.aozora.gr.jp/cards/000146/files/45386_ruby_29506.zip
045387	行乞記	種田	山頭火	新字旧仮名	NDC 915	https://www.aozora.gr.jp/cards/000146/files/45387_ruby_29567.zip
045389	行乞記	種田	山頭火	新字旧仮名	NDC 915	https://www.aozora.gr.jp/cards/000146/files/45389_ruby_29847.zip
045390	八ガ岳大門沢	松濤	明	新字新仮名	NDC 291 786	https://www.aozora.gr.jp/cards/000307/files/45390_ruby_55294.zip
045455	人口論	マルサス	トマス・ロバート	新字新仮名	NDC 331 334	https://www.aozora.gr.jp/cards/001149/files/45455_ruby_31024.zip
045458	扉は語らず	小舟	勝二	新字新仮名	NDC 913	https://www.aozora.gr.jp/cards/001201/files/45458_ruby_19145.zip
045513	伊賀国	近松	秋江	旧字旧仮名	NDC 915	https://www.aozora.gr.jp/cards/000275/files/45513_ruby_19303.zip
045514	伊賀、伊勢路	近松	秋江	旧字旧仮名	NDC 915	https://www.aozora.gr.jp/cards/000275/files/45514_ruby_19302.zip
045515	旱天実景	下村	千秋	旧字旧仮名	NDC 913	https://www.aozora.gr.jp/cards/001205/files/45515_ruby_21015.zip
045516	泥の雨	下村	千秋	旧字旧仮名	NDC 913	https://www.aozora.gr.jp/cards/001205/files/45516_ruby_21007.zip
045521	瘠我慢の説	石河	幹明	新字新仮名	NDC 121 312	https://www.aozora.gr.jp/cards/001206/files/45521_ruby_24538.zip
045522	土民生活	石川	三四郎	新字旧仮名	NDC 121 309	https://www.aozora.gr.jp/cards/001170/files/45522_ruby_25594.zip
045545	流転	山下	利三郎	新字新仮名	NDC 913	https://www.aozora.gr.jp/cards/001208/files/45545_ruby_19323.zip
045567	南国太平記	直木	三十五	新字新仮名	NDC 913	https://www.aozora.gr.jp/cards/000216/files/45567_ruby_26389.zip
045620	泉鏡花作『外科室』	宮崎	湖処子	旧字旧仮名	NDC 913	https://www.aozora.gr.jp/cards/000805/files/45620_ruby_19836.zip
045622	秋の筑波山	大町	桂月	新字新仮名	NDC 915	https://www.aozora.gr.jp/cards/000237/files/45622_ruby_20633.zip
045627	北斗帖	違星	北斗	新字新仮名	NDC 911	https://www.aozora.gr.jp/cards/001210/files/45627_ruby_23612.zip
045629	我信念	清沢	満之	旧字旧仮名	NDC 188	https://www.aozora.gr.jp/cards/001211/files/45629_ruby_23619.zip
045632	先生の顔	竹久	夢二	新字新仮名	NDC K913	https://www.aozora.gr.jp/cards/000212/files/45632_ruby_19212.zip
045633	都の眼	竹久	夢二	新字新仮名	NDC K913	https://www.aozora.gr.jp/cards/000212/files/45633_ruby_19213.zip
045642	嘘の効用	末弘	厳太郎	新字新仮名	NDC 320	https://www.aozora.gr.jp/cards/000922/files/45642_txt_28273.zip
045644	乳の匂ひ	加能	作次郎	新字旧仮名	NDC 913	https://www.aozora.gr.jp/cards/000247/files/45644_ruby_38703.zip
045645	厄年	加能	作次郎	新字旧仮名	NDC 913	https://www.aozora.gr.jp/cards/000247/files/45645_ruby_48568.zip
045646	世の中へ	加能	作次郎	新字旧仮名	NDC 913	https://www.aozora.gr.jp/cards/000247/files/45646_ruby_48569.zip
045648	田舎医師の子	相馬	泰三	新字新仮名	NDC 913	https://www.aozora.gr.jp/cards/001082/files/45648_ruby_27859.zip
045651	深夜の電話	小酒井	不木	新字新仮名	NDC K913	https://www.aozora.gr.jp/cards/000262/files/45651_ruby_20137.zip
045660	若芽	島田	清次郎	新字旧仮名	NDC 913	https://www.aozora.gr.jp/cards/000595/files/45660_ruby_19807.zip
045663	龍土会の記	蒲原	有明	旧字旧仮名	NDC 914	https://www.aozora.gr.jp/cards/001055/files/45663_txt_27767.zip
045664	旧藩情	福沢	諭吉	新字新仮名	NDC 121 210	https://www.aozora.gr.jp/cards/000296/files/45664_ruby_24519.zip
045665	新しき声	蒲原	有明	旧字旧仮名	NDC 911 914	https://www.aozora.gr.jp/cards/001055/files/45665_ruby_30727.zip
045667	六号室	瀬沼	夏葉	旧字旧仮名	NDC 983	https://www.aozora.gr.jp/cards/001155/files/45667_ruby_23728.zip
045670	魔像	林	不忘	新字新仮名	NDC 913	https://www.aozora.gr.jp/cards/000290/files/45670_ruby_31261.zip
045680	「あひびき」に就て	蒲原	有明	旧字旧仮名	NDC 914	https://www.aozora.gr.jp/cards/001055/files/45680_txt_27762.zip
045681	小山内謝豹	蒲原	有明	旧字旧仮名	NDC 770 914	https://www.aozora.gr.jp/cards/001055/files/45681_txt_27763.zip
045682	劇壇の新機運	蒲原	有明	旧字旧仮名	NDC 772 914	https://www.aozora.gr.jp/cards/001055/files/45682_txt_27764.zip
045683	詩の将来について	蒲原	有明	旧字旧仮名	NDC 911 914	https://www.aozora.gr.jp/cards/001055/files/45683_txt_27765.zip
045684	七月七日	蒲原	有明	旧字旧仮名	NDC 914	https://www.aozora.gr.jp/cards/001055/files/45684_txt_58038.zip
045685	緑蔭叢書創刊期	蒲原	有明	旧字旧仮名	NDC 914	https://www.aozora.gr.jp/cards/001055/files/45685_txt_27768.zip
045686	ジヨオジ・ムウア	蒲原	有明	旧字旧仮名	NDC 914	https://www.aozora.gr.jp/cards/001055/files/45686_txt_27766.zip
045693	紅色ダイヤ	小酒井	不木	新字新仮名	NDC K913	https://www.aozora.gr.jp/cards/000262/files/45693_ruby_22755.zip
045694	日記	知里	幸恵	新字旧仮名	NDC 915	https://www.aozora.gr.jp/cards/000276/files/45694_ruby_23690.zip
045754	良夜	饗庭	篁村	新字新仮名	NDC 913	https://www.aozora.gr.jp/cards/000374/files/45754_ruby_23695.zip
045757	あたまでっかち	下村	千秋	新字新仮名	NDC K913	https://www.aozora.gr.jp/cards/001205/files/45757_ruby_47134.zip
045758	壇ノ浦の鬼火	下村	千秋	新字新仮名	NDC K913	https://www.aozora.gr.jp/cards/001205/files/45758_ruby_29723.zip
045762	接吻	神西	清	新字新仮名	NDC 983	https://www.aozora.gr.jp/cards/001155/files/45762_ruby_38238.zip
045763	決闘	神西	清	新字新仮名	NDC 983	https://www.aozora.gr.jp/cards/001155/files/45763_ruby_39112.zip
045791	〔翻訳〕ステファヌ・マラルメ	ヴァレリー	ポール	新字旧仮名	NDC 951	https://www.aozora.gr.jp/cards/001217/files/45791_ruby_40452.zip
045956	暗夜の格闘	小酒井	不木	新字新仮名	NDC K913	https://www.aozora.gr.jp/cards/000262/files/45956_ruby_24578.zip
045957	髭の謎	小酒井	不木	新字新仮名	NDC K913	https://www.aozora.gr.jp/cards/000262/files/45957_ruby_24579.zip
045958	法句経	荻原	雲来	旧字旧仮名	NDC 183	https://www.aozora.gr.jp/cards/001529/files/45958_ruby_29528.zip
045960	幕末維新懐古談	高村	光雲	新字新仮名	NDC 712 914	https://www.aozora.gr.jp/cards/000270/files/45960_ruby_24220.zip
045961	幕末維新懐古談	高村	光雲	新字新仮名	NDC 712 914	https://www.aozora.gr.jp/cards/000270/files/45961_ruby_21552.zip
045962	幕末維新懐古談	高村	光雲	新字新仮名	NDC 712 914	https://www.aozora.gr.jp/cards/000270/files/45962_ruby_21555.zip
045963	幕末維新懐古談	高村	光雲	新字新仮名	NDC 712 914	https://www.aozora.gr.jp/cards/000270/files/45963_ruby_21550.zip
045964	幕末維新懐古談	高村	光雲	新字新仮名	NDC 712 914	https://www.aozora.gr.jp/cards/000270/files/45964_ruby_21551.zip
045965	幕末維新懐古談	高村	光雲	新字新仮名	NDC 712 914	https://www.aozora.gr.jp/cards/000270/files/45965_ruby_21556.zip
045971	深憂大患	竹越	三叉	旧字旧仮名	NDC 310	https://www.aozora.gr.jp/cards/000977/files/45971_txt_30854.zip
045972	世界の日本乎、亜細亜の日本乎	竹越	三叉	旧字旧仮名	NDC 310	https://www.aozora.gr.jp/cards/000977/files/45972_txt_30855.zip
045973	日本の真の姿	竹越	与三郎	旧字旧仮名	NDC 304	https://www.aozora.gr.jp/cards/000978/files/45973_ruby_38302.zip
046070	黒い手帳	久生	十蘭	新字新仮名	NDC 913	https://www.aozora.gr.jp/cards/001224/files/46070_ruby_36962.zip
046071	海豹島	久生	十蘭	新字新仮名	NDC 913	https://www.aozora.gr.jp/cards/001224/files/46071_ruby_36961.zip
046074	鈴木主水	久生	十蘭	新字新仮名	NDC 913	https://www.aozora.gr.jp/cards/001224/files/46074_ruby_54706.zip
046076	魔都	久生	十蘭	新字新仮名	NDC 913	https://www.aozora.gr.jp/cards/001224/files/46076_ruby_49472.zip
046077	黄泉から	久生	十蘭	新字新仮名	NDC 913	https://www.aozora.gr.jp/cards/001224/files/46077_ruby_39200.zip
046078	予言	久生	十蘭	新字新仮名	NDC 913	https://www.aozora.gr.jp/cards/001224/files/46078_ruby_39199.zip
046079	野萩	久生	十蘭	新字新仮名	NDC 913	https://www.aozora.gr.jp/cards/001224/files/46079_ruby_39201.zip
046080	春雪	久生	十蘭	新字新仮名	NDC 913	https://www.aozora.gr.jp/cards/001224/files/46080_ruby_39195.zip
046081	西林図	久生	十蘭	新字新仮名	NDC 913	https://www.aozora.gr.jp/cards/001224/files/46081_ruby_39196.zip
046082	復活祭	久生	十蘭	新字新仮名	NDC 913	https://www.aozora.gr.jp/cards/001224/files/46082_ruby_39198.zip
046083	蝶の絵	久生	十蘭	新字新仮名	NDC 913	https://www.aozora.gr.jp/cards/001224/files/46083_ruby_71236.zip
046084	姦（かしまし）	久生	十蘭	新字新仮名	NDC 913	https://www.aozora.gr.jp/cards/001224/files/46084_ruby_70401.zip
046085	白雪姫	久生	十蘭	新字新仮名	NDC 913	https://www.aozora.gr.jp/cards/001224/files/46085_ruby_72428.zip
046086	無月物語	久生	十蘭	新字新仮名	NDC 913	https://www.aozora.gr.jp/cards/001224/files/46086_ruby_74167.zip
046087	新西遊記	久生	十蘭	新字新仮名	NDC 913	https://www.aozora.gr.jp/cards/001224/files/46087_ruby_45573.zip
046088	玉取物語	久生	十蘭	新字新仮名	NDC 913	https://www.aozora.gr.jp/cards/001224/files/46088_ruby_72968.zip
046152	『教室の記録』の編集を終えて	村山	俊太郎	新字新仮名	NDC 370	https://www.aozora.gr.jp/cards/001225/files/46152_txt_37458.zip
046153	国分一太郎君の仕事	村山	俊太郎	新字新仮名	NDC 370	https://www.aozora.gr.jp/cards/001225/files/46153_txt_37459.zip
046154	子どもの世界	村山	俊太郎	新字新仮名	NDC 370	https://www.aozora.gr.jp/cards/001225/files/46154_txt_37461.zip
046155	平泉紀行	村山	俊太郎	新字新仮名	NDC 915	https://www.aozora.gr.jp/cards/001225/files/46155_txt_37460.zip
046156	幕末維新懐古談	田村	松魚	新字新仮名	NDC 712 914	https://www.aozora.gr.jp/cards/001226/files/46156_ruby_24234.zip
046158	天国の記録	下村	千秋	旧字旧仮名	NDC 913	https://www.aozora.gr.jp/cards/001205/files/46158_ruby_47185.zip
046165	名古屋スケッチ	小酒井	不木	新字新仮名	NDC 914	https://www.aozora.gr.jp/cards/000262/files/46165_ruby_24568.zip
046166	地上	島田	清次郎	新字新仮名	NDC 913	https://www.aozora.gr.jp/cards/000595/files/46166_ruby_21877.zip
046172	浪	石川	三四郎	旧字旧仮名	NDC 121 289	https://www.aozora.gr.jp/cards/001170/files/46172_ruby_25595.zip
046174	諏訪湖畔冬の生活	島木	赤彦	新字旧仮名	NDC 914	https://www.aozora.gr.jp/cards/000265/files/46174_ruby_24569.zip
046184	探検実記　地中の秘密	江見	水蔭	旧字旧仮名	NDC 913	https://www.aozora.gr.jp/cards/000448/files/46184_ruby_46105.zip
046185	探検実記　地中の秘密	江見	水蔭	旧字旧仮名	NDC 913	https://www.aozora.gr.jp/cards/000448/files/46185_ruby_46106.zip
046188	人口論	マルサス	トマス・ロバート	新字新仮名	NDC 331 334	https://www.aozora.gr.jp/cards/001149/files/46188_ruby_38071.zip
046190	黙々静観	勝	海舟	新字旧仮名	NDC 210	https://www.aozora.gr.jp/cards/000354/files/46190_txt_21759.zip
046191	大勢順応	勝	海舟	新字旧仮名	NDC 210	https://www.aozora.gr.jp/cards/000354/files/46191_txt_21756.zip
046192	猟官運動	勝	海舟	新字旧仮名	NDC 210	https://www.aozora.gr.jp/cards/000354/files/46192_txt_21761.zip
046196	二・二六事件に就て	河合	栄治郎	新字新仮名	NDC 312	https://www.aozora.gr.jp/cards/000506/files/46196_ruby_24169.zip
046208	巡回書庫と町村図書館と	佐野	友三郎	新字新仮名	NDC 011	https://www.aozora.gr.jp/cards/001227/files/46208_txt_28833.zip
046209	学校教育における図書館の利用	佐野	友三郎	新字新仮名	NDC 017	https://www.aozora.gr.jp/cards/001227/files/46209_txt_28831.zip
046210	公開書架（Open-shelf-system）につきて	佐野	友三郎	新字新仮名	NDC 016	https://www.aozora.gr.jp/cards/001227/files/46210_txt_28832.zip
046211	米国巡回文庫起源及び発達	佐野	友三郎	新字新仮名	NDC 010	https://www.aozora.gr.jp/cards/001227/files/46211_ruby_28834.zip
046212	解釈学と修辞学	三木	清	新字新仮名	NDC 121	https://www.aozora.gr.jp/cards/000218/files/46212_ruby_44739.zip
046213	科学批判の課題	三木	清	新字新仮名	NDC 121	https://www.aozora.gr.jp/cards/000218/files/46213_ruby_44740.zip
046214	危機における理論的意識	三木	清	新字新仮名	NDC 121	https://www.aozora.gr.jp/cards/000218/files/46214_ruby_28987.zip
046215	思索者の日記	三木	清	新字新仮名	NDC 121 915	https://www.aozora.gr.jp/cards/000218/files/46215_txt_24966.zip
046217	自己を中心に	三木	清	新字新仮名	NDC 121 914	https://www.aozora.gr.jp/cards/000218/files/46217_txt_24965.zip
046218	政治の論理と人間の論理	三木	清	新字新仮名	NDC 121	https://www.aozora.gr.jp/cards/000218/files/46218_ruby_26067.zip
046219	生存理由としての哲学	三木	清	新字新仮名	NDC 121	https://www.aozora.gr.jp/cards/000218/files/46219_ruby_26068.zip
046220	読書遍歴	三木	清	新字新仮名	NDC 019	https://www.aozora.gr.jp/cards/000218/files/46220_ruby_25479.zip
046222	わが青春	三木	清	新字新仮名	NDC 914	https://www.aozora.gr.jp/cards/000218/files/46222_ruby_24967.zip
046223	私の果樹園	三木	清	新字新仮名	NDC 911	https://www.aozora.gr.jp/cards/000218/files/46223_ruby_24968.zip
046228	巷説享保図絵	林	不忘	新字新仮名	NDC 913	https://www.aozora.gr.jp/cards/000290/files/46228_ruby_36874.zip
046229	つづれ烏羽玉	林	不忘	新字新仮名	NDC 913	https://www.aozora.gr.jp/cards/000290/files/46229_ruby_33753.zip
046265	早春箋	辻村	もと子	新字旧仮名	NDC 915	https://www.aozora.gr.jp/cards/001228/files/46265_txt_26277.zip
046285	続狗尾録	狩野	直喜	旧字旧仮名	NDC 122	https://www.aozora.gr.jp/cards/001127/files/46285_txt_41297.zip
046287	手数将棋	関根	金次郎	新字旧仮名	NDC 796 914	https://www.aozora.gr.jp/cards/000268/files/46287_ruby_22313.zip
046288	教育の目的	新渡戸	稲造	旧字旧仮名	NDC 371	https://www.aozora.gr.jp/cards/000718/files/46288_ruby_25137.zip
046294	アラメダより	沖野	岩三郎	新字新仮名	NDC 295	https://www.aozora.gr.jp/cards/001180/files/46294_ruby_25553.zip
046295	バークレーより	沖野	岩三郎	新字新仮名	NDC 295 915	https://www.aozora.gr.jp/cards/001180/files/46295_ruby_25554.zip
046296	印度の聖人	松本	文三郎	旧字旧仮名	NDC 162	https://www.aozora.gr.jp/cards/001231/files/46296_txt_35652.zip
046297	世界に於ける印度	松本	文三郎	旧字旧仮名	NDC 162	https://www.aozora.gr.jp/cards/001231/files/46297_txt_37292.zip
046298	服部先生の思出	狩野	直喜	旧字旧仮名	NDC 122	https://www.aozora.gr.jp/cards/001127/files/46298_txt_42234.zip
046310	新しき世界の為めの新しき芸術	大杉	栄	新字新仮名	NDC 910	https://www.aozora.gr.jp/cards/000169/files/46310_ruby_34284.zip
046333	誤まれる姓名の逆列	伊東	忠太	旧字旧仮名	NDC 288 914	https://www.aozora.gr.jp/cards/001232/files/46333_ruby_28274.zip
046334	建築の本義	伊東	忠太	旧字旧仮名	NDC 520	https://www.aozora.gr.jp/cards/001232/files/46334_ruby_28275.zip
046335	国語尊重	伊東	忠太	旧字旧仮名	NDC 914	https://www.aozora.gr.jp/cards/001232/files/46335_ruby_28276.zip
046336	日本建築の発達と地震	伊東	忠太	旧字旧仮名	NDC 369 453 524	https://www.aozora.gr.jp/cards/001232/files/46336_ruby_28277.zip
046337	妖怪研究	伊東	忠太	旧字旧仮名	NDC 147 387	https://www.aozora.gr.jp/cards/001232/files/46337_ruby_28278.zip
046339	反逆の呂律	武田	麟太郎	新字旧仮名	NDC 913	https://www.aozora.gr.jp/cards/000189/files/46339_ruby_23341.zip
046340	ファラデーの伝	愛知	敬一	新字新仮名	NDC 289	https://www.aozora.gr.jp/cards/001234/files/46340_ruby_24806.zip
046341	茶の湯の手帳	伊藤	左千夫	新字新仮名	NDC 791 914	https://www.aozora.gr.jp/cards/000058/files/46341_txt_27448.zip
046361	なよたけ	加藤	道夫	新字新仮名	NDC 912	https://www.aozora.gr.jp/cards/001240/files/46361_ruby_24692.zip
046363	回想録	高村	光太郎	新字新仮名	NDC 289	https://www.aozora.gr.jp/cards/001168/files/46363_ruby_25564.zip
046364	（私はさきごろ）	高村	光太郎	新字新仮名	NDC 914	https://www.aozora.gr.jp/cards/001168/files/46364_ruby_25592.zip
046365	顔	高村	光太郎	新字新仮名	NDC 914	https://www.aozora.gr.jp/cards/001168/files/46365_ruby_25565.zip
046366	九代目団十郎の首	高村	光太郎	新字新仮名	NDC 710 774 914	https://www.aozora.gr.jp/cards/001168/files/46366_ruby_25568.zip
046367	黄山谷について	高村	光太郎	新字新仮名	NDC 728	https://www.aozora.gr.jp/cards/001168/files/46367_ruby_25570.zip
046368	小刀の味	高村	光太郎	新字新仮名	NDC 710	https://www.aozora.gr.jp/cards/001168/files/46368_ruby_25571.zip
046369	詩について語らず	高村	光太郎	新字新仮名	NDC 911 914	https://www.aozora.gr.jp/cards/001168/files/46369_ruby_25573.zip
046370	触覚の世界	高村	光太郎	新字新仮名	NDC 710 914	https://www.aozora.gr.jp/cards/001168/files/46370_ruby_25575.zip
046371	書について	高村	光太郎	新字新仮名	NDC 728	https://www.aozora.gr.jp/cards/001168/files/46371_ruby_25576.zip
046372	自作肖像漫談	高村	光太郎	新字新仮名	NDC 710 914	https://www.aozora.gr.jp/cards/001168/files/46372_ruby_25572.zip
046373	自分と詩との関係	高村	光太郎	新字新仮名	NDC 911 914	https://www.aozora.gr.jp/cards/001168/files/46373_ruby_25574.zip
046374	蝉の美と造型	高村	光太郎	新字新仮名	NDC 710 914	https://www.aozora.gr.jp/cards/001168/files/46374_ruby_25577.zip
046375	啄木と賢治	高村	光太郎	新字新仮名	NDC 911	https://www.aozora.gr.jp/cards/001168/files/46375_ruby_25579.zip
046387	春の落葉	辻村	もと子	旧字旧仮名	NDC 913	https://www.aozora.gr.jp/cards/001228/files/46387_txt_34285.zip
046403	「香水の表情」に就いて	大手	拓次	新字旧仮名	NDC 576 914	https://www.aozora.gr.jp/cards/000190/files/46403_ruby_23727.zip
046405	寡婦	秋田	滋	新字新仮名	NDC 953	https://www.aozora.gr.jp/cards/000903/files/46405_ruby_26844.zip
046406	貸家を探す話	高田	保	新字旧仮名	NDC 914	https://www.aozora.gr.jp/cards/001073/files/46406_txt_26026.zip
046407	京都人の夜景色	村山	槐多	新字旧仮名	NDC 911	https://www.aozora.gr.jp/cards/000014/files/46407_txt_26278.zip
046408	出雲鉄と安来節	田畑	修一郎	新字旧仮名	NDC 564 382	https://www.aozora.gr.jp/cards/000273/files/46408_ruby_27469.zip
046409	アリゾナの女虎	牧	逸馬	新字新仮名	NDC 913	https://www.aozora.gr.jp/cards/000304/files/46409_ruby_23557.zip
046411	沈黙の水平線	牧	逸馬	新字新仮名	NDC 916	https://www.aozora.gr.jp/cards/000304/files/46411_ruby_23856.zip
046416	ロボットとベッドの重量	直木	三十五	新字新仮名	NDC 913	https://www.aozora.gr.jp/cards/000216/files/46416_ruby_24424.zip
046417	月世界跋渉記	江見	水蔭	新字新仮名	NDC 913	https://www.aozora.gr.jp/cards/000448/files/46417_ruby_24422.zip
046421	クリスマスの贈物	竹久	夢二	新字新仮名	NDC K913	https://www.aozora.gr.jp/cards/000212/files/46421_ruby_23442.zip
046425	たどんの与太さん	竹久	夢二	新字新仮名	NDC K913	https://www.aozora.gr.jp/cards/000212/files/46425_ruby_23484.zip
046426	誰が・何時・何処で・何をした	竹久	夢二	新字新仮名	NDC K913	https://www.aozora.gr.jp/cards/000212/files/46426_ruby_23485.zip
046427	日輪草	竹久	夢二	新字新仮名	NDC K913	https://www.aozora.gr.jp/cards/000212/files/46427_ruby_23486.zip
046428	弘法大師と景教との関係	ゴルドン	エリザベス、アンナ	旧字旧仮名	NDC 188	https://www.aozora.gr.jp/cards/001241/files/46428_ruby_67398.zip
046430	海	尾崎	放哉	新字旧仮名	NDC 914	https://www.aozora.gr.jp/cards/000195/files/46430_ruby_27446.zip
046431	大きな蝙蝠傘	竹久	夢二	新字新仮名	NDC K913	https://www.aozora.gr.jp/cards/000212/files/46431_ruby_23487.zip
046432	大きな手	竹久	夢二	新字新仮名	NDC K913	https://www.aozora.gr.jp/cards/000212/files/46432_ruby_23488.zip
046433	玩具の汽缶車	竹久	夢二	新字新仮名	NDC K913	https://www.aozora.gr.jp/cards/000212/files/46433_ruby_23507.zip
046443	コロボックル風俗考	坪井	正五郎	旧字旧仮名	NDC 210	https://www.aozora.gr.jp/cards/001242/files/46443_ruby_33559.zip
046444	コロボックル北海道に住みしなるべし	坪井	正五郎	旧字旧仮名	NDC 210	https://www.aozora.gr.jp/cards/001242/files/46444_txt_33561.zip
046445	石器時代総論要領	坪井	正五郎	旧字旧仮名	NDC 210	https://www.aozora.gr.jp/cards/001242/files/46445_txt_32334.zip
046449	死剣と生縄	江見	水蔭	新字新仮名	NDC 913	https://www.aozora.gr.jp/cards/000448/files/46449_ruby_24267.zip
046454	社会的分業論	石川	三四郎	新字旧仮名	NDC 309	https://www.aozora.gr.jp/cards/001170/files/46454_ruby_25593.zip
046455	農本主義と土民思想	石川	三四郎	新字旧仮名	NDC 121 309	https://www.aozora.gr.jp/cards/001170/files/46455_txt_25596.zip
046456	半農生活者の群に入るまで	石川	三四郎	新字旧仮名	NDC 121 309	https://www.aozora.gr.jp/cards/001170/files/46456_ruby_25599.zip
046457	吾等の使命	石川	三四郎	新字旧仮名	NDC 121 610	https://www.aozora.gr.jp/cards/001170/files/46457_ruby_25601.zip
046458	太陽系統の滅亡	木村	小舟	新字新仮名	NDC 913	https://www.aozora.gr.jp/cards/001243/files/46458_ruby_24425.zip
046460	ウンベルト夫人の財産	牧	逸馬	新字新仮名		https://www.aozora.gr.jp/cards/000304/files/46460_ruby_78227.zip
046461	都会の類人猿	牧	逸馬	新字新仮名		https://www.aozora.gr.jp/cards/000304/files/46461_ruby_77907.zip
046462	肉屋に化けた人鬼	牧	逸馬	新字新仮名		https://www.aozora.gr.jp/cards/000304/files/46462_ruby_78113.zip
046463	盆踊り	田畑	修一郎	旧字旧仮名	NDC 914	https://www.aozora.gr.jp/cards/000273/files/46463_ruby_23722.zip
046470	放浪作家の冒険	西尾	正	新字新仮名	NDC 913	https://www.aozora.gr.jp/cards/001143/files/46470_ruby_24304.zip
046471	京鹿子娘道成寺	酒井	嘉七	新字新仮名	NDC 913	https://www.aozora.gr.jp/cards/001142/files/46471_ruby_24305.zip
046472	生きている戦死者	牧	逸馬	新字新仮名	NDC 913	https://www.aozora.gr.jp/cards/000304/files/46472_ruby_40502.zip
046473	運命のＳＯＳ	牧	逸馬	新字新仮名	NDC 913	https://www.aozora.gr.jp/cards/000304/files/46473_ruby_40503.zip
046480	怪異黒姫おろし	江見	水蔭	新字新仮名	NDC 913	https://www.aozora.gr.jp/cards/000448/files/46480_ruby_24265.zip
046481	壁の眼の怪	江見	水蔭	新字新仮名	NDC 913	https://www.aozora.gr.jp/cards/000448/files/46481_ruby_24266.zip
046482	手紙	知里	幸恵	新字旧仮名	NDC 289	https://www.aozora.gr.jp/cards/000276/files/46482_ruby_23997.zip
046483	悪因縁の怨	江見	水蔭	新字新仮名	NDC 913	https://www.aozora.gr.jp/cards/000448/files/46483_ruby_24263.zip
046484	抱茗荷の説	山本	禾太郎	新字新仮名	NDC 913	https://www.aozora.gr.jp/cards/000930/files/46484_ruby_29069.zip
046488	少年連盟	佐藤	紅緑	新字新仮名	NDC K913	https://www.aozora.gr.jp/cards/000575/files/46488_ruby_29360.zip
046489	備前天一坊	江見	水蔭	新字新仮名	NDC 913	https://www.aozora.gr.jp/cards/000448/files/46489_ruby_35921.zip
046491	怪異暗闇祭	江見	水蔭	新字新仮名	NDC 913	https://www.aozora.gr.jp/cards/000448/files/46491_ruby_24264.zip
046496	丹那山の怪	江見	水蔭	新字新仮名	NDC 913	https://www.aozora.gr.jp/cards/000448/files/46496_ruby_24268.zip
046497	青年実業家	内田	魯庵	新字旧仮名	NDC 914	https://www.aozora.gr.jp/cards/000165/files/46497_ruby_24380.zip
046498	フランソア・コッペ訪問記	堀口	九万一	新字旧仮名	NDC 914	https://www.aozora.gr.jp/cards/000302/files/46498_ruby_24426.zip
046508	沈黙の扉	吉田	絃二郎	新字旧仮名	NDC 914	https://www.aozora.gr.jp/cards/001177/files/46508_ruby_25551.zip
046509	八月の星座	吉田	絃二郎	新字旧仮名	NDC 914	https://www.aozora.gr.jp/cards/001177/files/46509_ruby_25552.zip
046511	一片の石	会津	八一	新字旧仮名	NDC 914	https://www.aozora.gr.jp/cards/001245/files/46511_ruby_25555.zip
046512	菊の根分をしながら	会津	八一	新字旧仮名	NDC 914	https://www.aozora.gr.jp/cards/001245/files/46512_ruby_25556.zip
046513	支那の明器	会津	八一	新字旧仮名	NDC 756 914	https://www.aozora.gr.jp/cards/001245/files/46513_txt_25557.zip
046514	拓本の話	会津	八一	旧字旧仮名	NDC 728 914	https://www.aozora.gr.jp/cards/001245/files/46514_ruby_25558.zip
046515	書籍の風俗	恩地	孝四郎	新字新仮名	NDC 022 914	https://www.aozora.gr.jp/cards/001246/files/46515_ruby_24694.zip
046516	兄の帰朝	小金井	喜美子	新字旧仮名	NDC 910 914	https://www.aozora.gr.jp/cards/001247/files/46516_ruby_25550.zip
046517	河童酒宴	佐藤	垢石	新字旧仮名	NDC 914	https://www.aozora.gr.jp/cards/001248/files/46517_ruby_25559.zip
046518	呉清源	佐藤	垢石	新字旧仮名	NDC 795 914	https://www.aozora.gr.jp/cards/001248/files/46518_ruby_25560.zip
046519	たぬき汁	佐藤	垢石	新字旧仮名	NDC 596 914	https://www.aozora.gr.jp/cards/001248/files/46519_ruby_25561.zip
046520	水垢を凝視す	佐藤	垢石	新字新仮名	NDC 787 914	https://www.aozora.gr.jp/cards/001248/files/46520_txt_25562.zip
046521	ばけものばなし	岸田	劉生	新字新仮名	NDC 147 387 388	https://www.aozora.gr.jp/cards/000251/files/46521_ruby_27522.zip
046522	想像と装飾の美	岸田	劉生	新字新仮名	NDC 720 914	https://www.aozora.gr.jp/cards/000251/files/46522_ruby_25116.zip
046523	「汐くみ」の画に就いて	上村	松園	新字新仮名	NDC 721	https://www.aozora.gr.jp/cards/000355/files/46523_ruby_26622.zip
046524	朝顔日記の深雪と淀君	上村	松園	新字新仮名	NDC 721	https://www.aozora.gr.jp/cards/000355/files/46524_ruby_26619.zip
046525	あのころ	上村	松園	新字新仮名	NDC 721	https://www.aozora.gr.jp/cards/000355/files/46525_ruby_26618.zip
046526	作画について	上村	松園	新字新仮名	NDC 721	https://www.aozora.gr.jp/cards/000355/files/46526_ruby_26620.zip
046527	三人の師	上村	松園	新字新仮名	NDC 721	https://www.aozora.gr.jp/cards/000355/files/46527_ruby_26621.zip
046528	車中有感	上村	松園	新字新仮名	NDC 721	https://www.aozora.gr.jp/cards/000355/files/46528_ruby_26623.zip
046529	好きな髷のことなど	上村	松園	新字新仮名	NDC 383 721	https://www.aozora.gr.jp/cards/000355/files/46529_ruby_26624.zip
046530	髷	上村	松園	新字新仮名	NDC 383 721	https://www.aozora.gr.jp/cards/000355/files/46530_txt_26625.zip
046536	良夜	徳冨	蘆花	新字旧仮名	NDC 914	https://www.aozora.gr.jp/cards/000280/files/46536_ruby_24154.zip
046537	花月の夜	徳冨	蘆花	新字旧仮名	NDC 914	https://www.aozora.gr.jp/cards/000280/files/46537_ruby_24155.zip
046557	「婦人解放の悲劇」自序	伊藤	野枝	新字旧仮名	NDC 367 914	https://www.aozora.gr.jp/cards/000416/files/46557_ruby_24718.zip
046558	恋愛と道徳	伊藤	野枝	新字旧仮名	NDC 367	https://www.aozora.gr.jp/cards/001250/files/46558_ruby_32259.zip
046559	結婚と恋愛	伊藤	野枝	新字旧仮名	NDC 367 914	https://www.aozora.gr.jp/cards/001251/files/46559_ruby_35448.zip
046560	少数と多数	伊藤	野枝	新字旧仮名	NDC 367	https://www.aozora.gr.jp/cards/001251/files/46560_ruby_35447.zip
046561	婦人解放の悲劇	伊藤	野枝	新字旧仮名	NDC 367	https://www.aozora.gr.jp/cards/001251/files/46561_ruby_24719.zip
046562	子供の保護	伊藤	野枝	新字旧仮名	NDC 369	https://www.aozora.gr.jp/cards/001251/files/46562_ruby_35195.zip
046563	死んだ魂	伊藤	野枝	新字旧仮名	NDC 369	https://www.aozora.gr.jp/cards/001251/files/46563_ruby_35383.zip
046564	東京湾怪物譚	佐藤	垢石	新字旧仮名	NDC 787 914	https://www.aozora.gr.jp/cards/001248/files/46564_ruby_38503.zip
046565	水垢を凝視す	佐藤	垢石	新字旧仮名	NDC 787 914	https://www.aozora.gr.jp/cards/001248/files/46565_ruby_38504.zip
046567	魚美人	佐藤	惣之助	新字旧仮名	NDC 787	https://www.aozora.gr.jp/cards/000577/files/46567_ruby_57521.zip
046568	釣心魚心	佐藤	惣之助	新字旧仮名	NDC 787	https://www.aozora.gr.jp/cards/000577/files/46568_ruby_67976.zip
046569	釣れない時	佐藤	惣之助	新字旧仮名	NDC 787	https://www.aozora.gr.jp/cards/000577/files/46569_ruby_48037.zip
046570	夏と魚	佐藤	惣之助	新字旧仮名	NDC 787	https://www.aozora.gr.jp/cards/000577/files/46570_ruby_48038.zip
046571	日本の釣技	佐藤	惣之助	新字旧仮名	NDC 787	https://www.aozora.gr.jp/cards/000577/files/46571_ruby_66468.zip
046572	元日の釣	石井	研堂	新字旧仮名	NDC 787	https://www.aozora.gr.jp/cards/001252/files/46572_ruby_24468.zip
046573	研堂釣規	石井	研堂	新字旧仮名	NDC 787	https://www.aozora.gr.jp/cards/001252/files/46573_ruby_24469.zip
046574	釣好隠居の懺悔	石井	研堂	新字旧仮名	NDC 787	https://www.aozora.gr.jp/cards/001252/files/46574_ruby_24470.zip
046575	東京市騒擾中の釣	石井	研堂	新字旧仮名	NDC 787	https://www.aozora.gr.jp/cards/001252/files/46575_ruby_24471.zip
046576	昭和遊撃隊	平田	晋策	新字新仮名	NDC K913	https://www.aozora.gr.jp/cards/000748/files/46576_ruby_38774.zip
046577	散歩生活	中原	中也	新字旧仮名	NDC 914	https://www.aozora.gr.jp/cards/000026/files/46577_ruby_24793.zip
046578	亡弟	中原	中也	新字旧仮名	NDC 914	https://www.aozora.gr.jp/cards/000026/files/46578_ruby_24794.zip
046579	我が生活	中原	中也	新字旧仮名	NDC 914	https://www.aozora.gr.jp/cards/000026/files/46579_ruby_24795.zip
046586	頼襄を論ず	山路	愛山	新字旧仮名	NDC 289	https://www.aozora.gr.jp/cards/000837/files/46586_ruby_32674.zip
046587	愛の為めに	甲賀	三郎	新字新仮名	NDC 913	https://www.aozora.gr.jp/cards/000260/files/46587_ruby_24664.zip
046588	錬金詐欺	小酒井	不木	新字新仮名	NDC 914	https://www.aozora.gr.jp/cards/000262/files/46588_ruby_24665.zip
046589	日蔭の街	松本	泰	新字新仮名	NDC 913	https://www.aozora.gr.jp/cards/000308/files/46589_ruby_24941.zip
046590	Ｐ丘の殺人事件	松本	泰	新字新仮名	NDC 913	https://www.aozora.gr.jp/cards/000308/files/46590_ruby_24940.zip
046594	『田舎教師』について	田山	花袋	新字新仮名	NDC 914	https://www.aozora.gr.jp/cards/000214/files/46594_ruby_24547.zip
046610	馬上三日の記	徳冨	蘆花	新字旧仮名	NDC 292 914	https://www.aozora.gr.jp/cards/000280/files/46610_ruby_25013.zip
046612	予審調書	平林	初之輔	新字新仮名	NDC 913	https://www.aozora.gr.jp/cards/000221/files/46612_ruby_27965.zip
046613	黄昏の告白	浜尾	四郎	新字新仮名	NDC 913	https://www.aozora.gr.jp/cards/000289/files/46613_ruby_27997.zip
046644	序に代えて人生観上の自然主義を論ず	島村	抱月	新字新仮名	NDC 914	https://www.aozora.gr.jp/cards/000599/files/46644_ruby_26375.zip
046645	駅夫日記	白柳	秀湖	新字新仮名	NDC 913	https://www.aozora.gr.jp/cards/000956/files/46645_ruby_25778.zip
046647	深川女房	小栗	風葉	新字新仮名	NDC 913	https://www.aozora.gr.jp/cards/000241/files/46647_ruby_25780.zip
046648	書記官	川上	眉山	新字新仮名	NDC 913	https://www.aozora.gr.jp/cards/000507/files/46648_ruby_26374.zip
046649	かくれんぼ	斎藤	緑雨	新字新仮名	NDC 913	https://www.aozora.gr.jp/cards/000565/files/46649_ruby_25779.zip
046650	藪の鶯	三宅	花圃	新字新仮名	NDC 913	https://www.aozora.gr.jp/cards/000802/files/46650_ruby_26376.zip
046651	空家	宮崎	湖処子	新字新仮名	NDC 913	https://www.aozora.gr.jp/cards/000805/files/46651_ruby_26377.zip
046652	雪代山女魚	佐藤	垢石	新字新仮名	NDC 787 914	https://www.aozora.gr.jp/cards/001248/files/46652_ruby_27769.zip
046655	宝塚生い立ちの記	小林	一三	新字新仮名	NDC 775	https://www.aozora.gr.jp/cards/001256/files/46655_ruby_29119.zip
046656	東京宝塚劇場の再開に憶う	小林	一三	新字新仮名	NDC 775	https://www.aozora.gr.jp/cards/001256/files/46656_txt_29121.zip
046657	アーニイ・パイルの前に立ちて	小林	一三	新字新仮名	NDC 775	https://www.aozora.gr.jp/cards/001256/files/46657_txt_29246.zip
046658	スリーピー・ホローの伝説	アーヴィング	ワシントン	新字新仮名	NDC 933	https://www.aozora.gr.jp/cards/001257/files/46658_ruby_44679.zip
046659	エスペラントの話	二葉亭	四迷	新字旧仮名	NDC 899	https://www.aozora.gr.jp/cards/000006/files/46659_ruby_25028.zip
046660	緑衣の女	松本	泰	新字新仮名	NDC 913	https://www.aozora.gr.jp/cards/000308/files/46660_ruby_27796.zip
046668	改暦弁	福沢	諭吉	旧字旧仮名	NDC 449	https://www.aozora.gr.jp/cards/000296/files/46668_ruby_66673.zip
046670	麻酔剤	田中	早苗	新字新仮名	NDC 953	https://www.aozora.gr.jp/cards/000326/files/46670_ruby_28599.zip
046671	山遊び	木下	利玄	旧字旧仮名	NDC 914	https://www.aozora.gr.jp/cards/000526/files/46671_ruby_39114.zip
046684	学問の独立	福沢	諭吉	新字新仮名	NDC 002 371	https://www.aozora.gr.jp/cards/000296/files/46684_ruby_26314.zip
046685	経世の学、また講究すべし	福沢	諭吉	新字新仮名	NDC 121 370	https://www.aozora.gr.jp/cards/000296/files/46685_ruby_24921.zip
046686	物理学の要用	福沢	諭吉	新字新仮名	NDC 121 420	https://www.aozora.gr.jp/cards/000296/files/46686_ruby_24922.zip
046687	おせん	邦枝	完二	新字新仮名	NDC 913	https://www.aozora.gr.jp/cards/001261/files/46687_ruby_26552.zip
046695	「生活」＋「戦争」＋「競技」÷０＝能	癋見	鈍太郎	新字新仮名	NDC 914	https://www.aozora.gr.jp/cards/000096/files/46695_ruby_27665.zip
046704	豚と猪	土原	耕作	新字新仮名	NDC K913	https://www.aozora.gr.jp/cards/000096/files/46704_txt_27644.zip
046712	犬と人形	海若	藍平	新字新仮名	NDC K913	https://www.aozora.gr.jp/cards/000096/files/46712_ruby_27630.zip
046713	章魚の足	海若	藍平	新字新仮名	NDC K913	https://www.aozora.gr.jp/cards/000096/files/46713_ruby_27650.zip
046714	どろぼう猫	海若	藍平	新字新仮名	NDC 913	https://www.aozora.gr.jp/cards/000096/files/46714_ruby_27640.zip
046715	ドン	海若	藍平	新字新仮名	NDC K913	https://www.aozora.gr.jp/cards/000096/files/46715_ruby_27641.zip
046716	虻のおれい	香倶土	三鳥	新字新仮名	NDC K913	https://www.aozora.gr.jp/cards/000096/files/46716_ruby_27628.zip
046717	医者と病人	香倶土	三鳥	新字新仮名	NDC K913	https://www.aozora.gr.jp/cards/000096/files/46717_txt_27629.zip
046718	梅のにおい	香倶土	三鳥	新字新仮名	NDC K913	https://www.aozora.gr.jp/cards/000096/files/46718_ruby_27647.zip
046719	鉛筆のシン	香倶土	三鳥	新字新仮名	NDC K913	https://www.aozora.gr.jp/cards/000096/files/46719_txt_27633.zip
046720	お金とピストル	香倶土	三鳥	新字新仮名	NDC K913	https://www.aozora.gr.jp/cards/000096/files/46720_ruby_27648.zip
046721	がちゃがちゃ	香倶土	三鳥	新字新仮名	NDC K913	https://www.aozora.gr.jp/cards/000096/files/46721_ruby_27635.zip
046722	鷹とひらめ	香倶土	三鳥	新字新仮名	NDC K913	https://www.aozora.gr.jp/cards/000096/files/46722_txt_27649.zip
046723	狸と与太郎	香倶土	三鳥	新字新仮名	NDC K913	https://www.aozora.gr.jp/cards/000096/files/46723_ruby_27651.zip
046724	電信柱と黒雲	香倶土	三鳥	新字新仮名	NDC K913	https://www.aozora.gr.jp/cards/000096/files/46724_txt_27639.zip
046725	人形と狼	香倶土	三鳥	新字新仮名	NDC K913	https://www.aozora.gr.jp/cards/000096/files/46725_ruby_27653.zip
046726	二つの鞄	香倶土	三鳥	新字新仮名	NDC K913	https://www.aozora.gr.jp/cards/000096/files/46726_ruby_27643.zip
046727	二人の男と荷車曳き	香倶土	三鳥	新字新仮名	NDC K913	https://www.aozora.gr.jp/cards/000096/files/46727_ruby_27645.zip
046728	森の神	香倶土	三鳥	新字新仮名	NDC K913	https://www.aozora.gr.jp/cards/000096/files/46728_txt_27658.zip
046731	蚤と蚊	土原	耕作	新字新仮名	NDC K913	https://www.aozora.gr.jp/cards/000096/files/46731_txt_27655.zip
046732	蛇と蛙	土原	耕作	新字新仮名	NDC K913	https://www.aozora.gr.jp/cards/000096/files/46732_txt_27646.zip
046733	ペンとインキ	土原	耕作	新字新仮名	NDC K913	https://www.aozora.gr.jp/cards/000096/files/46733_txt_27656.zip
046734	教育の目的	福沢	諭吉	新字新仮名	NDC 371	https://www.aozora.gr.jp/cards/000296/files/46734_ruby_25781.zip
046735	泡盛物語	佐藤	垢石	新字新仮名	NDC 914	https://www.aozora.gr.jp/cards/001248/files/46735_ruby_25654.zip
046737	岩魚	佐藤	垢石	新字新仮名	NDC 913	https://www.aozora.gr.jp/cards/001248/files/46737_ruby_25655.zip
046738	烏恵寿毛	佐藤	垢石	新字新仮名	NDC 914	https://www.aozora.gr.jp/cards/001248/files/46738_ruby_25656.zip
046739	越後の闘牛	佐藤	垢石	新字新仮名	NDC 788 914	https://www.aozora.gr.jp/cards/001248/files/46739_ruby_25657.zip
046740	岡ふぐ談	佐藤	垢石	新字新仮名	NDC 914	https://www.aozora.gr.jp/cards/001248/files/46740_ruby_25658.zip
046741	香熊	佐藤	垢石	新字新仮名	NDC 596 914	https://www.aozora.gr.jp/cards/001248/files/46741_ruby_25659.zip
046742	熊狩名人	佐藤	垢石	新字新仮名	NDC 787 914	https://www.aozora.gr.jp/cards/001248/files/46742_ruby_25660.zip
046743	猿ヶ京	佐藤	垢石	新字新仮名	NDC 914	https://www.aozora.gr.jp/cards/001248/files/46743_ruby_25661.zip
046744	支那の狸汁	佐藤	垢石	新字新仮名	NDC 913	https://www.aozora.gr.jp/cards/001248/files/46744_ruby_25662.zip
046818	笑いの歌	ブレイク	ウィリアム	新字新仮名	NDC 931	https://www.aozora.gr.jp/cards/000115/files/46818_ruby_29306.zip
046820	植物一日一題	牧野	富太郎	新字新仮名	NDC 470	https://www.aozora.gr.jp/cards/001266/files/46820_ruby_29304.zip
046821	植物知識	牧野	富太郎	新字新仮名	NDC 470	https://www.aozora.gr.jp/cards/001266/files/46821_ruby_29302.zip
046823	懐中時計	土原	耕作	新字新仮名	NDC K913	https://www.aozora.gr.jp/cards/000096/files/46823_txt_27634.zip
046824	石をしょわずに	村山	俊太郎	新字新仮名	NDC 370	https://www.aozora.gr.jp/cards/001225/files/46824_txt_37457.zip
046826	瘠我慢の説	福沢	諭吉	新字新仮名	NDC 121 312	https://www.aozora.gr.jp/cards/000296/files/46826_ruby_24770.zip
046827	瘠我慢の説	榎本	武揚	新字新仮名	NDC 121 312	https://www.aozora.gr.jp/cards/000296/files/46827_ruby_24772.zip
046828	瘠我慢の説	石河	幹明	新字新仮名	NDC 121 312	https://www.aozora.gr.jp/cards/001206/files/46828_ruby_24774.zip
046829	瘠我慢の説	木村	芥舟	新字新仮名	NDC 121 312	https://www.aozora.gr.jp/cards/001207/files/46829_ruby_24776.zip
046831	鴎外の思い出	小金井	喜美子	新字新仮名	NDC 910 914	https://www.aozora.gr.jp/cards/001247/files/46831_ruby_28523.zip
046832	チチアンの死	木下	杢太郎	新字新仮名	NDC 942	https://www.aozora.gr.jp/cards/001192/files/46832_ruby_27515.zip
046833	泉鏡花先生のこと	小村	雪岱	新字新仮名	NDC 914	https://www.aozora.gr.jp/cards/001268/files/46833_ruby_27514.zip
046834	命の鍛錬	関	寛	旧字旧仮名	NDC 159 498	https://www.aozora.gr.jp/cards/001026/files/46834_ruby_26979.zip
046835	養生心得草	関	寛	旧字旧仮名	NDC 498	https://www.aozora.gr.jp/cards/001026/files/46835_ruby_26980.zip
046848	明治三十一年三月十二日三田演説会に於ける演説	福沢	諭吉	旧字旧仮名	NDC 370	https://www.aozora.gr.jp/cards/000296/files/46848_ruby_42407.zip
046886	永遠の夫	神西	清	旧字新仮名	NDC 983	https://www.aozora.gr.jp/cards/000363/files/46886_ruby_62791.zip
046888	私の社交ダンス	久米	正雄	新字旧仮名	NDC 799 914	https://www.aozora.gr.jp/cards/001151/files/46888_ruby_27512.zip
046889	市街を散歩する人の心持	木下	杢太郎	新字旧仮名	NDC 914	https://www.aozora.gr.jp/cards/000120/files/46889_ruby_27513.zip
046890	中津留別の書	福沢	諭吉	新字新仮名	NDC 371	https://www.aozora.gr.jp/cards/000296/files/46890_ruby_25782.zip
046891	戯画	北条	民雄	新字旧仮名	NDC 913	https://www.aozora.gr.jp/cards/000997/files/46891_txt_60165.zip
046892	青春の天刑病者達	北条	民雄	新字旧仮名	NDC 913	https://www.aozora.gr.jp/cards/000997/files/46892_ruby_60156.zip
046893	月日	北条	民雄	新字旧仮名	NDC 913	https://www.aozora.gr.jp/cards/000997/files/46893_ruby_59516.zip
046894	道化芝居	北条	民雄	新字旧仮名	NDC 913	https://www.aozora.gr.jp/cards/000997/files/46894_ruby_60164.zip
046895	童貞記	北条	民雄	新字旧仮名	NDC 913	https://www.aozora.gr.jp/cards/000997/files/46895_txt_60454.zip
046896	白痴	北条	民雄	新字旧仮名	NDC 913	https://www.aozora.gr.jp/cards/000997/files/46896_ruby_60455.zip
046897	間木老人	北条	民雄	新字旧仮名	NDC 913	https://www.aozora.gr.jp/cards/000997/files/46897_ruby_60838.zip
046898	癩を病む青年達	北条	民雄	新字旧仮名	NDC 913	https://www.aozora.gr.jp/cards/000997/files/46898_ruby_60157.zip
046899	赤い斑紋	北条	民雄	新字旧仮名	NDC 913	https://www.aozora.gr.jp/cards/000997/files/46899_txt_39718.zip
046900	井の中の正月の感想	北条	民雄	新字旧仮名	NDC 914	https://www.aozora.gr.jp/cards/000997/files/46900_ruby_39720.zip
046901	覚え書	北条	民雄	新字旧仮名	NDC 914	https://www.aozora.gr.jp/cards/000997/files/46901_ruby_39721.zip
046979	筑波ねのほとり	横瀬	夜雨	旧字旧仮名	NDC 911 914	https://www.aozora.gr.jp/cards/000370/files/46979_ruby_47388.zip
046981	日本趣味映画	溝口	健二	新字旧仮名	NDC 778	https://www.aozora.gr.jp/cards/001272/files/46981_ruby_41615.zip
046982	くまと車掌	木内	高音	新字新仮名	NDC K913	https://www.aozora.gr.jp/cards/000872/files/46982_ruby_29721.zip
046983	水菓子屋の要吉	木内	高音	新字新仮名	NDC K913	https://www.aozora.gr.jp/cards/000872/files/46983_ruby_29722.zip
046984	清造と沼	宮島	資夫	新字新仮名	NDC K913	https://www.aozora.gr.jp/cards/000929/files/46984_ruby_29720.zip
046985	鬼退治	下村	千秋	新字新仮名	NDC K913	https://www.aozora.gr.jp/cards/001205/files/46985_ruby_47020.zip
046986	神様の布団	下村	千秋	新字新仮名	NDC K913	https://www.aozora.gr.jp/cards/001205/files/46986_ruby_47021.zip
046987	曲馬団の「トッテンカン」	下村	千秋	新字新仮名	NDC K913	https://www.aozora.gr.jp/cards/001205/files/46987_ruby_47022.zip
046988	とんまの六兵衛	下村	千秋	新字新仮名	NDC K913	https://www.aozora.gr.jp/cards/001205/files/46988_ruby_47023.zip
046996	イーリアス	土井	晩翠	旧字旧仮名	NDC 991	https://www.aozora.gr.jp/cards/001099/files/46996_ruby_39570.zip
047001	恨なき殺人	宮島	資夫	新字新仮名	NDC 913	https://www.aozora.gr.jp/cards/000929/files/47001_ruby_62099.zip
047018	劒の教義	ガンジー	マハトマ	旧字旧仮名	NDC 126 225	https://www.aozora.gr.jp/cards/001277/files/47018_txt_26742.zip
047019	受動的抵抗の理論と実行	ガンジー	マハトマ	旧字旧仮名	NDC 126 225	https://www.aozora.gr.jp/cards/001277/files/47019_txt_26740.zip
047020	スワデシの誓	ガンジー	マハトマ	旧字旧仮名	NDC 126 225	https://www.aozora.gr.jp/cards/001277/files/47020_ruby_26741.zip
047021	印度の婦人へ	ガンジー	マハトマ	旧字旧仮名	NDC 126 225	https://www.aozora.gr.jp/cards/001277/files/47021_ruby_26738.zip
047024	非暴力	ガンジー	マハトマ	旧字旧仮名	NDC 126 225	https://www.aozora.gr.jp/cards/001277/files/47024_txt_26743.zip
047025	神、国王、国家	ガンジー	マハトマ	旧字旧仮名	NDC 126 225	https://www.aozora.gr.jp/cards/001277/files/47025_txt_26739.zip
047030	徳育如何	福沢	諭吉	新字新仮名	NDC 371	https://www.aozora.gr.jp/cards/000296/files/47030_ruby_26828.zip
047032	隅田の春	饗庭	篁村	新字旧仮名	NDC 914	https://www.aozora.gr.jp/cards/000374/files/47032_ruby_31251.zip
047034	雪の宿り	神西	清	新字旧仮名	NDC 913	https://www.aozora.gr.jp/cards/001157/files/47034_ruby_29129.zip
047042	キリストのヨルカに召された少年	神西	清	新字新仮名	NDC K983	https://www.aozora.gr.jp/cards/000363/files/47042_ruby_34286.zip
047043	百姓マレイ	神西	清	新字新仮名	NDC K983	https://www.aozora.gr.jp/cards/000363/files/47043_ruby_34287.zip
047048	神童の死	北原	白秋	新字旧仮名	NDC 914	https://www.aozora.gr.jp/cards/000106/files/47048_ruby_28944.zip
047054	学者安心論	福沢	諭吉	新字新仮名	NDC 370	https://www.aozora.gr.jp/cards/000296/files/47054_ruby_29646.zip
047057	共産党宣言	エンゲルス	フリードリッヒ	旧字旧仮名	NDC 309	https://www.aozora.gr.jp/cards/001138/files/47057_ruby_57449.zip
047058	『人形の家』解説	島村	抱月	旧字旧仮名	NDC 949	https://www.aozora.gr.jp/cards/000599/files/47058_ruby_31736.zip
047059	子をつれて	葛西	善蔵	新字新仮名	NDC 913	https://www.aozora.gr.jp/cards/000984/files/47059_ruby_29517.zip
047061	学問のすすめ	福沢	諭吉	新字新仮名	NDC 370	https://www.aozora.gr.jp/cards/000296/files/47061_ruby_28378.zip
047063	修身要領	慶應義塾		新字旧仮名	NDC 377	https://www.aozora.gr.jp/cards/000296/files/47063_ruby_32086.zip
047064	嫉妬する夫の手記	二葉亭	四迷	新字旧仮名	NDC 914	https://www.aozora.gr.jp/cards/000006/files/47064_txt_31250.zip
047065	人形芝居に関するノオト	竹内	勝太郎	新字新仮名	NDC 777 914	https://www.aozora.gr.jp/cards/000636/files/47065_ruby_31216.zip
047066	競馬興行と競馬狂の話	桂	小南	新字旧仮名	NDC 788 914	https://www.aozora.gr.jp/cards/001286/files/47066_txt_32183.zip
047067	水晶の栓	新青年編輯局		新字新仮名	NDC K953	https://www.aozora.gr.jp/cards/001121/files/47067_ruby_38070.zip
047074	親ごころ	秋田	滋	新字新仮名	NDC 953	https://www.aozora.gr.jp/cards/000903/files/47074_ruby_39140.zip
047076	狂人日記	秋田	滋	新字新仮名	NDC 953	https://www.aozora.gr.jp/cards/000903/files/47076_ruby_39141.zip
047098	新たに法学部に入学された諸君へ	末弘	厳太郎	新字新仮名	NDC 320	https://www.aozora.gr.jp/cards/000922/files/47098_ruby_29757.zip
047099	小知恵にとらわれた現代の法律学	末弘	厳太郎	新字新仮名	NDC 320	https://www.aozora.gr.jp/cards/000922/files/47099_txt_30895.zip
047100	法学とは何か	末弘	厳太郎	新字新仮名	NDC 320	https://www.aozora.gr.jp/cards/000922/files/47100_ruby_32181.zip
047106	雨夜の駅	宮城	道雄	新字新仮名	NDC 768 914	https://www.aozora.gr.jp/cards/001288/files/47106_txt_28768.zip
047107	音の世界に生きる	宮城	道雄	新字新仮名	NDC 768 914	https://www.aozora.gr.jp/cards/001288/files/47107_ruby_28769.zip
047108	垣隣り	宮城	道雄	新字新仮名	NDC 768 914	https://www.aozora.gr.jp/cards/001288/files/47108_txt_28770.zip
047109	声と食物	宮城	道雄	新字新仮名	NDC 768 914	https://www.aozora.gr.jp/cards/001288/files/47109_ruby_28888.zip
047110	声と性格	宮城	道雄	新字新仮名	NDC 768 914	https://www.aozora.gr.jp/cards/001288/files/47110_txt_28889.zip
047111	声と人柄	宮城	道雄	新字新仮名	NDC 768 914	https://www.aozora.gr.jp/cards/001288/files/47111_ruby_28890.zip
047112	心の調べ	宮城	道雄	新字新仮名	NDC 768 914	https://www.aozora.gr.jp/cards/001288/files/47112_txt_27517.zip
047113	五十年をかえりみて	宮城	道雄	新字新仮名	NDC 768 914	https://www.aozora.gr.jp/cards/001288/files/47113_txt_28771.zip
047114	純粋の声	宮城	道雄	新字新仮名	NDC 768 914	https://www.aozora.gr.jp/cards/001288/files/47114_txt_28891.zip
047115	春雨	宮城	道雄	新字新仮名	NDC 768 914	https://www.aozora.gr.jp/cards/001288/files/47115_txt_28772.zip
047116	耳の日記	宮城	道雄	新字新仮名	NDC 768 914	https://www.aozora.gr.jp/cards/001288/files/47116_txt_28892.zip
047117	昔の盲人と外国の盲人	宮城	道雄	新字新仮名	NDC 768 914	https://www.aozora.gr.jp/cards/001288/files/47117_ruby_28893.zip
047118	山の声	宮城	道雄	新字新仮名	NDC 768 914	https://www.aozora.gr.jp/cards/001288/files/47118_ruby_27518.zip
047119	私のすきな人	宮城	道雄	新字新仮名	NDC 768 914	https://www.aozora.gr.jp/cards/001288/files/47119_txt_28894.zip
047120	私の若い頃	宮城	道雄	新字新仮名	NDC 768 914	https://www.aozora.gr.jp/cards/001288/files/47120_txt_27519.zip
047121	レコード夜話	宮城	道雄	新字新仮名	NDC 760 914	https://www.aozora.gr.jp/cards/001288/files/47121_txt_28895.zip
047122	八犬伝談余	内田	魯庵	新字新仮名	NDC 910	https://www.aozora.gr.jp/cards/000165/files/47122_ruby_35714.zip
047123	ディカーニカ近郷夜話　前篇	ゴーゴリ	ニコライ	新字旧仮名	NDC 983 984	https://www.aozora.gr.jp/cards/000207/files/47123_ruby_35570.zip
047124	ディカーニカ近郷夜話　前篇	ゴーゴリ	ニコライ	新字旧仮名	NDC 983	https://www.aozora.gr.jp/cards/000207/files/47124_ruby_35571.zip
047125	ディカーニカ近郷夜話　前篇	ゴーゴリ	ニコライ	新字旧仮名	NDC 983	https://www.aozora.gr.jp/cards/000207/files/47125_ruby_35572.zip
047126	ディカーニカ近郷夜話　前篇	ゴーゴリ	ニコライ	新字旧仮名	NDC 983	https://www.aozora.gr.jp/cards/000207/files/47126_ruby_35573.zip
047127	ディカーニカ近郷夜話　前篇	ゴーゴリ	ニコライ	新字旧仮名	NDC 983	https://www.aozora.gr.jp/cards/000207/files/47127_ruby_35574.zip
047128	ディカーニカ近郷夜話　後篇	ゴーゴリ	ニコライ	新字旧仮名	NDC 983 984	https://www.aozora.gr.jp/cards/000207/files/47128_ruby_35722.zip
047129	ディカーニカ近郷夜話　後篇	ゴーゴリ	ニコライ	新字旧仮名	NDC 983	https://www.aozora.gr.jp/cards/000207/files/47129_ruby_35726.zip
047130	ディカーニカ近郷夜話　後篇	ゴーゴリ	ニコライ	新字旧仮名	NDC 983	https://www.aozora.gr.jp/cards/000207/files/47130_ruby_35723.zip
047131	ディカーニカ近郷夜話　後篇	ゴーゴリ	ニコライ	新字旧仮名	NDC 983	https://www.aozora.gr.jp/cards/000207/files/47131_ruby_35724.zip
047132	ディカーニカ近郷夜話　後篇	ゴーゴリ	ニコライ	新字旧仮名	NDC 983	https://www.aozora.gr.jp/cards/000207/files/47132_ruby_35725.zip
047137	黄金機会	若松	賤子	新字旧仮名	NDC K913	https://www.aozora.gr.jp/cards/000163/files/47137_ruby_41947.zip
047138	鼻で鱒を釣つた話（実事）	若松	賤子	新字旧仮名	NDC K913	https://www.aozora.gr.jp/cards/000163/files/47138_ruby_41946.zip
047139	一老人	犬田	卯	新字新仮名	NDC 913	https://www.aozora.gr.jp/cards/001289/files/47139_ruby_29256.zip
047140	おびとき	犬田	卯	新字新仮名	NDC 913	https://www.aozora.gr.jp/cards/001289/files/47140_ruby_29294.zip
047141	錦紗	犬田	卯	新字新仮名	NDC 913	https://www.aozora.gr.jp/cards/001289/files/47141_ruby_29272.zip
047142	競馬	犬田	卯	新字新仮名	NDC 913	https://www.aozora.gr.jp/cards/001289/files/47142_ruby_29268.zip
047143	荒蕪地	犬田	卯	新字新仮名	NDC 913	https://www.aozora.gr.jp/cards/001289/files/47143_ruby_29276.zip
047144	瘤	犬田	卯	新字新仮名	NDC 913	https://www.aozora.gr.jp/cards/001289/files/47144_ruby_29117.zip
047145	米	犬田	卯	新字新仮名	NDC 913	https://www.aozora.gr.jp/cards/001289/files/47145_ruby_29278.zip
047146	沼畔小話集	犬田	卯	新字新仮名	NDC 913	https://www.aozora.gr.jp/cards/001289/files/47146_ruby_29300.zip
047147	橋の上	犬田	卯	新字新仮名	NDC 913	https://www.aozora.gr.jp/cards/001289/files/47147_ruby_29250.zip
047149	学校の説	福沢	諭吉	新字新仮名	NDC 377	https://www.aozora.gr.jp/cards/000296/files/47149_ruby_27921.zip
047154	「みの」の死	平山	千代子	新字旧仮名	NDC 914	https://www.aozora.gr.jp/cards/001292/files/47154_ruby_29380.zip
047155	赤ちやん	平山	千代子	新字旧仮名	NDC 914	https://www.aozora.gr.jp/cards/001292/files/47155_ruby_29372.zip
047156	石	平山	千代子	新字旧仮名	NDC 914	https://www.aozora.gr.jp/cards/001292/files/47156_txt_29373.zip
047157	お泊り	平山	千代子	新字旧仮名	NDC 914	https://www.aozora.gr.jp/cards/001292/files/47157_txt_29374.zip
047158	汽車	平山	千代子	新字旧仮名	NDC 914	https://www.aozora.gr.jp/cards/001292/files/47158_txt_29376.zip
047159	小説	平山	千代子	新字旧仮名	NDC 914	https://www.aozora.gr.jp/cards/001292/files/47159_txt_29377.zip
047160	転校	平山	千代子	新字旧仮名	NDC 914	https://www.aozora.gr.jp/cards/001292/files/47160_ruby_29378.zip
047161	カイダイ	平山	千代子	新字旧仮名	NDC 914	https://www.aozora.gr.jp/cards/001292/files/47161_ruby_29375.zip
047162	ハナとタマシヒ	平山	千代子	新字旧仮名	NDC 914	https://www.aozora.gr.jp/cards/001292/files/47162_ruby_29379.zip
047163	二笑亭綺譚	式場	隆三郎	新字新仮名	NDC 521	https://www.aozora.gr.jp/cards/001862/files/47163_txt_64040.zip
047164	音楽界の迷信	兼常	清佐	新字新仮名	NDC 760	https://www.aozora.gr.jp/cards/001294/files/47164_ruby_29137.zip
047165	勝太郎	兼常	清佐	新字新仮名	NDC 768	https://www.aozora.gr.jp/cards/001294/files/47165_ruby_29138.zip
047166	久野女史をいたむ	兼常	清佐	新字新仮名	NDC 763 914	https://www.aozora.gr.jp/cards/001294/files/47166_txt_29284.zip
047167	ニッポン音楽	兼常	清佐	新字新仮名	NDC 768	https://www.aozora.gr.jp/cards/001294/files/47167_ruby_29123.zip
047168	流行唄	兼常	清佐	新字新仮名	NDC 767	https://www.aozora.gr.jp/cards/001294/files/47168_ruby_29252.zip
047169	レコード蒐集	兼常	清佐	新字新仮名	NDC 760	https://www.aozora.gr.jp/cards/001294/files/47169_txt_29296.zip
047205	かもじの美術家	神西	清	新字新仮名	NDC 983	https://www.aozora.gr.jp/cards/001295/files/47205_ruby_35364.zip
047206	真珠の首飾り	神西	清	新字新仮名	NDC 983	https://www.aozora.gr.jp/cards/001295/files/47206_ruby_35365.zip
047207	ムツェンスク郡のマクベス夫人	神西	清	新字新仮名	NDC 983	https://www.aozora.gr.jp/cards/001295/files/47207_ruby_35366.zip
047208	二人の男	島田	清次郎	新字旧仮名	NDC 913	https://www.aozora.gr.jp/cards/000595/files/47208_ruby_46837.zip
047215	ランボオ詩集≪学校時代の詩≫	中原	中也	新字旧仮名	NDC 951	https://www.aozora.gr.jp/cards/001296/files/47215_ruby_30739.zip
047221	青いポアン	神西	清	新字旧仮名	NDC 913	https://www.aozora.gr.jp/cards/001157/files/47221_ruby_29314.zip
047222	きれぎれの追憶	神西	清	新字旧仮名	NDC 914	https://www.aozora.gr.jp/cards/001157/files/47222_txt_29274.zip
047231	秋空晴れて	吉田	甲子太郎	新字新仮名	NDC K913	https://www.aozora.gr.jp/cards/001258/files/47231_ruby_29109.zip
047232	負けない少年	吉田	甲子太郎	新字新仮名	NDC K913	https://www.aozora.gr.jp/cards/001258/files/47232_ruby_29286.zip
047233	風に飜へる梧桐の実	牧野	富太郎	新字旧仮名	NDC 470	https://www.aozora.gr.jp/cards/001266/files/47233_ruby_29322.zip
047234	寒桜の話	牧野	富太郎	新字新仮名	NDC 470	https://www.aozora.gr.jp/cards/001266/files/47234_ruby_29115.zip
047235	火の玉を見たこと	牧野	富太郎	新字新仮名	NDC 147 914	https://www.aozora.gr.jp/cards/001266/files/47235_ruby_29254.zip
047236	若き日の思い出	牧野	富太郎	新字新仮名	NDC 470	https://www.aozora.gr.jp/cards/001266/files/47236_ruby_29320.zip
047237	アケビ	牧野	富太郎	新字新仮名	NDC 470	https://www.aozora.gr.jp/cards/001266/files/47237_ruby_29244.zip
047238	カキツバタ一家言	牧野	富太郎	新字新仮名	NDC 470	https://www.aozora.gr.jp/cards/001266/files/47238_ruby_29262.zip
047239	ムジナモ発見物語り	牧野	富太郎	新字新仮名	NDC 470	https://www.aozora.gr.jp/cards/001266/files/47239_ruby_29290.zip
047285	ニュー・ヨーク　『青春の自画像』より	前田河	広一郎	新字新仮名	NDC 914	https://www.aozora.gr.jp/cards/001297/files/47285_ruby_29125.zip
047286	出版の今昔	市島	春城	旧字旧仮名		https://www.aozora.gr.jp/cards/000412/files/47286_txt_77841.zip
047291	芸術と数学及び科学	三上	義夫	新字新仮名	NDC 410	https://www.aozora.gr.jp/cards/001017/files/47291_ruby_38775.zip
047292	和算の社会的・芸術的特性について	三上	義夫	新字新仮名	NDC 410	https://www.aozora.gr.jp/cards/001017/files/47292_ruby_38766.zip
047296	ランボオ詩集	中原	中也	新字旧仮名	NDC 951	https://www.aozora.gr.jp/cards/001296/files/47296_ruby_29415.zip
047340	数学史の研究に就きて	三上	義夫	新字新仮名	NDC 410	https://www.aozora.gr.jp/cards/001017/files/47340_ruby_38856.zip
047341	文化史上より見たる日本の数学	三上	義夫	新字新仮名	NDC 410	https://www.aozora.gr.jp/cards/001017/files/47341_ruby_39257.zip
047355	夭折した富永太郎	中原	中也	新字旧仮名	NDC 911	https://www.aozora.gr.jp/cards/000026/files/47355_ruby_29694.zip
047356	其中日記	種田	山頭火	新字旧仮名	NDC 911 915	https://www.aozora.gr.jp/cards/000146/files/47356_ruby_33287.zip
047357	生活の探求	島木	健作	旧字旧仮名	NDC 913	https://www.aozora.gr.jp/cards/000008/files/47357_ruby_65438.zip
047361	一過程	島木	健作	旧字旧仮名	NDC 913	https://www.aozora.gr.jp/cards/000008/files/47361_ruby_37823.zip
047374	第一義の道	島木	健作	旧字旧仮名	NDC 913	https://www.aozora.gr.jp/cards/000008/files/47374_ruby_39190.zip
047382	盲目	島木	健作	旧字旧仮名	NDC 913	https://www.aozora.gr.jp/cards/000008/files/47382_ruby_37824.zip
047383	癩	島木	健作	旧字旧仮名	NDC 913	https://www.aozora.gr.jp/cards/000008/files/47383_ruby_37825.zip
047384	黎明	島木	健作	旧字旧仮名	NDC 913	https://www.aozora.gr.jp/cards/000008/files/47384_ruby_39191.zip
047386	続生活の探求	島木	健作	旧字旧仮名	NDC 913	https://www.aozora.gr.jp/cards/000008/files/47386_ruby_69027.zip
047401	ある女の裁判	伊藤	野枝	新字旧仮名	NDC 913	https://www.aozora.gr.jp/cards/000416/files/47401_ruby_50461.zip
047402	遺書の一部より	伊藤	野枝	新字旧仮名	NDC 913	https://www.aozora.gr.jp/cards/000416/files/47402_ruby_50402.zip
047417	越後獅子	羽志	主水	新字新仮名	NDC 913	https://www.aozora.gr.jp/cards/001305/files/47417_ruby_33644.zip
047418	監獄部屋	羽志	主水	新字新仮名	NDC 913	https://www.aozora.gr.jp/cards/001305/files/47418_ruby_29113.zip
047438	神楽坂	矢田	津世子	新字新仮名	NDC 913	https://www.aozora.gr.jp/cards/000317/files/47438_ruby_32489.zip
047439	痀女抄録	矢田	津世子	新字新仮名	NDC 913	https://www.aozora.gr.jp/cards/000317/files/47439_ruby_31785.zip
047440	鴻ノ巣女房	矢田	津世子	新字新仮名	NDC 913	https://www.aozora.gr.jp/cards/000317/files/47440_ruby_31786.zip
047441	旅役者の妻より	矢田	津世子	新字新仮名	NDC 913	https://www.aozora.gr.jp/cards/000317/files/47441_ruby_32511.zip
047442	父	矢田	津世子	新字新仮名	NDC 913	https://www.aozora.gr.jp/cards/000317/files/47442_ruby_32487.zip
047443	茶粥の記	矢田	津世子	新字新仮名	NDC 913	https://www.aozora.gr.jp/cards/000317/files/47443_ruby_32517.zip
047444	凍雲	矢田	津世子	新字新仮名	NDC 913	https://www.aozora.gr.jp/cards/000317/files/47444_ruby_32515.zip
047445	女心拾遺	矢田	津世子	新字新仮名	NDC 913	https://www.aozora.gr.jp/cards/000317/files/47445_ruby_32513.zip
047473	犠牲者	平林	初之輔	新字新仮名	NDC 913	https://www.aozora.gr.jp/cards/000221/files/47473_ruby_34251.zip
047475	偽刑事	川田	功	新字新仮名	NDC 913	https://www.aozora.gr.jp/cards/001306/files/47475_ruby_33425.zip
047507	明治哲学界の回顧	井上	哲次郎	新字新仮名	NDC 121	https://www.aozora.gr.jp/cards/000420/files/47507_ruby_31040.zip
047508	教育心理に関する現下の問題二三	久保	良英	旧字旧仮名	NDC 371	https://www.aozora.gr.jp/cards/000537/files/47508_txt_29449.zip
047509	乳を刺す	邦枝	完二	新字新仮名	NDC 913	https://www.aozora.gr.jp/cards/001261/files/47509_ruby_37813.zip
047513	歌麿懺悔	邦枝	完二	新字新仮名	NDC 913	https://www.aozora.gr.jp/cards/001261/files/47513_ruby_32614.zip
047516	曲亭馬琴	邦枝	完二	新字新仮名	NDC 913	https://www.aozora.gr.jp/cards/001261/files/47516_ruby_31054.zip
047523	熊	久米	正雄	新字新仮名	NDC 913	https://www.aozora.gr.jp/cards/001151/files/47523_ruby_66291.zip
047570	其中日記	種田	山頭火	新字旧仮名	NDC 911 915	https://www.aozora.gr.jp/cards/000146/files/47570_ruby_33323.zip
047592	誘拐者	山下	利三郎	新字新仮名	NDC 913	https://www.aozora.gr.jp/cards/001208/files/47592_ruby_29749.zip
047593	真珠塔の秘密	甲賀	三郎	新字新仮名	NDC 913	https://www.aozora.gr.jp/cards/000260/files/47593_ruby_29750.zip
047594	「いろは」の五色ガラスについて	木村	荘八	新字旧仮名	NDC 382	https://www.aozora.gr.jp/cards/001312/files/47594_ruby_34079.zip
047595	鏑木さん雑感	木村	荘八	新字旧仮名	NDC 382 721	https://www.aozora.gr.jp/cards/001312/files/47595_txt_34101.zip
047596	岸田劉生の日本画	木村	荘八	新字旧仮名	NDC 382 721	https://www.aozora.gr.jp/cards/001312/files/47596_txt_34103.zip
047597	銀座の柳	木村	荘八	新字旧仮名	NDC 382	https://www.aozora.gr.jp/cards/001312/files/47597_txt_34089.zip
047598	大正東京錦絵	正岡	容	新字旧仮名	NDC 911 914	https://www.aozora.gr.jp/cards/001313/files/47598_ruby_58029.zip
047599	寄席	正岡	容	新字新仮名	NDC 913	https://www.aozora.gr.jp/cards/001313/files/47599_ruby_58860.zip
047600	随筆　寄席囃子	正岡	容	新字新仮名	NDC 779	https://www.aozora.gr.jp/cards/001313/files/47600_ruby_34017.zip
047601	小説　円朝	正岡	容	新字新仮名	NDC 913	https://www.aozora.gr.jp/cards/001313/files/47601_ruby_34114.zip
047602	滝野川貧寒	正岡	容	新字旧仮名	NDC 914	https://www.aozora.gr.jp/cards/001313/files/47602_ruby_58879.zip
047603	両国今昔	木村	荘八	新字旧仮名	NDC 382 788	https://www.aozora.gr.jp/cards/001312/files/47603_ruby_33983.zip
047604	夢の如く出現した彼	青柳	喜兵衛	新字新仮名	NDC 910	https://www.aozora.gr.jp/cards/001314/files/47604_ruby_32681.zip
047606	小曲	橋本	五郎	新字新仮名	NDC 913	https://www.aozora.gr.jp/cards/000900/files/47606_ruby_29647.zip
047607	殺人迷路	橋本	五郎	新字新仮名	NDC 913	https://www.aozora.gr.jp/cards/000900/files/47607_ruby_29703.zip
047644	小杉放庵	木村	荘八	新字旧仮名	NDC 723	https://www.aozora.gr.jp/cards/001312/files/47644_txt_34105.zip
047645	下谷練塀小路	正岡	容	新字旧仮名	NDC 914	https://www.aozora.gr.jp/cards/001313/files/47645_ruby_58802.zip
047646	炎の人――ゴッホ小伝――	三好	十郎	新字新仮名	NDC 912	https://www.aozora.gr.jp/cards/001311/files/47646_txt_34563.zip
047647	天狗外伝　斬られの仙太	三好	十郎	新字新仮名	NDC 912	https://www.aozora.gr.jp/cards/001311/files/47647_ruby_40706.zip
047680	桜と狆と愛国心	堺	利彦	旧字旧仮名	NDC 309	https://www.aozora.gr.jp/cards/000164/files/47680_ruby_42618.zip
047681	ハガキ運動	堺	利彦	旧字旧仮名	NDC 914	https://www.aozora.gr.jp/cards/000164/files/47681_ruby_42619.zip
047708	数寄屋橋夜景	木村	荘八	新字旧仮名	NDC 382	https://www.aozora.gr.jp/cards/001312/files/47708_txt_34091.zip
047709	洲崎の印象	木村	荘八	新字旧仮名	NDC 382	https://www.aozora.gr.jp/cards/001312/files/47709_txt_34081.zip
047710	立見の金網について	木村	荘八	新字旧仮名	NDC 382	https://www.aozora.gr.jp/cards/001312/files/47710_ruby_34083.zip
047728	東京の風俗	木村	荘八	新字旧仮名	NDC 382	https://www.aozora.gr.jp/cards/001312/files/47728_ruby_33978.zip
047729	東京の風俗　序	木村	荘八	新字旧仮名	NDC 382	https://www.aozora.gr.jp/cards/001312/files/47729_ruby_33963.zip
047730	花火の夢	木村	荘八	新字旧仮名	NDC 382	https://www.aozora.gr.jp/cards/001312/files/47730_ruby_34094.zip
047731	刎橋の受け台について	木村	荘八	新字旧仮名	NDC 382	https://www.aozora.gr.jp/cards/001312/files/47731_ruby_34085.zip
047732	柳橋考	木村	荘八	新字旧仮名	NDC 382	https://www.aozora.gr.jp/cards/001312/files/47732_ruby_33982.zip
047733	浴衣	木村	荘八	新字旧仮名	NDC 382 383	https://www.aozora.gr.jp/cards/001312/files/47733_txt_34097.zip
047734	浴衣小感	木村	荘八	新字旧仮名	NDC 382 383	https://www.aozora.gr.jp/cards/001312/files/47734_ruby_34099.zip
047740	子規居士と余	高浜	虚子	新字新仮名	NDC 911	https://www.aozora.gr.jp/cards/001310/files/47740_ruby_37633.zip
047741	漱石氏と私	高浜	虚子	新字新仮名	NDC 910	https://www.aozora.gr.jp/cards/001310/files/47741_ruby_37653.zip
047742	丸の内	高浜	虚子	新字新仮名	NDC 915	https://www.aozora.gr.jp/cards/001310/files/47742_ruby_37699.zip
047743	浅草灯籠	正岡	容	新字旧仮名	NDC 914	https://www.aozora.gr.jp/cards/001313/files/47743_ruby_57791.zip
047744	異版　浅草灯籠	正岡	容	新字旧仮名	NDC 914	https://www.aozora.gr.jp/cards/001313/files/47744_ruby_57793.zip
047745	艶色落語講談鑑賞	正岡	容	新字新仮名	NDC 779	https://www.aozora.gr.jp/cards/001313/files/47745_ruby_34166.zip
047746	円太郎馬車	正岡	容	新字新仮名	NDC 913	https://www.aozora.gr.jp/cards/001313/files/47746_ruby_33980.zip
047758	ながうた勧進帳	酒井	嘉七	新字新仮名	NDC 913	https://www.aozora.gr.jp/cards/001142/files/47758_ruby_32679.zip
047761	殺人迷路	甲賀	三郎	新字新仮名	NDC 913	https://www.aozora.gr.jp/cards/000260/files/47761_ruby_29705.zip
047762	殺人狂の話	浜尾	四郎	新字新仮名	NDC 368	https://www.aozora.gr.jp/cards/000289/files/47762_ruby_32677.zip
047763	罠に掛った人	甲賀	三郎	新字新仮名	NDC 913	https://www.aozora.gr.jp/cards/000260/files/47763_ruby_32682.zip
047764	殺人迷路	浜尾	四郎	新字新仮名	NDC 913	https://www.aozora.gr.jp/cards/000289/files/47764_ruby_29706.zip
047766	J・D・カーの密室犯罪の研究	井上	良夫	新字新仮名	NDC 914 930	https://www.aozora.gr.jp/cards/001315/files/47766_ruby_32683.zip
047767	旅客機事件	大庭	武年	新字新仮名	NDC 913	https://www.aozora.gr.jp/cards/001316/files/47767_ruby_32676.zip
047768	撞球室の七人	橋本	五郎	新字新仮名	NDC 913	https://www.aozora.gr.jp/cards/000900/files/47768_ruby_32680.zip
047769	円朝花火	正岡	容	新字新仮名	NDC 913	https://www.aozora.gr.jp/cards/001313/files/47769_ruby_33981.zip
047770	旧東京と蝙蝠	正岡	容	新字旧仮名	NDC 914	https://www.aozora.gr.jp/cards/001313/files/47770_ruby_58801.zip
047771	下町歳事記	正岡	容	新字旧仮名	NDC 914	https://www.aozora.gr.jp/cards/001313/files/47771_ruby_36800.zip
047772	巣鴨菊	正岡	容	新字旧仮名	NDC 914	https://www.aozora.gr.jp/cards/001313/files/47772_ruby_58878.zip
047773	随筆　寄席風俗	正岡	容	新字新仮名	NDC 779	https://www.aozora.gr.jp/cards/001313/files/47773_ruby_34016.zip
047774	東京万花鏡	正岡	容	新字旧仮名	NDC 911 914	https://www.aozora.gr.jp/cards/001313/files/47774_ruby_58030.zip
047783	絵画について	三好	十郎	新字新仮名	NDC 723 914	https://www.aozora.gr.jp/cards/001311/files/47783_txt_34126.zip
047784	ゴッホについて	三好	十郎	新字新仮名	NDC 912	https://www.aozora.gr.jp/cards/001311/files/47784_txt_34590.zip
047844	明治哲学界の回顧	井上	哲次郎	新字新仮名	NDC 121	https://www.aozora.gr.jp/cards/000420/files/47844_ruby_31041.zip
047845	懐疑思潮に付て	朝永	三十郎	旧字旧仮名	NDC 121	https://www.aozora.gr.jp/cards/000923/files/47845_ruby_30946.zip
047850	学究漫録	朝永	三十郎	旧字旧仮名	NDC 121	https://www.aozora.gr.jp/cards/000923/files/47850_ruby_30945.zip
047851	進化学より見たる哲学	加藤	弘之	旧字旧仮名	NDC 311	https://www.aozora.gr.jp/cards/001317/files/47851_ruby_30947.zip
047885	遺訓	西郷	隆盛	旧字旧仮名	NDC 289	https://www.aozora.gr.jp/cards/001320/files/47885_ruby_29759.zip
047942	捨吉	三好	十郎	旧字新仮名	NDC 911	https://www.aozora.gr.jp/cards/001311/files/47942_ruby_34110.zip
047943	詩劇「水仙と木魚」	三好	十郎	新字新仮名	NDC 912	https://www.aozora.gr.jp/cards/001311/files/47943_ruby_33986.zip
047944	歩くこと	三好	十郎	新字新仮名	NDC 914	https://www.aozora.gr.jp/cards/001311/files/47944_ruby_33966.zip
047945	殺意（ストリップショウ）	三好	十郎	新字新仮名	NDC 912	https://www.aozora.gr.jp/cards/001311/files/47945_ruby_33970.zip
047957	ジャム、君の家は	ゲラン	シャルル	旧字旧仮名	NDC 940	https://www.aozora.gr.jp/cards/001769/files/47957_ruby_40644.zip
047976	西周伝	榎本	武揚	新字旧仮名	NDC 289	https://www.aozora.gr.jp/cards/001264/files/47976_txt_32213.zip
047977	西周伝	加藤	弘之	新字旧仮名	NDC 289	https://www.aozora.gr.jp/cards/001317/files/47977_txt_38443.zip
047978	西周伝	津田	真道	新字旧仮名	NDC 289	https://www.aozora.gr.jp/cards/001322/files/47978_ruby_38442.zip
047988	釘抜藤吉捕物覚書	林	不忘	新字新仮名	NDC 913	https://www.aozora.gr.jp/cards/000290/files/47988_ruby_31587.zip
048122	明治人物月旦（抄）	鳥谷部	春汀	新字旧仮名	NDC 281	https://www.aozora.gr.jp/cards/001161/files/48122_ruby_29543.zip
048123	鈴が通る	三好	十郎	新字新仮名	NDC 912	https://www.aozora.gr.jp/cards/001311/files/48123_ruby_33987.zip
048124	ぼたもち	三好	十郎	新字新仮名	NDC 912	https://www.aozora.gr.jp/cards/001311/files/48124_ruby_34112.zip
048125	子供と旅	田山	花袋	新字旧仮名	NDC 914	https://www.aozora.gr.jp/cards/000214/files/48125_txt_29701.zip
048128	アッタレーア・プリンケプス	ガールシン	フセヴォロド・ミハイロヴィチ	新字新仮名	NDC 983	https://www.aozora.gr.jp/cards/000340/files/48128_ruby_33834.zip
048129	夢がたり	ガールシン	フセヴォロド・ミハイロヴィチ	新字新仮名	NDC 983	https://www.aozora.gr.jp/cards/000340/files/48129_ruby_33833.zip
048130	遺教	西郷	隆盛	旧字旧仮名	NDC 289	https://www.aozora.gr.jp/cards/001320/files/48130_ruby_29738.zip
048131	其中日記	種田	山頭火	新字旧仮名	NDC 911 915	https://www.aozora.gr.jp/cards/000146/files/48131_ruby_33353.zip
048167	情智関係論	西	周	旧字旧仮名	NDC 121	https://www.aozora.gr.jp/cards/001323/files/48167_txt_63522.zip
048179	佐渡が島のこと	江南	文三	旧字旧仮名	NDC 915	https://www.aozora.gr.jp/cards/001321/files/48179_ruby_34642.zip
048180	佐渡が島から	江南	文三	旧字旧仮名	NDC 915	https://www.aozora.gr.jp/cards/001321/files/48180_txt_34641.zip
048181	佐渡が島を出て	江南	文三	旧字旧仮名	NDC 768 915	https://www.aozora.gr.jp/cards/001321/files/48181_ruby_35175.zip
048182	佐渡が島を出て	江南	文三	旧字旧仮名	NDC 768 915	https://www.aozora.gr.jp/cards/001321/files/48182_ruby_34644.zip
048183	相川おけさ	江南	文三	旧字旧仮名	NDC 768	https://www.aozora.gr.jp/cards/001321/files/48183_ruby_34640.zip
048188	賢所御神楽の儀	羽田	亨	旧字旧仮名	NDC 210	https://www.aozora.gr.jp/cards/001324/files/48188_txt_70936.zip
048191	聚楽廻り	羽田	亨	旧字旧仮名	NDC 914	https://www.aozora.gr.jp/cards/001324/files/48191_txt_70697.zip
048196	孟宗と七面鳥	北原	白秋	新字旧仮名	NDC 914	https://www.aozora.gr.jp/cards/000106/files/48196_ruby_29923.zip
048204	燕尾服着初めの記	徳冨	蘆花	新字旧仮名	NDC 914	https://www.aozora.gr.jp/cards/000280/files/48204_ruby_35095.zip
048205	買ひものをする女	三宅	やす子	新字旧仮名	NDC 914	https://www.aozora.gr.jp/cards/000804/files/48205_ruby_31217.zip
048207	幽霊の足	相馬	御風	新字旧仮名	NDC 914	https://www.aozora.gr.jp/cards/000959/files/48207_txt_31050.zip
048214	海島冒険奇譚　海底軍艦	上村	経吉	旧字旧仮名	NDC K913 K914	https://www.aozora.gr.jp/cards/001325/files/48214_txt_36108.zip
048215	海島冒険奇譚　海底軍艦	小笠原	長生	旧字旧仮名	NDC K913 K914	https://www.aozora.gr.jp/cards/001326/files/48215_txt_33961.zip
048216	海島冒険奇譚　海底軍艦	肝付	兼行	旧字旧仮名	NDC K913 K914	https://www.aozora.gr.jp/cards/001327/files/48216_txt_36110.zip
048217	海島冒険奇譚　海底軍艦	吉井	幸蔵	旧字旧仮名	NDC K913 K914	https://www.aozora.gr.jp/cards/001328/files/48217_txt_36112.zip
048226	遺篇	西郷	隆盛	旧字旧仮名	NDC 289	https://www.aozora.gr.jp/cards/001320/files/48226_ruby_32092.zip
048228	総説　西洋音楽史の時代	乙骨	三郎	新字新仮名	NDC 762	https://www.aozora.gr.jp/cards/000483/files/48228_txt_69045.zip
048231	行乞記	種田	山頭火	新字旧仮名	NDC 911 915	https://www.aozora.gr.jp/cards/000146/files/48231_ruby_33354.zip
048232	行乞記	種田	山頭火	新字旧仮名	NDC 911 915	https://www.aozora.gr.jp/cards/000146/files/48232_txt_33355.zip
048233	『鉢の子』から『其中庵』まで	種田	山頭火	新字新仮名	NDC 911 914	https://www.aozora.gr.jp/cards/000146/files/48233_ruby_31292.zip
048234	赤い壺	種田	山頭火	新字新仮名	NDC 914	https://www.aozora.gr.jp/cards/000146/files/48234_ruby_31388.zip
048235	赤い壺（三）	種田	山頭火	新字新仮名	NDC 914	https://www.aozora.gr.jp/cards/000146/files/48235_ruby_31387.zip
048236	赤い壺（二）	種田	山頭火	新字新仮名	NDC 914	https://www.aozora.gr.jp/cards/000146/files/48236_ruby_31386.zip
048237	片隅の幸福	種田	山頭火	新字新仮名	NDC 911 914	https://www.aozora.gr.jp/cards/000146/files/48237_txt_31298.zip
048270	遺牘	西郷	隆盛	旧字旧仮名	NDC 289	https://www.aozora.gr.jp/cards/001320/files/48270_ruby_32094.zip
048271	川魚料理	大町	桂月	旧字旧仮名	NDC 914	https://www.aozora.gr.jp/cards/000237/files/48271_ruby_32481.zip
048272	国府台	大町	桂月	旧字旧仮名	NDC 915	https://www.aozora.gr.jp/cards/000237/files/48272_txt_32505.zip
048273	小利根川の桜	大町	桂月	旧字旧仮名	NDC 915	https://www.aozora.gr.jp/cards/000237/files/48273_txt_32559.zip
048274	千葉夜行記	大町	桂月	旧字旧仮名	NDC 915	https://www.aozora.gr.jp/cards/000237/files/48274_ruby_32563.zip
048275	東京の近郊	大町	桂月	旧字旧仮名	NDC 915	https://www.aozora.gr.jp/cards/000237/files/48275_ruby_32748.zip
048280	学問ハ淵源ヲ深クスルニ在ルノ論	西	周	旧字旧仮名	NDC 121	https://www.aozora.gr.jp/cards/001323/files/48280_ruby_60919.zip
048281	霊魂一元論	西	周	その他	NDC 121	https://www.aozora.gr.jp/cards/001323/files/48281_txt_63523.zip
048282	南洲手抄言志録	勝	海舟	旧字旧仮名	NDC 121	https://www.aozora.gr.jp/cards/000354/files/48282_txt_37264.zip
048283	南洲手抄言志録	秋月	種樹	旧字旧仮名	NDC 121	https://www.aozora.gr.jp/cards/001331/files/48283_txt_32122.zip
048284	南洲手抄言志録	秋月	種樹	旧字旧仮名	NDC 121	https://www.aozora.gr.jp/cards/001331/files/48284_ruby_32145.zip
048286	南洲手抄言志録	山田	済斎	旧字旧仮名	NDC 121 289	https://www.aozora.gr.jp/cards/001334/files/48286_txt_32123.zip
048287	南洲手抄言志録	山田	済斎	旧字旧仮名	NDC 121 289	https://www.aozora.gr.jp/cards/001334/files/48287_txt_32125.zip
048288	飢餓地帯を歩く	下村	千秋	新字新仮名	NDC 916	https://www.aozora.gr.jp/cards/001205/files/48288_ruby_47202.zip
048310	竹取物語	和田	万吉	旧字旧仮名	NDC K913	https://www.aozora.gr.jp/cards/001072/files/48310_ruby_42452.zip
048311	父兄の方々に	和田	万吉	旧字旧仮名	NDC 914	https://www.aozora.gr.jp/cards/001072/files/48311_txt_42454.zip
048315	粕壁夜行記	大町	桂月	旧字旧仮名	NDC 915	https://www.aozora.gr.jp/cards/000237/files/48315_txt_32398.zip
048316	川越夜行記	大町	桂月	旧字旧仮名	NDC 915	https://www.aozora.gr.jp/cards/000237/files/48316_txt_32400.zip
048317	春の郊外	大町	桂月	旧字旧仮名	NDC 915	https://www.aozora.gr.jp/cards/000237/files/48317_ruby_32566.zip
048318	房州紀行	大町	桂月	旧字旧仮名	NDC 915	https://www.aozora.gr.jp/cards/000237/files/48318_ruby_32568.zip
048319	明治神宮と松	大町	桂月	旧字旧仮名	NDC 915	https://www.aozora.gr.jp/cards/000237/files/48319_txt_32570.zip
048320	遊羽雑感	大町	桂月	旧字旧仮名	NDC 915	https://www.aozora.gr.jp/cards/000237/files/48320_txt_32572.zip
048322	今昔物語	和田	万吉	旧字旧仮名	NDC K913	https://www.aozora.gr.jp/cards/001072/files/48322_ruby_42453.zip
048335	わが敬愛する人々に	北原	白秋	新字旧仮名	NDC 914	https://www.aozora.gr.jp/cards/000106/files/48335_ruby_34947.zip
048336	烈婦	高田	保	新字新仮名	NDC 914	https://www.aozora.gr.jp/cards/001073/files/48336_ruby_34946.zip
048337	翻訳の苦心	幸徳	秋水	新字旧仮名	NDC 801	https://www.aozora.gr.jp/cards/000261/files/48337_txt_37565.zip
048340	翻訳製造株式会社	戸川	秋骨	新字旧仮名	NDC 801	https://www.aozora.gr.jp/cards/000669/files/48340_ruby_35071.zip
048352	一万尺の山嶽	大町	桂月	旧字旧仮名	NDC 915	https://www.aozora.gr.jp/cards/000237/files/48352_txt_32381.zip
048353	三里塚の桜	大町	桂月	旧字旧仮名	NDC 915	https://www.aozora.gr.jp/cards/000237/files/48353_ruby_32558.zip
048354	新武蔵野の桜	大町	桂月	旧字旧仮名	NDC 915	https://www.aozora.gr.jp/cards/000237/files/48354_txt_32560.zip
048361	真間名所	阪井	久良伎	旧字旧仮名	NDC 911	https://www.aozora.gr.jp/cards/001337/files/48361_ruby_42322.zip
048363	恐怖の季節	三好	十郎	新字新仮名	NDC 914	https://www.aozora.gr.jp/cards/001311/files/48363_ruby_33979.zip
048365	キビキビした青年紳士	甲賀	三郎	新字新仮名	NDC 914	https://www.aozora.gr.jp/cards/000260/files/48365_ruby_30851.zip
048370	女中訓	羽仁	もと子	新字新仮名	NDC 159 366	https://www.aozora.gr.jp/cards/001338/files/48370_ruby_61180.zip
048372	枯草	野口	雨情	新字旧仮名	NDC 911	https://www.aozora.gr.jp/cards/000286/files/48372_ruby_37851.zip
048374	都会と田園	野口	雨情	新字旧仮名	NDC 911	https://www.aozora.gr.jp/cards/000286/files/48374_ruby_37852.zip
048375	別後	野口	雨情	新字旧仮名	NDC 911	https://www.aozora.gr.jp/cards/000286/files/48375_ruby_37853.zip
048376	鸚鵡	福士	幸次郎	旧字旧仮名	NDC 911	https://www.aozora.gr.jp/cards/000754/files/48376_ruby_31929.zip
048377	太陽の子	福士	幸次郎	旧字旧仮名	NDC 911	https://www.aozora.gr.jp/cards/000754/files/48377_ruby_32497.zip
048378	地方主義篇	福士	幸次郎	旧字旧仮名	NDC 911	https://www.aozora.gr.jp/cards/000754/files/48378_ruby_31931.zip
048379	展望	福士	幸次郎	旧字旧仮名	NDC 911	https://www.aozora.gr.jp/cards/000754/files/48379_ruby_32499.zip
048380	自刻木版画に就いて	岡本	帰一	新字旧仮名	NDC 733	https://www.aozora.gr.jp/cards/001339/files/48380_txt_31990.zip
048381	ユメノリヨカウ	岡本	帰一	その他	NDC K726 K911	https://www.aozora.gr.jp/cards/001339/files/48381_txt_31991.zip
048568	季節の馬車	佐藤	惣之助	旧字旧仮名	NDC 911	https://www.aozora.gr.jp/cards/000577/files/48568_ruby_32342.zip
048569	自分は見た	千家	元麿	旧字旧仮名	NDC 911	https://www.aozora.gr.jp/cards/000617/files/48569_ruby_32343.zip
048571	恐妻家庭円満術	小野	佐世男	新字新仮名	NDC 914	https://www.aozora.gr.jp/cards/001293/files/48571_txt_37323.zip
048572	花模様女剣戟	小野	佐世男	新字新仮名	NDC 914	https://www.aozora.gr.jp/cards/001293/files/48572_ruby_37325.zip
048573	幽霊	小野	佐世男	新字新仮名	NDC 914	https://www.aozora.gr.jp/cards/001293/files/48573_txt_37319.zip
048574	私の洋画経歴	小野	佐世男	新字新仮名	NDC 914	https://www.aozora.gr.jp/cards/001293/files/48574_txt_37317.zip
048575	エキゾチックな港街	小野	佐世男	新字新仮名	NDC 914	https://www.aozora.gr.jp/cards/001293/files/48575_txt_37321.zip
048576	ジャズ狂時代	小野	佐世男	新字新仮名	NDC 914	https://www.aozora.gr.jp/cards/001293/files/48576_txt_37320.zip
048577	ストリップ修学旅行	小野	佐世男	新字新仮名	NDC 914	https://www.aozora.gr.jp/cards/001293/files/48577_ruby_37324.zip
048628	追憶	素木	しづ	旧字旧仮名	NDC 913	https://www.aozora.gr.jp/cards/000012/files/48628_ruby_33071.zip
048660	今、生まれしみどり児	羽仁	もと子	新字新仮名	NDC 379	https://www.aozora.gr.jp/cards/001338/files/48660_ruby_47414.zip
048661	おさなご	羽仁	もと子	新字新仮名	NDC 379	https://www.aozora.gr.jp/cards/001338/files/48661_ruby_47415.zip
048667	おさなごを発見せよ	羽仁	もと子	新字新仮名	NDC 379	https://www.aozora.gr.jp/cards/001338/files/48667_ruby_47416.zip
048668	親子の愛の完成	羽仁	もと子	新字新仮名	NDC 379	https://www.aozora.gr.jp/cards/001338/files/48668_ruby_47417.zip
048669	たましいの教育	羽仁	もと子	新字新仮名	NDC 379	https://www.aozora.gr.jp/cards/001338/files/48669_ruby_47418.zip
048670	最も楽しい事業	羽仁	もと子	新字新仮名	NDC 379	https://www.aozora.gr.jp/cards/001338/files/48670_ruby_47419.zip
048686	もゝはがき	斎藤	緑雨	新字旧仮名	NDC 914	https://www.aozora.gr.jp/cards/000565/files/48686_ruby_37007.zip
048846	「西周哲学著作集」序	井上	哲次郎	旧字旧仮名	NDC 121	https://www.aozora.gr.jp/cards/000420/files/48846_ruby_66473.zip
048848	『全輯百間随筆』内容見本「推薦文」	桑木	厳翼	新字旧仮名	NDC 914	https://www.aozora.gr.jp/cards/000542/files/48848_txt_60170.zip
048851	ヴィルヘルム・ヴント	川合	貞一	新字新仮名	NDC 140	https://www.aozora.gr.jp/cards/001345/files/48851_txt_68714.zip
049039	赤い旗	槙本	楠郎	旧字旧仮名	NDC K911	https://www.aozora.gr.jp/cards/001175/files/49039_ruby_41666.zip
049068	兵隊さん	槙本	楠郎	旧字旧仮名	NDC K911	https://www.aozora.gr.jp/cards/001175/files/49068_ruby_41667.zip
049070	本部の段々で	槙本	楠郎	旧字旧仮名	NDC K911	https://www.aozora.gr.jp/cards/001175/files/49070_ruby_41613.zip
049076	プロレタリア童謡の活用に関する覚書	槙本	楠郎	旧字旧仮名	NDC 309	https://www.aozora.gr.jp/cards/001175/files/49076_ruby_41612.zip
049078	二十歳のエチュード	原口	統三	新字新仮名	NDC 914	https://www.aozora.gr.jp/cards/000740/files/49078_ruby_39540.zip
049137	或る国のこよみ	片山	広子	新字旧仮名	NDC 914	https://www.aozora.gr.jp/cards/001346/files/49137_ruby_33177.zip
049138	大へび小へび	片山	広子	新字旧仮名	NDC 914	https://www.aozora.gr.jp/cards/001346/files/49138_ruby_33178.zip
049139	季節の変るごとに	片山	広子	新字旧仮名	NDC 914	https://www.aozora.gr.jp/cards/001346/files/49139_txt_33179.zip
049140	仔猫の「トラ」	片山	広子	新字旧仮名	NDC 914	https://www.aozora.gr.jp/cards/001346/files/49140_ruby_33180.zip
049141	三本の棗	片山	広子	新字旧仮名	NDC 914	https://www.aozora.gr.jp/cards/001346/files/49141_txt_33181.zip
049142	灯火節	片山	広子	新字旧仮名	NDC 914	https://www.aozora.gr.jp/cards/001346/files/49142_ruby_33182.zip
049143	東北の家	片山	広子	新字旧仮名	NDC 915	https://www.aozora.gr.jp/cards/001346/files/49143_ruby_33183.zip
049144	浜田山の話	片山	広子	新字旧仮名	NDC 914	https://www.aozora.gr.jp/cards/001346/files/49144_ruby_33184.zip
049145	ばらの花五つ	片山	広子	新字旧仮名	NDC 914	https://www.aozora.gr.jp/cards/001346/files/49145_txt_33185.zip
049146	豚肉　桃　りんご	片山	広子	新字旧仮名	NDC 914	https://www.aozora.gr.jp/cards/001346/files/49146_ruby_33186.zip
049176	万葉の手古奈とうなひ処女	杉田	久女	新字旧仮名	NDC 911	https://www.aozora.gr.jp/cards/000606/files/49176_ruby_34657.zip
049179	初期詩篇	原口	統三	新字新仮名	NDC 911	https://www.aozora.gr.jp/cards/000740/files/49179_ruby_39541.zip
049181	不在地主	小林	多喜二	新字新仮名	NDC 913	https://www.aozora.gr.jp/cards/000156/files/49181_ruby_34659.zip
049183	牢獄の半日	葉山	嘉樹	新字新仮名	NDC 913	https://www.aozora.gr.jp/cards/000031/files/49183_ruby_34564.zip
049186	茶の本	岡倉	由三郎	新字新仮名	NDC 791 914	https://www.aozora.gr.jp/cards/000467/files/49186_ruby_31863.zip
049187	茶の本	村岡	博	新字新仮名	NDC 791 914	https://www.aozora.gr.jp/cards/000346/files/49187_ruby_31865.zip
049188	茶の本	村岡	博	新字新仮名	NDC 791 914	https://www.aozora.gr.jp/cards/000346/files/49188_ruby_31867.zip
049192	この子を残して	永井	隆	新字新仮名	NDC 914 916	https://www.aozora.gr.jp/cards/000924/files/49192_ruby_39847.zip
049195	狸問答	鈴木	鼓村	新字新仮名	NDC 914	https://www.aozora.gr.jp/cards/001350/files/49195_ruby_32220.zip
049196	二面の箏	鈴木	鼓村	新字新仮名	NDC 914	https://www.aozora.gr.jp/cards/001350/files/49196_ruby_32221.zip
049197	雪の透く袖	鈴木	鼓村	新字新仮名	NDC 914	https://www.aozora.gr.jp/cards/001350/files/49197_ruby_32222.zip
049198	今戸狐	小山内	薫	新字新仮名	NDC 913	https://www.aozora.gr.jp/cards/000479/files/49198_ruby_32155.zip
049199	因果	小山内	薫	新字新仮名	NDC 913	https://www.aozora.gr.jp/cards/000479/files/49199_ruby_32156.zip
049200	女の膝	小山内	薫	新字新仮名	NDC 913	https://www.aozora.gr.jp/cards/000479/files/49200_ruby_32157.zip
049201	菜の花物語	児玉	花外	新字新仮名	NDC 913	https://www.aozora.gr.jp/cards/000553/files/49201_ruby_32176.zip
049202	「ああしんど」	池田	蕉園	新字新仮名	NDC 913	https://www.aozora.gr.jp/cards/001351/files/49202_ruby_32152.zip
049203	夜釣の怪	池田	輝方	新字新仮名	NDC 913	https://www.aozora.gr.jp/cards/001352/files/49203_ruby_32153.zip
049204	怪物屋敷	柳川	春葉	新字新仮名	NDC 913	https://www.aozora.gr.jp/cards/000831/files/49204_ruby_32168.zip
049205	青銅鬼	柳川	春葉	新字新仮名	NDC 913	https://www.aozora.gr.jp/cards/000831/files/49205_ruby_32167.zip
049206	一つ枕	柳川	春葉	新字新仮名	NDC 913	https://www.aozora.gr.jp/cards/000831/files/49206_ruby_32162.zip
049207	月夜峠	水野	葉舟	新字新仮名	NDC 913	https://www.aozora.gr.jp/cards/000941/files/49207_ruby_32173.zip
049208	取り交ぜて	水野	葉舟	新字新仮名	NDC 913	https://www.aozora.gr.jp/cards/000941/files/49208_ruby_32174.zip
049209	テレパシー	水野	葉舟	新字新仮名	NDC 913	https://www.aozora.gr.jp/cards/000941/files/49209_ruby_32175.zip
049210	感応	岩村	透	新字新仮名	NDC 913	https://www.aozora.gr.jp/cards/001353/files/49210_ruby_32171.zip
049211	死体室	岩村	透	新字新仮名	NDC 913	https://www.aozora.gr.jp/cards/001353/files/49211_ruby_32172.zip
049212	大叫喚	岩村	透	新字新仮名	NDC 913	https://www.aozora.gr.jp/cards/001353/files/49212_ruby_32177.zip
049213	不吉の音と学士会院の鐘	岩村	透	新字新仮名	NDC 913	https://www.aozora.gr.jp/cards/001353/files/49213_ruby_32178.zip
049237	子供の霊	岡崎	雪声	新字新仮名	NDC 913	https://www.aozora.gr.jp/cards/001354/files/49237_ruby_32201.zip
049238	死神	岡崎	雪声	新字新仮名	NDC 913	https://www.aozora.gr.jp/cards/001354/files/49238_ruby_32202.zip
049239	白い蝶	岡田	三郎助	新字新仮名	NDC 913	https://www.aozora.gr.jp/cards/001355/files/49239_ruby_32154.zip
049240	薄どろどろ	尾上	梅幸	新字新仮名	NDC 913	https://www.aozora.gr.jp/cards/001356/files/49240_ruby_32158.zip
049241	鬼無菊	北村	四海	新字新仮名	NDC 913	https://www.aozora.gr.jp/cards/001357/files/49241_ruby_32159.zip
049242	頭上の響	北村	四海	新字新仮名	NDC 913	https://www.aozora.gr.jp/cards/001357/files/49242_ruby_32163.zip
049243	千ヶ寺詣	北村	四海	新字新仮名	NDC 913	https://www.aozora.gr.jp/cards/001357/files/49243_ruby_32160.zip
049244	闥の響	北村	四海	新字新仮名	NDC 913	https://www.aozora.gr.jp/cards/001357/files/49244_ruby_32164.zip
049253	枯尾花	関根	黙庵	新字新仮名	NDC 913	https://www.aozora.gr.jp/cards/001358/files/49253_ruby_32165.zip
049254	暗夜の白髪	沼田	一雅	新字新仮名	NDC 913	https://www.aozora.gr.jp/cards/001359/files/49254_ruby_32203.zip
049255	白い光と上野の鐘	沼田	一雅	新字新仮名	NDC 913	https://www.aozora.gr.jp/cards/001359/files/49255_ruby_32204.zip
049256	大きな怪物	平井	金三	新字新仮名	NDC 147	https://www.aozora.gr.jp/cards/001360/files/49256_ruby_32166.zip
049257	□本居士	本田	親二	新字新仮名	NDC 913	https://www.aozora.gr.jp/cards/001361/files/49257_ruby_32161.zip
049259	武士を夷ということの考	喜田	貞吉	新字新仮名	NDC 210	https://www.aozora.gr.jp/cards/001344/files/49259_ruby_50053.zip
049263	「黒死館殺人事件」序	甲賀	三郎	新字新仮名	NDC 913 914	https://www.aozora.gr.jp/cards/000260/files/49263_ruby_32128.zip
049267	トヨタ電気自動車試作	豊田	喜一郎	旧字旧仮名	NDC 537	https://www.aozora.gr.jp/cards/001362/files/49267_txt_32311.zip
049268	甲州郡内妖怪事件取り調べ報告	井上	円了	新字新仮名	NDC 147	https://www.aozora.gr.jp/cards/001021/files/49268_ruby_42046.zip
049269	妖怪学	井上	円了	新字新仮名	NDC 147	https://www.aozora.gr.jp/cards/001021/files/49269_ruby_49545.zip
049270	妖怪学一斑	井上	円了	新字新仮名	NDC 147	https://www.aozora.gr.jp/cards/001021/files/49270_ruby_41283.zip
049271	妖怪研究	井上	円了	新字新仮名	NDC 147	https://www.aozora.gr.jp/cards/001021/files/49271_ruby_34497.zip
049273	妖怪談	井上	円了	新字新仮名	NDC 147	https://www.aozora.gr.jp/cards/001021/files/49273_ruby_47992.zip
049274	妖怪報告	井上	円了	新字新仮名	NDC 147	https://www.aozora.gr.jp/cards/001021/files/49274_ruby_39348.zip
049275	小山内薫先生劇場葬公文	久保	栄	新字新仮名	NDC 772 916	https://www.aozora.gr.jp/cards/001307/files/49275_ruby_33976.zip
049276	熱情の人	久保	栄	新字新仮名	NDC 772	https://www.aozora.gr.jp/cards/001307/files/49276_ruby_33977.zip
049277	イプセン百年祭講演	久保	栄	新字新仮名	NDC 949	https://www.aozora.gr.jp/cards/001307/files/49277_ruby_33964.zip
049280	父の死	久米	正雄	新字旧仮名	NDC 913	https://www.aozora.gr.jp/cards/001151/files/49280_ruby_34513.zip
049283	あまり者	徳永	直	新字新仮名	NDC 913	https://www.aozora.gr.jp/cards/001308/files/49283_ruby_66691.zip
049287	工場新聞	徳永	直	新字新仮名	NDC 913	https://www.aozora.gr.jp/cards/001308/files/49287_ruby_70139.zip
049288	こんにゃく売り	徳永	直	新字新仮名	NDC 914	https://www.aozora.gr.jp/cards/001308/files/49288_ruby_33965.zip
049290	白い道	徳永	直	新字新仮名	NDC 913	https://www.aozora.gr.jp/cards/001308/files/49290_ruby_33975.zip
049291	戦争雑記	徳永	直	新字新仮名	NDC 913	https://www.aozora.gr.jp/cards/001308/files/49291_ruby_66926.zip
049296	冬枯れ	徳永	直	新字新仮名	NDC 913	https://www.aozora.gr.jp/cards/001308/files/49296_ruby_69927.zip
049297	麦の芽	徳永	直	新字新仮名	NDC 913	https://www.aozora.gr.jp/cards/001308/files/49297_ruby_33973.zip
049298	眼	徳永	直	新字新仮名	NDC 913	https://www.aozora.gr.jp/cards/001308/files/49298_ruby_33974.zip
049329	暗黒星	黒岩	涙香	新字新仮名	NDC 933	https://www.aozora.gr.jp/cards/001364/files/49329_ruby_38360.zip
049355	おばけの正体	井上	円了	新字新仮名	NDC 147	https://www.aozora.gr.jp/cards/001021/files/49355_ruby_58859.zip
049370	通俗講義　霊魂不滅論	井上	円了	新字新仮名	NDC 147	https://www.aozora.gr.jp/cards/001021/files/49370_ruby_61537.zip
049373	迷信解	井上	円了	新字新仮名	NDC 147	https://www.aozora.gr.jp/cards/001021/files/49373_ruby_39099.zip
049374	迷信と宗教	井上	円了	新字新仮名	NDC 147 387	https://www.aozora.gr.jp/cards/001021/files/49374_ruby_58693.zip
049375	妖怪玄談	井上	円了	新字新仮名	NDC 147	https://www.aozora.gr.jp/cards/001021/files/49375_ruby_39262.zip
049384	箱根の山	田中	英光	新字新仮名	NDC 913	https://www.aozora.gr.jp/cards/000126/files/49384_ruby_63009.zip
049394	一九二八年三月十五日	小林	多喜二	旧字旧仮名	NDC 913	https://www.aozora.gr.jp/cards/000156/files/49394_ruby_33413.zip
049430	蒼馬を見たり	石川	三四郎	新字旧仮名	NDC 911 914	https://www.aozora.gr.jp/cards/001170/files/49430_txt_32357.zip
049431	蒼馬を見たり	辻	潤	新字旧仮名	NDC 911 914	https://www.aozora.gr.jp/cards/000159/files/49431_txt_32358.zip
049433	岩波文庫論	岩波	茂雄	新字新仮名	NDC 023	https://www.aozora.gr.jp/cards/001119/files/49433_txt_34571.zip
049436	日本出版協会論	嶋中	雄作	新字新仮名	NDC 023	https://www.aozora.gr.jp/cards/001367/files/49436_txt_66904.zip
049437	十五年	山本	実彦	新字新仮名	NDC 023	https://www.aozora.gr.jp/cards/001368/files/49437_txt_34572.zip
049438	斎藤緑雨と内田不知菴	坪内	逍遥	新字旧仮名	NDC 910	https://www.aozora.gr.jp/cards/000141/files/49438_ruby_56256.zip
049440	二葉亭余談	内田	魯庵	新字新仮名	NDC 910	https://www.aozora.gr.jp/cards/000165/files/49440_ruby_43370.zip
049441	硯友社と文士劇	江見	水蔭	新字旧仮名	NDC 910	https://www.aozora.gr.jp/cards/000448/files/49441_ruby_56294.zip
049442	言文一致	水野	葉舟	新字旧仮名	NDC 910	https://www.aozora.gr.jp/cards/000941/files/49442_ruby_40423.zip
049496	リラの手紙	豊田	三郎	新字新仮名	NDC 913	https://www.aozora.gr.jp/cards/001370/files/49496_ruby_37635.zip
049497	「子猫ノハナシ」	片山	広子	新字旧仮名	NDC 914	https://www.aozora.gr.jp/cards/001346/files/49497_ruby_35751.zip
049503	あけび	片山	広子	新字旧仮名	NDC 914	https://www.aozora.gr.jp/cards/001346/files/49503_ruby_35738.zip
049504	池を掘る	片山	広子	新字旧仮名	NDC 914	https://www.aozora.gr.jp/cards/001346/files/49504_txt_35736.zip
049505	過去となつたアイルランド文学	片山	広子	新字旧仮名	NDC 914 993	https://www.aozora.gr.jp/cards/001346/files/49505_ruby_35746.zip
049506	蝙蝠の歴史	片山	広子	新字旧仮名	NDC 914	https://www.aozora.gr.jp/cards/001346/files/49506_ruby_35741.zip
049507	子供の言葉	片山	広子	新字旧仮名	NDC 914	https://www.aozora.gr.jp/cards/001346/files/49507_ruby_35750.zip
049565	淡島椿岳	内田	魯庵	新字新仮名	NDC 721	https://www.aozora.gr.jp/cards/000165/files/49565_ruby_43376.zip
049566	鴎外博士の追憶	内田	魯庵	新字新仮名	NDC 910	https://www.aozora.gr.jp/cards/000165/files/49566_ruby_43372.zip
049567	硯友社の勃興と道程	内田	魯庵	新字新仮名	NDC 910	https://www.aozora.gr.jp/cards/000165/files/49567_ruby_53841.zip
049578	平ヶ岳登攀記	高頭	仁兵衛	新字新仮名	NDC 786	https://www.aozora.gr.jp/cards/001371/files/49578_ruby_37388.zip
049579	越中劍岳先登記	柴崎	芳太郎	新字新仮名	NDC 786	https://www.aozora.gr.jp/cards/001372/files/49579_ruby_37387.zip
049580	皇海山紀行	木暮	理太郎	新字新仮名	NDC 291 786	https://www.aozora.gr.jp/cards/001373/files/49580_ruby_37385.zip
049581	白峰の麓	大下	藤次郎	新字新仮名	NDC 786	https://www.aozora.gr.jp/cards/001374/files/49581_ruby_37383.zip
049582	穂高岳槍ヶ岳縦走記	鵜殿	正雄	新字新仮名	NDC 786	https://www.aozora.gr.jp/cards/001375/files/49582_ruby_37382.zip
049586	木曽御嶽の両面	吉江	喬松	新字新仮名	NDC 786	https://www.aozora.gr.jp/cards/000220/files/49586_ruby_37392.zip
049587	利尻山とその植物	牧野	富太郎	新字新仮名	NDC 470 786	https://www.aozora.gr.jp/cards/001266/files/49587_ruby_37390.zip
049588	寒中滞岳記	野中	至	新字新仮名	NDC 786	https://www.aozora.gr.jp/cards/001188/files/49588_ruby_37389.zip
049589	案内人風景	黒部	溯郎	新字新仮名	NDC 786	https://www.aozora.gr.jp/cards/001376/files/49589_ruby_35247.zip
049590	二つの松川	細井	吉造	新字新仮名	NDC 786	https://www.aozora.gr.jp/cards/001377/files/49590_ruby_35246.zip
049591	尾瀬沼の四季	平野	長蔵	新字新仮名	NDC 786	https://www.aozora.gr.jp/cards/001378/files/49591_ruby_35244.zip
049592	一ノ倉沢正面の登攀	小川	登喜男	新字新仮名	NDC 915	https://www.aozora.gr.jp/cards/001379/files/49592_ruby_35240.zip
049593	可愛い山	石川	欣一	新字新仮名	NDC 291	https://www.aozora.gr.jp/cards/001380/files/49593_ruby_37630.zip
049594	雪の武石峠	別所	梅之助	新字新仮名	NDC 915	https://www.aozora.gr.jp/cards/000940/files/49594_ruby_35245.zip
049595	涸沢の岩小屋のある夜のこと	大島	亮吉	新字新仮名	NDC 786	https://www.aozora.gr.jp/cards/000863/files/49595_ruby_35238.zip
049604	弟を葬る	徳富	蘇峰	新字旧仮名	NDC 910	https://www.aozora.gr.jp/cards/001369/files/49604_txt_55934.zip
049616	東洋文化史における仏教の地位	高楠	順次郎	新字新仮名	NDC 180	https://www.aozora.gr.jp/cards/001222/files/49616_ruby_33313.zip
049617	東京景物詩及其他	北原	白秋	新字旧仮名	NDC 911	https://www.aozora.gr.jp/cards/000106/files/49617_ruby_34591.zip
049618	畑の祭	北原	白秋	新字旧仮名	NDC 911	https://www.aozora.gr.jp/cards/000106/files/49618_ruby_48818.zip
049619	第二邪宗門	北原	白秋	新字旧仮名	NDC 911	https://www.aozora.gr.jp/cards/000106/files/49619_ruby_38700.zip
049622	将来の日本	徳富	蘇峰	新字新仮名	NDC 304	https://www.aozora.gr.jp/cards/001369/files/49622_ruby_54184.zip
049627	斑鳩物語	高浜	虚子	新字旧仮名	NDC 913	https://www.aozora.gr.jp/cards/001310/files/49627_ruby_53297.zip
049628	落葉降る下にて	高浜	虚子	新字旧仮名	NDC 913	https://www.aozora.gr.jp/cards/001310/files/49628_ruby_61326.zip
049629	進むべき俳句の道	高浜	虚子	新字旧仮名	NDC 911	https://www.aozora.gr.jp/cards/001310/files/49629_txt_61181.zip
049630	椿子物語	高浜	虚子	新字旧仮名	NDC 911 914	https://www.aozora.gr.jp/cards/001310/files/49630_ruby_61182.zip
049631	発行所の庭木	高浜	虚子	新字旧仮名	NDC 914	https://www.aozora.gr.jp/cards/001310/files/49631_ruby_37821.zip
049632	一夕	永井	荷風	新字旧仮名	NDC 914	https://www.aozora.gr.jp/cards/001341/files/49632_ruby_38488.zip
049633	上野	永井	荷風	新字新仮名	NDC 915	https://www.aozora.gr.jp/cards/001341/files/49633_ruby_37943.zip
049634	江戸芸術論	永井	荷風	新字新仮名	NDC 702 721	https://www.aozora.gr.jp/cards/001341/files/49634_ruby_40727.zip
049635	書かでもの記	永井	荷風	新字旧仮名	NDC 914	https://www.aozora.gr.jp/cards/001341/files/49635_ruby_39468.zip
049636	葛飾土産	永井	荷風	新字新仮名	NDC 914	https://www.aozora.gr.jp/cards/001341/files/49636_ruby_38367.zip
049637	大切な雰囲気	谷崎	潤一郎	新字新仮名	NDC 723 914	https://www.aozora.gr.jp/cards/001383/files/49637_txt_58212.zip
049638	大切な雰囲気	石井	柏亭	新字新仮名	NDC 723	https://www.aozora.gr.jp/cards/001381/files/49638_txt_33960.zip
049639	鐘の声	永井	荷風	新字新仮名	NDC 914	https://www.aozora.gr.jp/cards/001341/files/49639_ruby_37795.zip
049640	銀座	永井	荷風	新字新仮名	NDC 914	https://www.aozora.gr.jp/cards/001341/files/49640_ruby_37909.zip
049641	草紅葉	永井	荷風	新字新仮名	NDC 914	https://www.aozora.gr.jp/cards/001341/files/49641_ruby_37796.zip
049642	里の今昔	永井	荷風	新字新仮名	NDC 914	https://www.aozora.gr.jp/cards/001341/files/49642_ruby_38369.zip
049643	小説作法	永井	荷風	新字旧仮名	NDC 910 914	https://www.aozora.gr.jp/cards/001341/files/49643_ruby_37910.zip
049644	妾宅	永井	荷風	新字新仮名	NDC 913	https://www.aozora.gr.jp/cards/001341/files/49644_ruby_37911.zip
049645	十九の秋	永井	荷風	新字新仮名	NDC 914	https://www.aozora.gr.jp/cards/001341/files/49645_ruby_38490.zip
049646	十六、七のころ	永井	荷風	新字新仮名	NDC 914	https://www.aozora.gr.jp/cards/001341/files/49646_ruby_37797.zip
049647	西瓜	永井	荷風	新字新仮名	NDC 914	https://www.aozora.gr.jp/cards/001341/files/49647_ruby_38370.zip
049648	桑中喜語	永井	荷風	新字旧仮名	NDC 914	https://www.aozora.gr.jp/cards/001341/files/49648_ruby_39469.zip
049649	巷の声	永井	荷風	新字新仮名	NDC 915	https://www.aozora.gr.jp/cards/001341/files/49649_ruby_37945.zip
049655	途上	嘉村	礒多	新字旧仮名	NDC 913	https://www.aozora.gr.jp/cards/000249/files/49655_ruby_34886.zip
049686	北京「可園」のスケッチ	小林	古径	旧字旧仮名	NDC 721	https://www.aozora.gr.jp/cards/001385/files/49686_ruby_70680.zip
049690	破れわらじ	三好	十郎	新字新仮名	NDC 912	https://www.aozora.gr.jp/cards/001311/files/49690_ruby_34063.zip
049691	将来の日本	新島	襄	新字新仮名	NDC 304	https://www.aozora.gr.jp/cards/001388/files/49691_ruby_34382.zip
049692	将来の日本	中江	兆民	新字新仮名	NDC 304	https://www.aozora.gr.jp/cards/001212/files/49692_ruby_34384.zip
049693	将来の日本	田口	卯吉	新字新仮名	NDC 304	https://www.aozora.gr.jp/cards/000634/files/49693_ruby_34383.zip
049701	仙人掌の花	山本	禾太郎	新字新仮名	NDC 913	https://www.aozora.gr.jp/cards/000930/files/49701_ruby_33412.zip
049702	探偵小説思い出話	山本	禾太郎	新字新仮名	NDC 914	https://www.aozora.gr.jp/cards/000930/files/49702_txt_38166.zip
049703	浮浪学生の話	上田	敏	新字旧仮名	NDC 953	https://www.aozora.gr.jp/cards/001389/files/49703_ruby_34907.zip
049704	法王の祈祷	上田	敏	新字旧仮名	NDC 953	https://www.aozora.gr.jp/cards/001389/files/49704_ruby_34908.zip
049705	癩病やみの話	上田	敏	新字旧仮名	NDC 953	https://www.aozora.gr.jp/cards/001389/files/49705_ruby_34909.zip
049706	清水幾太郎さんへの手紙	三好	十郎	新字新仮名	NDC 914	https://www.aozora.gr.jp/cards/001311/files/49706_ruby_34053.zip
049718	廃墟（一幕）	三好	十郎	新字新仮名	NDC 912	https://www.aozora.gr.jp/cards/001311/files/49718_ruby_34061.zip
049720	能面と松園さんの絵	金剛	巌	新字新仮名	NDC 721 773 914	https://www.aozora.gr.jp/cards/001390/files/49720_ruby_33810.zip
049721	松園女史の思い出	金子	薫園	新字新仮名	NDC 721 914	https://www.aozora.gr.jp/cards/000920/files/49721_ruby_33811.zip
049745	猿の図	三好	十郎	新字新仮名	NDC 912	https://www.aozora.gr.jp/cards/001311/files/49745_ruby_34065.zip
049746	その人を知らず	三好	十郎	新字新仮名	NDC 912	https://www.aozora.gr.jp/cards/001311/files/49746_ruby_34884.zip
049748	芥川比呂志	加藤	道夫	旧字旧仮名	NDC 914	https://www.aozora.gr.jp/cards/001240/files/49748_txt_69300.zip
049749	美しいだけでは間にあはない	加藤	道夫	旧字旧仮名	NDC 914	https://www.aozora.gr.jp/cards/001240/files/49749_txt_69283.zip
049753	目に見えない怪物	加藤	道夫	旧字旧仮名	NDC 773	https://www.aozora.gr.jp/cards/001240/files/49753_ruby_69705.zip
049754	遁走	葛西	善蔵	新字新仮名	NDC 913	https://www.aozora.gr.jp/cards/000984/files/49754_ruby_38658.zip
049755	贋物	葛西	善蔵	新字新仮名	NDC 913	https://www.aozora.gr.jp/cards/000984/files/49755_ruby_38657.zip
049760	奥州における御館藤原氏	喜田	貞吉	新字新仮名	NDC 212	https://www.aozora.gr.jp/cards/001344/files/49760_ruby_50317.zip
049777	「プラーゲ旋風」の話	山下	博章	新字新仮名	NDC 021	https://www.aozora.gr.jp/cards/001391/files/49777_txt_50819.zip
049787	夜汽車	尾崎	放哉	新字旧仮名	NDC 914	https://www.aozora.gr.jp/cards/000195/files/49787_ruby_51187.zip
049788	「あばた」も「えくぼ」、「えくぼ」も「あばた」	喜田	貞吉	新字新仮名	NDC 210	https://www.aozora.gr.jp/cards/001344/files/49788_txt_73645.zip
049789	「鐵」の字の古体と古代の文化	喜田	貞吉	新字新仮名	NDC 210	https://www.aozora.gr.jp/cards/001344/files/49789_ruby_73635.zip
049790	石上神宮の神宝七枝刀	喜田	貞吉	新字新仮名	NDC 210	https://www.aozora.gr.jp/cards/001344/files/49790_ruby_71219.zip
049791	遺物・遺蹟と歴史研究	喜田	貞吉	新字新仮名	NDC 210	https://www.aozora.gr.jp/cards/001344/files/49791_ruby_73179.zip
049792	奥羽北部の石器時代文化における古代シナ文化の影響について	喜田	貞吉	新字新仮名	NDC 210	https://www.aozora.gr.jp/cards/001344/files/49792_ruby_72775.zip
049796	日本における史前時代の歴史研究について	喜田	貞吉	新字新仮名	NDC 210	https://www.aozora.gr.jp/cards/001344/files/49796_ruby_73646.zip
049798	八坂瓊之曲玉考	喜田	貞吉	新字新仮名	NDC 210	https://www.aozora.gr.jp/cards/001344/files/49798_ruby_71231.zip
049800	八月の霧島	吉田	絃二郎	新字旧仮名	NDC 915	https://www.aozora.gr.jp/cards/001177/files/49800_ruby_49040.zip
049801	天草の春	長谷	健	新字新仮名	NDC 915	https://www.aozora.gr.jp/cards/001392/files/49801_ruby_34184.zip
049803	「日本民族」とは何ぞや	喜田	貞吉	新字新仮名	NDC 210 380	https://www.aozora.gr.jp/cards/001344/files/49803_ruby_39593.zip
049804	「ケット」と「マット」	喜田	貞吉	新字新仮名	NDC 210	https://www.aozora.gr.jp/cards/001344/files/49804_ruby_43432.zip
049805	奥羽地方のシシ踊りと鹿供養	喜田	貞吉	新字新仮名	NDC 386	https://www.aozora.gr.jp/cards/001344/files/49805_ruby_40493.zip
049806	火葬と大蔵	喜田	貞吉	新字新仮名	NDC 385	https://www.aozora.gr.jp/cards/001344/files/49806_ruby_39453.zip
049807	くぐつ名義考	喜田	貞吉	新字新仮名	NDC 210	https://www.aozora.gr.jp/cards/001344/files/49807_ruby_39590.zip
049808	国栖の名義	喜田	貞吉	新字新仮名	NDC 216	https://www.aozora.gr.jp/cards/001344/files/49808_ruby_44382.zip
049809	国号の由来	喜田	貞吉	新字新仮名	NDC 210	https://www.aozora.gr.jp/cards/001344/files/49809_ruby_44381.zip
049825	青年の思索のために	下村	湖人	新字新仮名	NDC 914	https://www.aozora.gr.jp/cards/001097/files/49825_ruby_57787.zip
049850	「孔雀船」解説	中山	省三郎	旧字旧仮名	NDC 911	https://www.aozora.gr.jp/cards/001061/files/49850_ruby_53161.zip
049851	孔雀船	伊良子	清白	旧字旧仮名	NDC 911	https://www.aozora.gr.jp/cards/000430/files/49851_ruby_53157.zip
049853	愛ちやんの夢物語	キャロル	ルイス	旧字旧仮名	NDC K933	https://www.aozora.gr.jp/cards/001393/files/49853_ruby_65152.zip
049858	家長の心配	カフカ	フランツ	新字新仮名	NDC 943	https://www.aozora.gr.jp/cards/001235/files/49858_txt_41874.zip
049859	火夫	カフカ	フランツ	新字新仮名	NDC 943	https://www.aozora.gr.jp/cards/001235/files/49859_ruby_41875.zip
049860	皇帝の使者	カフカ	フランツ	新字新仮名	NDC 943	https://www.aozora.gr.jp/cards/001235/files/49860_ruby_41876.zip
049861	最初の苦悩	カフカ	フランツ	新字新仮名	NDC 943	https://www.aozora.gr.jp/cards/001235/files/49861_ruby_41877.zip
049862	城	カフカ	フランツ	新字新仮名	NDC 943	https://www.aozora.gr.jp/cards/001235/files/49862_ruby_45674.zip
049863	審判	カフカ	フランツ	新字新仮名	NDC 943	https://www.aozora.gr.jp/cards/001235/files/49863_ruby_41867.zip
049864	断食芸人	カフカ	フランツ	新字新仮名	NDC 943	https://www.aozora.gr.jp/cards/001235/files/49864_ruby_41883.zip
049865	判決	カフカ	フランツ	新字新仮名	NDC 943	https://www.aozora.gr.jp/cards/001235/files/49865_ruby_41884.zip
049866	変身	カフカ	フランツ	新字新仮名	NDC 943	https://www.aozora.gr.jp/cards/001235/files/49866_ruby_41853.zip
049867	流刑地で	カフカ	フランツ	新字新仮名	NDC 943	https://www.aozora.gr.jp/cards/001235/files/49867_ruby_41885.zip
049868	生不動	橘	外男	新字新仮名	NDC 913	https://www.aozora.gr.jp/cards/001397/files/49868_ruby_37643.zip
049869	逗子物語	橘	外男	新字新仮名	NDC 913	https://www.aozora.gr.jp/cards/001397/files/49869_ruby_69271.zip
049870	仁王門	橘	外男	新字新仮名	NDC 913	https://www.aozora.gr.jp/cards/001397/files/49870_ruby_71228.zip
049871	蒲団	橘	外男	新字新仮名	NDC 913	https://www.aozora.gr.jp/cards/001397/files/49871_ruby_71865.zip
049872	亡霊怪猫屋敷	橘	外男	新字新仮名	NDC 913	https://www.aozora.gr.jp/cards/001397/files/49872_ruby_73642.zip
049873	「自然」を深めよ	和辻	哲郎	新字新仮名	NDC 121	https://www.aozora.gr.jp/cards/001395/files/49873_ruby_42489.zip
049874	『偶像再興』序言	和辻	哲郎	新字新仮名	NDC 121	https://www.aozora.gr.jp/cards/001395/files/49874_ruby_42525.zip
049875	『青丘雑記』を読む	和辻	哲郎	新字新仮名	NDC 914	https://www.aozora.gr.jp/cards/001395/files/49875_ruby_45441.zip
049876	『劉生画集及芸術観』について	和辻	哲郎	新字新仮名	NDC 723 914	https://www.aozora.gr.jp/cards/001395/files/49876_ruby_45442.zip
049877	ある思想家の手紙	和辻	哲郎	新字新仮名	NDC 121	https://www.aozora.gr.jp/cards/001395/files/49877_ruby_42707.zip
049878	生きること作ること	和辻	哲郎	新字新仮名	NDC 121	https://www.aozora.gr.jp/cards/001395/files/49878_ruby_42772.zip
049879	院展遠望	和辻	哲郎	新字新仮名	NDC 121 720	https://www.aozora.gr.jp/cards/001395/files/49879_ruby_42744.zip
049880	院展日本画所感	和辻	哲郎	新字新仮名	NDC 121 721	https://www.aozora.gr.jp/cards/001395/files/49880_ruby_41890.zip
049881	埋もれた日本	和辻	哲郎	新字新仮名	NDC 121	https://www.aozora.gr.jp/cards/001395/files/49881_ruby_45902.zip
049882	岡倉先生の思い出	和辻	哲郎	新字新仮名	NDC 121	https://www.aozora.gr.jp/cards/001395/files/49882_ruby_45668.zip
049883	巨椋池の蓮	和辻	哲郎	新字新仮名	NDC 121	https://www.aozora.gr.jp/cards/001395/files/49883_ruby_45528.zip
049884	歌集『涌井』を読む	和辻	哲郎	新字新仮名	NDC 911 914	https://www.aozora.gr.jp/cards/001395/files/49884_ruby_45440.zip
049885	茸狩り	和辻	哲郎	新字新仮名	NDC 121	https://www.aozora.gr.jp/cards/001395/files/49885_ruby_41886.zip
049886	樹の根	和辻	哲郎	新字新仮名	NDC 121	https://www.aozora.gr.jp/cards/001395/files/49886_ruby_42474.zip
049887	京の四季	和辻	哲郎	新字新仮名	NDC 121	https://www.aozora.gr.jp/cards/001395/files/49887_ruby_45529.zip
049888	享楽人	和辻	哲郎	新字新仮名	NDC 121	https://www.aozora.gr.jp/cards/001395/files/49888_ruby_45666.zip
049920	「世界文学大系58　カフカ」解説	原田	義人	新字新仮名	NDC 940	https://www.aozora.gr.jp/cards/001396/files/49920_ruby_42007.zip
049921	年譜	原田	義人	新字新仮名	NDC 940	https://www.aozora.gr.jp/cards/001396/files/49921_ruby_42008.zip
049922	浅瀬に洗う女	マクラウド	フィオナ	新字新仮名	NDC 993	https://www.aozora.gr.jp/cards/001399/files/49922_ruby_48217.zip
049923	海豹	マクラウド	フィオナ	新字新仮名	NDC 993	https://www.aozora.gr.jp/cards/001399/files/49923_ruby_47629.zip
049924	魚と蠅の祝日	マクラウド	フィオナ	新字新仮名	NDC 993	https://www.aozora.gr.jp/cards/001399/files/49924_ruby_47791.zip
049925	かなしき女王	マクラウド	フィオナ	新字新仮名	NDC 993	https://www.aozora.gr.jp/cards/001399/files/49925_ruby_48352.zip
049926	髪あかきダフウト	マクラウド	フィオナ	新字新仮名	NDC 993	https://www.aozora.gr.jp/cards/001399/files/49926_ruby_47773.zip
049927	琴	マクラウド	フィオナ	新字新仮名	NDC 993	https://www.aozora.gr.jp/cards/001399/files/49927_ruby_48096.zip
049928	精	マクラウド	フィオナ	新字新仮名	NDC 993	https://www.aozora.gr.jp/cards/001399/files/49928_ruby_47991.zip
049929	剣のうた	マクラウド	フィオナ	新字新仮名	NDC 993	https://www.aozora.gr.jp/cards/001399/files/49929_ruby_48253.zip
049930	女王スカァアの笑い	マクラウド	フィオナ	新字新仮名	NDC 993	https://www.aozora.gr.jp/cards/001399/files/49930_ruby_47633.zip
049931	約束	マクラウド	フィオナ	新字新仮名	NDC 993	https://www.aozora.gr.jp/cards/001399/files/49931_ruby_48021.zip
049932	漁師	マクラウド	フィオナ	新字新仮名	NDC 993	https://www.aozora.gr.jp/cards/001399/files/49932_ruby_47849.zip
049933	ウスナの家	マクラウド	フィオナ	新字新仮名	NDC 993	https://www.aozora.gr.jp/cards/001399/files/49933_ruby_48499.zip
049940	新独逸語文法教程解説	関口	存男	旧字旧仮名	NDC 845	https://www.aozora.gr.jp/cards/001402/files/49940_txt_57517.zip
049946	移轍（Anakoluth）	関口	存男	新字新仮名	NDC 845	https://www.aozora.gr.jp/cards/001402/files/49946_txt_59449.zip
049947	食道楽	村井	弦斎	新字新仮名	NDC 913	https://www.aozora.gr.jp/cards/000810/files/49947_ruby_39182.zip
049952	甘鯛の姿焼き	北大路	魯山人	新字新仮名	NDC 596	https://www.aozora.gr.jp/cards/001403/files/49952_ruby_37690.zip
049953	鮎の食い方	北大路	魯山人	新字新仮名	NDC 596	https://www.aozora.gr.jp/cards/001403/files/49953_ruby_37728.zip
049954	鮎の試食時代	北大路	魯山人	新字新仮名	NDC 596	https://www.aozora.gr.jp/cards/001403/files/49954_ruby_37681.zip
049955	鮎の名所	北大路	魯山人	新字新仮名	NDC 596	https://www.aozora.gr.jp/cards/001403/files/49955_ruby_37682.zip
049956	鮑の宿借り作り	北大路	魯山人	新字新仮名	NDC 596	https://www.aozora.gr.jp/cards/001403/files/49956_ruby_37691.zip
049957	鮟鱇一夕話	北大路	魯山人	新字新仮名	NDC 596	https://www.aozora.gr.jp/cards/001403/files/49957_ruby_37692.zip
049958	いなせな縞の初鰹	北大路	魯山人	新字新仮名	NDC 596	https://www.aozora.gr.jp/cards/001403/files/49958_ruby_37729.zip
049959	鰻の話	北大路	魯山人	新字新仮名	NDC 596	https://www.aozora.gr.jp/cards/001403/files/49959_ruby_37730.zip
049960	梅にうぐいす	北大路	魯山人	新字新仮名	NDC 596	https://www.aozora.gr.jp/cards/001403/files/49960_ruby_37708.zip
049961	美味い豆腐の話	北大路	魯山人	新字新仮名	NDC 596	https://www.aozora.gr.jp/cards/001403/files/49961_ruby_37645.zip
049962	欧米料理と日本	北大路	魯山人	新字新仮名	NDC 596	https://www.aozora.gr.jp/cards/001403/files/49962_ruby_37714.zip
049963	お米の話	北大路	魯山人	新字新仮名	NDC 596	https://www.aozora.gr.jp/cards/001403/files/49963_ruby_37646.zip
049964	衰えてきた日本料理は救わねばならぬ	北大路	魯山人	新字新仮名	NDC 596	https://www.aozora.gr.jp/cards/001403/files/49964_ruby_37715.zip
049965	感想	北大路	魯山人	新字新仮名	NDC 751	https://www.aozora.gr.jp/cards/001403/files/49965_ruby_37723.zip
049966	チベット旅行記	河口	慧海	新字新仮名	NDC 292	https://www.aozora.gr.jp/cards/001404/files/49966_ruby_44550.zip
049968	京都のごりの茶漬け	北大路	魯山人	新字新仮名	NDC 596	https://www.aozora.gr.jp/cards/001403/files/49968_ruby_37882.zip
049969	胡瓜	北大路	魯山人	新字新仮名	NDC 596	https://www.aozora.gr.jp/cards/001403/files/49969_ruby_37637.zip
050020	自力更生より自然力更生へ	三沢	勝衛	新字新仮名	NDC 291	https://www.aozora.gr.jp/cards/000793/files/50020_ruby_35672.zip
050066	光をかかぐる人々	徳永	直	旧字旧仮名	NDC 022 210 913 914	https://www.aozora.gr.jp/cards/001308/files/50066_ruby_37116.zip
050070	棚田裁判長の怪死	橘	外男	新字新仮名	NDC 913	https://www.aozora.gr.jp/cards/001397/files/50070_ruby_37689.zip
050071	墓が呼んでいる	橘	外男	新字新仮名	NDC 913	https://www.aozora.gr.jp/cards/001397/files/50071_ruby_70104.zip
050075	葛根湯	橘	外男	新字新仮名	NDC 913	https://www.aozora.gr.jp/cards/001397/files/50075_ruby_37644.zip
050076	雷嫌いの話	橘	外男	新字新仮名	NDC 914	https://www.aozora.gr.jp/cards/001397/files/50076_ruby_37634.zip
050112	エリザベスとエセックス	片岡	鉄兵	新字新仮名	NDC 933	https://www.aozora.gr.jp/cards/001407/files/50112_ruby_41726.zip
050117	欧米各国　政教日記	井上	円了	新字新仮名	NDC 192 290	https://www.aozora.gr.jp/cards/001021/files/50117_ruby_48390.zip
050118	西航日録	井上	円了	新字新仮名	NDC 290	https://www.aozora.gr.jp/cards/001021/files/50118_ruby_40759.zip
050119	南半球五万哩	井上	円了	新字新仮名	NDC 290	https://www.aozora.gr.jp/cards/001021/files/50119_ruby_44674.zip
050120	妖怪学講義	井上	円了	新字新仮名	NDC 147	https://www.aozora.gr.jp/cards/001021/files/50120_ruby_73415.zip
050130	最後の晩餐	マクラウド	フィオナ	新字新仮名	NDC 993	https://www.aozora.gr.jp/cards/001399/files/50130_ruby_47705.zip
050131	アーサー王物語	菅野	徳助	旧字旧仮名	NDC 837 931	https://www.aozora.gr.jp/cards/000140/files/50131_txt_42213.zip
050133	猫八	岩野	泡鳴	新字新仮名	NDC 913	https://www.aozora.gr.jp/cards/000137/files/50133_ruby_56453.zip
050161	他計甚麽（竹島）雑誌	松浦	武四郎	旧字旧仮名	NDC 291	https://www.aozora.gr.jp/cards/001408/files/50161_ruby_49459.zip
050182	夢	相馬	泰三	新字旧仮名	NDC 913	https://www.aozora.gr.jp/cards/001082/files/50182_ruby_34903.zip
050183	新らしき祖先	相馬	泰三	新字旧仮名	NDC 913	https://www.aozora.gr.jp/cards/001082/files/50183_ruby_37474.zip
050184	野の哄笑	相馬	泰三	新字旧仮名	NDC 913	https://www.aozora.gr.jp/cards/001082/files/50184_ruby_37473.zip
050192	おせい	葛西	善蔵	旧字旧仮名	NDC 913	https://www.aozora.gr.jp/cards/000984/files/50192_ruby_36102.zip
050193	血を吐く	葛西	善蔵	旧字旧仮名	NDC 913	https://www.aozora.gr.jp/cards/000984/files/50193_ruby_36103.zip
050220	六号室	瀬沼	夏葉	新字新仮名	NDC 983	https://www.aozora.gr.jp/cards/001155/files/50220_ruby_41740.zip
050230	生と歌	中原	中也	新字旧仮名	NDC 911	https://www.aozora.gr.jp/cards/000026/files/50230_ruby_34943.zip
050231	詩と其の伝統	中原	中也	新字旧仮名	NDC 911	https://www.aozora.gr.jp/cards/000026/files/50231_ruby_34941.zip
050232	詩に関する話	中原	中也	新字旧仮名	NDC 911	https://www.aozora.gr.jp/cards/000026/files/50232_ruby_34942.zip
050236	法窓夜話	穂積	重遠	新字新仮名	NDC 320	https://www.aozora.gr.jp/cards/000927/files/50236_ruby_53999.zip
050237	良子	中原	中也	新字旧仮名	NDC 913	https://www.aozora.gr.jp/cards/000026/files/50237_ruby_40755.zip
050238	医者と赤ン坊	中原	中也	新字旧仮名	NDC 913	https://www.aozora.gr.jp/cards/000026/files/50238_ruby_62518.zip
050239	芸術論覚え書	中原	中也	新字旧仮名	NDC 914	https://www.aozora.gr.jp/cards/000026/files/50239_ruby_64328.zip
050240	校長	中原	中也	新字旧仮名	NDC 913	https://www.aozora.gr.jp/cards/000026/files/50240_ruby_63793.zip
050241	我が詩観	中原	中也	新字旧仮名	NDC 911	https://www.aozora.gr.jp/cards/000026/files/50241_ruby_62779.zip
050263	革命の研究	大杉	栄	旧字旧仮名	NDC 309	https://www.aozora.gr.jp/cards/001229/files/50263_ruby_53983.zip
050270	屍体と民俗	中山	太郎	新字新仮名	NDC 385	https://www.aozora.gr.jp/cards/001420/files/50270_ruby_47195.zip
050271	本朝変態葬礼史	中山	太郎	新字新仮名	NDC 385	https://www.aozora.gr.jp/cards/001420/files/50271_ruby_47192.zip
050274	百日紅	高浜	虚子	新字旧仮名	NDC 914	https://www.aozora.gr.jp/cards/001310/files/50274_ruby_37698.zip
050279	帰来	阿部	次郎	新字旧仮名	NDC 914	https://www.aozora.gr.jp/cards/001421/files/50279_txt_37629.zip
050295	歩む	戸田	豊子	新字新仮名	NDC 913	https://www.aozora.gr.jp/cards/001422/files/50295_ruby_72977.zip
050296	鋳物工場	戸田	豊子	新字新仮名	NDC 913	https://www.aozora.gr.jp/cards/001422/files/50296_ruby_70693.zip
050299	探検実記　地中の秘密	江見	水蔭	旧字旧仮名	NDC 913	https://www.aozora.gr.jp/cards/000448/files/50299_ruby_74023.zip
050305	風は草木にささやいた	土田	杏村	旧字旧仮名	NDC 911	https://www.aozora.gr.jp/cards/000344/files/50305_ruby_35023.zip
050321	河原の対面	小寺	菊子	新字旧仮名	NDC 913	https://www.aozora.gr.jp/cards/001425/files/50321_ruby_42583.zip
050322	父の帰宅	小寺	菊子	新字旧仮名	NDC 913	https://www.aozora.gr.jp/cards/001425/files/50322_ruby_42586.zip
050323	念仏の家	小寺	菊子	新字旧仮名	NDC 913	https://www.aozora.gr.jp/cards/001425/files/50323_ruby_42588.zip
050326	雪女	小泉	八雲	新字新仮名	NDC 933	https://www.aozora.gr.jp/cards/000258/files/50326_txt_35450.zip
050327	ろくろ首	小泉	八雲	新字新仮名	NDC 933	https://www.aozora.gr.jp/cards/000258/files/50327_ruby_35451.zip
050328	相対性理論	アインシュタイン	アルベルト	新字新仮名	NDC 421	https://www.aozora.gr.jp/cards/001428/files/50328_txt_64311.zip
050344	日の光を浴びて	水野	仙子	旧字旧仮名	NDC 913	https://www.aozora.gr.jp/cards/000112/files/50344_ruby_42009.zip
050346	透明人間	ウェルズ	ハーバート・ジョージ	新字新仮名	NDC K933	https://www.aozora.gr.jp/cards/001430/files/50346_ruby_39142.zip
050354	鬼桃太郎	尾崎	紅葉	新字新仮名	NDC K913	https://www.aozora.gr.jp/cards/000091/files/50354_ruby_65968.zip
050355	鬼桃太郎	尾崎	紅葉	旧字旧仮名	NDC K913	https://www.aozora.gr.jp/cards/000091/files/50355_ruby_66675.zip
050356	空罎	服部	之総	新字新仮名	NDC 210	https://www.aozora.gr.jp/cards/001263/files/50356_ruby_38447.zip
050357	加波山	服部	之総	新字新仮名	NDC 210	https://www.aozora.gr.jp/cards/001263/files/50357_ruby_39706.zip
050358	咸臨丸その他	服部	之総	新字新仮名	NDC 210 683	https://www.aozora.gr.jp/cards/001263/files/50358_ruby_38318.zip
050359	汽船が太平洋を横断するまで	服部	之総	新字新仮名	NDC 210 683	https://www.aozora.gr.jp/cards/001263/files/50359_ruby_38319.zip
050360	黒田清隆の方針	服部	之総	新字新仮名	NDC 210	https://www.aozora.gr.jp/cards/001263/files/50360_ruby_39707.zip
050361	黒船前後	服部	之総	新字新仮名	NDC 552	https://www.aozora.gr.jp/cards/001263/files/50361_ruby_38121.zip
050362	黒船来航	服部	之総	新字新仮名	NDC 210	https://www.aozora.gr.jp/cards/001263/files/50362_ruby_38122.zip
050363	志士と経済	服部	之総	新字新仮名	NDC 210	https://www.aozora.gr.jp/cards/001263/files/50363_ruby_38982.zip
050364	新撰組	服部	之総	新字新仮名	NDC 210	https://www.aozora.gr.jp/cards/001263/files/50364_ruby_38983.zip
050365	せいばい	服部	之総	新字新仮名	NDC 322	https://www.aozora.gr.jp/cards/001263/files/50365_ruby_45863.zip
050366	尊攘戦略史	服部	之総	新字新仮名	NDC 210	https://www.aozora.gr.jp/cards/001263/files/50366_ruby_38448.zip
050367	撥陵遠征隊	服部	之総	新字新仮名	NDC 221 222	https://www.aozora.gr.jp/cards/001263/files/50367_ruby_38317.zip
050368	福沢諭吉	服部	之総	新字新仮名	NDC 289	https://www.aozora.gr.jp/cards/001263/files/50368_ruby_39157.zip
050369	武鑑譜	服部	之総	新字新仮名	NDC 210	https://www.aozora.gr.jp/cards/001263/files/50369_ruby_39156.zip
050370	望郷	服部	之総	新字新仮名	NDC 211	https://www.aozora.gr.jp/cards/001263/files/50370_ruby_39705.zip
050371	明治の五十銭銀貨	服部	之総	新字新仮名	NDC 210	https://www.aozora.gr.jp/cards/001263/files/50371_ruby_39708.zip
050409	大森彦七と名和長年	松本	幸四郎	新字旧仮名	NDC 774	https://www.aozora.gr.jp/cards/001434/files/50409_txt_43403.zip
050415	伊那紀行	今井	邦子	旧字旧仮名	NDC 915	https://www.aozora.gr.jp/cards/000234/files/50415_txt_47464.zip
050416	誠心院の一夜	今井	邦子	旧字旧仮名	NDC 913	https://www.aozora.gr.jp/cards/000234/files/50416_txt_47398.zip
050417	滝	今井	邦子	旧字旧仮名	NDC 914	https://www.aozora.gr.jp/cards/000234/files/50417_txt_47465.zip
050418	仏法僧	今井	邦子	旧字旧仮名	NDC 914	https://www.aozora.gr.jp/cards/000234/files/50418_txt_47466.zip
050419	雪解水	今井	邦子	旧字旧仮名	NDC 914	https://www.aozora.gr.jp/cards/000234/files/50419_txt_47467.zip
050421	合本三太郎の日記　序	阿部	次郎	旧字旧仮名	NDC 914	https://www.aozora.gr.jp/cards/001421/files/50421_txt_47119.zip
050422	三太郎の日記　第一	阿部	次郎	旧字旧仮名	NDC 914	https://www.aozora.gr.jp/cards/001421/files/50422_ruby_43515.zip
050423	三太郎の日記　第三	阿部	次郎	旧字旧仮名	NDC 914	https://www.aozora.gr.jp/cards/001421/files/50423_ruby_46749.zip
050424	三太郎の日記　第二	阿部	次郎	旧字旧仮名	NDC 914	https://www.aozora.gr.jp/cards/001421/files/50424_ruby_44375.zip
050461	山を思う	石川	欣一	新字新仮名	NDC 291	https://www.aozora.gr.jp/cards/001380/files/50461_ruby_65420.zip
050467	針の木のいけにえ	石川	欣一	新字新仮名	NDC 786	https://www.aozora.gr.jp/cards/001380/files/50467_ruby_59503.zip
050475	比島投降記	石川	欣一	新字新仮名	NDC 916	https://www.aozora.gr.jp/cards/001380/files/50475_ruby_60856.zip
050479	フランケンシュタイン	宍戸	儀一	新字新仮名	NDC 933 934	https://www.aozora.gr.jp/cards/001186/files/50479_ruby_35863.zip
050480	フランケンシュタイン	宍戸	儀一	新字新仮名	NDC 933 934	https://www.aozora.gr.jp/cards/001186/files/50480_txt_35866.zip
050503	宝島	佐々木	直次郎	新字新仮名	NDC K933 K934	https://www.aozora.gr.jp/cards/000095/files/50503_ruby_35953.zip
050507	革命の研究	大杉	栄	新字新仮名	NDC 309	https://www.aozora.gr.jp/cards/001229/files/50507_txt_49288.zip
050508	共産食堂	大杉	栄	新字新仮名	NDC 309	https://www.aozora.gr.jp/cards/001229/files/50508_ruby_53979.zip
050510	青年に訴う	大杉	栄	新字新仮名	NDC 309	https://www.aozora.gr.jp/cards/001229/files/50510_txt_53976.zip
050529	真の愛国心	新渡戸	稲造	新字新仮名	NDC 154	https://www.aozora.gr.jp/cards/000718/files/50529_ruby_37827.zip
050530	武士道の山	新渡戸	稲造	新字新仮名	NDC 156	https://www.aozora.gr.jp/cards/000718/files/50530_ruby_37828.zip
050531	平民道	新渡戸	稲造	新字新仮名	NDC 156 309	https://www.aozora.gr.jp/cards/000718/files/50531_ruby_37829.zip
050532	我が教育の欠陥	新渡戸	稲造	新字新仮名	NDC 370	https://www.aozora.gr.jp/cards/000718/files/50532_ruby_37830.zip
050533	ある職工の手記	宮地	嘉六	新字旧仮名	NDC 913	https://www.aozora.gr.jp/cards/001446/files/50533_ruby_40151.zip
050534	煤煙の匂ひ	宮地	嘉六	新字旧仮名	NDC 913	https://www.aozora.gr.jp/cards/001446/files/50534_ruby_39743.zip
050540	怪談	平山	蘆江	新字新仮名	NDC 914	https://www.aozora.gr.jp/cards/001132/files/50540_ruby_64310.zip
050543	友人一家の死	松崎	天民	新字新仮名	NDC 914	https://www.aozora.gr.jp/cards/001447/files/50543_ruby_64567.zip
050549	信濃国	浅井	洌	旧字旧仮名	NDC 911	https://www.aozora.gr.jp/cards/000380/files/50549_ruby_36917.zip
050555	県歌　信濃の国	浅井	洌	新字新仮名	NDC 911	https://www.aozora.gr.jp/cards/000380/files/50555_ruby_36916.zip
050572	反古	小山内	薫	旧字旧仮名	NDC 913	https://www.aozora.gr.jp/cards/000479/files/50572_ruby_39716.zip
050633	押しかけ女房	伊藤	永之介	新字新仮名	NDC 913	https://www.aozora.gr.jp/cards/001454/files/50633_ruby_37631.zip
050634	ニイチエ雑観	生田	長江	新字旧仮名	NDC 134 914	https://www.aozora.gr.jp/cards/000393/files/50634_ruby_36883.zip
050635	美的生活論とニイチエ	登張	竹風	新字旧仮名	NDC 134 701	https://www.aozora.gr.jp/cards/001455/files/50635_ruby_36882.zip
050659	長崎の鐘	永井	隆	新字新仮名	NDC 916	https://www.aozora.gr.jp/cards/000924/files/50659_ruby_42786.zip
050670	教育の目的	新渡戸	稲造	新字新仮名	NDC 371	https://www.aozora.gr.jp/cards/000718/files/50670_ruby_37831.zip
050685	大岡政談	尾佐竹	猛	旧字旧仮名	NDC 913	https://www.aozora.gr.jp/cards/001529/files/50685_ruby_67979.zip
050686	食道楽	村井	弦斎	新字新仮名	NDC 913	https://www.aozora.gr.jp/cards/000810/files/50686_ruby_42715.zip
050702	孔子と管仲	狩野	直喜	旧字旧仮名	NDC 123	https://www.aozora.gr.jp/cards/001127/files/50702_ruby_38441.zip
050703	楊雄と法言	狩野	直喜	旧字旧仮名	NDC 123	https://www.aozora.gr.jp/cards/001127/files/50703_ruby_42617.zip
050719	国楽を振興すべきの説	神田	孝平	新字新仮名	NDC 760 770	https://www.aozora.gr.jp/cards/001466/files/50719_ruby_71222.zip
050722	民選議院の時未だ到らざるの論	神田	孝平	新字新仮名	NDC 314	https://www.aozora.gr.jp/cards/001466/files/50722_ruby_71900.zip
050724	奇病患者	葛西	善蔵	旧字旧仮名	NDC 913	https://www.aozora.gr.jp/cards/000984/files/50724_ruby_39849.zip
050726	今世風の教育	新渡戸	稲造	新字新仮名	NDC 370	https://www.aozora.gr.jp/cards/000718/files/50726_ruby_38729.zip
050727	人格の養成	新渡戸	稲造	新字新仮名	NDC 370	https://www.aozora.gr.jp/cards/000718/files/50727_ruby_38730.zip
050728	人格を認知せざる国民	新渡戸	稲造	新字新仮名	NDC 370	https://www.aozora.gr.jp/cards/000718/files/50728_ruby_38731.zip
050729	国際聯盟とは如何なものか	新渡戸	稲造	新字新仮名	NDC 319	https://www.aozora.gr.jp/cards/000718/files/50729_ruby_38732.zip
050730	教門論疑問	柏原	孝章	新字新仮名	NDC 161	https://www.aozora.gr.jp/cards/001467/files/50730_ruby_70918.zip
050733	日曜日之説	柏原	孝章	新字新仮名	NDC 449	https://www.aozora.gr.jp/cards/001467/files/50733_ruby_70690.zip
050735	合本三太郎の日記の後に	阿部	次郎	旧字旧仮名	NDC 914	https://www.aozora.gr.jp/cards/001421/files/50735_txt_47120.zip
050744	女子教育に就て	新渡戸	稲造	新字新仮名	NDC 370	https://www.aozora.gr.jp/cards/000718/files/50744_ruby_39192.zip
050745	東西相触れて	新渡戸	稲造	新字新仮名	NDC 361	https://www.aozora.gr.jp/cards/000718/files/50745_ruby_39193.zip
050746	イエスキリストの友誼	新渡戸	稲造	新字新仮名	NDC 190	https://www.aozora.gr.jp/cards/000718/files/50746_ruby_39523.zip
050747	デモクラシーの要素	新渡戸	稲造	新字新仮名	NDC 309	https://www.aozora.gr.jp/cards/000718/files/50747_ruby_39839.zip
050749	死線を越えて	賀川	豊彦	新字旧仮名		https://www.aozora.gr.jp/cards/001468/files/50749_ruby_77147.zip
050750	死線を越えて	賀川	豊彦	新字旧仮名	NDC 913	https://www.aozora.gr.jp/cards/001468/files/50750_ruby_75925.zip
050752	コロポックル説の誤謬を論ず（下）	河野	常吉	旧字旧仮名	NDC 389	https://www.aozora.gr.jp/cards/001469/files/50752_ruby_65636.zip
050753	コロポックル説の誤謬を論ず（上）	河野	常吉	旧字旧仮名	NDC 389	https://www.aozora.gr.jp/cards/001469/files/50753_ruby_65637.zip
050760	トンカトントンカッタカッタ	今野	大力	新字新仮名	NDC 913	https://www.aozora.gr.jp/cards/001471/files/50760_txt_41582.zip
050761	忘れ難きことども	松井	須磨子	新字旧仮名	NDC 775	https://www.aozora.gr.jp/cards/001472/files/50761_ruby_37844.zip
050895	教育家の教育	新渡戸	稲造	新字新仮名	NDC 370	https://www.aozora.gr.jp/cards/000718/files/50895_ruby_40240.zip
050902	疑ひの教育	丘	浅次郎	新字旧仮名	NDC 370	https://www.aozora.gr.jp/cards/001474/files/50902_txt_57363.zip
050904	固形の論理	丘	浅次郎	新字旧仮名	NDC 401	https://www.aozora.gr.jp/cards/001474/files/50904_txt_73230.zip
050907	回顧と展望	高木	貞治	新字新仮名	NDC 289	https://www.aozora.gr.jp/cards/001398/files/50907_ruby_41855.zip
050908	ヒルベルト訪問記	高木	貞治	新字新仮名	NDC 410	https://www.aozora.gr.jp/cards/001398/files/50908_ruby_41868.zip
050909	ファウスト	ゲーテ	ヨハン・ヴォルフガング・フォン	新字新仮名	NDC 942	https://www.aozora.gr.jp/cards/001025/files/50909_ruby_49057.zip
050912	一人舞台	ストリンドベリ	アウグスト	新字新仮名	NDC 949	https://www.aozora.gr.jp/cards/001062/files/50912_ruby_39237.zip
050913	釣	アルテンベルク	ペーター	新字新仮名	NDC 943	https://www.aozora.gr.jp/cards/001190/files/50913_ruby_39172.zip
050914	痴人と死と	ホーフマンスタール	フーゴー・フォン	新字新仮名	NDC 942	https://www.aozora.gr.jp/cards/001192/files/50914_ruby_39170.zip
050915	女の決闘	オイレンベルク	ヘルベルト	新字新仮名	NDC 943	https://www.aozora.gr.jp/cards/001193/files/50915_ruby_39238.zip
050916	鴉	シュミットボン	ウィルヘルム	新字新仮名	NDC 943	https://www.aozora.gr.jp/cards/001194/files/50916_ruby_39174.zip
050917	世界漫遊	ダビット	ヤーコプ・ユリウス	新字新仮名	NDC 943	https://www.aozora.gr.jp/cards/001195/files/50917_ruby_39236.zip
050918	みれん	シュニッツレル	アルツール	新字新仮名	NDC 943	https://www.aozora.gr.jp/cards/000360/files/50918_ruby_66929.zip
050919	罪人	アルチバシェッフ	ミハイル・ペトローヴィチ	新字新仮名	NDC 983	https://www.aozora.gr.jp/cards/000366/files/50919_ruby_39173.zip
050924	金山揷話	大鹿	卓	新字新仮名	NDC 913	https://www.aozora.gr.jp/cards/001476/files/50924_ruby_47129.zip
050926	魏志倭人伝	陳	寿	その他	NDC 210	https://www.aozora.gr.jp/cards/001477/files/50926_txt_40664.zip
050931	中世の文学伝統	風巻	景次郎	新字新仮名	NDC 911	https://www.aozora.gr.jp/cards/001479/files/50931_ruby_41852.zip
050975	赤い船	小川	未明	新字新仮名	NDC K913	https://www.aozora.gr.jp/cards/001475/files/50975_ruby_46194.zip
050976	海の少年	小川	未明	新字新仮名	NDC K913	https://www.aozora.gr.jp/cards/001475/files/50976_ruby_46209.zip
050977	電信柱と妙な男	小川	未明	新字新仮名	NDC K913	https://www.aozora.gr.jp/cards/001475/files/50977_ruby_46356.zip
050978	つばめと乞食の子	小川	未明	新字新仮名	NDC K913	https://www.aozora.gr.jp/cards/001475/files/50978_ruby_46213.zip
050979	星の世界から	小川	未明	新字新仮名	NDC K913	https://www.aozora.gr.jp/cards/001475/files/50979_ruby_46367.zip
050980	海へ	小川	未明	新字新仮名	NDC K913	https://www.aozora.gr.jp/cards/001475/files/50980_ruby_46210.zip
050981	黒い旗物語	小川	未明	新字新仮名	NDC K913	https://www.aozora.gr.jp/cards/001475/files/50981_ruby_46211.zip
050982	青い時計台	小川	未明	新字新仮名	NDC K913	https://www.aozora.gr.jp/cards/001475/files/50982_ruby_46193.zip
050983	不死の薬	小川	未明	新字新仮名	NDC K913	https://www.aozora.gr.jp/cards/001475/files/50983_ruby_46366.zip
050984	夕焼け物語	小川	未明	新字新仮名	NDC K913	https://www.aozora.gr.jp/cards/001475/files/50984_ruby_46369.zip
050985	少年の日の悲哀	小川	未明	新字新仮名	NDC K913	https://www.aozora.gr.jp/cards/001475/files/50985_ruby_46212.zip
050986	雪の国と太郎	小川	未明	新字新仮名	NDC K913	https://www.aozora.gr.jp/cards/001475/files/50986_ruby_46370.zip
050987	どこで笛吹く	小川	未明	新字新仮名	NDC K913	https://www.aozora.gr.jp/cards/001475/files/50987_ruby_46357.zip
050988	つばめの話	小川	未明	新字新仮名	NDC K913	https://www.aozora.gr.jp/cards/001475/files/50988_ruby_46355.zip
050989	眠い町	小川	未明	新字新仮名	NDC K913	https://www.aozora.gr.jp/cards/001475/files/50989_ruby_46359.zip
050990	残された日	小川	未明	新字新仮名	NDC K913	https://www.aozora.gr.jp/cards/001475/files/50990_ruby_51525.zip
051134	怪物と飯を食ふ話	岡本	一平	新字旧仮名		https://www.aozora.gr.jp/cards/000239/files/51134_ruby_77286.zip
051135	検疫と荷物検査	杉村	楚人冠	新字旧仮名	NDC 914	https://www.aozora.gr.jp/cards/000608/files/51135_ruby_65180.zip
051136	愛は、力は土より	中沢	臨川	新字旧仮名	NDC 914	https://www.aozora.gr.jp/cards/000690/files/51136_ruby_43505.zip
051137	かたくり	水野	葉舟	新字旧仮名	NDC 914	https://www.aozora.gr.jp/cards/000941/files/51137_ruby_60766.zip
051138	道ひらく	相馬	御風	新字旧仮名		https://www.aozora.gr.jp/cards/000959/files/51138_txt_77868.zip
051139	初代谷風梶之助	三木	貞一	新字旧仮名	NDC 788	https://www.aozora.gr.jp/cards/001481/files/51139_ruby_43415.zip
051147	後漢書倭伝	范	曄	その他	NDC 210	https://www.aozora.gr.jp/cards/000348/files/51147_txt_40665.zip
051153	隋書倭国伝	魏	徴	その他	NDC 210	https://www.aozora.gr.jp/cards/001484/files/51153_txt_40666.zip
051154	宋書倭国伝	沈	約	その他	NDC 210	https://www.aozora.gr.jp/cards/001485/files/51154_txt_40667.zip
051155	渡良瀬川	大鹿	卓	新字新仮名	NDC 913	https://www.aozora.gr.jp/cards/001476/files/51155_ruby_59525.zip
051160	空中征服	賀川	豊彦	新字新仮名	NDC 913	https://www.aozora.gr.jp/cards/001468/files/51160_ruby_41939.zip
051161	新アラビヤ夜話　序	佐藤	緑葉	旧字旧仮名	NDC 933 934	https://www.aozora.gr.jp/cards/001486/files/51161_txt_41854.zip
051162	医師と旅行鞄の話	佐藤	緑葉	旧字旧仮名	NDC 933	https://www.aozora.gr.jp/cards/000888/files/51162_txt_41859.zip
051163	帽子箱の話	佐藤	緑葉	旧字旧仮名	NDC 933	https://www.aozora.gr.jp/cards/000888/files/51163_ruby_66275.zip
051164	若い僧侶の話	佐藤	緑葉	旧字旧仮名	NDC 933	https://www.aozora.gr.jp/cards/000888/files/51164_txt_66352.zip
051165	浅沼稲次郎の三つの代表的演説	浅沼	稲次郎	新字新仮名	NDC 312	https://www.aozora.gr.jp/cards/001487/files/51165_txt_41865.zip
051166	まあまあ居士の弁	浅沼	稲次郎	新字新仮名	NDC 289	https://www.aozora.gr.jp/cards/001487/files/51166_txt_41866.zip
051167	私の履歴書	浅沼	稲次郎	新字新仮名	NDC 289	https://www.aozora.gr.jp/cards/001487/files/51167_ruby_41850.zip
051168	糞尿譚	火野	葦平	新字新仮名	NDC 913	https://www.aozora.gr.jp/cards/001488/files/51168_ruby_53797.zip
051170	人間の卵	高田	義一郎	旧字旧仮名		https://www.aozora.gr.jp/cards/001489/files/51170_ruby_78361.zip
051172	海潮音	上田	敏	旧字旧仮名	NDC 908 911 931 941 951 959 971	https://www.aozora.gr.jp/cards/000235/files/51172_ruby_41560.zip
051173	牧羊神	上田	敏	旧字旧仮名	NDC 908 911 951	https://www.aozora.gr.jp/cards/000235/files/51173_ruby_41630.zip
051178	北海道の「俊寛」	小林	多喜二	新字新仮名	NDC 914	https://www.aozora.gr.jp/cards/000156/files/51178_ruby_40239.zip
051191	雪をんな	葛西	善蔵	旧字旧仮名	NDC 913	https://www.aozora.gr.jp/cards/000984/files/51191_ruby_66685.zip
051192	雪をんな（二）	葛西	善蔵	旧字旧仮名	NDC 913	https://www.aozora.gr.jp/cards/000984/files/51192_ruby_66686.zip
051204	吉田松陰	徳富	蘇峰	新字新仮名	NDC 289	https://www.aozora.gr.jp/cards/001369/files/51204_ruby_62107.zip
051205	いがみの権太	三木	竹二	新字旧仮名	NDC 774	https://www.aozora.gr.jp/cards/000792/files/51205_ruby_42302.zip
051209	明治座評	三木	竹二	新字旧仮名	NDC 774	https://www.aozora.gr.jp/cards/000792/files/51209_ruby_42304.zip
051210	両座の「山門」評	三木	竹二	新字旧仮名	NDC 774	https://www.aozora.gr.jp/cards/000792/files/51210_ruby_42306.zip
051218	蠢く者	葛西	善蔵	旧字旧仮名	NDC 913	https://www.aozora.gr.jp/cards/000984/files/51218_ruby_42641.zip
051219	哀しき父	葛西	善蔵	旧字旧仮名	NDC 913	https://www.aozora.gr.jp/cards/000984/files/51219_ruby_42592.zip
051220	湖畔手記	葛西	善蔵	旧字旧仮名	NDC 913	https://www.aozora.gr.jp/cards/000984/files/51220_ruby_42593.zip
051221	子をつれて	葛西	善蔵	旧字旧仮名	NDC 913	https://www.aozora.gr.jp/cards/000984/files/51221_ruby_42639.zip
051222	椎の若葉	葛西	善蔵	旧字旧仮名	NDC 913	https://www.aozora.gr.jp/cards/000984/files/51222_ruby_42640.zip
051226	石川五右衛門の生立	上司	小剣	旧字旧仮名	NDC 913	https://www.aozora.gr.jp/cards/000248/files/51226_ruby_42835.zip
051227	ごりがん	上司	小剣	旧字旧仮名	NDC 913	https://www.aozora.gr.jp/cards/000248/files/51227_ruby_42740.zip
051228	太政官	上司	小剣	旧字旧仮名	NDC 913	https://www.aozora.gr.jp/cards/000248/files/51228_ruby_42834.zip
051229	父の婚礼	上司	小剣	旧字旧仮名	NDC 913	https://www.aozora.gr.jp/cards/000248/files/51229_ruby_42739.zip
051230	鱧の皮	上司	小剣	旧字旧仮名	NDC 913	https://www.aozora.gr.jp/cards/000248/files/51230_ruby_42741.zip
051231	兵隊の宿	上司	小剣	旧字旧仮名	NDC 913	https://www.aozora.gr.jp/cards/000248/files/51231_ruby_42742.zip
051234	ゲテ魚好き	火野	葦平	新字新仮名	NDC 787 914	https://www.aozora.gr.jp/cards/001488/files/51234_ruby_41856.zip
051235	逢状	吉井	勇	新字新仮名	NDC 914	https://www.aozora.gr.jp/cards/001497/files/51235_ruby_41860.zip
051237	黒足袋	吉井	勇	新字旧仮名	NDC 914	https://www.aozora.gr.jp/cards/001497/files/51237_ruby_41861.zip
051238	雑魚寝	吉井	勇	新字新仮名	NDC 914	https://www.aozora.gr.jp/cards/001497/files/51238_ruby_41862.zip
051239	酔狂録	吉井	勇	新字旧仮名	NDC 911 914	https://www.aozora.gr.jp/cards/001497/files/51239_ruby_41857.zip
051240	青春回顧	吉井	勇	新字旧仮名	NDC 914	https://www.aozora.gr.jp/cards/001497/files/51240_ruby_41863.zip
051241	老境なるかな	吉井	勇	新字旧仮名	NDC 914	https://www.aozora.gr.jp/cards/001497/files/51241_ruby_41864.zip
051242	或る日の小せん	吉井	勇	新字旧仮名	NDC 779 914	https://www.aozora.gr.jp/cards/001497/files/51242_ruby_54003.zip
051243	陰獣トリステサ	橘	外男	新字新仮名	NDC 913	https://www.aozora.gr.jp/cards/001397/files/51243_ruby_65932.zip
051246	令嬢エミーラの日記	橘	外男	新字新仮名	NDC 913	https://www.aozora.gr.jp/cards/001397/files/51246_ruby_68432.zip
051248	ウニデス潮流の彼方	橘	外男	新字新仮名	NDC 913	https://www.aozora.gr.jp/cards/001397/files/51248_ruby_62764.zip
051249	グリュックスブルグ王室異聞	橘	外男	新字新仮名	NDC 913	https://www.aozora.gr.jp/cards/001397/files/51249_ruby_62763.zip
051250	ナリン殿下への回想	橘	外男	新字新仮名	NDC 913	https://www.aozora.gr.jp/cards/001397/files/51250_ruby_61980.zip
051270	悪魔の弟子	浜尾	四郎	新字新仮名	NDC 913	https://www.aozora.gr.jp/cards/000289/files/51270_ruby_47852.zip
051271	彼が殺したか	浜尾	四郎	新字新仮名	NDC 913	https://www.aozora.gr.jp/cards/000289/files/51271_ruby_47853.zip
051272	死者の権利	浜尾	四郎	新字新仮名	NDC 913	https://www.aozora.gr.jp/cards/000289/files/51272_ruby_47857.zip
051273	正義	浜尾	四郎	新字新仮名	NDC 913	https://www.aozora.gr.jp/cards/000289/files/51273_ruby_42937.zip
051275	俳諧師	高浜	虚子	旧字旧仮名	NDC 913	https://www.aozora.gr.jp/cards/001310/files/51275_ruby_58702.zip
051276	日を愛しむ	外村	繁	新字新仮名	NDC 913	https://www.aozora.gr.jp/cards/001499/files/51276_ruby_51551.zip
051277	澪標	外村	繁	新字新仮名	NDC 913	https://www.aozora.gr.jp/cards/001499/files/51277_ruby_51543.zip
051278	夢幻泡影	外村	繁	新字新仮名	NDC 913	https://www.aozora.gr.jp/cards/001499/files/51278_ruby_51539.zip
051279	落日の光景	外村	繁	新字新仮名	NDC 913	https://www.aozora.gr.jp/cards/001499/files/51279_ruby_51547.zip
051285	怪談牡丹灯籠	鈴木	行三	新字新仮名	NDC 779 913 914	https://www.aozora.gr.jp/cards/000141/files/51285_ruby_38202.zip
051286	怪談牡丹灯籠	鈴木	行三	新字新仮名	NDC 779 913 914	https://www.aozora.gr.jp/cards/001500/files/51286_ruby_38200.zip
051287	怪談牡丹灯籠	鈴木	行三	新字新仮名	NDC 779 913 914	https://www.aozora.gr.jp/cards/001501/files/51287_ruby_38203.zip
051291	虎	久米	正雄	新字旧仮名	NDC 913	https://www.aozora.gr.jp/cards/001151/files/51291_ruby_56862.zip
051295	来訪者のモデル	伊庭	心猿	旧字旧仮名	NDC 914	https://www.aozora.gr.jp/cards/001336/files/51295_txt_69677.zip
051296	荷風翁の発句	伊庭	心猿	旧字旧仮名	NDC 911	https://www.aozora.gr.jp/cards/001336/files/51296_ruby_70727.zip
051298	九月朔日	伊庭	心猿	旧字旧仮名	NDC 914	https://www.aozora.gr.jp/cards/001336/files/51298_ruby_69018.zip
051299	桜もち	伊庭	心猿	旧字旧仮名	NDC 914	https://www.aozora.gr.jp/cards/001336/files/51299_txt_70159.zip
051300	露伴忌	伊庭	心猿	旧字旧仮名	NDC 910	https://www.aozora.gr.jp/cards/001336/files/51300_ruby_68463.zip
051301	緑雨と一葉	伊庭	心猿	旧字旧仮名	NDC 910	https://www.aozora.gr.jp/cards/001336/files/51301_txt_63040.zip
051304	市川の桃花	伊藤	左千夫	旧字旧仮名	NDC 914	https://www.aozora.gr.jp/cards/000058/files/51304_txt_51163.zip
051305	竹の里人　一	伊藤	左千夫	旧字旧仮名	NDC 911 914	https://www.aozora.gr.jp/cards/000058/files/51305_txt_51167.zip
051339	クロイツェル・ソナタ	米川	正夫	新字新仮名	NDC 983 984	https://www.aozora.gr.jp/cards/001800/files/51339_ruby_69536.zip
051359	ロミオとヂュリエット	坪内	逍遥	旧字旧仮名	NDC 932 934	https://www.aozora.gr.jp/cards/000141/files/51359_ruby_61559.zip
051361	大利根の大物釣	石井	研堂	新字新仮名	NDC 787	https://www.aozora.gr.jp/cards/001252/files/51361_ruby_38701.zip
051363	俳句はかく解しかく味う	高浜	虚子	新字新仮名		https://www.aozora.gr.jp/cards/001310/files/51363_ruby_76862.zip
051368	植物記	牧野	富太郎	新字新仮名	NDC 470	https://www.aozora.gr.jp/cards/001266/files/51368_ruby_55968.zip
051369	続俳諧師	高浜	虚子	旧字旧仮名	NDC 913	https://www.aozora.gr.jp/cards/001310/files/51369_ruby_58785.zip
051371	雪	津村	信夫	新字旧仮名	NDC 914	https://www.aozora.gr.jp/cards/000278/files/51371_ruby_39033.zip
051377	海援隊約規	坂本	竜馬	新字旧仮名	NDC 210 289	https://www.aozora.gr.jp/cards/000908/files/51377_ruby_38828.zip
051380	実物と模型	相馬	御風	新字旧仮名	NDC 914	https://www.aozora.gr.jp/cards/000959/files/51380_ruby_39034.zip
051381	手紙	坂本	竜馬	新字旧仮名	NDC 289	https://www.aozora.gr.jp/cards/000908/files/51381_ruby_40440.zip
051382	手紙	坂本	竜馬	新字旧仮名	NDC 289	https://www.aozora.gr.jp/cards/000908/files/51382_ruby_40441.zip
051386	手紙	坂本	竜馬	新字旧仮名	NDC 289	https://www.aozora.gr.jp/cards/000908/files/51386_ruby_40442.zip
051387	手紙	坂本	竜馬	新字旧仮名	NDC 289	https://www.aozora.gr.jp/cards/000908/files/51387_ruby_40325.zip
051388	手紙	坂本	竜馬	新字旧仮名	NDC 289	https://www.aozora.gr.jp/cards/000908/files/51388_txt_39909.zip
051391	手紙	坂本	竜馬	新字旧仮名	NDC 289	https://www.aozora.gr.jp/cards/000908/files/51391_ruby_40326.zip
051392	手紙	坂本	竜馬	新字旧仮名	NDC 289	https://www.aozora.gr.jp/cards/000908/files/51392_ruby_40461.zip
051393	手紙	坂本	竜馬	新字旧仮名	NDC 289	https://www.aozora.gr.jp/cards/000908/files/51393_ruby_39912.zip
051395	手紙	坂本	竜馬	新字旧仮名	NDC 289	https://www.aozora.gr.jp/cards/000908/files/51395_ruby_39913.zip
051396	手紙	坂本	竜馬	新字旧仮名	NDC 289	https://www.aozora.gr.jp/cards/000908/files/51396_ruby_39914.zip
051397	手紙	坂本	竜馬	新字旧仮名	NDC 289	https://www.aozora.gr.jp/cards/000908/files/51397_ruby_40327.zip
051398	手紙	坂本	竜馬	新字旧仮名	NDC 289	https://www.aozora.gr.jp/cards/000908/files/51398_ruby_39916.zip
051399	手紙	坂本	竜馬	新字旧仮名	NDC 289	https://www.aozora.gr.jp/cards/000908/files/51399_ruby_40328.zip
051400	手紙	坂本	竜馬	新字旧仮名	NDC 289	https://www.aozora.gr.jp/cards/000908/files/51400_txt_39918.zip
051403	化学改革の大略	清水	卯三郎	新字新仮名	NDC 431	https://www.aozora.gr.jp/cards/001508/files/51403_ruby_72752.zip
051404	平仮名の説	清水	卯三郎	新字新仮名	NDC 811	https://www.aozora.gr.jp/cards/001508/files/51404_ruby_72445.zip
051405	禾花媒助法之説	津田	仙	新字新仮名	NDC 616	https://www.aozora.gr.jp/cards/001509/files/51405_ruby_75282.zip
051406	教育談	箕作	秋坪	新字新仮名	NDC 370	https://www.aozora.gr.jp/cards/001510/files/51406_ruby_72252.zip
051407	「ヒリモア」万国公法の内宗教を論ずる章（撮要）	柴田	昌吉	新字新仮名	NDC 329	https://www.aozora.gr.jp/cards/001511/files/51407_ruby_72064.zip
051425	明治世相百話	山本	笑月	新字新仮名	NDC 210	https://www.aozora.gr.jp/cards/001513/files/51425_ruby_70925.zip
051451	ひとつの道	草野	天平	新字旧仮名	NDC 911	https://www.aozora.gr.jp/cards/001516/files/51451_ruby_40398.zip
051493	詩人といふ者	草野	天平	新字旧仮名	NDC 911	https://www.aozora.gr.jp/cards/001516/files/51493_txt_39843.zip
051727	古事記	武田	祐吉	旧字新仮名	NDC 210	https://www.aozora.gr.jp/cards/001349/files/51727_txt_51161.zip
051728	古事記	武田	祐吉	旧字新仮名	NDC 210	https://www.aozora.gr.jp/cards/001349/files/51728_ruby_47206.zip
051729	古事記	武田	祐吉	その他	NDC 210	https://www.aozora.gr.jp/cards/001349/files/51729_ruby_50521.zip
051730	古事記	武田	祐吉	旧字旧仮名	NDC 210	https://www.aozora.gr.jp/cards/001349/files/51730_txt_41530.zip
051731	古事記	太	安万侶	その他	NDC 210	https://www.aozora.gr.jp/cards/001518/files/51731_ruby_50520.zip
051732	古事記	太	安万侶	旧字新仮名	NDC 210	https://www.aozora.gr.jp/cards/001518/files/51732_ruby_44617.zip
051820	手仕事の日本	柳	宗悦	新字新仮名	NDC 750	https://www.aozora.gr.jp/cards/001520/files/51820_ruby_50379.zip
051821	民芸とは何か	柳	宗悦	新字新仮名	NDC 750	https://www.aozora.gr.jp/cards/001520/files/51821_ruby_47916.zip
051823	日本民芸館について	柳	宗悦	新字新仮名	NDC 750	https://www.aozora.gr.jp/cards/001520/files/51823_ruby_48018.zip
051824	美の国と民芸	柳	宗悦	新字新仮名	NDC 750	https://www.aozora.gr.jp/cards/001520/files/51824_ruby_48019.zip
051825	民芸の性質	柳	宗悦	新字新仮名	NDC 750	https://www.aozora.gr.jp/cards/001520/files/51825_ruby_48020.zip
051826	青銅の基督	長与	善郎	新字新仮名	NDC 913	https://www.aozora.gr.jp/cards/001521/files/51826_ruby_74196.zip
051837	五百句	高浜	虚子	新字旧仮名	NDC 911	https://www.aozora.gr.jp/cards/001310/files/51837_ruby_59424.zip
051838	五百五十句	高浜	虚子	新字旧仮名	NDC 911	https://www.aozora.gr.jp/cards/001310/files/51838_ruby_59505.zip
051839	七百五十句	高浜	虚子	新字新仮名		https://www.aozora.gr.jp/cards/001310/files/51839_ruby_77843.zip
051840	六百句	高浜	虚子	新字新仮名	NDC 911	https://www.aozora.gr.jp/cards/001310/files/51840_ruby_59583.zip
051867	泡鳴五部作	岩野	泡鳴	旧字旧仮名	NDC 913	https://www.aozora.gr.jp/cards/000137/files/51867_ruby_60096.zip
051868	泡鳴五部作	岩野	泡鳴	旧字旧仮名	NDC 913	https://www.aozora.gr.jp/cards/000137/files/51868_ruby_60192.zip
051869	泡鳴五部作	岩野	泡鳴	旧字旧仮名	NDC 913	https://www.aozora.gr.jp/cards/000137/files/51869_ruby_70062.zip
051870	泡鳴五部作	岩野	泡鳴	旧字旧仮名	NDC 913	https://www.aozora.gr.jp/cards/000137/files/51870_ruby_59992.zip
051894	雨月物語	鵜月	洋	新字新仮名		https://www.aozora.gr.jp/cards/002168/files/51894_ruby_77653.zip
051895	雨月物語	鵜月	洋	新字新仮名		https://www.aozora.gr.jp/cards/002168/files/51895_ruby_77655.zip
051896	相撲の稽古	岡本	一平	新字旧仮名		https://www.aozora.gr.jp/cards/000239/files/51896_ruby_77609.zip
051897	怪物取組画譜	岡本	一平	新字旧仮名		https://www.aozora.gr.jp/cards/000239/files/51897_ruby_76366.zip
051918	国訳史記列伝	司馬	遷	旧字旧仮名	NDC 222	https://www.aozora.gr.jp/cards/001524/files/51918_ruby_73651.zip
051919	国訳史記列伝	司馬	遷	旧字旧仮名	NDC 222	https://www.aozora.gr.jp/cards/001524/files/51919_ruby_75135.zip
051920	国訳史記列伝	司馬	遷	旧字旧仮名	NDC 222	https://www.aozora.gr.jp/cards/001524/files/51920_ruby_75869.zip
051921	国訳史記列伝	司馬	遷	旧字旧仮名	NDC 222	https://www.aozora.gr.jp/cards/001524/files/51921_ruby_71238.zip
051922	国訳史記列伝	司馬	遷	旧字旧仮名	NDC 222	https://www.aozora.gr.jp/cards/001524/files/51922_ruby_74895.zip
051936	茗荷畠	真山	青果	新字旧仮名	NDC 913	https://www.aozora.gr.jp/cards/000309/files/51936_ruby_65633.zip
051937	イーリアス	土井	晩翠	旧字旧仮名	NDC 991	https://www.aozora.gr.jp/cards/001081/files/51937_ruby_40614.zip
051946	空手道の起原と其の沿革	島袋	源一郎	新字旧仮名	NDC 789	https://www.aozora.gr.jp/cards/001526/files/51946_ruby_60870.zip
051947	津軽地方特有の俚諺	福士	幸次郎	新字旧仮名	NDC 388	https://www.aozora.gr.jp/cards/000754/files/51947_ruby_40191.zip
051948	老残	宮地	嘉六	新字旧仮名	NDC 913	https://www.aozora.gr.jp/cards/001446/files/51948_ruby_55257.zip
051949	油地獄	斎藤	緑雨	新字新仮名	NDC 913	https://www.aozora.gr.jp/cards/000565/files/51949_ruby_57030.zip
052021	呑み込み八百長	栗島	山之助	新字旧仮名	NDC 788	https://www.aozora.gr.jp/cards/001527/files/52021_ruby_55297.zip
052022	八百長くづれ	栗島	山之助	新字旧仮名	NDC 788	https://www.aozora.gr.jp/cards/001527/files/52022_ruby_55298.zip
052125	穀神としての牛に関する民俗	中山	太郎	新字新仮名	NDC 387	https://www.aozora.gr.jp/cards/001420/files/52125_ruby_47193.zip
052126	獅子舞雑考	中山	太郎	新字新仮名	NDC 386	https://www.aozora.gr.jp/cards/001420/files/52126_ruby_47194.zip
052179	千里駒後日譚	川田	雪山	新字旧仮名	NDC 289	https://www.aozora.gr.jp/cards/001532/files/52179_ruby_43359.zip
052180	千里の駒後日譚拾遺	川田	雪山	新字旧仮名	NDC 289	https://www.aozora.gr.jp/cards/001532/files/52180_ruby_43358.zip
052184	打出の小槌	外村	繁	新字旧仮名	NDC 914	https://www.aozora.gr.jp/cards/001499/files/52184_txt_46188.zip
052185	将棋の話	外村	繁	新字旧仮名	NDC 796	https://www.aozora.gr.jp/cards/001499/files/52185_txt_56300.zip
052186	赤絵鉢	柳	宗悦	新字旧仮名	NDC 751	https://www.aozora.gr.jp/cards/001520/files/52186_ruby_54156.zip
052187	京都の朝市	柳	宗悦	新字新仮名	NDC 750	https://www.aozora.gr.jp/cards/001520/files/52187_ruby_46214.zip
052188	雑器の美	柳	宗悦	新字旧仮名	NDC 750	https://www.aozora.gr.jp/cards/001520/files/52188_ruby_46192.zip
052189	和紙十年	柳	宗悦	新字旧仮名	NDC 585	https://www.aozora.gr.jp/cards/001520/files/52189_ruby_46215.zip
052190	和紙の教へ	柳	宗悦	新字旧仮名	NDC 585	https://www.aozora.gr.jp/cards/001520/files/52190_ruby_46216.zip
052191	和紙の美	柳	宗悦	新字旧仮名	NDC 585	https://www.aozora.gr.jp/cards/001520/files/52191_ruby_46217.zip
052192	思ひ出すままに	宇野	浩二	新字旧仮名	NDC 070 914	https://www.aozora.gr.jp/cards/001533/files/52192_ruby_46179.zip
052193	質屋の小僧	宇野	浩二	新字旧仮名	NDC 914	https://www.aozora.gr.jp/cards/001533/files/52193_ruby_46206.zip
052194	質屋の主人	宇野	浩二	新字旧仮名	NDC 914	https://www.aozora.gr.jp/cards/001533/files/52194_txt_46207.zip
052195	野の墓	岩本	素白	新字旧仮名	NDC 914	https://www.aozora.gr.jp/cards/001534/files/52195_ruby_46362.zip
052196	雨の宿	岩本	素白	新字新仮名	NDC 914	https://www.aozora.gr.jp/cards/001534/files/52196_ruby_46203.zip
052197	鰯	岩本	素白	新字新仮名	NDC 914	https://www.aozora.gr.jp/cards/001534/files/52197_ruby_46204.zip
052198	菓子の譜	岩本	素白	新字旧仮名	NDC 914	https://www.aozora.gr.jp/cards/001534/files/52198_ruby_46205.zip
052199	こがらし	岩本	素白	新字新仮名	NDC 914	https://www.aozora.gr.jp/cards/001534/files/52199_ruby_46360.zip
052200	寺町	岩本	素白	新字新仮名	NDC 914	https://www.aozora.gr.jp/cards/001534/files/52200_ruby_46361.zip
052201	六日月	岩本	素白	新字新仮名	NDC 914	https://www.aozora.gr.jp/cards/001534/files/52201_ruby_46178.zip
052202	歴史とは何か	津田	左右吉	新字旧仮名	NDC 201	https://www.aozora.gr.jp/cards/001535/files/52202_txt_46187.zip
052206	麺くひ	桂	三木助	新字新仮名	NDC 596 914	https://www.aozora.gr.jp/cards/001536/files/52206_txt_46183.zip
052207	癖	喜多村	緑郎	新字旧仮名	NDC 775	https://www.aozora.gr.jp/cards/001537/files/52207_ruby_46184.zip
052208	帝大聖書研究会終講の辞	矢内原	忠雄	新字新仮名	NDC 193	https://www.aozora.gr.jp/cards/001538/files/52208_ruby_46191.zip
052211	えぞおばけ列伝	作者不詳		新字新仮名	NDC 147 388	https://www.aozora.gr.jp/cards/001529/files/52211_ruby_46185.zip
052212	福沢諭吉	高山	毅	新字新仮名	NDC K289	https://www.aozora.gr.jp/cards/001541/files/52212_ruby_46186.zip
052214	百万人のそして唯一人の文学	青野	季吉	新字旧仮名	NDC 910	https://www.aozora.gr.jp/cards/001542/files/52214_ruby_46177.zip
052216	青銅の基督	長与	善郎	新字旧仮名	NDC 913	https://www.aozora.gr.jp/cards/001521/files/52216_ruby_46189.zip
052218	南京六月祭	犬養	健	新字旧仮名	NDC 913	https://www.aozora.gr.jp/cards/001543/files/52218_ruby_73852.zip
052219	亜剌比亜人エルアフイ	犬養	健	新字旧仮名	NDC 913	https://www.aozora.gr.jp/cards/001543/files/52219_ruby_41851.zip
052220	朧夜	犬養	健	新字旧仮名	NDC 913	https://www.aozora.gr.jp/cards/001543/files/52220_ruby_73665.zip
052221	愚かな父	犬養	健	新字旧仮名	NDC 913	https://www.aozora.gr.jp/cards/001543/files/52221_ruby_68730.zip
052222	姉弟と新聞配達	犬養	健	新字旧仮名	NDC 913	https://www.aozora.gr.jp/cards/001543/files/52222_ruby_41869.zip
052230	倭女王卑弥呼考	白鳥	庫吉	旧字旧仮名	NDC 210	https://www.aozora.gr.jp/cards/000603/files/52230_ruby_49052.zip
052313	親方コブセ	金	史良	新字新仮名	NDC 913	https://www.aozora.gr.jp/cards/000252/files/52313_ruby_70381.zip
052314	大植物図鑑	本多	静六	旧字旧仮名	NDC 470	https://www.aozora.gr.jp/cards/001555/files/52314_txt_63519.zip
052315	大植物図鑑	松村	任三	旧字旧仮名	NDC 470	https://www.aozora.gr.jp/cards/001556/files/52315_txt_63486.zip
052316	大植物図鑑	丹波	敬三	旧字旧仮名	NDC 470	https://www.aozora.gr.jp/cards/001557/files/52316_txt_63518.zip
052317	想い出	古川	緑波	新字新仮名	NDC 596	https://www.aozora.gr.jp/cards/001558/files/52317_ruby_46364.zip
052318	ああ東京は食い倒れ	古川	緑波	新字新仮名	NDC 596	https://www.aozora.gr.jp/cards/001558/files/52318_ruby_46218.zip
052319	浅草を食べる	古川	緑波	新字新仮名	NDC 596	https://www.aozora.gr.jp/cards/001558/files/52319_txt_46219.zip
052320	色町洋食	古川	緑波	新字新仮名	NDC 596	https://www.aozora.gr.jp/cards/001558/files/52320_ruby_46220.zip
052321	うどんのお化け	古川	緑波	新字新仮名	NDC 596	https://www.aozora.gr.jp/cards/001558/files/52321_ruby_46363.zip
052322	甘話休題	古川	緑波	新字新仮名	NDC 596	https://www.aozora.gr.jp/cards/001558/files/52322_ruby_46365.zip
052323	牛鍋からすき焼へ	古川	緑波	新字新仮名	NDC 596	https://www.aozora.gr.jp/cards/001558/files/52323_ruby_46374.zip
052324	下司味礼賛	古川	緑波	新字新仮名	NDC 596	https://www.aozora.gr.jp/cards/001558/files/52324_ruby_46375.zip
052325	神戸	古川	緑波	新字新仮名	NDC 596	https://www.aozora.gr.jp/cards/001558/files/52325_ruby_46376.zip
052326	氷屋ぞめき	古川	緑波	新字新仮名	NDC 596	https://www.aozora.gr.jp/cards/001558/files/52326_ruby_46388.zip
052327	このたび大阪	古川	緑波	新字新仮名	NDC 596	https://www.aozora.gr.jp/cards/001558/files/52327_ruby_46389.zip
052328	清涼飲料	古川	緑波	新字新仮名	NDC 596	https://www.aozora.gr.jp/cards/001558/files/52328_ruby_46390.zip
052329	食べたり君よ	古川	緑波	新字新仮名	NDC 596	https://www.aozora.gr.jp/cards/001558/files/52329_ruby_46536.zip
052330	駄パンその他	古川	緑波	新字新仮名	NDC 596	https://www.aozora.gr.jp/cards/001558/files/52330_ruby_46535.zip
052331	八の字づくし	古川	緑波	新字新仮名	NDC 596	https://www.aozora.gr.jp/cards/001558/files/52331_ruby_46537.zip
052332	富士屋ホテル	古川	緑波	新字新仮名	NDC 596	https://www.aozora.gr.jp/cards/001558/files/52332_ruby_46190.zip
052333	大植物図鑑	村越	三千男	旧字旧仮名	NDC 470	https://www.aozora.gr.jp/cards/001559/files/52333_txt_64029.zip
052336	随筆　藪柑子	土井	晩翠	旧字旧仮名	NDC 914	https://www.aozora.gr.jp/cards/001081/files/52336_txt_60788.zip
052337	随筆　藪柑子	小川	正子	旧字旧仮名	NDC 914	https://www.aozora.gr.jp/cards/000474/files/52337_txt_60789.zip
052341	忙ノ説	成島	柳北	新字旧仮名	NDC 914	https://www.aozora.gr.jp/cards/000712/files/52341_txt_42323.zip
052349	菜の花月夜	片岡	鉄兵	新字旧仮名	NDC 913	https://www.aozora.gr.jp/cards/000491/files/52349_ruby_41555.zip
052355	食道楽	村井	弦斎	新字新仮名	NDC 913	https://www.aozora.gr.jp/cards/000810/files/52355_ruby_50407.zip
052358	土城廊	金	史良	新字新仮名	NDC 913	https://www.aozora.gr.jp/cards/000252/files/52358_ruby_70382.zip
052363	好古小言	成島	柳北	新字旧仮名	NDC 756	https://www.aozora.gr.jp/cards/000712/files/52363_txt_42550.zip
052368	熟語本位英和中辞典	斎藤	秀三郎	新字新仮名	NDC 833	https://www.aozora.gr.jp/cards/000564/files/52368_txt_48160.zip
052384	リシダス	上田	敏	旧字旧仮名	NDC 931	https://www.aozora.gr.jp/cards/001101/files/52384_ruby_48053.zip
052385	さしあげた腕	上田	敏	旧字旧仮名	NDC 951	https://www.aozora.gr.jp/cards/001563/files/52385_ruby_48055.zip
052386	落葉	上田	敏	旧字旧仮名	NDC 951	https://www.aozora.gr.jp/cards/001563/files/52386_ruby_48052.zip
052387	わるい花	上田	敏	旧字旧仮名	NDC 951	https://www.aozora.gr.jp/cards/001563/files/52387_ruby_48054.zip
052395	宮本武蔵	吉川	英治	新字新仮名	NDC 913 914	https://www.aozora.gr.jp/cards/001562/files/52395_ruby_49778.zip
052396	宮本武蔵	吉川	英治	新字新仮名	NDC 913	https://www.aozora.gr.jp/cards/001562/files/52396_ruby_49780.zip
052397	宮本武蔵	吉川	英治	新字新仮名	NDC 913	https://www.aozora.gr.jp/cards/001562/files/52397_ruby_49782.zip
052398	宮本武蔵	吉川	英治	新字新仮名	NDC 913	https://www.aozora.gr.jp/cards/001562/files/52398_ruby_49784.zip
052399	宮本武蔵	吉川	英治	新字新仮名	NDC 913	https://www.aozora.gr.jp/cards/001562/files/52399_ruby_49786.zip
052400	宮本武蔵	吉川	英治	新字新仮名	NDC 913	https://www.aozora.gr.jp/cards/001562/files/52400_ruby_49788.zip
052401	宮本武蔵	吉川	英治	新字新仮名	NDC 913	https://www.aozora.gr.jp/cards/001562/files/52401_ruby_49790.zip
052402	宮本武蔵	吉川	英治	新字新仮名	NDC 913	https://www.aozora.gr.jp/cards/001562/files/52402_ruby_49792.zip
052403	鳴門秘帖	吉川	英治	新字新仮名	NDC 913	https://www.aozora.gr.jp/cards/001562/files/52403_ruby_50138.zip
052404	鳴門秘帖	吉川	英治	新字新仮名	NDC 913	https://www.aozora.gr.jp/cards/001562/files/52404_ruby_50140.zip
052405	鳴門秘帖	吉川	英治	新字新仮名	NDC 913	https://www.aozora.gr.jp/cards/001562/files/52405_ruby_50159.zip
052406	鳴門秘帖	吉川	英治	新字新仮名	NDC 913	https://www.aozora.gr.jp/cards/001562/files/52406_ruby_50142.zip
052407	鳴門秘帖	吉川	英治	新字新仮名	NDC 913	https://www.aozora.gr.jp/cards/001562/files/52407_ruby_50144.zip
052408	鳴門秘帖	吉川	英治	新字新仮名	NDC 913	https://www.aozora.gr.jp/cards/001562/files/52408_ruby_50380.zip
052454	遠野物語	柳田	国男	新字旧仮名		https://www.aozora.gr.jp/cards/001566/files/52454_ruby_77358.zip
052465	「明治のおもかげ」序にかえて	喜多村	緑郎	新字新仮名	NDC 914	https://www.aozora.gr.jp/cards/001537/files/52465_ruby_50401.zip
052466	峠に関する二、三の考察	柳田	国男	新字新仮名	NDC 382 786	https://www.aozora.gr.jp/cards/001566/files/52466_ruby_54175.zip
052467	凍るアラベスク	妹尾	アキ夫	新字新仮名	NDC 913	https://www.aozora.gr.jp/cards/001568/files/52467_ruby_49652.zip
052468	雪	中谷	宇吉郎	新字新仮名	NDC 451	https://www.aozora.gr.jp/cards/001569/files/52468_ruby_49668.zip
052480	和人わ舟お食う	知里	真志保	その他	NDC 829	https://www.aozora.gr.jp/cards/001540/files/52480_txt_50496.zip
052504	遠野物語	柳田	国男	新字新仮名	NDC 382	https://www.aozora.gr.jp/cards/001566/files/52504_ruby_49666.zip
052505	山の人生	柳田	国男	新字新仮名	NDC 388	https://www.aozora.gr.jp/cards/001566/files/52505_ruby_50193.zip
052558	青塚ノ説	成島	柳北	新字旧仮名	NDC 289	https://www.aozora.gr.jp/cards/000712/files/52558_ruby_42551.zip
052559	土用干ノ記	成島	柳北	新字旧仮名	NDC 756	https://www.aozora.gr.jp/cards/000712/files/52559_ruby_42552.zip
052677	支那を識るの途	橘	樸	旧字旧仮名	NDC 222	https://www.aozora.gr.jp/cards/001567/files/52677_txt_47184.zip
052714	韓非子解題	小柳	司気太	旧字旧仮名	NDC 124	https://www.aozora.gr.jp/cards/000488/files/52714_ruby_50324.zip
052720	荀子解題	服部	宇之吉	旧字旧仮名	NDC 124	https://www.aozora.gr.jp/cards/001577/files/52720_txt_42517.zip
052931	日本改造法案大綱	北	一輝	旧字旧仮名	NDC 311	https://www.aozora.gr.jp/cards/000089/files/52931_ruby_48696.zip
052933	火山の話	今村	明恒	旧字旧仮名	NDC K453	https://www.aozora.gr.jp/cards/001578/files/52933_ruby_45705.zip
052934	受験生の手記	久米	正雄	旧字旧仮名	NDC 913	https://www.aozora.gr.jp/cards/001151/files/52934_ruby_44906.zip
052942	国語の自在性	西田	幾多郎	新字新仮名	NDC 121 810	https://www.aozora.gr.jp/cards/000182/files/52942_ruby_42495.zip
052944	他山の石	成島	柳北	新字旧仮名	NDC 914	https://www.aozora.gr.jp/cards/000712/files/52944_txt_42720.zip
052945	野草雑記・野鳥雑記	柳田	国男	新字新仮名	NDC 470	https://www.aozora.gr.jp/cards/001566/files/52945_ruby_50188.zip
052946	野草雑記・野鳥雑記	柳田	国男	新字新仮名	NDC 488	https://www.aozora.gr.jp/cards/001566/files/52946_ruby_50191.zip
052947	静かな歩み	酒井	嘉七	新字旧仮名	NDC 913	https://www.aozora.gr.jp/cards/001142/files/52947_txt_42496.zip
052954	阿房山賦	成島	柳北	新字旧仮名	NDC 914	https://www.aozora.gr.jp/cards/000712/files/52954_ruby_42596.zip
052955	祭舌文	成島	柳北	新字旧仮名	NDC 914	https://www.aozora.gr.jp/cards/000712/files/52955_txt_42598.zip
052957	祭活字子文	成島	柳北	新字旧仮名	NDC 914	https://www.aozora.gr.jp/cards/000712/files/52957_ruby_42613.zip
052994	かぶと虫	槙本	楠郎	新字旧仮名	NDC K913	https://www.aozora.gr.jp/cards/001175/files/52994_ruby_53777.zip
052995	きんまくわ	槙本	楠郎	新字旧仮名	NDC K913	https://www.aozora.gr.jp/cards/001175/files/52995_ruby_53778.zip
052996	栗ひろひ週間	槙本	楠郎	新字旧仮名	NDC K913	https://www.aozora.gr.jp/cards/001175/files/52996_ruby_53782.zip
052997	黒んぼ会	槙本	楠郎	新字旧仮名	NDC K913	https://www.aozora.gr.jp/cards/001175/files/52997_ruby_53783.zip
052998	仔猫の裁判	槙本	楠郎	新字旧仮名	NDC K913	https://www.aozora.gr.jp/cards/001175/files/52998_ruby_53787.zip
052999	先生と生徒	槙本	楠郎	新字旧仮名	NDC K913	https://www.aozora.gr.jp/cards/001175/files/52999_ruby_53788.zip
053000	掃除当番	槙本	楠郎	新字旧仮名	NDC K913	https://www.aozora.gr.jp/cards/001175/files/53000_ruby_53790.zip
053001	月夜のかくれんぼ	槙本	楠郎	新字新仮名	NDC K913	https://www.aozora.gr.jp/cards/001175/files/53001_ruby_53791.zip
053002	母の日	槙本	楠郎	新字旧仮名	NDC K913	https://www.aozora.gr.jp/cards/001175/files/53002_ruby_53794.zip
053003	原つぱの子供会	槙本	楠郎	新字旧仮名	NDC K913	https://www.aozora.gr.jp/cards/001175/files/53003_ruby_53795.zip
053004	文化村を襲つた子ども	槙本	楠郎	新字旧仮名	NDC K913	https://www.aozora.gr.jp/cards/001175/files/53004_ruby_53798.zip
053005	母子ホームの子供たち	槙本	楠郎	新字旧仮名	NDC K913	https://www.aozora.gr.jp/cards/001175/files/53005_ruby_53799.zip
053011	或る少女の死まで	室生	犀星	新字新仮名	NDC 913	https://www.aozora.gr.jp/cards/001579/files/53011_ruby_49717.zip
053012	性に眼覚める頃	室生	犀星	新字新仮名	NDC 913	https://www.aozora.gr.jp/cards/001579/files/53012_ruby_49682.zip
053013	幼年時代	室生	犀星	新字新仮名	NDC 913	https://www.aozora.gr.jp/cards/001579/files/53013_ruby_78491.zip
053028	蟻説	高木	貞治	旧字旧仮名	NDC 159	https://www.aozora.gr.jp/cards/001398/files/53028_txt_66947.zip
053030	入江のほとり	正宗	白鳥	新字新仮名	NDC 913	https://www.aozora.gr.jp/cards/001581/files/53030_ruby_57379.zip
053034	世間師	小栗	風葉	新字新仮名	NDC 913	https://www.aozora.gr.jp/cards/000241/files/53034_ruby_42791.zip
053038	雪の日	近松	秋江	新字新仮名	NDC 913	https://www.aozora.gr.jp/cards/000275/files/53038_ruby_50194.zip
053047	罪・苦痛・希望・及び真実の道についての考察	カフカ	フランツ	旧字旧仮名	NDC 947	https://www.aozora.gr.jp/cards/001235/files/53047_ruby_42749.zip
053048	地震の話	今村	明恒	旧字旧仮名	NDC K453	https://www.aozora.gr.jp/cards/001578/files/53048_ruby_47387.zip
053050	空飛ぶ悪魔	酒井	嘉七	新字新仮名	NDC 913	https://www.aozora.gr.jp/cards/001142/files/53050_ruby_43442.zip
053051	松の操美人の生埋	宇田川	文海	新字新仮名	NDC 913 914	https://www.aozora.gr.jp/cards/001582/files/53051_ruby_42680.zip
053054	ある完全犯罪人の手記	酒井	嘉七	新字新仮名	NDC 913	https://www.aozora.gr.jp/cards/001142/files/53054_ruby_50514.zip
053057	「鱧の皮　他五篇」解説	宇野	浩二	旧字旧仮名	NDC 913 914	https://www.aozora.gr.jp/cards/001533/files/53057_ruby_46208.zip
053058	撮影所殺人事件	酒井	嘉七	新字新仮名	NDC 913	https://www.aozora.gr.jp/cards/001142/files/53058_ruby_53772.zip
053104	木綿以前の事	柳田	国男	新字新仮名	NDC 382	https://www.aozora.gr.jp/cards/001566/files/53104_ruby_50480.zip
053139	ゆめの話	室生	犀星	新字新仮名	NDC 913	https://www.aozora.gr.jp/cards/001579/files/53139_ruby_50460.zip
053169	あじゃり	室生	犀星	新字新仮名	NDC 913	https://www.aozora.gr.jp/cards/001579/files/53169_ruby_51735.zip
053170	蛾	室生	犀星	新字新仮名	NDC 913	https://www.aozora.gr.jp/cards/001579/files/53170_ruby_51744.zip
053171	幻影の都市	室生	犀星	新字新仮名	NDC 913	https://www.aozora.gr.jp/cards/001579/files/53171_ruby_53127.zip
053172	香爐を盗む	室生	犀星	新字新仮名	NDC 913	https://www.aozora.gr.jp/cards/001579/files/53172_ruby_53317.zip
053173	三階の家	室生	犀星	新字新仮名	NDC 913	https://www.aozora.gr.jp/cards/001579/files/53173_ruby_51202.zip
053174	しゃりこうべ	室生	犀星	新字新仮名	NDC 913	https://www.aozora.gr.jp/cards/001579/files/53174_ruby_51204.zip
053175	天狗	室生	犀星	新字新仮名	NDC 913	https://www.aozora.gr.jp/cards/001579/files/53175_ruby_51206.zip
053176	童子	室生	犀星	新字新仮名	NDC 913	https://www.aozora.gr.jp/cards/001579/files/53176_ruby_51508.zip
053177	童話	室生	犀星	新字新仮名	NDC K913	https://www.aozora.gr.jp/cards/001579/files/53177_ruby_51740.zip
053178	後の日の童子	室生	犀星	新字新仮名	NDC 913	https://www.aozora.gr.jp/cards/001579/files/53178_ruby_51510.zip
053179	不思議な国の話	室生	犀星	新字新仮名	NDC K913	https://www.aozora.gr.jp/cards/001579/files/53179_ruby_51198.zip
053180	不思議な魚	室生	犀星	新字新仮名	NDC 913	https://www.aozora.gr.jp/cards/001579/files/53180_ruby_51200.zip
053182	三人の百姓	秋田	雨雀	新字新仮名	NDC K913	https://www.aozora.gr.jp/cards/001584/files/53182_ruby_49658.zip
053183	でたらめ経	宇野	浩二	新字新仮名	NDC K913	https://www.aozora.gr.jp/cards/001533/files/53183_ruby_68457.zip
053188	明日はメーデー	槙村	浩	新字新仮名	NDC 911	https://www.aozora.gr.jp/cards/001585/files/53188_ruby_54459.zip
053189	生ける銃架	槙村	浩	新字旧仮名	NDC 911	https://www.aozora.gr.jp/cards/001585/files/53189_ruby_56330.zip
053190	間島パルチザンの歌	槙村	浩	新字旧仮名	NDC 911	https://www.aozora.gr.jp/cards/001585/files/53190_ruby_54460.zip
053191	出征	槙村	浩	新字旧仮名	NDC 911	https://www.aozora.gr.jp/cards/001585/files/53191_txt_54463.zip
053192	一九三二・二・二六	槙村	浩	新字旧仮名	NDC 911	https://www.aozora.gr.jp/cards/001585/files/53192_ruby_56396.zip
053199	雪の十勝	中谷	宇吉郎	新字新仮名	NDC 451	https://www.aozora.gr.jp/cards/001569/files/53199_ruby_49741.zip
053200	茶碗の曲線	中谷	宇吉郎	新字新仮名	NDC 914	https://www.aozora.gr.jp/cards/001569/files/53200_ruby_49821.zip
053201	イグアノドンの唄	中谷	宇吉郎	新字新仮名	NDC 914	https://www.aozora.gr.jp/cards/001569/files/53201_ruby_49835.zip
053202	寺田先生の追憶	中谷	宇吉郎	新字新仮名	NDC 289	https://www.aozora.gr.jp/cards/001569/files/53202_ruby_49847.zip
053203	テレビの科学番組	中谷	宇吉郎	新字新仮名	NDC 404 699	https://www.aozora.gr.jp/cards/001569/files/53203_ruby_49873.zip
053204	サラダの謎	中谷	宇吉郎	新字新仮名	NDC 596 914	https://www.aozora.gr.jp/cards/001569/files/53204_ruby_49672.zip
053205	Ｉ駅の一夜	中谷	宇吉郎	新字新仮名	NDC 914	https://www.aozora.gr.jp/cards/001569/files/53205_ruby_49827.zip
053206	私の生まれた家	中谷	宇吉郎	新字新仮名	NDC 914	https://www.aozora.gr.jp/cards/001569/files/53206_ruby_49807.zip
053207	流言蜚語	中谷	宇吉郎	新字新仮名	NDC 914	https://www.aozora.gr.jp/cards/001569/files/53207_ruby_49829.zip
053208	立春の卵	中谷	宇吉郎	新字新仮名	NDC 404	https://www.aozora.gr.jp/cards/001569/files/53208_ruby_49865.zip
053209	由布院行	中谷	宇吉郎	新字新仮名	NDC 915	https://www.aozora.gr.jp/cards/001569/files/53209_ruby_49815.zip
053210	雪を作る話	中谷	宇吉郎	新字新仮名	NDC 451	https://www.aozora.gr.jp/cards/001569/files/53210_ruby_49743.zip
053211	雪雑記	中谷	宇吉郎	新字新仮名	NDC 451	https://www.aozora.gr.jp/cards/001569/files/53211_ruby_49757.zip
053212	真夏の日本海	中谷	宇吉郎	新字旧仮名	NDC 914	https://www.aozora.gr.jp/cards/001569/files/53212_ruby_49767.zip
053213	一人の無名作家	中谷	宇吉郎	新字新仮名	NDC 914	https://www.aozora.gr.jp/cards/001569/files/53213_ruby_49817.zip
053483	小熊秀雄と藤原運	槙村	浩	新字新仮名	NDC 911	https://www.aozora.gr.jp/cards/001585/files/53483_ruby_56334.zip
053484	森山啓に	槙村	浩	新字新仮名	NDC 911	https://www.aozora.gr.jp/cards/001585/files/53484_txt_57191.zip
053485	ダッタン海峡	槙村	浩	新字新仮名	NDC 911	https://www.aozora.gr.jp/cards/001585/files/53485_ruby_56437.zip
053488	東光院	上司	小剣	旧字旧仮名	NDC 913	https://www.aozora.gr.jp/cards/000248/files/53488_ruby_45615.zip
053518	プレスの操作に手工業を加味	豊田	喜一郎	旧字旧仮名	NDC 537	https://www.aozora.gr.jp/cards/001362/files/53518_txt_56449.zip
053519	ボデー意匠審査会　美術の粋を蒐め独特の形態美へ	豊田	喜一郎	旧字旧仮名	NDC 537	https://www.aozora.gr.jp/cards/001362/files/53519_ruby_56448.zip
053520	死刑	上司	小剣	旧字旧仮名	NDC 913	https://www.aozora.gr.jp/cards/000248/files/53520_ruby_48195.zip
053527	大江満雄に	槙村	浩	新字新仮名	NDC 911	https://www.aozora.gr.jp/cards/001585/files/53527_ruby_56331.zip
053528	人民詩人への戯詩	槙村	浩	新字新仮名	NDC 911	https://www.aozora.gr.jp/cards/001585/files/53528_ruby_54503.zip
053529	毛利孟夫に	槙村	浩	新字新仮名	NDC 911	https://www.aozora.gr.jp/cards/001585/files/53529_txt_56575.zip
053530	餅の歌	槙村	浩	新字新仮名	NDC 911	https://www.aozora.gr.jp/cards/001585/files/53530_ruby_54467.zip
053532	国産自動車と価格の問題	豊田	喜一郎	旧字旧仮名	NDC 537	https://www.aozora.gr.jp/cards/001362/files/53532_txt_56337.zip
053533	乗用車発表に際して	豊田	喜一郎	旧字旧仮名	NDC 537	https://www.aozora.gr.jp/cards/001362/files/53533_txt_56394.zip
053539	天満宮	上司	小剣	旧字旧仮名	NDC 913	https://www.aozora.gr.jp/cards/000248/files/53539_ruby_47858.zip
053658	月産五百台が我社の根本方針	豊田	喜一郎	旧字旧仮名	NDC 537	https://www.aozora.gr.jp/cards/001362/files/53658_txt_56338.zip
053659	誤って健康を伝えられた同志たちに	槙村	浩	新字新仮名	NDC 911	https://www.aozora.gr.jp/cards/001585/files/53659_ruby_56325.zip
053660	異郷なる中国の詩人たちに	槙村	浩	新字新仮名	NDC 911	https://www.aozora.gr.jp/cards/001585/files/53660_ruby_56326.zip
053661	京都帝国大学（十四行詩）	槙村	浩	新字新仮名	NDC 911	https://www.aozora.gr.jp/cards/001585/files/53661_ruby_56335.zip
053662	獄中のコンミューンの戦士の詩を憶って	槙村	浩	新字新仮名	NDC 911	https://www.aozora.gr.jp/cards/001585/files/53662_txt_56343.zip
053672	探検実記　地中の秘密	江見	水蔭	旧字旧仮名	NDC 913	https://www.aozora.gr.jp/cards/000448/files/53672_ruby_68706.zip
053673	探検実記　地中の秘密	江見	水蔭	旧字旧仮名	NDC 913	https://www.aozora.gr.jp/cards/000448/files/53673_ruby_69500.zip
053674	探検実記　地中の秘密	江見	水蔭	旧字旧仮名	NDC 913	https://www.aozora.gr.jp/cards/000448/files/53674_ruby_65659.zip
053678	準備は出来たトヨタは邁進します	豊田	喜一郎	旧字旧仮名	NDC 537	https://www.aozora.gr.jp/cards/001362/files/53678_txt_56395.zip
053679	トヨタ自動車一周年を迎へて	豊田	喜一郎	旧字旧仮名	NDC 537	https://www.aozora.gr.jp/cards/001362/files/53679_txt_56519.zip
053680	リップ・ヴァン・ウィンクル	アーヴィング	ワシントン	新字新仮名	NDC 933	https://www.aozora.gr.jp/cards/001257/files/53680_ruby_69540.zip
053683	最近欧米に於ける財政経済事情	井上	準之助	新字旧仮名	NDC 332	https://www.aozora.gr.jp/cards/001595/files/53683_txt_44483.zip
053691	BOITEUX ・ BOITEUSE	李	箱	新字新仮名	NDC 911	https://www.aozora.gr.jp/cards/001597/files/53691_txt_65653.zip
053692	LE URINE	李	箱	新字旧仮名	NDC 911	https://www.aozora.gr.jp/cards/001597/files/53692_txt_69036.zip
053693	▽ノ遊戯――	李	箱	新字旧仮名	NDC 911	https://www.aozora.gr.jp/cards/001597/files/53693_txt_65654.zip
053694	異常ナ可逆反応	李	箱	新字旧仮名	NDC 911	https://www.aozora.gr.jp/cards/001597/files/53694_txt_67684.zip
053695	運動	李	箱	新字旧仮名	NDC 911	https://www.aozora.gr.jp/cards/001597/files/53695_txt_68721.zip
053696	顔	李	箱	新字旧仮名	NDC 911	https://www.aozora.gr.jp/cards/001597/files/53696_txt_69035.zip
053697	興行物天使	李	箱	新字旧仮名	NDC 911	https://www.aozora.gr.jp/cards/001597/files/53697_txt_67685.zip
053698	狂女の告白	李	箱	新字旧仮名	NDC 911	https://www.aozora.gr.jp/cards/001597/files/53698_txt_70944.zip
053699	線に関する覚書１	李	箱	新字旧仮名	NDC 911	https://www.aozora.gr.jp/cards/001597/files/53699_txt_70704.zip
053700	空腹――	李	箱	新字旧仮名	NDC 911	https://www.aozora.gr.jp/cards/001597/files/53700_txt_68720.zip
053701	神経質に肥満した三角形	李	箱	新字旧仮名	NDC 911	https://www.aozora.gr.jp/cards/001597/files/53701_txt_65655.zip
053702	線に関する覚書２	李	箱	新字旧仮名	NDC 911	https://www.aozora.gr.jp/cards/001597/files/53702_txt_70705.zip
053703	線に関する覚書３	李	箱	新字旧仮名	NDC 911	https://www.aozora.gr.jp/cards/001597/files/53703_txt_71417.zip
053704	線に関する覚書４	李	箱	新字旧仮名	NDC 911	https://www.aozora.gr.jp/cards/001597/files/53704_txt_71418.zip
053705	線に関する覚書５	李	箱	新字旧仮名	NDC 911	https://www.aozora.gr.jp/cards/001597/files/53705_txt_71419.zip
053706	線に関する覚書６	李	箱	新字旧仮名	NDC 911	https://www.aozora.gr.jp/cards/001597/files/53706_txt_71627.zip
053712	横浜市歌	森	林太郎	新字新仮名	NDC 911	https://www.aozora.gr.jp/cards/000315/files/53712_ruby_60783.zip
053724	〔『支那思想と日本』初版〕まえがき	津田	左右吉	新字新仮名	NDC 121	https://www.aozora.gr.jp/cards/001535/files/53724_ruby_62030.zip
053725	学究生活五十年	津田	左右吉	新字新仮名	NDC 289	https://www.aozora.gr.jp/cards/001535/files/53725_ruby_47463.zip
053726	建国の事情と万世一系の思想	津田	左右吉	新字新仮名	NDC 210	https://www.aozora.gr.jp/cards/001535/files/53726_ruby_47461.zip
053727	偶言	津田	左右吉	新字新仮名	NDC 701	https://www.aozora.gr.jp/cards/001535/files/53727_ruby_47930.zip
053728	芸術と国民性	津田	左右吉	新字新仮名	NDC 701	https://www.aozora.gr.jp/cards/001535/files/53728_ruby_46371.zip
053729	芸術と社会	津田	左右吉	新字新仮名	NDC 701	https://www.aozora.gr.jp/cards/001535/files/53729_ruby_46372.zip
053730	史論の流行	津田	左右吉	新字旧仮名	NDC 210	https://www.aozora.gr.jp/cards/001535/files/53730_ruby_51546.zip
053731	神代史の研究法	津田	左右吉	新字新仮名	NDC 210	https://www.aozora.gr.jp/cards/001535/files/53731_ruby_47460.zip
053732	陳言套語	津田	左右吉	新字新仮名	NDC 210	https://www.aozora.gr.jp/cards/001535/files/53732_ruby_62533.zip
053733	東洋文化、東洋思想、東洋史	津田	左右吉	新字新仮名	NDC 220	https://www.aozora.gr.jp/cards/001535/files/53733_ruby_62028.zip
053734	流れ行く歴史の動力	津田	左右吉	新字新仮名	NDC 210	https://www.aozora.gr.jp/cards/001535/files/53734_ruby_61207.zip
053735	日本上代史の研究に関する二、三の傾向について	津田	左右吉	新字新仮名	NDC 210	https://www.aozora.gr.jp/cards/001535/files/53735_ruby_62534.zip
053736	日本精神について	津田	左右吉	新字新仮名	NDC 121	https://www.aozora.gr.jp/cards/001535/files/53736_ruby_63044.zip
053737	日本に於ける支那学の使命	津田	左右吉	新字新仮名	NDC 222	https://www.aozora.gr.jp/cards/001535/files/53737_ruby_62751.zip
053738	日本歴史の研究に於ける科学的態度	津田	左右吉	新字新仮名	NDC 210	https://www.aozora.gr.jp/cards/001535/files/53738_ruby_47462.zip
053740	仏教史家に一言す	小竹	主	新字旧仮名	NDC 182	https://www.aozora.gr.jp/cards/001535/files/53740_ruby_46373.zip
053752	『東洋自由新聞』第一号社説	中江	兆民	新字旧仮名	NDC 310	https://www.aozora.gr.jp/cards/001212/files/53752_ruby_66474.zip
053761	メメント　モリ	田辺	元	新字新仮名	NDC 121	https://www.aozora.gr.jp/cards/001599/files/53761_ruby_72595.zip
053771	書物を愛する道	柳田	国男	新字新仮名	NDC 020	https://www.aozora.gr.jp/cards/001566/files/53771_ruby_49958.zip
053778	草舎にて	三好	達治	旧字旧仮名	NDC 911	https://www.aozora.gr.jp/cards/001749/files/53778_txt_63496.zip
053779	『春の岬』序詩	三好	達治	旧字旧仮名	NDC 911	https://www.aozora.gr.jp/cards/001749/files/53779_txt_66294.zip
053780	日本その日その日	石川	千代松	新字新仮名	NDC 289 291	https://www.aozora.gr.jp/cards/001478/files/53780_ruby_60179.zip
053781	日本その日その日	石川	欣一	新字新仮名	NDC 291	https://www.aozora.gr.jp/cards/001380/files/53781_txt_60178.zip
053796	愛か	李	光洙	新字新仮名	NDC 913	https://www.aozora.gr.jp/cards/001601/files/53796_ruby_70384.zip
053797	合唱について	金	鍾漢	新字旧仮名	NDC 911	https://www.aozora.gr.jp/cards/001602/files/53797_ruby_70163.zip
053798	空山明月	金	鍾漢	新字旧仮名	NDC 911	https://www.aozora.gr.jp/cards/001602/files/53798_txt_67966.zip
053799	古井戸のある風景	金	鍾漢	新字旧仮名	NDC 911	https://www.aozora.gr.jp/cards/001602/files/53799_ruby_69056.zip
053800	一枝について	金	鍾漢	新字旧仮名	NDC 911	https://www.aozora.gr.jp/cards/001602/files/53800_ruby_69057.zip
053801	幼年	金	鍾漢	新字旧仮名	NDC 911	https://www.aozora.gr.jp/cards/001602/files/53801_ruby_69058.zip
053802	待機	金	鍾漢	新字旧仮名	NDC 911	https://www.aozora.gr.jp/cards/001602/files/53802_txt_70164.zip
053803	善夫孤独	金	鍾漢	新字旧仮名	NDC 911	https://www.aozora.gr.jp/cards/001602/files/53803_ruby_67967.zip
053809	こども風土記	柳田	国男	新字新仮名	NDC 384	https://www.aozora.gr.jp/cards/001566/files/53809_ruby_49721.zip
053810	日本の伝説	柳田	国男	新字新仮名	NDC K388	https://www.aozora.gr.jp/cards/001566/files/53810_ruby_50179.zip
053812	年中行事覚書	柳田	国男	新字新仮名	NDC 386	https://www.aozora.gr.jp/cards/001566/files/53812_ruby_50183.zip
053813	母の手毬歌	柳田	国男	新字新仮名	NDC 384	https://www.aozora.gr.jp/cards/001566/files/53813_ruby_50463.zip
053817	東奥異聞	佐々木	喜善	新字新仮名	NDC 388	https://www.aozora.gr.jp/cards/000263/files/53817_ruby_53561.zip
053818	峠	桜間	中庸	旧字旧仮名	NDC K911	https://www.aozora.gr.jp/cards/001604/files/53818_txt_45261.zip
053826	朝の山道	桜間	中庸	旧字旧仮名	NDC K911	https://www.aozora.gr.jp/cards/001604/files/53826_txt_45228.zip
053827	お馬がかへる	桜間	中庸	旧字旧仮名	NDC K911	https://www.aozora.gr.jp/cards/001604/files/53827_ruby_45230.zip
053828	蚊遣火	桜間	中庸	旧字旧仮名	NDC K911	https://www.aozora.gr.jp/cards/001604/files/53828_txt_45239.zip
053829	蝙蝠	桜間	中庸	旧字旧仮名	NDC K911	https://www.aozora.gr.jp/cards/001604/files/53829_ruby_45242.zip
053830	七面鳥のこゑ	桜間	中庸	旧字旧仮名	NDC K911	https://www.aozora.gr.jp/cards/001604/files/53830_txt_45248.zip
053831	すかんぽ原	桜間	中庸	旧字旧仮名	NDC K911	https://www.aozora.gr.jp/cards/001604/files/53831_txt_45253.zip
053832	ほろほろほろりん	桜間	中庸	旧字旧仮名	NDC K911	https://www.aozora.gr.jp/cards/001604/files/53832_txt_45275.zip
053833	山の駅	桜間	中庸	旧字旧仮名	NDC K911	https://www.aozora.gr.jp/cards/001604/files/53833_txt_45284.zip
053835	首里城	世礼	国男	新字旧仮名	NDC 911	https://www.aozora.gr.jp/cards/001606/files/53835_ruby_60448.zip
053836	夕の賦	末吉	安持	新字旧仮名	NDC 911	https://www.aozora.gr.jp/cards/001607/files/53836_txt_67367.zip
053839	青い窓	桜間	中庸	旧字旧仮名	NDC K911	https://www.aozora.gr.jp/cards/001604/files/53839_ruby_45224.zip
053840	一番幌馬車	桜間	中庸	旧字旧仮名	NDC K911	https://www.aozora.gr.jp/cards/001604/files/53840_txt_45229.zip
053841	お空の川	桜間	中庸	旧字旧仮名	NDC K911	https://www.aozora.gr.jp/cards/001604/files/53841_txt_45231.zip
053842	お巡さん	桜間	中庸	旧字旧仮名	NDC K911	https://www.aozora.gr.jp/cards/001604/files/53842_txt_45233.zip
053843	開通祝ひ	桜間	中庸	旧字旧仮名	NDC K911	https://www.aozora.gr.jp/cards/001604/files/53843_txt_45235.zip
053844	草の実	桜間	中庸	旧字旧仮名	NDC K911	https://www.aozora.gr.jp/cards/001604/files/53844_txt_45241.zip
053845	白ホテル	桜間	中庸	旧字旧仮名	NDC K911	https://www.aozora.gr.jp/cards/001604/files/53845_txt_45249.zip
053864	社会事情と科学的精神	石原	純	新字新仮名	NDC 404	https://www.aozora.gr.jp/cards/001429/files/53864_ruby_59452.zip
053866	三百年後	小倉	金之助	新字新仮名	NDC 914	https://www.aozora.gr.jp/cards/001570/files/53866_txt_49961.zip
053867	いわゆる自然の美と自然の愛	丘	浅次郎	新字新仮名	NDC 460	https://www.aozora.gr.jp/cards/001474/files/53867_ruby_57456.zip
053868	改善は頭から	丘	浅次郎	新字新仮名	NDC 460	https://www.aozora.gr.jp/cards/001474/files/53868_ruby_57466.zip
053869	境界なき差別	丘	浅次郎	新字新仮名	NDC 460	https://www.aozora.gr.jp/cards/001474/files/53869_ruby_57467.zip
053870	人間生活の矛盾	丘	浅次郎	新字新仮名	NDC 460	https://www.aozora.gr.jp/cards/001474/files/53870_ruby_57461.zip
053871	理科教育の根底	丘	浅次郎	新字新仮名	NDC 375	https://www.aozora.gr.jp/cards/001474/files/53871_ruby_57462.zip
053885	『愛国心』私はこう思う	知里	真志保	新字新仮名	NDC 829	https://www.aozora.gr.jp/cards/001540/files/53885_txt_56957.zip
053886	あの世の入口	知里	真志保	新字新仮名	NDC 387	https://www.aozora.gr.jp/cards/001540/files/53886_ruby_50494.zip
053887	生きているコタンの銅像	知里	真志保	新字新仮名	NDC 289	https://www.aozora.gr.jp/cards/001540/files/53887_ruby_56828.zip
053888	おば金成マツのこと	知里	真志保	新字新仮名	NDC 829	https://www.aozora.gr.jp/cards/001540/files/53888_txt_56926.zip
053889	金成マツとユーカラ	知里	真志保	新字新仮名	NDC 829	https://www.aozora.gr.jp/cards/001540/files/53889_txt_56925.zip
053890	学問ある蛙の話	知里	真志保	新字新仮名	NDC 829	https://www.aozora.gr.jp/cards/001540/files/53890_txt_50492.zip
053891	言語と文化史	知里	真志保	新字新仮名	NDC 829	https://www.aozora.gr.jp/cards/001540/files/53891_txt_50493.zip
053892	性に関するアイヌの習俗	河野	広道	新字新仮名	NDC 384	https://www.aozora.gr.jp/cards/001540/files/53892_txt_51978.zip
053893	洞爺湖の伝説	知里	真志保	新字新仮名	NDC 388	https://www.aozora.gr.jp/cards/001540/files/53893_txt_56958.zip
053894	日本語とアイヌ語の関係	知里	真志保	新字新仮名	NDC 829	https://www.aozora.gr.jp/cards/001540/files/53894_txt_57033.zip
053896	図書館通い	知里	真志保	新字新仮名	NDC 829	https://www.aozora.gr.jp/cards/001540/files/53896_txt_57034.zip
053897	アイヌ語学	知里	真志保	新字新仮名	NDC 829	https://www.aozora.gr.jp/cards/001540/files/53897_ruby_50490.zip
053898	アイヌ語のおもしろさ	知里	真志保	新字新仮名	NDC 829	https://www.aozora.gr.jp/cards/001540/files/53898_txt_56827.zip
053899	アイヌ宗教成立の史的背景	知里	真志保	新字新仮名	NDC 387	https://www.aozora.gr.jp/cards/001540/files/53899_ruby_50495.zip
053900	アイヌ族の俚謡	知里	真志保	新字旧仮名	NDC 388	https://www.aozora.gr.jp/cards/001540/files/53900_ruby_50491.zip
053901	ホッキ巻	知里	真志保	新字新仮名	NDC 291	https://www.aozora.gr.jp/cards/001540/files/53901_ruby_57518.zip
053937	抒情小曲集	田辺	孝次	新字旧仮名	NDC 911 914	https://www.aozora.gr.jp/cards/001610/files/53937_txt_44985.zip
053938	組織された力	今野	大力	新字新仮名	NDC 911	https://www.aozora.gr.jp/cards/001471/files/53938_ruby_53764.zip
053939	愚かなるものよ	徳永	保之助	新字新仮名	NDC 911	https://www.aozora.gr.jp/cards/001611/files/53939_ruby_65427.zip
053940	洪水のように	徳永	保之助	新字新仮名	NDC 911	https://www.aozora.gr.jp/cards/001611/files/53940_ruby_66481.zip
053954	先駆者	中山	啓	新字新仮名	NDC 911	https://www.aozora.gr.jp/cards/001436/files/53954_ruby_62750.zip
053955	争議の翌日	賀川	豊彦	新字新仮名	NDC 911	https://www.aozora.gr.jp/cards/001468/files/53955_txt_64319.zip
053956	DILEMMA.	佐藤	緑葉	新字新仮名	NDC 911	https://www.aozora.gr.jp/cards/001486/files/53956_txt_65149.zip
053959	作業機械	細井	和喜蔵	新字新仮名	NDC 911	https://www.aozora.gr.jp/cards/000371/files/53959_ruby_57550.zip
053960	泥沼呪文	細井	和喜蔵	新字新仮名	NDC 911	https://www.aozora.gr.jp/cards/000371/files/53960_ruby_57549.zip
053967	破壊	加藤	一夫	新字新仮名	NDC 911	https://www.aozora.gr.jp/cards/000919/files/53967_txt_57885.zip
053968	わが児に	加藤	一夫	新字新仮名	NDC 911	https://www.aozora.gr.jp/cards/000919/files/53968_ruby_57881.zip
053969	プロパガンダ	加藤	一夫	新字新仮名	NDC 911	https://www.aozora.gr.jp/cards/000919/files/53969_ruby_57886.zip
053970	赤兵の歌	江森	盛弥	新字新仮名	NDC 911	https://www.aozora.gr.jp/cards/001612/files/53970_ruby_45596.zip
053972	採炭夫の歌	後藤	謙太郎	新字新仮名	NDC 911	https://www.aozora.gr.jp/cards/001613/files/53972_ruby_57871.zip
053973	雪の線路を歩いて	後藤	謙太郎	新字新仮名	NDC 911	https://www.aozora.gr.jp/cards/001613/files/53973_txt_57940.zip
053974	『戦旗』創刊号巻頭詩	佐藤	武夫	新字新仮名	NDC 911	https://www.aozora.gr.jp/cards/001614/files/53974_txt_57859.zip
053975	犬にされたカスペルの話しかけ	佐藤	武夫	新字新仮名	NDC 911	https://www.aozora.gr.jp/cards/001614/files/53975_ruby_57857.zip
053976	イリイッチの長靴	佐藤	武夫	新字新仮名	NDC 911	https://www.aozora.gr.jp/cards/001614/files/53976_ruby_57858.zip
053977	感謝	下川	儀太郎	新字新仮名	NDC 911	https://www.aozora.gr.jp/cards/001615/files/53977_ruby_57972.zip
053978	再び立上がる日の為に	下川	儀太郎	新字新仮名	NDC 911	https://www.aozora.gr.jp/cards/001615/files/53978_ruby_57971.zip
053979	彼はいない	下川	儀太郎	新字新仮名	NDC 911	https://www.aozora.gr.jp/cards/001615/files/53979_ruby_57973.zip
053981	青い服の列	西村	陽吉	新字新仮名	NDC 911	https://www.aozora.gr.jp/cards/001617/files/53981_ruby_58043.zip
053982	遥かなる憧憬	西村	陽吉	新字新仮名	NDC 911	https://www.aozora.gr.jp/cards/001617/files/53982_ruby_58044.zip
053983	夕がたの人々	西村	陽吉	新字新仮名	NDC 911	https://www.aozora.gr.jp/cards/001617/files/53983_ruby_58045.zip
053999	御国のために	根岸	正吉	新字新仮名	NDC 911	https://www.aozora.gr.jp/cards/001618/files/53999_txt_56929.zip
054000	落ちぬ血痕	根岸	正吉	新字新仮名	NDC 911	https://www.aozora.gr.jp/cards/001618/files/54000_txt_56928.zip
054001	織工	根岸	正吉	新字新仮名	NDC 911	https://www.aozora.gr.jp/cards/001618/files/54001_ruby_56847.zip
054002	場外	根岸	正吉	新字新仮名	NDC 911	https://www.aozora.gr.jp/cards/001618/files/54002_ruby_56846.zip
054003	須賀爺	根岸	正吉	新字新仮名	NDC 911	https://www.aozora.gr.jp/cards/001618/files/54003_ruby_56961.zip
054004	労働者大会	根岸	正吉	新字新仮名	NDC 911	https://www.aozora.gr.jp/cards/001618/files/54004_ruby_56960.zip
054005	我は労働者よ	根岸	正吉	新字新仮名	NDC 911	https://www.aozora.gr.jp/cards/001618/files/54005_ruby_56962.zip
054006	調帯	野村	吉哉	新字新仮名	NDC 911	https://www.aozora.gr.jp/cards/001619/files/54006_txt_57515.zip
054007	鉄のシャフト	野村	吉哉	新字新仮名	NDC 911	https://www.aozora.gr.jp/cards/001619/files/54007_txt_57516.zip
054008	赤い腕章	波立	一	新字新仮名	NDC 911	https://www.aozora.gr.jp/cards/001620/files/54008_txt_56966.zip
054009	運勢	波立	一	新字新仮名	NDC 911	https://www.aozora.gr.jp/cards/001620/files/54009_ruby_56968.zip
054010	檻の中	波立	一	新字新仮名	NDC 911	https://www.aozora.gr.jp/cards/001620/files/54010_ruby_56933.zip
054011	結党の焔	波立	一	新字新仮名	NDC 911	https://www.aozora.gr.jp/cards/001620/files/54011_txt_56839.zip
054012	五月一日	波立	一	新字新仮名	NDC 911	https://www.aozora.gr.jp/cards/001620/files/54012_txt_56967.zip
054013	動員令	波立	一	新字新仮名	NDC 911	https://www.aozora.gr.jp/cards/001620/files/54013_ruby_56932.zip
054014	夜明の集会	波立	一	新字新仮名	NDC 911	https://www.aozora.gr.jp/cards/001620/files/54014_ruby_56840.zip
054022	再生の日の海を眺めて	松本	淳三	新字新仮名	NDC 911	https://www.aozora.gr.jp/cards/001622/files/54022_ruby_57353.zip
054023	血を越えてゆく	松本	淳三	新字新仮名	NDC 911	https://www.aozora.gr.jp/cards/001622/files/54023_txt_57347.zip
054024	労働祭歌（Ⅰ）	松本	淳三	新字新仮名	NDC 911	https://www.aozora.gr.jp/cards/001622/files/54024_txt_57352.zip
054025	ガンジよ	松本	淳三	新字新仮名	NDC 911	https://www.aozora.gr.jp/cards/001622/files/54025_ruby_57348.zip
054026	君達に送る――新しい民衆の精神	百田	宗治	新字新仮名	NDC 911	https://www.aozora.gr.jp/cards/001623/files/54026_ruby_56944.zip
054027	五月祭の朝	百田	宗治	新字新仮名	NDC 911	https://www.aozora.gr.jp/cards/001623/files/54027_ruby_56949.zip
054028	騒擾の上に	百田	宗治	新字新仮名	NDC 911	https://www.aozora.gr.jp/cards/001623/files/54028_ruby_56850.zip
054029	地を掘る人達に	百田	宗治	新字新仮名	NDC 911	https://www.aozora.gr.jp/cards/001623/files/54029_ruby_56943.zip
054030	夕暮の別荘地に歩み入る兵士たち	百田	宗治	新字新仮名	NDC 911	https://www.aozora.gr.jp/cards/001623/files/54030_ruby_56851.zip
054031	労働の精神	百田	宗治	新字新仮名	NDC 911	https://www.aozora.gr.jp/cards/001623/files/54031_txt_56950.zip
054032	露西亜よ汝は飛ぶ	百田	宗治	新字新仮名	NDC 911	https://www.aozora.gr.jp/cards/001623/files/54032_ruby_56951.zip
054036	ある日	陀田	勘助	新字新仮名	NDC 911	https://www.aozora.gr.jp/cards/001624/files/54036_ruby_57876.zip
054037	おれの飛行船	陀田	勘助	新字新仮名	NDC 911	https://www.aozora.gr.jp/cards/001624/files/54037_txt_57863.zip
054038	全体の一人	陀田	勘助	新字新仮名	NDC 911	https://www.aozora.gr.jp/cards/001624/files/54038_txt_57869.zip
054039	たんぽぽとおれの感傷	陀田	勘助	新字新仮名	NDC 911	https://www.aozora.gr.jp/cards/001624/files/54039_txt_57864.zip
054040	断片	陀田	勘助	新字新仮名	NDC 911	https://www.aozora.gr.jp/cards/001624/files/54040_ruby_57877.zip
054041	手をさし延べよう！	陀田	勘助	新字新仮名	NDC 911	https://www.aozora.gr.jp/cards/001624/files/54041_ruby_57853.zip
054042	春がふたたび牢獄にやってきた！	陀田	勘助	新字新仮名	NDC 911	https://www.aozora.gr.jp/cards/001624/files/54042_txt_57868.zip
054043	二人の子持ちになった労働者のおッ母あに贈る	陀田	勘助	新字新仮名	NDC 911	https://www.aozora.gr.jp/cards/001624/files/54043_ruby_57852.zip
054049	一疋の昆虫	今野	大力	新字新仮名	NDC 911	https://www.aozora.gr.jp/cards/001471/files/54049_txt_53534.zip
054050	奪われてなるものか	今野	大力	新字新仮名	NDC 911	https://www.aozora.gr.jp/cards/001471/files/54050_ruby_53537.zip
054051	金属女工の彼女	今野	大力	新字新仮名	NDC 911	https://www.aozora.gr.jp/cards/001471/files/54051_txt_53535.zip
054052	屈辱	今野	大力	新字新仮名	NDC 911	https://www.aozora.gr.jp/cards/001471/files/54052_txt_53536.zip
054053	凍土を噛む	今野	大力	新字新仮名	NDC 911	https://www.aozora.gr.jp/cards/001471/files/54053_ruby_53544.zip
054054	ねむの花咲く家	今野	大力	新字新仮名	NDC 911	https://www.aozora.gr.jp/cards/001471/files/54054_ruby_53543.zip
054055	花に送られる	今野	大力	新字新仮名	NDC 911	https://www.aozora.gr.jp/cards/001471/files/54055_ruby_53552.zip
054056	百姓仁平	今野	大力	新字新仮名	NDC 911	https://www.aozora.gr.jp/cards/001471/files/54056_ruby_53553.zip
054057	胸に手を当てて	今野	大力	新字新仮名	NDC 911	https://www.aozora.gr.jp/cards/001471/files/54057_txt_53554.zip
054058	私の母	今野	大力	新字新仮名	NDC 911	https://www.aozora.gr.jp/cards/001471/files/54058_ruby_53555.zip
054059	二笑亭綺譚	柳	宗悦	新字新仮名	NDC 521	https://www.aozora.gr.jp/cards/001520/files/54059_txt_64041.zip
054060	馬	猪狩	満直	新字新仮名	NDC 911	https://www.aozora.gr.jp/cards/001626/files/54060_txt_58712.zip
054061	炭坑長屋物語	猪狩	満直	新字新仮名	NDC 911	https://www.aozora.gr.jp/cards/001626/files/54061_ruby_58711.zip
054062	山上の歌	今村	恒夫	新字新仮名	NDC 911	https://www.aozora.gr.jp/cards/001627/files/54062_ruby_53562.zip
054063	死ぬる迄土地を守るのだ	今村	恒夫	新字新仮名	NDC 911	https://www.aozora.gr.jp/cards/001627/files/54063_ruby_53563.zip
054064	手	今村	恒夫	新字新仮名	NDC 911	https://www.aozora.gr.jp/cards/001627/files/54064_ruby_53567.zip
054065	鋼鉄	今村	恒夫	新字新仮名	NDC 911	https://www.aozora.gr.jp/cards/001627/files/54065_ruby_53559.zip
054066	歩哨戦	今村	恒夫	新字新仮名	NDC 911	https://www.aozora.gr.jp/cards/001627/files/54066_ruby_53762.zip
054067	アンチの闘士	今村	恒夫	新字新仮名	NDC 911	https://www.aozora.gr.jp/cards/001627/files/54067_ruby_53558.zip
054068	プチロフ工場	今村	恒夫	新字新仮名	NDC 911	https://www.aozora.gr.jp/cards/001627/files/54068_ruby_53566.zip
054069	横顔	上田	進	新字新仮名	NDC 911	https://www.aozora.gr.jp/cards/001628/files/54069_ruby_63820.zip
054073	天瓜粉	榎南	謙一	新字新仮名	NDC 911	https://www.aozora.gr.jp/cards/001630/files/54073_ruby_57861.zip
054074	農村から	榎南	謙一	新字新仮名	NDC 911	https://www.aozora.gr.jp/cards/001630/files/54074_ruby_57879.zip
054075	無念女工	榎南	謙一	新字新仮名	NDC 911	https://www.aozora.gr.jp/cards/001630/files/54075_ruby_57878.zip
054076	夜雲の下	榎南	謙一	新字新仮名	NDC 911	https://www.aozora.gr.jp/cards/001630/files/54076_ruby_57862.zip
054077	嵐の中で	大石	喜幸	新字新仮名	NDC 911	https://www.aozora.gr.jp/cards/001631/files/54077_txt_64893.zip
054078	河の上の職場	大江	鉄麿	新字新仮名	NDC 911	https://www.aozora.gr.jp/cards/001632/files/54078_ruby_57050.zip
054079	職場の歌	大江	鉄麿	新字新仮名	NDC 911	https://www.aozora.gr.jp/cards/001632/files/54079_txt_57051.zip
054080	市立共同宿泊所	大江	鉄麿	新字新仮名	NDC 911	https://www.aozora.gr.jp/cards/001632/files/54080_ruby_57057.zip
054081	懐	大江	鉄麿	新字新仮名	NDC 911	https://www.aozora.gr.jp/cards/001632/files/54081_ruby_57056.zip
054082	死の凱旋兵	国見	善弘	新字新仮名	NDC 911	https://www.aozora.gr.jp/cards/001633/files/54082_txt_64886.zip
054083	育て力づよく	田村	乙彦	新字新仮名	NDC 911	https://www.aozora.gr.jp/cards/001634/files/54083_ruby_63198.zip
054084	工女の歌	丹沢	明	新字新仮名	NDC 911	https://www.aozora.gr.jp/cards/001635/files/54084_ruby_64540.zip
054085	千住大橋	丹沢	明	新字新仮名	NDC 911	https://www.aozora.gr.jp/cards/001635/files/54085_ruby_64541.zip
054086	馬鈴薯階級の詩	中島	葉那子	新字新仮名	NDC 911	https://www.aozora.gr.jp/cards/001636/files/54086_ruby_50747.zip
054093	朝へ行く	平林	彪吾	新字新仮名	NDC 911	https://www.aozora.gr.jp/cards/001638/files/54093_ruby_64327.zip
054094	拡大されゆく国道前線	広海	大治	新字新仮名	NDC 911	https://www.aozora.gr.jp/cards/001639/files/54094_ruby_57534.zip
054095	章魚人夫	広海	大治	新字新仮名	NDC 911	https://www.aozora.gr.jp/cards/001639/files/54095_ruby_57536.zip
054096	サガレンの浮浪者	広海	大治	新字新仮名	NDC 911	https://www.aozora.gr.jp/cards/001639/files/54096_ruby_57535.zip
054097	保護職工	森	竹夫	新字新仮名	NDC 911	https://www.aozora.gr.jp/cards/001640/files/54097_ruby_64905.zip
054098	休日に	藪田	忠夫	新字新仮名	NDC 911	https://www.aozora.gr.jp/cards/001641/files/54098_ruby_63797.zip
054099	冬のしぶき	伊藤	信二	新字新仮名	NDC 911	https://www.aozora.gr.jp/cards/001642/files/54099_ruby_65432.zip
054100	落葉	木村	好子	新字新仮名	NDC 911	https://www.aozora.gr.jp/cards/001643/files/54100_ruby_56935.zip
054101	極めて家庭的に	木村	好子	新字新仮名	NDC 911	https://www.aozora.gr.jp/cards/001643/files/54101_txt_57372.zip
054102	洗濯デー	木村	好子	新字新仮名	NDC 911	https://www.aozora.gr.jp/cards/001643/files/54102_ruby_57374.zip
054103	兄ちゃん	木村	好子	新字新仮名	NDC 911	https://www.aozora.gr.jp/cards/001643/files/54103_ruby_56934.zip
054104	メーデーを待つ	木村	好子	新字新仮名	NDC 911	https://www.aozora.gr.jp/cards/001643/files/54104_ruby_57373.zip
054110	身体検査日	倉橋	潤一郎	新字新仮名	NDC 911	https://www.aozora.gr.jp/cards/001645/files/54110_txt_53769.zip
054111	みんな悲しげにそう思う	倉橋	潤一郎	新字新仮名	NDC 911	https://www.aozora.gr.jp/cards/001645/files/54111_txt_53770.zip
054112	世はさながらに	三好	達治	旧字旧仮名	NDC 911	https://www.aozora.gr.jp/cards/001749/files/54112_ruby_71898.zip
054113	海から昇る太陽	三好	達治	旧字旧仮名	NDC 911	https://www.aozora.gr.jp/cards/001749/files/54113_ruby_72263.zip
054114	かつてわが悲しみは	三好	達治	旧字旧仮名	NDC 911	https://www.aozora.gr.jp/cards/001749/files/54114_txt_70419.zip
054115	森の生活――ウォールデン――	神吉	三郎	新字新仮名	NDC 934	https://www.aozora.gr.jp/cards/001070/files/54115_ruby_68436.zip
054136	私の子供時分	伊波	普猷	新字新仮名	NDC 289	https://www.aozora.gr.jp/cards/000232/files/54136_ruby_53765.zip
054137	ユタの歴史的研究	伊波	普猷	新字新仮名	NDC 387	https://www.aozora.gr.jp/cards/000232/files/54137_ruby_53290.zip
054138	呪咀	土谷	麓	新字新仮名	NDC 911	https://www.aozora.gr.jp/cards/001648/files/54138_ruby_49662.zip
054139	海よ	三好	達治	旧字旧仮名	NDC 911	https://www.aozora.gr.jp/cards/001749/files/54139_ruby_66932.zip
054140	日まはり	三好	達治	旧字旧仮名	NDC 911	https://www.aozora.gr.jp/cards/001749/files/54140_ruby_71897.zip
054141	秋日口占	三好	達治	旧字旧仮名	NDC 911	https://www.aozora.gr.jp/cards/001749/files/54141_ruby_69674.zip
054142	老いらくの身をはるばると	三好	達治	旧字旧仮名	NDC 911	https://www.aozora.gr.jp/cards/001749/files/54142_ruby_68228.zip
054166	赤いねこ	沖野	岩三郎	新字旧仮名	NDC K913	https://www.aozora.gr.jp/cards/001180/files/54166_ruby_51222.zip
054189	森の生活――ウォールデン――	神吉	三郎	新字新仮名	NDC 934	https://www.aozora.gr.jp/cards/001209/files/54189_ruby_68437.zip
054254	幸福	加藤	一夫	新字新仮名	NDC 911	https://www.aozora.gr.jp/cards/000919/files/54254_ruby_57880.zip
054255	あるひとに	森川	義信	新字旧仮名	NDC 911	https://www.aozora.gr.jp/cards/001652/files/54255_txt_69524.zip
054256	海	森川	義信	新字旧仮名	NDC 911	https://www.aozora.gr.jp/cards/001652/files/54256_txt_65182.zip
054257	季節	森川	義信	新字旧仮名	NDC 911	https://www.aozora.gr.jp/cards/001652/files/54257_txt_69060.zip
054258	漁村	森川	義信	新字旧仮名	NDC 911	https://www.aozora.gr.jp/cards/001652/files/54258_ruby_66938.zip
054259	冬・断章	森川	義信	新字旧仮名	NDC 911	https://www.aozora.gr.jp/cards/001652/files/54259_txt_66463.zip
054260	冬	森川	義信	新字旧仮名	NDC 911	https://www.aozora.gr.jp/cards/001652/files/54260_txt_66465.zip
054261	蕎麦の花の頃	李	孝石	新字新仮名	NDC 913	https://www.aozora.gr.jp/cards/001653/files/54261_ruby_70155.zip
054262	うし	濤音		新字旧仮名	NDC 911	https://www.aozora.gr.jp/cards/001654/files/54262_ruby_69531.zip
054263	かめ	濤音		新字旧仮名	NDC 911	https://www.aozora.gr.jp/cards/001654/files/54263_ruby_66290.zip
054264	親父の言葉	長沢	佑	新字新仮名	NDC 911	https://www.aozora.gr.jp/cards/001655/files/54264_ruby_57982.zip
054265	白い魔の手	長沢	佑	新字新仮名	NDC 911	https://www.aozora.gr.jp/cards/001655/files/54265_ruby_57867.zip
054266	母へ	長沢	佑	新字新仮名	NDC 911	https://www.aozora.gr.jp/cards/001655/files/54266_ruby_57981.zip
054267	貧農のうたえる詩	長沢	佑	新字新仮名	NDC 911	https://www.aozora.gr.jp/cards/001655/files/54267_ruby_57866.zip
054268	蕗のとうを摘む子供等	長沢	佑	新字新仮名	NDC 911	https://www.aozora.gr.jp/cards/001655/files/54268_ruby_57883.zip
054269	レポーター	長沢	佑	新字新仮名	NDC 911	https://www.aozora.gr.jp/cards/001655/files/54269_ruby_57884.zip
054270	心理学	矢田部	達郎	旧字新仮名	NDC 140	https://www.aozora.gr.jp/cards/001656/files/54270_txt_53293.zip
054328	アインシュタイン博士のこと	長岡	半太郎	旧字旧仮名	NDC 289	https://www.aozora.gr.jp/cards/001153/files/54328_ruby_53129.zip
054330	原子力の管理	仁科	芳雄	新字新仮名	NDC 319	https://www.aozora.gr.jp/cards/001163/files/54330_ruby_57376.zip
054331	海上の道	柳田	国男	新字新仮名	NDC 380	https://www.aozora.gr.jp/cards/001566/files/54331_ruby_53540.zip
054335	舟夫	渡久山	水鳴	新字旧仮名	NDC 911	https://www.aozora.gr.jp/cards/001658/files/54335_ruby_65158.zip
054336	都の話	渡久山	水鳴	新字旧仮名	NDC 911	https://www.aozora.gr.jp/cards/001658/files/54336_ruby_64054.zip
054337	人妻	渡久山	水鳴	新字旧仮名	NDC 911	https://www.aozora.gr.jp/cards/001658/files/54337_ruby_66302.zip
054338	室内	渡久山	水鳴	新字旧仮名	NDC 911	https://www.aozora.gr.jp/cards/001658/files/54338_ruby_64904.zip
054339	馬車	渡久山	水鳴	新字旧仮名	NDC 911	https://www.aozora.gr.jp/cards/001658/files/54339_txt_64053.zip
054340	蠅	渡久山	水鳴	新字旧仮名	NDC 911	https://www.aozora.gr.jp/cards/001658/files/54340_ruby_64903.zip
054341	囚人	渡久山	水鳴	新字旧仮名	NDC 911	https://www.aozora.gr.jp/cards/001658/files/54341_ruby_65159.zip
054342	はめつ	渡久山	水鳴	新字旧仮名	NDC 911	https://www.aozora.gr.jp/cards/001658/files/54342_ruby_66301.zip
054343	お蝶夫人	三浦	環	新字新仮名	NDC 766	https://www.aozora.gr.jp/cards/000788/files/54343_ruby_57554.zip
054344	哀歌	森川	義信	新字旧仮名	NDC 911	https://www.aozora.gr.jp/cards/001652/files/54344_txt_62117.zip
054345	雨	森川	義信	新字旧仮名	NDC 911	https://www.aozora.gr.jp/cards/001652/files/54345_txt_64897.zip
054346	雨の日	森川	義信	新字旧仮名	NDC 911	https://www.aozora.gr.jp/cards/001652/files/54346_txt_64898.zip
054347	あるるかんの死	森川	義信	新字旧仮名	NDC 911	https://www.aozora.gr.jp/cards/001652/files/54347_txt_62765.zip
054348	雨の出発	森川	義信	新字旧仮名	NDC 911	https://www.aozora.gr.jp/cards/001652/files/54348_txt_64899.zip
054349	断章	森川	義信	新字旧仮名	NDC 911	https://www.aozora.gr.jp/cards/001652/files/54349_txt_64583.zip
054350	冬の夜の歌	森川	義信	新字旧仮名	NDC 911	https://www.aozora.gr.jp/cards/001652/files/54350_txt_63213.zip
054351	衢路	森川	義信	新字旧仮名	NDC 911	https://www.aozora.gr.jp/cards/001652/files/54351_txt_68709.zip
054352	廃園	森川	義信	新字旧仮名	NDC 911	https://www.aozora.gr.jp/cards/001652/files/54352_txt_68734.zip
054353	廃園	森川	義信	新字旧仮名	NDC 911	https://www.aozora.gr.jp/cards/001652/files/54353_txt_68735.zip
054366	巽軒先生喜寿の祝辞	中島	徳蔵	旧字旧仮名	NDC 121	https://www.aozora.gr.jp/cards/001660/files/54366_txt_67995.zip
054367	知的作用と感情と	増田	惟茂	旧字旧仮名	NDC 141	https://www.aozora.gr.jp/cards/001661/files/54367_ruby_68698.zip
054368	井上先生	西田	幾多郎	旧字旧仮名	NDC 121	https://www.aozora.gr.jp/cards/000182/files/54368_txt_68203.zip
054369	哲学と哲学史	桑木	厳翼	旧字旧仮名	NDC 121	https://www.aozora.gr.jp/cards/000542/files/54369_txt_68227.zip
054373	ベートーヴェンの生涯	片山	敏彦	新字新仮名	NDC 762	https://www.aozora.gr.jp/cards/001539/files/54373_ruby_46387.zip
054374	ベートーヴェンの生涯	片山	敏彦	新字新仮名	NDC 762	https://www.aozora.gr.jp/cards/001539/files/54374_ruby_46182.zip
054397	孤閨瞋火	山口	芳光	新字旧仮名	NDC 911	https://www.aozora.gr.jp/cards/001662/files/54397_ruby_65921.zip
054398	街のシルヱット	山口	芳光	新字旧仮名	NDC 911	https://www.aozora.gr.jp/cards/001662/files/54398_ruby_64052.zip
054399	寧日	山口	芳光	新字旧仮名	NDC 911	https://www.aozora.gr.jp/cards/001662/files/54399_ruby_64317.zip
054400	さびし	山口	芳光	新字旧仮名	NDC 911	https://www.aozora.gr.jp/cards/001662/files/54400_ruby_64051.zip
054401	春愁	山口	芳光	新字旧仮名	NDC 911	https://www.aozora.gr.jp/cards/001662/files/54401_ruby_64318.zip
054402	愁思	山口	芳光	新字旧仮名	NDC 911	https://www.aozora.gr.jp/cards/001662/files/54402_txt_65922.zip
054403	雪国の春	柳田	国男	新字新仮名	NDC 382	https://www.aozora.gr.jp/cards/001566/files/54403_ruby_54178.zip
054405	傾ける殿堂	上里	春生	新字旧仮名	NDC 911	https://www.aozora.gr.jp/cards/001663/files/54405_ruby_68193.zip
054406	サガニー耕地より	上里	春生	新字旧仮名	NDC 911	https://www.aozora.gr.jp/cards/001663/files/54406_txt_68194.zip
054407	或る月夜に	上里	春生	新字旧仮名	NDC 911	https://www.aozora.gr.jp/cards/001663/files/54407_txt_68192.zip
054415	アコウの木	泉	芳朗	新字旧仮名	NDC 911	https://www.aozora.gr.jp/cards/001665/files/54415_txt_64036.zip
054416	生地売り	泉	芳朗	新字旧仮名	NDC 911	https://www.aozora.gr.jp/cards/001665/files/54416_txt_64555.zip
054417	十二月の島だより	泉	芳朗	新字旧仮名	NDC 911	https://www.aozora.gr.jp/cards/001665/files/54417_txt_64297.zip
054422	ねがひ	仲村	渠	新字旧仮名	NDC 911	https://www.aozora.gr.jp/cards/001667/files/54422_ruby_59967.zip
054423	日曜演奏後	仲村	渠	新字旧仮名	NDC 911	https://www.aozora.gr.jp/cards/001667/files/54423_txt_60068.zip
054424	白い独楽	仲村	渠	新字旧仮名	NDC 911	https://www.aozora.gr.jp/cards/001667/files/54424_ruby_60845.zip
054425	森の石松	山中	貞雄	新字新仮名	NDC 912	https://www.aozora.gr.jp/cards/000072/files/54425_ruby_48557.zip
054443	恋と十手と巾着切	山中	貞雄	新字新仮名	NDC 912	https://www.aozora.gr.jp/cards/000072/files/54443_ruby_48504.zip
054444	中村仲蔵	山中	貞雄	新字新仮名	NDC 912	https://www.aozora.gr.jp/cards/000072/files/54444_ruby_54185.zip
054445	なりひら小僧	山中	貞雄	新字新仮名	NDC 912	https://www.aozora.gr.jp/cards/000072/files/54445_ruby_48503.zip
054447	原子核探求の思い出	長岡	半太郎	旧字旧仮名	NDC 420	https://www.aozora.gr.jp/cards/001153/files/54447_ruby_51719.zip
054449	湯川博士の受賞を祝す	長岡	半太郎	旧字旧仮名	NDC 420	https://www.aozora.gr.jp/cards/001153/files/54449_txt_51727.zip
054450	ノーベル小伝とノーベル賞	長岡	半太郎	旧字旧仮名	NDC 289 377	https://www.aozora.gr.jp/cards/001153/files/54450_ruby_51723.zip
054457	秋の暮	西東	三鬼	新字旧仮名	NDC 914	https://www.aozora.gr.jp/cards/001668/files/54457_txt_49648.zip
054458	女靴下の話	西東	三鬼	新字新仮名	NDC 914	https://www.aozora.gr.jp/cards/001668/files/54458_txt_49686.zip
054459	美女	西東	三鬼	新字旧仮名	NDC 914	https://www.aozora.gr.jp/cards/001668/files/54459_txt_49688.zip
054460	青い風呂敷包	大倉	燁子	新字新仮名	NDC 913	https://www.aozora.gr.jp/cards/001669/files/54460_ruby_48842.zip
054461	あの顔	大倉	燁子	新字新仮名	NDC 913	https://www.aozora.gr.jp/cards/001669/files/54461_ruby_48841.zip
054462	蘭郁二郎氏の処女作	大倉	燁子	新字新仮名	NDC 914	https://www.aozora.gr.jp/cards/001669/files/54462_txt_49047.zip
054463	妖影	大倉	燁子	新字新仮名	NDC 913	https://www.aozora.gr.jp/cards/001669/files/54463_ruby_47825.zip
054464	魔性の女	大倉	燁子	新字新仮名	NDC 913	https://www.aozora.gr.jp/cards/001669/files/54464_ruby_49044.zip
054465	アンケート	大倉	燁子	新字新仮名	NDC 914	https://www.aozora.gr.jp/cards/001669/files/54465_txt_48840.zip
054466	鉄の処女	大倉	燁子	新字新仮名	NDC 913	https://www.aozora.gr.jp/cards/001669/files/54466_ruby_49069.zip
054467	和製椿姫	大倉	燁子	新字新仮名	NDC 913	https://www.aozora.gr.jp/cards/001669/files/54467_txt_49070.zip
054468	むかでの跫音	大倉	燁子	新字新仮名	NDC 913	https://www.aozora.gr.jp/cards/001669/files/54468_ruby_49046.zip
054469	耳香水	大倉	燁子	新字新仮名	NDC 913	https://www.aozora.gr.jp/cards/001669/files/54469_ruby_49045.zip
054470	梟の眼	大倉	燁子	新字新仮名	NDC 913	https://www.aozora.gr.jp/cards/001669/files/54470_ruby_48844.zip
054471	素晴しい記念品	大倉	燁子	新字新仮名	NDC 913	https://www.aozora.gr.jp/cards/001669/files/54471_ruby_49067.zip
054472	美人鷹匠	大倉	燁子	新字新仮名	NDC 913	https://www.aozora.gr.jp/cards/001669/files/54472_ruby_48843.zip
054473	鳩つかひ	大倉	燁子	新字新仮名	NDC 913	https://www.aozora.gr.jp/cards/001669/files/54473_ruby_48845.zip
054474	魂の喘ぎ	大倉	燁子	新字新仮名	NDC 913	https://www.aozora.gr.jp/cards/001669/files/54474_ruby_49068.zip
054475	情鬼	大倉	燁子	新字新仮名	NDC 913	https://www.aozora.gr.jp/cards/001669/files/54475_ruby_48986.zip
054488	武蔵旅日記	山中	貞雄	新字新仮名	NDC 912	https://www.aozora.gr.jp/cards/000072/files/54488_ruby_48558.zip
054490	上方者の啖呵	村上	浪六	新字旧仮名	NDC 914	https://www.aozora.gr.jp/cards/000815/files/54490_ruby_63184.zip
054493	哀音	末吉	安持	新字旧仮名	NDC 911	https://www.aozora.gr.jp/cards/001607/files/54493_ruby_63823.zip
054494	秋の一夕	末吉	安持	新字旧仮名	NDC 911	https://www.aozora.gr.jp/cards/001607/files/54494_ruby_65677.zip
054495	悪夢	末吉	安持	新字旧仮名	NDC 911	https://www.aozora.gr.jp/cards/001607/files/54495_ruby_64878.zip
054496	茴香	末吉	安持	新字旧仮名	NDC 911	https://www.aozora.gr.jp/cards/001607/files/54496_ruby_64879.zip
054497	わが画	末吉	安持	新字旧仮名	NDC 911	https://www.aozora.gr.jp/cards/001607/files/54497_ruby_65678.zip
054498	夕	末吉	安持	新字旧仮名	NDC 911	https://www.aozora.gr.jp/cards/001607/files/54498_ruby_66265.zip
054499	おもひで	末吉	安持	新字旧仮名	NDC 911	https://www.aozora.gr.jp/cards/001607/files/54499_ruby_66264.zip
054500	この日	末吉	安持	新字旧仮名	NDC 911	https://www.aozora.gr.jp/cards/001607/files/54500_ruby_66683.zip
054501	信姫	末吉	安持	新字旧仮名	NDC 911	https://www.aozora.gr.jp/cards/001607/files/54501_ruby_64309.zip
054502	焔の后	末吉	安持	新字旧仮名	NDC 911	https://www.aozora.gr.jp/cards/001607/files/54502_ruby_64307.zip
054503	かさぬ宿	末吉	安持	新字旧仮名	NDC 911	https://www.aozora.gr.jp/cards/001607/files/54503_ruby_66682.zip
054504	文月のひと日	末吉	安持	新字旧仮名	NDC 911	https://www.aozora.gr.jp/cards/001607/files/54504_ruby_65183.zip
054505	ねたみ	末吉	安持	新字旧仮名	NDC 911	https://www.aozora.gr.jp/cards/001607/files/54505_ruby_67366.zip
054506	如是	末吉	安持	新字旧仮名	NDC 911	https://www.aozora.gr.jp/cards/001607/files/54506_ruby_66263.zip
054507	夏の日	末吉	安持	新字旧仮名	NDC 911	https://www.aozora.gr.jp/cards/001607/files/54507_ruby_65184.zip
054514	亜米利加	今野	大力	新字新仮名	NDC 911	https://www.aozora.gr.jp/cards/001471/files/54514_ruby_55272.zip
054515	ある歴史に就て	今野	大力	新字新仮名	NDC 911	https://www.aozora.gr.jp/cards/001471/files/54515_txt_55276.zip
054516	童話	今野	大力	新字新仮名	NDC 911	https://www.aozora.gr.jp/cards/001471/files/54516_ruby_57440.zip
054517	生る	今野	大力	新字新仮名	NDC 911	https://www.aozora.gr.jp/cards/001471/files/54517_ruby_55286.zip
054558	銭形平次捕物控	野村	胡堂	旧字旧仮名	NDC 913	https://www.aozora.gr.jp/cards/001670/files/54558_ruby_56289.zip
054559	銭形平次捕物控	野村	胡堂	旧字旧仮名	NDC 913	https://www.aozora.gr.jp/cards/001670/files/54559_ruby_56317.zip
054560	銭形平次捕物控	野村	胡堂	旧字旧仮名	NDC 913	https://www.aozora.gr.jp/cards/001670/files/54560_ruby_56322.zip
054561	銭形平次捕物控	野村	胡堂	旧字旧仮名	NDC 913	https://www.aozora.gr.jp/cards/001670/files/54561_ruby_56312.zip
054562	銭形平次捕物控	野村	胡堂	旧字旧仮名	NDC 913	https://www.aozora.gr.jp/cards/001670/files/54562_ruby_56307.zip
054563	銭形平次捕物控	野村	胡堂	旧字旧仮名	NDC 913	https://www.aozora.gr.jp/cards/001670/files/54563_ruby_56303.zip
054564	銭形平次捕物控	野村	胡堂	旧字旧仮名	NDC 913	https://www.aozora.gr.jp/cards/001670/files/54564_ruby_56327.zip
054565	銭形平次捕物控	野村	胡堂	旧字旧仮名	NDC 913	https://www.aozora.gr.jp/cards/001670/files/54565_ruby_56281.zip
054566	銭形平次捕物控	野村	胡堂	旧字旧仮名	NDC 913	https://www.aozora.gr.jp/cards/001670/files/54566_ruby_56285.zip
054567	銭形平次捕物控	野村	胡堂	旧字旧仮名	NDC 913	https://www.aozora.gr.jp/cards/001670/files/54567_ruby_57870.zip
054568	銭形平次捕物控	野村	胡堂	旧字旧仮名	NDC 913	https://www.aozora.gr.jp/cards/001670/files/54568_ruby_57865.zip
054569	銭形平次捕物控	野村	胡堂	旧字旧仮名	NDC 913	https://www.aozora.gr.jp/cards/001670/files/54569_ruby_57854.zip
054570	銭形平次捕物控	野村	胡堂	旧字旧仮名	NDC 913	https://www.aozora.gr.jp/cards/001670/files/54570_ruby_57860.zip
054571	銭形平次捕物控	野村	胡堂	旧字旧仮名	NDC 913	https://www.aozora.gr.jp/cards/001670/files/54571_ruby_57375.zip
054572	銭形平次捕物控	野村	胡堂	旧字旧仮名	NDC 913	https://www.aozora.gr.jp/cards/001670/files/54572_ruby_57848.zip
054573	銭形平次捕物控	野村	胡堂	旧字旧仮名	NDC 913	https://www.aozora.gr.jp/cards/001670/files/54573_ruby_57361.zip
054771	村へ行く	鶴	彬	新字新仮名	NDC 911	https://www.aozora.gr.jp/cards/001674/files/54771_txt_51260.zip
054772	日本が見えない	竹内	浩三	新字新仮名	NDC 911	https://www.aozora.gr.jp/cards/001675/files/54772_ruby_53988.zip
054773	ある夜	竹内	浩三	新字新仮名	NDC 911	https://www.aozora.gr.jp/cards/001675/files/54773_txt_53980.zip
054774	ぼくもいくさに征くのだけれど	竹内	浩三	新字新仮名	NDC 911	https://www.aozora.gr.jp/cards/001675/files/54774_txt_54744.zip
054775	望郷	竹内	浩三	新字新仮名	NDC 911	https://www.aozora.gr.jp/cards/001675/files/54775_txt_54745.zip
054776	鈍走記	竹内	浩三	新字新仮名	NDC 917	https://www.aozora.gr.jp/cards/001675/files/54776_txt_54962.zip
054777	あきらめろと云うが	竹内	浩三	新字新仮名	NDC 911	https://www.aozora.gr.jp/cards/001675/files/54777_ruby_54707.zip
054778	色のない旗	竹内	浩三	新字新仮名	NDC 911	https://www.aozora.gr.jp/cards/001675/files/54778_ruby_54711.zip
054779	白い雲	竹内	浩三	新字新仮名	NDC 911	https://www.aozora.gr.jp/cards/001675/files/54779_txt_54959.zip
054780	行軍一	竹内	浩三	新字新仮名	NDC 911	https://www.aozora.gr.jp/cards/001675/files/54780_ruby_54954.zip
054781	兵営の桜	竹内	浩三	新字新仮名	NDC 911	https://www.aozora.gr.jp/cards/001675/files/54781_txt_54966.zip
054782	夜通し風がふいていた	竹内	浩三	新字新仮名	NDC 911	https://www.aozora.gr.jp/cards/001675/files/54782_ruby_55259.zip
054783	十二ヶ月	竹内	浩三	新字新仮名	NDC 911	https://www.aozora.gr.jp/cards/001675/files/54783_ruby_54000.zip
054784	しかられて	竹内	浩三	新字新仮名	NDC 911	https://www.aozora.gr.jp/cards/001675/files/54784_ruby_53985.zip
054785	口業	竹内	浩三	新字新仮名	NDC 911	https://www.aozora.gr.jp/cards/001675/files/54785_ruby_54722.zip
054786	南からの種子	竹内	浩三	新字新仮名	NDC 911	https://www.aozora.gr.jp/cards/001675/files/54786_ruby_54970.zip
054787	三ツ星さん	竹内	浩三	新字新仮名	NDC 911	https://www.aozora.gr.jp/cards/001675/files/54787_txt_54935.zip
054826	尚白箚記	西	周	旧字旧仮名	NDC 121	https://www.aozora.gr.jp/cards/001323/files/54826_ruby_64018.zip
054827	人智論	西	周	旧字旧仮名	NDC 121	https://www.aozora.gr.jp/cards/001323/files/54827_ruby_63480.zip
054828	健康を釣る	正木	不如丘	新字旧仮名	NDC 787	https://www.aozora.gr.jp/cards/001676/files/54828_ruby_49650.zip
054829	歳棚に祭る神	柳田	国男	新字新仮名	NDC 386	https://www.aozora.gr.jp/cards/001566/files/54829_ruby_49753.zip
054830	祭のさまざま	柳田	国男	新字旧仮名	NDC 386	https://www.aozora.gr.jp/cards/001566/files/54830_ruby_49769.zip
054833	釣十二ヶ月	正木	不如丘	新字旧仮名	NDC 787	https://www.aozora.gr.jp/cards/001676/files/54833_ruby_49696.zip
054836	随筆銭形平次	江戸川	乱歩	新字新仮名	NDC 914	https://www.aozora.gr.jp/cards/001670/files/54836_ruby_58195.zip
054846	森林と樹木と動物	本多	静六	旧字旧仮名	NDC K650	https://www.aozora.gr.jp/cards/001555/files/54846_ruby_57887.zip
054866	黒板は何処から来たのか	小倉	金之助	新字新仮名	NDC 372	https://www.aozora.gr.jp/cards/001570/files/54866_ruby_49654.zip
054868	軽井沢にて	正宗	白鳥	新字新仮名	NDC 914	https://www.aozora.gr.jp/cards/001581/files/54868_ruby_49915.zip
054870	ロザリオの鎖	永井	隆	新字新仮名	NDC 914	https://www.aozora.gr.jp/cards/000924/files/54870_ruby_47859.zip
054899	鶴彬全川柳	鶴	彬	新字旧仮名	NDC 911	https://www.aozora.gr.jp/cards/001674/files/54899_ruby_71629.zip
054902	私の履歴書	井上	貞治郎	新字新仮名	NDC 585	https://www.aozora.gr.jp/cards/001685/files/54902_ruby_51982.zip
054908	金解禁前後の経済事情	井上	準之助	旧字旧仮名	NDC 337	https://www.aozora.gr.jp/cards/001595/files/54908_ruby_53793.zip
054931	ベートーヴェンの生涯	片山	敏彦	新字新仮名	NDC 762	https://www.aozora.gr.jp/cards/001093/files/54931_ruby_47255.zip
054932	ベートーヴェンの生涯	片山	敏彦	新字新仮名	NDC 762	https://www.aozora.gr.jp/cards/001093/files/54932_ruby_47257.zip
054933	ベートーヴェンの生涯	ヴェーゲラー	フランツ・ゲルハルト	新字新仮名	NDC 762	https://www.aozora.gr.jp/cards/001093/files/54933_ruby_47259.zip
054934	ベートーヴェンの生涯	片山	敏彦	新字新仮名	NDC 762	https://www.aozora.gr.jp/cards/001093/files/54934_ruby_47261.zip
054935	ベートーヴェンの生涯	片山	敏彦	新字新仮名	NDC 762	https://www.aozora.gr.jp/cards/001093/files/54935_ruby_47263.zip
054936	ベートーヴェンの生涯	片山	敏彦	新字新仮名	NDC 762	https://www.aozora.gr.jp/cards/001702/files/54936_ruby_47265.zip
054937	ベートーヴェンの生涯	片山	敏彦	新字新仮名	NDC 762	https://www.aozora.gr.jp/cards/001093/files/54937_ruby_47267.zip
054957	工芸の道	柳	宗悦	新字新仮名	NDC 750	https://www.aozora.gr.jp/cards/001520/files/54957_ruby_54016.zip
054958	民芸四十年	柳	宗悦	新字新仮名	NDC 750	https://www.aozora.gr.jp/cards/001520/files/54958_ruby_53002.zip
054993	芳賀君を悼みて	上田	万年	旧字旧仮名	NDC 911	https://www.aozora.gr.jp/cards/000435/files/54993_txt_65961.zip
054994	奉悼歌	芳賀	矢一	旧字旧仮名	NDC 911	https://www.aozora.gr.jp/cards/000723/files/54994_ruby_66911.zip
054996	芳賀先生と日本主義	高橋	竜雄	旧字旧仮名	NDC 289	https://www.aozora.gr.jp/cards/001690/files/54996_txt_66909.zip
054997	芳賀博士	佐佐木	信綱	旧字旧仮名	NDC 910	https://www.aozora.gr.jp/cards/001691/files/54997_txt_51980.zip
055009	あなたの顔	仲村	渠	新字旧仮名	NDC 911	https://www.aozora.gr.jp/cards/001667/files/55009_txt_60067.zip
055010	気象台風景	仲村	渠	新字旧仮名	NDC 911	https://www.aozora.gr.jp/cards/001667/files/55010_ruby_59966.zip
055011	港に沈んだ鉄片の希望	仲村	渠	新字旧仮名	NDC 911	https://www.aozora.gr.jp/cards/001667/files/55011_ruby_60154.zip
055012	月下市街図	仲村	渠	新字旧仮名	NDC 911	https://www.aozora.gr.jp/cards/001667/files/55012_txt_60153.zip
055014	詩と詩集	仲村	渠	新字旧仮名	NDC 911	https://www.aozora.gr.jp/cards/001667/files/55014_txt_59968.zip
055015	明るすぎる月	仲村	渠	新字旧仮名	NDC 911	https://www.aozora.gr.jp/cards/001667/files/55015_ruby_61321.zip
055016	濡れる展望	仲村	渠	新字旧仮名	NDC 911	https://www.aozora.gr.jp/cards/001667/files/55016_ruby_60069.zip
055017	夜	仲村	渠	新字旧仮名	NDC 911	https://www.aozora.gr.jp/cards/001667/files/55017_txt_60846.zip
055018	睡眠	仲村	渠	新字旧仮名	NDC 911	https://www.aozora.gr.jp/cards/001667/files/55018_ruby_61204.zip
055019	伏兵	仲村	渠	新字旧仮名	NDC 911	https://www.aozora.gr.jp/cards/001667/files/55019_txt_60844.zip
055020	明るい顔	仲村	渠	新字旧仮名	NDC 911	https://www.aozora.gr.jp/cards/001667/files/55020_txt_61203.zip
055021	五月よ	仲村	渠	新字旧仮名	NDC 911	https://www.aozora.gr.jp/cards/001667/files/55021_txt_61309.zip
055022	晴天	仲村	渠	新字旧仮名	NDC 911	https://www.aozora.gr.jp/cards/001667/files/55022_txt_61322.zip
055043	三の酉	久保田	万太郎	新字新仮名	NDC 913	https://www.aozora.gr.jp/cards/001692/files/55043_ruby_51996.zip
055044	春泥	久保田	万太郎	新字新仮名	NDC 913	https://www.aozora.gr.jp/cards/001692/files/55044_ruby_51974.zip
055053	山之口貘詩集	山之口	貘	旧字旧仮名	NDC 911	https://www.aozora.gr.jp/cards/001693/files/55053_ruby_71241.zip
055088	楽聖物語	野村	あらえびす	新字新仮名	NDC 762	https://www.aozora.gr.jp/cards/001670/files/55088_ruby_55289.zip
055102	猿の演説	山本	宣治	新字新仮名	NDC 314	https://www.aozora.gr.jp/cards/000319/files/55102_txt_72755.zip
055131	秋風	飯田	蛇笏	新字旧仮名	NDC 914	https://www.aozora.gr.jp/cards/001695/files/55131_ruby_49646.zip
055132	茸をたずねる	飯田	蛇笏	新字新仮名	NDC 914	https://www.aozora.gr.jp/cards/001695/files/55132_ruby_49676.zip
055133	薄暮の貌	飯田	蛇笏	新字旧仮名	NDC 914	https://www.aozora.gr.jp/cards/001695/files/55133_ruby_49678.zip
055134	三浦環のプロフィール	吉本	明光	新字新仮名	NDC 766	https://www.aozora.gr.jp/cards/001659/files/55134_ruby_57555.zip
055137	艶容万年若衆	三上	於菟吉	新字新仮名	NDC 913	https://www.aozora.gr.jp/cards/000310/files/55137_ruby_53542.zip
055153	小島の春	下村	海南	新字新仮名	NDC 914 915	https://www.aozora.gr.jp/cards/001696/files/55153_txt_55265.zip
055154	小島の春	高野	六郎	新字新仮名	NDC 914 915	https://www.aozora.gr.jp/cards/001697/files/55154_ruby_55261.zip
055155	小島の春	光田	健輔	新字新仮名	NDC 914 915	https://www.aozora.gr.jp/cards/001698/files/55155_txt_55498.zip
055158	母と子	正宗	白鳥	旧字旧仮名	NDC 913	https://www.aozora.gr.jp/cards/001581/files/55158_ruby_55258.zip
055159	仮面	正宗	白鳥	旧字旧仮名	NDC 913	https://www.aozora.gr.jp/cards/001581/files/55159_ruby_54011.zip
055160	孫だち	正宗	白鳥	旧字旧仮名	NDC 913	https://www.aozora.gr.jp/cards/001581/files/55160_ruby_53789.zip
055162	避病院	正宗	白鳥	旧字旧仮名	NDC 913	https://www.aozora.gr.jp/cards/001581/files/55162_ruby_54715.zip
055163	墓場	西尾	正	新字新仮名	NDC 913	https://www.aozora.gr.jp/cards/001143/files/55163_ruby_48046.zip
055165	吉日	正宗	白鳥	旧字旧仮名	NDC 914	https://www.aozora.gr.jp/cards/001581/files/55165_ruby_52716.zip
055167	奇怪な客	正宗	白鳥	旧字旧仮名	NDC 913	https://www.aozora.gr.jp/cards/001581/files/55167_ruby_50741.zip
055168	玉の輿	正宗	白鳥	旧字旧仮名	NDC 913	https://www.aozora.gr.jp/cards/001581/files/55168_ruby_50743.zip
055169	雨	正宗	白鳥	旧字旧仮名	NDC 914	https://www.aozora.gr.jp/cards/001581/files/55169_ruby_51716.zip
055171	池袋の店	山之口	貘	新字新仮名	NDC 914	https://www.aozora.gr.jp/cards/001693/files/55171_ruby_52008.zip
055172	沖縄帰郷始末記	山之口	貘	新字新仮名	NDC 914	https://www.aozora.gr.jp/cards/001693/files/55172_txt_52009.zip
055173	おきなわやまとぐち	山之口	貘	新字新仮名	NDC 914	https://www.aozora.gr.jp/cards/001693/files/55173_txt_52015.zip
055174	声をあげて泣く	山之口	貘	新字新仮名	NDC 914	https://www.aozora.gr.jp/cards/001693/files/55174_txt_52016.zip
055175	詩とはなにか	山之口	貘	新字新仮名	NDC 911	https://www.aozora.gr.jp/cards/001693/files/55175_ruby_51972.zip
055176	自伝	山之口	貘	新字旧仮名	NDC 911	https://www.aozora.gr.jp/cards/001693/files/55176_txt_52021.zip
055177	装幀の悩み	山之口	貘	新字新仮名	NDC 914	https://www.aozora.gr.jp/cards/001693/files/55177_txt_52022.zip
055178	つまり詩は亡びる	山之口	貘	新字新仮名	NDC 911	https://www.aozora.gr.jp/cards/001693/files/55178_txt_52711.zip
055179	夏向きの一夜	山之口	貘	新字新仮名	NDC 914	https://www.aozora.gr.jp/cards/001693/files/55179_txt_52712.zip
055180	野宿	山之口	貘	新字新仮名	NDC 914	https://www.aozora.gr.jp/cards/001693/files/55180_ruby_52720.zip
055181	暴風への郷愁	山之口	貘	新字新仮名	NDC 914	https://www.aozora.gr.jp/cards/001693/files/55181_txt_52721.zip
055182	私の青年時代	山之口	貘	新字新仮名	NDC 911 914	https://www.aozora.gr.jp/cards/001693/files/55182_ruby_52730.zip
055183	ダルマ船日記	山之口	貘	新字新仮名	NDC 915	https://www.aozora.gr.jp/cards/001693/files/55183_ruby_52002.zip
055184	チャンプルー	山之口	貘	新字新仮名	NDC 596 914	https://www.aozora.gr.jp/cards/001693/files/55184_ruby_52731.zip
055185	素材	正宗	白鳥	旧字旧仮名	NDC 914	https://www.aozora.gr.jp/cards/001581/files/55185_ruby_50823.zip
055186	昔の西片町の人	正宗	白鳥	旧字旧仮名	NDC 914	https://www.aozora.gr.jp/cards/001581/files/55186_ruby_51747.zip
055187	見学	正宗	白鳥	旧字旧仮名	NDC 913	https://www.aozora.gr.jp/cards/001581/files/55187_ruby_50742.zip
055188	水不足	正宗	白鳥	旧字旧仮名	NDC 914	https://www.aozora.gr.jp/cards/001581/files/55188_ruby_51720.zip
055189	心の故郷	正宗	白鳥	旧字旧仮名	NDC 914	https://www.aozora.gr.jp/cards/001581/files/55189_txt_49656.zip
055195	不可能	上田	敏	旧字旧仮名	NDC 951	https://www.aozora.gr.jp/cards/001705/files/55195_ruby_48812.zip
055196	母	上田	敏	旧字旧仮名	NDC 971	https://www.aozora.gr.jp/cards/001706/files/55196_ruby_48815.zip
055197	椰子の樹	上田	敏	旧字旧仮名	NDC 951	https://www.aozora.gr.jp/cards/001707/files/55197_ruby_48804.zip
055198	カンタタ	上田	敏	旧字旧仮名	NDC 951	https://www.aozora.gr.jp/cards/001707/files/55198_ruby_48813.zip
055239	川端茅舎句集	川端	茅舎	新字旧仮名	NDC 911	https://www.aozora.gr.jp/cards/000369/files/55239_ruby_65169.zip
055240	不器男句集	芝	不器男	新字旧仮名	NDC 911	https://www.aozora.gr.jp/cards/000594/files/55240_ruby_66943.zip
055242	天の狼	富沢	赤黄男	新字旧仮名	NDC 911	https://www.aozora.gr.jp/cards/001715/files/55242_ruby_59438.zip
055243	「黒瞳」より	アラルコン	ペドロ・アントニオ	旧字旧仮名	NDC 961	https://www.aozora.gr.jp/cards/001716/files/55243_ruby_48803.zip
055253	今日	西東	三鬼	新字旧仮名	NDC 911	https://www.aozora.gr.jp/cards/001668/files/55253_ruby_64284.zip
055258	普羅句集	前田	普羅	新字旧仮名	NDC 911	https://www.aozora.gr.jp/cards/001719/files/55258_ruby_64312.zip
055259	松本たかし句集	松本	たかし	新字旧仮名	NDC 911	https://www.aozora.gr.jp/cards/001720/files/55259_ruby_66667.zip
055276	比較神話学	高木	敏雄	新字新仮名	NDC 164	https://www.aozora.gr.jp/cards/001191/files/55276_ruby_59506.zip
055279	人馬のにひ妻	ダンセイニ	ロード	新字新仮名	NDC 933	https://www.aozora.gr.jp/cards/001722/files/55279_ruby_65179.zip
055300	白紙	立原	道造	旧字旧仮名	NDC 913	https://www.aozora.gr.jp/cards/000011/files/55300_ruby_70429.zip
055301	夜に就て	立原	道造	旧字旧仮名	NDC 913	https://www.aozora.gr.jp/cards/000011/files/55301_txt_68465.zip
055317	鮪に鰯	山之口	貘	新字新仮名	NDC 911	https://www.aozora.gr.jp/cards/001693/files/55317_ruby_71624.zip
055342	名曲決定盤	野村	あらえびす	新字新仮名	NDC 760	https://www.aozora.gr.jp/cards/001670/files/55342_ruby_75272.zip
055377	朝鮮の友に贈る書	柳	宗悦	新字新仮名	NDC 750	https://www.aozora.gr.jp/cards/001520/files/55377_ruby_48457.zip
055417	安達ヶ原の鬼婆々異考	中山	太郎	旧字旧仮名	NDC 388	https://www.aozora.gr.jp/cards/001420/files/55417_txt_68212.zip
055427	海蛍の話	神田	左京	旧字旧仮名	NDC 485	https://www.aozora.gr.jp/cards/001731/files/55427_ruby_53288.zip
055428	光る生物	神田	左京	旧字旧仮名	NDC 468	https://www.aozora.gr.jp/cards/001731/files/55428_ruby_53287.zip
055441	ANY WHERE OUT OF THE WORLD	富永	太郎	新字旧仮名	NDC 951	https://www.aozora.gr.jp/cards/001732/files/55441_ruby_49277.zip
055442	或るまどんなに	富永	太郎	新字旧仮名	NDC 951	https://www.aozora.gr.jp/cards/001732/files/55442_ruby_49276.zip
055443	計画	富永	太郎	新字旧仮名	NDC 951	https://www.aozora.gr.jp/cards/001732/files/55443_ruby_49278.zip
055444	芸術家の告白祈祷	富永	太郎	新字旧仮名	NDC 951	https://www.aozora.gr.jp/cards/001732/files/55444_ruby_49275.zip
055445	午前一時に	富永	太郎	新字旧仮名	NDC 951	https://www.aozora.gr.jp/cards/001732/files/55445_ruby_49279.zip
055446	射的場と墓地	富永	太郎	新字旧仮名	NDC 951	https://www.aozora.gr.jp/cards/001732/files/55446_ruby_49280.zip
055447	人工天国	富永	太郎	新字旧仮名	NDC 951	https://www.aozora.gr.jp/cards/001732/files/55447_ruby_49274.zip
055448	道化とヸナス	富永	太郎	新字旧仮名	NDC 951	https://www.aozora.gr.jp/cards/001732/files/55448_ruby_49281.zip
055449	窓	富永	太郎	新字旧仮名	NDC 951	https://www.aozora.gr.jp/cards/001732/files/55449_ruby_49282.zip
055450	港	富永	太郎	新字旧仮名	NDC 951	https://www.aozora.gr.jp/cards/001732/files/55450_ruby_49283.zip
055451	酔へ！	富永	太郎	新字旧仮名	NDC 951	https://www.aozora.gr.jp/cards/001732/files/55451_ruby_49284.zip
055453	「ソーンダイク博士」序文	妹尾	アキ夫	新字新仮名	NDC 933 934	https://www.aozora.gr.jp/cards/001733/files/55453_ruby_75277.zip
055455	歌う白骨	妹尾	アキ夫	新字新仮名	NDC 933	https://www.aozora.gr.jp/cards/001733/files/55455_txt_51327.zip
055458	予謀殺人	妹尾	アキ夫	新字新仮名	NDC 933	https://www.aozora.gr.jp/cards/001733/files/55458_ruby_51523.zip
055460	オスカー・ブロズキー事件	妹尾	アキ夫	新字新仮名	NDC 933	https://www.aozora.gr.jp/cards/001733/files/55460_txt_51489.zip
055463	COLLOQUE MOQUEUR	富永	太郎	新字旧仮名	NDC 911	https://www.aozora.gr.jp/cards/000678/files/55463_ruby_53008.zip
055464	PANTOMIME	富永	太郎	新字旧仮名	NDC 911	https://www.aozora.gr.jp/cards/000678/files/55464_txt_53009.zip
055465	AU RIMBAUD	富永	太郎	その他	NDC 951	https://www.aozora.gr.jp/cards/000678/files/55465_txt_53012.zip
055466	秋の悲歎	富永	太郎	新字旧仮名	NDC 911	https://www.aozora.gr.jp/cards/000678/files/55466_ruby_51527.zip
055467	遺産分配書	富永	太郎	新字旧仮名	NDC 911	https://www.aozora.gr.jp/cards/000678/files/55467_ruby_53013.zip
055500	百鬼園讃	百田	宗治	新字旧仮名	NDC 914	https://www.aozora.gr.jp/cards/001623/files/55500_txt_60166.zip
055502	人生・文章習練の書	恩地	孝四郎	新字旧仮名	NDC 914	https://www.aozora.gr.jp/cards/001246/files/55502_txt_59420.zip
055507	基督信徒のなぐさめ	内村	鑑三	新字新仮名	NDC 198	https://www.aozora.gr.jp/cards/000034/files/55507_ruby_72607.zip
055635	戦争史大観	石原	莞爾	新字新仮名	NDC 391	https://www.aozora.gr.jp/cards/000230/files/55635_ruby_49036.zip
055650	早稲田神楽坂	加能	作次郎	新字新仮名	NDC 915	https://www.aozora.gr.jp/cards/000247/files/55650_ruby_51171.zip
055651	芝、麻布	小山内	薫	新字新仮名	NDC 915	https://www.aozora.gr.jp/cards/000479/files/55651_ruby_51169.zip
055652	四谷、赤坂	宮島	資夫	新字新仮名	NDC 915	https://www.aozora.gr.jp/cards/000929/files/55652_ruby_51175.zip
055719	雷門以北	久保田	万太郎	新字新仮名	NDC 915	https://www.aozora.gr.jp/cards/001692/files/55719_ruby_52004.zip
055720	新古細句銀座通	岸田	劉生	新字新仮名	NDC 915	https://www.aozora.gr.jp/cards/000251/files/55720_ruby_51173.zip
055725	果物の木の在所	津村	信夫	新字旧仮名		https://www.aozora.gr.jp/cards/000278/files/55725_ruby_76828.zip
055726	故郷に帰りゆくこころ	嘉村	礒多	新字旧仮名		https://www.aozora.gr.jp/cards/000249/files/55726_ruby_76505.zip
055727	探検実記　地中の秘密	江見	水蔭	旧字旧仮名	NDC 913	https://www.aozora.gr.jp/cards/000448/files/55727_ruby_73835.zip
055748	吉田松陰より某へ	吉田	松陰	新字新仮名	NDC 289	https://www.aozora.gr.jp/cards/001741/files/55748_ruby_62786.zip
055749	留魂録	吉田	松陰	新字旧仮名	NDC 289	https://www.aozora.gr.jp/cards/001741/files/55749_ruby_62787.zip
055750	日本文化と科学的思想	石原	純	新字新仮名	NDC 404	https://www.aozora.gr.jp/cards/001429/files/55750_ruby_59451.zip
055751	色盲検査表の話	石原	忍	新字新仮名	NDC 496	https://www.aozora.gr.jp/cards/001742/files/55751_txt_51970.zip
055763	大和ぶり	佐佐木	信綱	新字旧仮名	NDC 911	https://www.aozora.gr.jp/cards/001691/files/55763_ruby_71079.zip
055771	マルクス主義は科学にあらず	山川	健次郎	新字新仮名	NDC 309	https://www.aozora.gr.jp/cards/001744/files/55771_ruby_75640.zip
055786	私の信条	小倉	金之助	新字新仮名		https://www.aozora.gr.jp/cards/001570/files/55786_txt_77618.zip
055789	牧野富太郎自叙伝	牧野	富太郎	新字新仮名	NDC 289	https://www.aozora.gr.jp/cards/001266/files/55789_ruby_52745.zip
055790	私の信条	牧野	富太郎	新字新仮名		https://www.aozora.gr.jp/cards/001266/files/55790_txt_76864.zip
055793	討たせてやらぬ敵討	長谷川	伸	新字新仮名	NDC 913	https://www.aozora.gr.jp/cards/001726/files/55793_ruby_57354.zip
055796	地震なまず	武者	金吉	新字新仮名	NDC 453	https://www.aozora.gr.jp/cards/001748/files/55796_ruby_69505.zip
055797	測量船	三好	達治	新字旧仮名	NDC 911	https://www.aozora.gr.jp/cards/001749/files/55797_ruby_55504.zip
055798	測量船拾遺	三好	達治	新字旧仮名	NDC 911	https://www.aozora.gr.jp/cards/001749/files/55798_ruby_55569.zip
055799	合縁奇縁	佐々木	邦	新字新仮名	NDC 913	https://www.aozora.gr.jp/cards/001750/files/55799_ruby_72256.zip
055800	朝起の人達	佐々木	邦	新字新仮名	NDC 913	https://www.aozora.gr.jp/cards/001750/files/55800_ruby_56955.zip
055801	或良人の惨敗	佐々木	邦	新字新仮名	NDC 913	https://www.aozora.gr.jp/cards/001750/files/55801_ruby_57038.zip
055802	ある温泉の由来	佐々木	邦	新字新仮名	NDC 913	https://www.aozora.gr.jp/cards/001750/files/55802_ruby_72435.zip
055803	いたずら小僧日記	佐々木	邦	新字新仮名	NDC 913	https://www.aozora.gr.jp/cards/001750/files/55803_ruby_70914.zip
055804	一年の計	佐々木	邦	新字新仮名	NDC 913	https://www.aozora.gr.jp/cards/001750/files/55804_ruby_57046.zip
055806	恩師	佐々木	邦	新字新仮名	NDC 913	https://www.aozora.gr.jp/cards/001750/files/55806_ruby_57031.zip
055807	女婿	佐々木	邦	新字新仮名	NDC 913	https://www.aozora.gr.jp/cards/001750/files/55807_ruby_56965.zip
055808	閣下	佐々木	邦	新字新仮名	NDC 913	https://www.aozora.gr.jp/cards/001750/files/55808_ruby_57023.zip
055809	髪の毛	佐々木	邦	新字新仮名	NDC 913	https://www.aozora.gr.jp/cards/001750/files/55809_ruby_72454.zip
055810	冠婚葬祭博士	佐々木	邦	新字新仮名	NDC 913	https://www.aozora.gr.jp/cards/001750/files/55810_ruby_72606.zip
055811	首切り問答	佐々木	邦	新字新仮名	NDC 913	https://www.aozora.gr.jp/cards/001750/files/55811_ruby_72635.zip
055812	好人物	佐々木	邦	新字新仮名	NDC 913	https://www.aozora.gr.jp/cards/001750/files/55812_ruby_72772.zip
055813	心のアンテナ	佐々木	邦	新字新仮名	NDC 913	https://www.aozora.gr.jp/cards/001750/files/55813_ruby_72799.zip
055814	四十不惑	佐々木	邦	新字新仮名	NDC 913	https://www.aozora.gr.jp/cards/001750/files/55814_ruby_72998.zip
055815	社長秘書	佐々木	邦	新字新仮名	NDC 913	https://www.aozora.gr.jp/cards/001750/files/55815_ruby_73171.zip
055832	或る別れ	北尾	亀男	新字新仮名	NDC 912	https://www.aozora.gr.jp/cards/001751/files/55832_ruby_56956.zip
055833	鳴雪句集	内藤	鳴雪	新字旧仮名	NDC 911	https://www.aozora.gr.jp/cards/000684/files/55833_txt_63814.zip
055835	奇術考案業	長谷川	伸	新字新仮名	NDC 914	https://www.aozora.gr.jp/cards/001726/files/55835_ruby_53780.zip
055836	身の上や	長谷川	伸	新字新仮名	NDC 911 914	https://www.aozora.gr.jp/cards/001726/files/55836_txt_51990.zip
055837	幽霊を見る人を見る	長谷川	伸	新字新仮名	NDC 914	https://www.aozora.gr.jp/cards/001726/files/55837_ruby_53781.zip
055838	椎の実	橋本	多佳子	新字旧仮名	NDC 914	https://www.aozora.gr.jp/cards/001752/files/55838_ruby_51968.zip
055839	麦刈	橋本	多佳子	新字旧仮名	NDC 911 914	https://www.aozora.gr.jp/cards/001752/files/55839_ruby_51999.zip
055844	本所松坂町	尾崎	士郎	新字新仮名	NDC 913	https://www.aozora.gr.jp/cards/001753/files/55844_ruby_63813.zip
055861	一点鐘	三好	達治	旧字旧仮名	NDC 911	https://www.aozora.gr.jp/cards/001749/files/55861_ruby_70682.zip
055862	暮春嘆息	三好	達治	旧字旧仮名	NDC 911	https://www.aozora.gr.jp/cards/001749/files/55862_txt_67410.zip
055863	閒花集	三好	達治	旧字旧仮名	NDC 911	https://www.aozora.gr.jp/cards/001749/files/55863_ruby_65445.zip
055865	艸千里	三好	達治	旧字旧仮名	NDC 911	https://www.aozora.gr.jp/cards/001749/files/55865_ruby_68724.zip
055867	山果集	三好	達治	旧字旧仮名	NDC 911	https://www.aozora.gr.jp/cards/001749/files/55867_ruby_64289.zip
055891	ヴェニスに死す	実吉	捷郎	新字新仮名	NDC 943	https://www.aozora.gr.jp/cards/001758/files/55891_ruby_56940.zip
055937	トニオ・クレエゲル	実吉	捷郎	新字新仮名	NDC 943	https://www.aozora.gr.jp/cards/001758/files/55937_ruby_58862.zip
055948	丸之内点景	小津	安二郎	新字旧仮名	NDC 778 915	https://www.aozora.gr.jp/cards/001761/files/55948_ruby_51988.zip
055949	ここが楢山	小津	安二郎	新字新仮名	NDC 778	https://www.aozora.gr.jp/cards/001761/files/55949_txt_51966.zip
055950	車中も亦愉し	小津	安二郎	新字旧仮名	NDC 778 915	https://www.aozora.gr.jp/cards/001761/files/55950_ruby_51986.zip
055954	人魚	火野	葦平	新字新仮名	NDC 913	https://www.aozora.gr.jp/cards/001488/files/55954_ruby_54957.zip
055955	茂吉の一面	宇野	浩二	新字新仮名	NDC 911	https://www.aozora.gr.jp/cards/001533/files/55955_ruby_50810.zip
055956	読書と著書	矢内原	忠雄	新字新仮名	NDC 019	https://www.aozora.gr.jp/cards/001538/files/55956_ruby_50809.zip
055959	春水と三馬	桑木	厳翼	新字新仮名	NDC 022 913	https://www.aozora.gr.jp/cards/000542/files/55959_ruby_50811.zip
055961	魯迅さん	内山	完造	新字新仮名	NDC 920	https://www.aozora.gr.jp/cards/001762/files/55961_ruby_51159.zip
055962	ある幸福	実吉	捷郎	新字新仮名	NDC 943	https://www.aozora.gr.jp/cards/001758/files/55962_ruby_56328.zip
055963	衣裳戸棚	実吉	捷郎	新字新仮名	NDC 943	https://www.aozora.gr.jp/cards/001758/files/55963_ruby_56308.zip
055964	餓えた人々	実吉	捷郎	新字新仮名	NDC 943	https://www.aozora.gr.jp/cards/001758/files/55964_ruby_56309.zip
055965	神の剣	実吉	捷郎	新字新仮名	NDC 943	https://www.aozora.gr.jp/cards/001758/files/55965_ruby_56313.zip
055966	幻滅	実吉	捷郎	新字新仮名	NDC 943	https://www.aozora.gr.jp/cards/001758/files/55966_ruby_53551.zip
055967	幸福への意志	実吉	捷郎	新字新仮名	NDC 943	https://www.aozora.gr.jp/cards/001758/files/55967_ruby_56268.zip
055968	小フリイデマン氏	実吉	捷郎	新字新仮名	NDC 943	https://www.aozora.gr.jp/cards/001758/files/55968_ruby_56269.zip
055969	神童	実吉	捷郎	新字新仮名	NDC 943	https://www.aozora.gr.jp/cards/001758/files/55969_ruby_56314.zip
055970	鉄道事故	実吉	捷郎	新字新仮名	NDC 943	https://www.aozora.gr.jp/cards/001758/files/55970_ruby_56319.zip
055971	道化者	実吉	捷郎	新字新仮名	NDC 943	https://www.aozora.gr.jp/cards/001758/files/55971_ruby_56273.zip
055972	なぐり合い	実吉	捷郎	新字新仮名	NDC 943	https://www.aozora.gr.jp/cards/001758/files/55972_ruby_56318.zip
055973	悩みのひととき	実吉	捷郎	新字新仮名	NDC 943	https://www.aozora.gr.jp/cards/001758/files/55973_ruby_56323.zip
055974	墓地へゆく道	実吉	捷郎	新字新仮名	NDC 943	https://www.aozora.gr.jp/cards/001758/files/55974_ruby_53550.zip
055979	笛吹川の上流（東沢と西沢）	木暮	理太郎	新字新仮名	NDC 291 786	https://www.aozora.gr.jp/cards/001373/files/55979_ruby_50386.zip
055980	奥秩父の山旅日記	木暮	理太郎	新字新仮名	NDC 291 786	https://www.aozora.gr.jp/cards/001373/files/55980_ruby_50555.zip
055981	釜沢行	木暮	理太郎	新字新仮名	NDC 291 786	https://www.aozora.gr.jp/cards/001373/files/55981_ruby_50387.zip
055982	秩父の奥山	木暮	理太郎	新字新仮名	NDC 291 786	https://www.aozora.gr.jp/cards/001373/files/55982_ruby_53308.zip
055983	利根川水源地の山々	木暮	理太郎	新字新仮名	NDC 291 786	https://www.aozora.gr.jp/cards/001373/files/55983_ruby_53761.zip
055985	オカアサン	佐藤	春夫	新字新仮名	NDC 914	https://www.aozora.gr.jp/cards/001763/files/55985_ruby_55494.zip
055988	忠僕	池谷	信三郎	新字新仮名	NDC 913	https://www.aozora.gr.jp/cards/000398/files/55988_ruby_55574.zip
055990	日本その日その日	石川	欣一	新字新仮名	NDC 291	https://www.aozora.gr.jp/cards/001764/files/55990_ruby_60177.zip
055991	秋の鬼怒沼 	木暮	理太郎	新字新仮名	NDC 291 786	https://www.aozora.gr.jp/cards/001373/files/55991_ruby_51321.zip
055992	美ヶ原	木暮	理太郎	新字新仮名	NDC 291 786	https://www.aozora.gr.jp/cards/001373/files/55992_ruby_53548.zip
055993	木曽駒と甲斐駒	木暮	理太郎	新字新仮名	NDC 291 786	https://www.aozora.gr.jp/cards/001373/files/55993_ruby_53291.zip
055994	黒部川奥の山旅	木暮	理太郎	新字新仮名	NDC 291 786	https://www.aozora.gr.jp/cards/001373/files/55994_ruby_51329.zip
055995	黒部川を遡る 	木暮	理太郎	新字新仮名	NDC 291 786	https://www.aozora.gr.jp/cards/001373/files/55995_ruby_51529.zip
055996	針木峠の林道 	木暮	理太郎	新字新仮名	NDC 291 786	https://www.aozora.gr.jp/cards/001373/files/55996_ruby_51563.zip
055997	春の大方山	木暮	理太郎	新字新仮名	NDC 291 786	https://www.aozora.gr.jp/cards/001373/files/55997_ruby_52886.zip
055998	三国山と苗場山	木暮	理太郎	新字新仮名	NDC 291 786	https://www.aozora.gr.jp/cards/001373/files/55998_ruby_53547.zip
055999	八ヶ峰の断裂 	木暮	理太郎	新字新仮名	NDC 291 786	https://www.aozora.gr.jp/cards/001373/files/55999_ruby_51752.zip
056000	浅草の喰べもの	久保田	万太郎	新字旧仮名	NDC 915	https://www.aozora.gr.jp/cards/001692/files/56000_txt_52005.zip
056001	一葉の日記	久保田	万太郎	新字旧仮名	NDC 910	https://www.aozora.gr.jp/cards/001692/files/56001_ruby_52011.zip
056002	角力	久保田	万太郎	新字旧仮名	NDC 788 914	https://www.aozora.gr.jp/cards/001692/files/56002_ruby_56260.zip
056003	萩	久保田	万太郎	新字旧仮名	NDC 914	https://www.aozora.gr.jp/cards/001692/files/56003_ruby_56443.zip
056004	文字に対する敏感	久保田	万太郎	新字旧仮名	NDC 914	https://www.aozora.gr.jp/cards/001692/files/56004_txt_52012.zip
056014	木曽道中記	饗庭	篁村	旧字旧仮名	NDC 915	https://www.aozora.gr.jp/cards/000374/files/56014_ruby_68219.zip
056025	うもれ木	田辺	竜子	旧字旧仮名	NDC 913 914	https://www.aozora.gr.jp/cards/001765/files/56025_ruby_68445.zip
056027	第三者	サキ		新字新仮名	NDC 933	https://www.aozora.gr.jp/cards/001767/files/56027_txt_58027.zip
056030	にはかへんろ記	久保田	万太郎	新字旧仮名	NDC 915	https://www.aozora.gr.jp/cards/001692/files/56030_ruby_56290.zip
056031	「ザイルの三人」訳者あとがき	妹尾	アキ夫	新字新仮名	NDC 933 934	https://www.aozora.gr.jp/cards/001568/files/56031_txt_60839.zip
056033	クリスマス・イーヴ	アーヴィング	ワシントン	旧字旧仮名	NDC 933	https://www.aozora.gr.jp/cards/001257/files/56033_ruby_50649.zip
056034	マカーガー峡谷の秘密	妹尾	アキ夫	新字新仮名	NDC 933	https://www.aozora.gr.jp/cards/001066/files/56034_txt_58714.zip
056078	駅伝馬車	アーヴィング	ワシントン	旧字旧仮名	NDC 933	https://www.aozora.gr.jp/cards/001257/files/56078_ruby_51155.zip
056081	一本刀土俵入　二幕五場	長谷川	伸	新字新仮名	NDC 912	https://www.aozora.gr.jp/cards/001726/files/56081_ruby_64032.zip
056083	沓掛時次郎　三幕十場	長谷川	伸	新字新仮名	NDC 912	https://www.aozora.gr.jp/cards/001726/files/56083_ruby_68209.zip
056085	中山七里　二幕五場	長谷川	伸	新字新仮名	NDC 912	https://www.aozora.gr.jp/cards/001726/files/56085_ruby_70403.zip
056089	瞼の母	長谷川	伸	新字新仮名	NDC 912	https://www.aozora.gr.jp/cards/001726/files/56089_ruby_54150.zip
056149	誰？	田中	早苗	新字新仮名	NDC 953	https://www.aozora.gr.jp/cards/000326/files/56149_ruby_67985.zip
056170	蕗の下の神様	宇野	浩二	新字新仮名		https://www.aozora.gr.jp/cards/001533/files/56170_ruby_77518.zip
056171	希臘十字	高祖	保	新字旧仮名	NDC 911	https://www.aozora.gr.jp/cards/001774/files/56171_ruby_53103.zip
056172	独楽	高祖	保	新字旧仮名	NDC 911	https://www.aozora.gr.jp/cards/001774/files/56172_ruby_53532.zip
056173	雪	高祖	保	新字旧仮名	NDC 911	https://www.aozora.gr.jp/cards/001774/files/56173_ruby_53533.zip
056176	秋場所から	平野	零児	新字新仮名		https://www.aozora.gr.jp/cards/001714/files/56176_txt_77452.zip
056178	寡作流行作家	平野	零児	新字新仮名		https://www.aozora.gr.jp/cards/001714/files/56178_txt_77430.zip
056180	芸術は短く貧乏は長し	平野	零児	新字新仮名		https://www.aozora.gr.jp/cards/001714/files/56180_txt_77746.zip
056184	丹波篠山	平野	零児	新字新仮名		https://www.aozora.gr.jp/cards/001714/files/56184_txt_76042.zip
056190	百まで踊る下中翁	平野	零児	新字新仮名		https://www.aozora.gr.jp/cards/001714/files/56190_txt_77970.zip
056192	無情な今年の二月	平野	零児	新字新仮名		https://www.aozora.gr.jp/cards/001714/files/56192_txt_77520.zip
056195	雪解けにすべった丁玲女史	平野	零児	新字新仮名		https://www.aozora.gr.jp/cards/001714/files/56195_txt_77611.zip
056196	吉川さんの声と眼	平野	零児	新字新仮名		https://www.aozora.gr.jp/cards/001714/files/56196_txt_76198.zip
056224	花と龍	火野	葦平	新字新仮名	NDC 913	https://www.aozora.gr.jp/cards/001488/files/56224_ruby_63512.zip
056238	私の歩んだ道	蜷川	新	新字新仮名	NDC 289	https://www.aozora.gr.jp/cards/001776/files/56238_ruby_54724.zip
056239	天皇	蜷川	新	新字新仮名	NDC 313	https://www.aozora.gr.jp/cards/001776/files/56239_ruby_56945.zip
056252	けすとえくえろ	妹尾	アキ夫	新字新仮名		https://www.aozora.gr.jp/cards/001568/files/56252_ruby_77796.zip
056258	雨の玉川心中	山崎	富栄	新字新仮名	NDC 289 915	https://www.aozora.gr.jp/cards/001777/files/56258_ruby_61556.zip
056261	越中劒岳	木暮	理太郎	新字新仮名	NDC 291 786	https://www.aozora.gr.jp/cards/001373/files/56261_ruby_53760.zip
056331	動物物語　狼の王ロボ	シートン	アーネスト・トンプソン	新字新仮名	NDC K933	https://www.aozora.gr.jp/cards/001925/files/56331_ruby_62075.zip
056464	「引札」のはなし	久保田	万太郎	新字旧仮名	NDC 914	https://www.aozora.gr.jp/cards/001692/files/56464_txt_52018.zip
056465	井上正夫におくる手紙	久保田	万太郎	新字旧仮名	NDC 914	https://www.aozora.gr.jp/cards/001692/files/56465_ruby_56444.zip
056466	可哀想な彼女	久保田	万太郎	新字旧仮名	NDC 914	https://www.aozora.gr.jp/cards/001692/files/56466_ruby_52019.zip
056467	還暦反逆	久保田	万太郎	新字旧仮名	NDC 914	https://www.aozora.gr.jp/cards/001692/files/56467_txt_52725.zip
056468	七代目坂東三津五郎	久保田	万太郎	新字旧仮名	NDC 774	https://www.aozora.gr.jp/cards/001692/files/56468_ruby_56264.zip
056469	夜店ばなし	久保田	万太郎	新字旧仮名	NDC 914	https://www.aozora.gr.jp/cards/001692/files/56469_txt_52726.zip
056508	『グリム童話集』序	金田	鬼一	新字新仮名	NDC K943 K944	https://www.aozora.gr.jp/cards/001781/files/56508_ruby_66257.zip
056513	乗合自動車	川田	功	新字新仮名	NDC 913	https://www.aozora.gr.jp/cards/001306/files/56513_ruby_64883.zip
056514	青バスの女	辰野	九紫	新字新仮名	NDC 913	https://www.aozora.gr.jp/cards/001782/files/56514_ruby_65168.zip
056515	しめしあわせ	佐々木	直次郎	新字新仮名	NDC 933	https://www.aozora.gr.jp/cards/000094/files/56515_ruby_69926.zip
056517	ペスト王	佐々木	直次郎	新字新仮名	NDC 933	https://www.aozora.gr.jp/cards/000094/files/56517_ruby_74169.zip
056521	解説　趣味を通じての先生	額田	六福	新字新仮名	NDC 910	https://www.aozora.gr.jp/cards/001490/files/56521_ruby_69256.zip
056522	改めて民藝について	柳	宗悦	新字新仮名	NDC 750	https://www.aozora.gr.jp/cards/001520/files/56522_ruby_53006.zip
056528	札幌の印象	岩野	泡鳴	新字旧仮名	NDC 911	https://www.aozora.gr.jp/cards/000137/files/56528_ruby_67965.zip
056531	坊つちやん「遺蹟めぐり」	岡本	一平	新字旧仮名		https://www.aozora.gr.jp/cards/000239/files/56531_ruby_77748.zip
056564	秘められたる挿話	松本	泰	新字新仮名	NDC 913	https://www.aozora.gr.jp/cards/000308/files/56564_ruby_64313.zip
056565	忘春詩集	佐藤	春夫	新字旧仮名	NDC 911	https://www.aozora.gr.jp/cards/001763/files/56565_ruby_58084.zip
056566	仙台の夏	石川	善助	新字旧仮名	NDC 915	https://www.aozora.gr.jp/cards/001787/files/56566_ruby_75641.zip
056567	日本推理小説の曲り角	十返	肇	新字新仮名	NDC 910	https://www.aozora.gr.jp/cards/001788/files/56567_txt_60868.zip
056573	流儀の定め	観世	左近　二十四世	旧字旧仮名	NDC 773	https://www.aozora.gr.jp/cards/000938/files/56573_txt_70414.zip
056574	三両清兵衛と名馬朝月	安藤	盛	新字新仮名	NDC K913	https://www.aozora.gr.jp/cards/001791/files/56574_ruby_73434.zip
056600	物貰ひの話	三田村	鳶魚	旧字旧仮名	NDC 210	https://www.aozora.gr.jp/cards/001133/files/56600_ruby_55283.zip
056601	カン	長谷川	伸	新字新仮名	NDC 914	https://www.aozora.gr.jp/cards/001726/files/56601_ruby_51964.zip
056602	母	長谷川	伸	新字新仮名	NDC 911 914	https://www.aozora.gr.jp/cards/001726/files/56602_txt_51992.zip
056605	女順禮	三田村	鳶魚	旧字旧仮名	NDC 210	https://www.aozora.gr.jp/cards/001133/files/56605_ruby_55274.zip
056614	新憲法に関する演説草稿	幣原	喜重郎	新字新仮名	NDC 323	https://www.aozora.gr.jp/cards/001794/files/56614_ruby_57436.zip
056627	芸術統制是非	辰野	隆	新字新仮名	NDC 914	https://www.aozora.gr.jp/cards/001796/files/56627_txt_57994.zip
056628	私が張作霖を殺した	河本	大作	新字新仮名	NDC 210	https://www.aozora.gr.jp/cards/001797/files/56628_ruby_57513.zip
056634	幻化	梅崎	春生	新字新仮名	NDC 913	https://www.aozora.gr.jp/cards/001798/files/56634_ruby_58202.zip
056635	桜島	梅崎	春生	新字新仮名	NDC 913	https://www.aozora.gr.jp/cards/001798/files/56635_ruby_58170.zip
056636	日の果て	梅崎	春生	新字新仮名	NDC 913	https://www.aozora.gr.jp/cards/001798/files/56636_ruby_58229.zip
056637	風宴	梅崎	春生	新字新仮名	NDC 913	https://www.aozora.gr.jp/cards/001798/files/56637_ruby_58239.zip
056638	銀の匙	中	勘助	新字旧仮名	NDC 913	https://www.aozora.gr.jp/cards/001799/files/56638_ruby_61292.zip
056641	刺青	谷崎	潤一郎	新字新仮名	NDC 913	https://www.aozora.gr.jp/cards/001383/files/56641_ruby_59456.zip
056642	陰翳礼讃	谷崎	潤一郎	新字新仮名	NDC 914	https://www.aozora.gr.jp/cards/001383/files/56642_ruby_59574.zip
056643	少年	谷崎	潤一郎	新字新仮名	NDC 913	https://www.aozora.gr.jp/cards/001383/files/56643_ruby_58889.zip
056644	幇間	谷崎	潤一郎	新字新仮名	NDC 913	https://www.aozora.gr.jp/cards/001383/files/56644_ruby_58888.zip
056645	押絵と旅する男	江戸川	乱歩	新字新仮名	NDC 913	https://www.aozora.gr.jp/cards/001779/files/56645_ruby_58194.zip
056646	心理試験	江戸川	乱歩	新字新仮名	NDC 913	https://www.aozora.gr.jp/cards/001779/files/56646_ruby_58227.zip
056647	二銭銅貨	江戸川	乱歩	新字新仮名	NDC 913	https://www.aozora.gr.jp/cards/001779/files/56647_ruby_58166.zip
056648	人間椅子	江戸川	乱歩	新字新仮名	NDC 913	https://www.aozora.gr.jp/cards/001779/files/56648_ruby_58198.zip
056649	屋根裏の散歩者	江戸川	乱歩	新字新仮名	NDC 913	https://www.aozora.gr.jp/cards/001779/files/56649_ruby_59454.zip
056650	Ｄ坂の殺人事件	江戸川	乱歩	新字新仮名	NDC 913	https://www.aozora.gr.jp/cards/001779/files/56650_ruby_58200.zip
056651	パノラマ島綺譚	江戸川	乱歩	新字新仮名	NDC 913	https://www.aozora.gr.jp/cards/001779/files/56651_ruby_58728.zip
056654	身体検査	ソログープ	フョードル	新字新仮名	NDC K983	https://www.aozora.gr.jp/cards/001199/files/56654_ruby_58180.zip
056655	箱の中のあなた	山川	方夫	新字新仮名	NDC 913	https://www.aozora.gr.jp/cards/001801/files/56655_ruby_66935.zip
056656	罪と罰	ドストエフスキー	フィヨードル・ミハイロヴィチ	新字新仮名	NDC 983	https://www.aozora.gr.jp/cards/000363/files/56656_ruby_74439.zip
056658	吸血鬼	江戸川	乱歩	新字新仮名	NDC 913	https://www.aozora.gr.jp/cards/001779/files/56658_ruby_62777.zip
056659	魔術師	江戸川	乱歩	新字新仮名		https://www.aozora.gr.jp/cards/001779/files/56659_ruby_75882.zip
056660	上野界隈	久保田	万太郎	新字新仮名	NDC 914	https://www.aozora.gr.jp/cards/001692/files/56660_ruby_54496.zip
056669	少年探偵団	江戸川	乱歩	新字新仮名	NDC K913	https://www.aozora.gr.jp/cards/001779/files/56669_ruby_58718.zip
056670	妖怪博士	江戸川	乱歩	新字新仮名	NDC K913	https://www.aozora.gr.jp/cards/001779/files/56670_ruby_59514.zip
056671	青銅の魔人	江戸川	乱歩	新字新仮名	NDC K913	https://www.aozora.gr.jp/cards/001779/files/56671_ruby_59594.zip
056672	虎の牙	江戸川	乱歩	新字新仮名	NDC K913	https://www.aozora.gr.jp/cards/001779/files/56672_ruby_61189.zip
056673	怪奇四十面相	江戸川	乱歩	新字新仮名	NDC K913	https://www.aozora.gr.jp/cards/001779/files/56673_ruby_58784.zip
056674	宇宙怪人	江戸川	乱歩	新字新仮名	NDC K913	https://www.aozora.gr.jp/cards/001779/files/56674_ruby_61552.zip
056693	恐怖	谷崎	潤一郎	新字新仮名	NDC 913	https://www.aozora.gr.jp/cards/001383/files/56693_ruby_58787.zip
056695	牧野富太郎自叙伝	牧野	富太郎	新字新仮名	NDC 289 470	https://www.aozora.gr.jp/cards/001266/files/56695_ruby_52792.zip
056698	細雪	谷崎	潤一郎	新字新仮名	NDC 913	https://www.aozora.gr.jp/cards/001383/files/56698_ruby_59448.zip
056763	雨の日	辰野	隆	新字新仮名	NDC 914	https://www.aozora.gr.jp/cards/001796/files/56763_ruby_55612.zip
056764	水墨	小杉	放庵	新字新仮名	NDC 722	https://www.aozora.gr.jp/cards/001803/files/56764_ruby_55502.zip
056765	啄木とデカルト命題	三枝	博音	新字新仮名	NDC 121	https://www.aozora.gr.jp/cards/001804/files/56765_ruby_54477.zip
056766	符牒の語源	三遊亭	金馬	新字新仮名	NDC 779	https://www.aozora.gr.jp/cards/001805/files/56766_ruby_55508.zip
056771	瘋癲老人日記	谷崎	潤一郎	新字新仮名	NDC 915	https://www.aozora.gr.jp/cards/001383/files/56771_ruby_60190.zip
056772	Ｓの背中	梅崎	春生	新字新仮名	NDC 913	https://www.aozora.gr.jp/cards/001798/files/56772_ruby_58723.zip
056773	黄色い日日	梅崎	春生	新字新仮名	NDC 913	https://www.aozora.gr.jp/cards/001798/files/56773_ruby_58724.zip
056774	記憶	梅崎	春生	新字新仮名	NDC 913	https://www.aozora.gr.jp/cards/001798/files/56774_ruby_58806.zip
056775	狂い凧	梅崎	春生	新字新仮名	NDC 913	https://www.aozora.gr.jp/cards/001798/files/56775_ruby_58197.zip
056776	蜆	梅崎	春生	新字新仮名	NDC 913	https://www.aozora.gr.jp/cards/001798/files/56776_ruby_58887.zip
056777	庭の眺め	梅崎	春生	新字新仮名	NDC 913	https://www.aozora.gr.jp/cards/001798/files/56777_ruby_58886.zip
056778	凡人凡語	梅崎	春生	新字新仮名	NDC 913	https://www.aozora.gr.jp/cards/001798/files/56778_ruby_58805.zip
056779	ボロ家の春秋	梅崎	春生	新字新仮名	NDC 913	https://www.aozora.gr.jp/cards/001798/files/56779_ruby_58199.zip
056791	土俵の夢	尾崎	士郎	新字新仮名	NDC 788 914	https://www.aozora.gr.jp/cards/001753/files/56791_txt_55506.zip
056792	女性史研究の立場から	高群	逸枝	新字新仮名	NDC 367	https://www.aozora.gr.jp/cards/001780/files/56792_txt_55500.zip
056793	犬	三遊亭	金馬	新字新仮名	NDC 779	https://www.aozora.gr.jp/cards/001805/files/56793_ruby_55604.zip
056794	昔の言葉と悪口	三遊亭	金馬	新字新仮名	NDC 779	https://www.aozora.gr.jp/cards/001805/files/56794_ruby_55599.zip
056795	私の飼った犬	斉藤	弘吉	新字新仮名	NDC 645	https://www.aozora.gr.jp/cards/001806/files/56795_ruby_55510.zip
056824	噺家の着物	三遊亭	金馬	新字新仮名	NDC 779	https://www.aozora.gr.jp/cards/001805/files/56824_ruby_55589.zip
056827	銷夏漫筆	辰野	隆	新字新仮名	NDC 914	https://www.aozora.gr.jp/cards/001796/files/56827_ruby_55613.zip
056829	旧友の死	辰野	隆	新字旧仮名	NDC 914	https://www.aozora.gr.jp/cards/001796/files/56829_ruby_55603.zip
056830	書狼書豚	辰野	隆	新字旧仮名	NDC 024	https://www.aozora.gr.jp/cards/001796/files/56830_ruby_55584.zip
056844	世界記録と私	人見	絹枝	新字新仮名	NDC 782	https://www.aozora.gr.jp/cards/001809/files/56844_ruby_65417.zip
056846	鍵	谷崎	潤一郎	新字新仮名	NDC 913	https://www.aozora.gr.jp/cards/001383/files/56846_ruby_58857.zip
056847	少将滋幹の母	谷崎	潤一郎	新字新仮名	NDC 913	https://www.aozora.gr.jp/cards/001383/files/56847_ruby_58228.zip
056848	島守	中	勘助	新字新仮名	NDC 915	https://www.aozora.gr.jp/cards/001799/files/56848_ruby_58174.zip
056849	途上	谷崎	潤一郎	新字新仮名	NDC 913	https://www.aozora.gr.jp/cards/001383/files/56849_ruby_60099.zip
056859	愛書癖	辰野	隆	新字新仮名	NDC 024	https://www.aozora.gr.jp/cards/001796/files/56859_ruby_55492.zip
056860	感傷主義	辰野	隆	新字新仮名	NDC 914	https://www.aozora.gr.jp/cards/001796/files/56860_ruby_55585.zip
056861	記憶ちがい	辰野	隆	新字新仮名	NDC 914	https://www.aozora.gr.jp/cards/001796/files/56861_txt_55594.zip
056862	汝自身を知れ	辰野	隆	新字新仮名	NDC 914	https://www.aozora.gr.jp/cards/001796/files/56862_ruby_55663.zip
056863	浜尾新先生	辰野	隆	新字旧仮名	NDC 914	https://www.aozora.gr.jp/cards/001796/files/56863_ruby_55602.zip
056864	二人のセルヴィヤ人	辰野	隆	新字新仮名	NDC 914	https://www.aozora.gr.jp/cards/001796/files/56864_ruby_55607.zip
056865	パリの散策	辰野	隆	新字新仮名	NDC 914	https://www.aozora.gr.jp/cards/001796/files/56865_ruby_55608.zip
056866	春琴抄	谷崎	潤一郎	新字新仮名	NDC 913	https://www.aozora.gr.jp/cards/001383/files/56866_ruby_58168.zip
056867	吉野葛	谷崎	潤一郎	新字新仮名	NDC 913	https://www.aozora.gr.jp/cards/001383/files/56867_ruby_58196.zip
056868	盲目物語	谷崎	潤一郎	新字新仮名	NDC 913	https://www.aozora.gr.jp/cards/001383/files/56868_ruby_58707.zip
056869	武州公秘話	谷崎	潤一郎	新字新仮名	NDC 913	https://www.aozora.gr.jp/cards/001383/files/56869_ruby_60005.zip
056872	我が一九二二年	佐藤	春夫	新字旧仮名	NDC 911	https://www.aozora.gr.jp/cards/001763/files/56872_ruby_58774.zip
056873	卍	谷崎	潤一郎	新字新仮名	NDC 913	https://www.aozora.gr.jp/cards/001383/files/56873_ruby_62034.zip
056879	種紙の青む頃	前田	夕暮	新字新仮名	NDC 914	https://www.aozora.gr.jp/cards/000928/files/56879_ruby_54739.zip
056886	我が一九二二年	生田	長江	新字旧仮名	NDC 911 914	https://www.aozora.gr.jp/cards/000393/files/56886_ruby_58716.zip
056891	小桜姫物語	浅野	正恭	新字新仮名	NDC 147	https://www.aozora.gr.jp/cards/001816/files/56891_txt_53714.zip
056892	小桜姫物語	土井	晩翠	新字新仮名	NDC 147	https://www.aozora.gr.jp/cards/001081/files/56892_txt_53716.zip
056895	春の遠山入り	松濤	明	新字新仮名	NDC 786	https://www.aozora.gr.jp/cards/000307/files/56895_ruby_55954.zip
056896	槍ガ岳	松濤	明	新字新仮名	NDC 786	https://www.aozora.gr.jp/cards/000307/files/56896_ruby_55955.zip
056908	ヨブ記講演	内村	鑑三	新字新仮名	NDC 193	https://www.aozora.gr.jp/cards/000034/files/56908_ruby_64050.zip
056953	自然の復讐	丘	浅次郎	新字旧仮名	NDC 460	https://www.aozora.gr.jp/cards/001474/files/56953_txt_69522.zip
056954	人類の将来	丘	浅次郎	新字旧仮名	NDC 460	https://www.aozora.gr.jp/cards/001474/files/56954_ruby_57457.zip
056955	落第と退校	丘	浅次郎	新字旧仮名	NDC 289	https://www.aozora.gr.jp/cards/001474/files/56955_ruby_70910.zip
056980	秋	蔵原	伸二郎	新字新仮名	NDC 911	https://www.aozora.gr.jp/cards/001821/files/56980_txt_58234.zip
056981	自序にかえて	蔵原	伸二郎	新字新仮名	NDC 911 914	https://www.aozora.gr.jp/cards/001821/files/56981_txt_58230.zip
056982	五月の雉	蔵原	伸二郎	新字新仮名	NDC 911	https://www.aozora.gr.jp/cards/001821/files/56982_txt_58236.zip
056983	狐	蔵原	伸二郎	新字新仮名	NDC 911	https://www.aozora.gr.jp/cards/001821/files/56983_txt_58232.zip
056984	岸辺	蔵原	伸二郎	新字新仮名	NDC 911	https://www.aozora.gr.jp/cards/001821/files/56984_txt_58231.zip
056985	岩魚	蔵原	伸二郎	新字新仮名	NDC 911	https://www.aozora.gr.jp/cards/001821/files/56985_txt_58176.zip
056986	足跡	蔵原	伸二郎	新字新仮名	NDC 911	https://www.aozora.gr.jp/cards/001821/files/56986_txt_58235.zip
057020	悪夢	中村	地平	新字旧仮名	NDC 913	https://www.aozora.gr.jp/cards/001822/files/57020_ruby_60796.zip
057021	霧の蕃社	中村	地平	新字新仮名	NDC 913	https://www.aozora.gr.jp/cards/001822/files/57021_ruby_60797.zip
057022	南方郵信	中村	地平	新字新仮名	NDC 913	https://www.aozora.gr.jp/cards/001822/files/57022_ruby_60771.zip
057023	如何なる星の下に	高見	順	新字新仮名	NDC 913	https://www.aozora.gr.jp/cards/001823/files/57023_ruby_59517.zip
057024	死の淵より	高見	順	新字新仮名	NDC 911	https://www.aozora.gr.jp/cards/001823/files/57024_ruby_58172.zip
057057	宮崎の町	中村	地平	新字新仮名	NDC 915	https://www.aozora.gr.jp/cards/001822/files/57057_ruby_70125.zip
057058	愛のごとく	山川	方夫	新字新仮名	NDC 913	https://www.aozora.gr.jp/cards/001801/files/57058_ruby_63822.zip
057059	演技の果て	山川	方夫	新字新仮名	NDC 913	https://www.aozora.gr.jp/cards/001801/files/57059_ruby_63816.zip
057062	その一年	山川	方夫	新字新仮名	NDC 913	https://www.aozora.gr.jp/cards/001801/files/57062_ruby_58178.zip
057067	浴槽	大坪	砂男	新字新仮名	NDC 913	https://www.aozora.gr.jp/cards/001824/files/57067_ruby_58184.zip
057158	雲仙岳	菊池	幽芳	新字新仮名	NDC 915	https://www.aozora.gr.jp/cards/000514/files/57158_ruby_60001.zip
057162	芸術としての哲学	丘	浅次郎	新字旧仮名	NDC 104	https://www.aozora.gr.jp/cards/001474/files/57162_ruby_74383.zip
057163	人類の誇大狂	丘	浅次郎	新字旧仮名	NDC 460	https://www.aozora.gr.jp/cards/001474/files/57163_ruby_57362.zip
057164	理科教育の根底	丘	浅次郎	新字旧仮名	NDC 375	https://www.aozora.gr.jp/cards/001474/files/57164_ruby_72289.zip
057172	魚の餌	梅崎	春生	新字新仮名	NDC 913	https://www.aozora.gr.jp/cards/001798/files/57172_ruby_58240.zip
057173	三十六年前	森下	雨村	新字新仮名	NDC 914	https://www.aozora.gr.jp/cards/001826/files/57173_txt_58182.zip
057179	古句を観る	柴田	宵曲	新字新仮名	NDC 911	https://www.aozora.gr.jp/cards/001832/files/57179_ruby_60630.zip
057234	備後より	中村	憲吉	新字旧仮名	NDC 914	https://www.aozora.gr.jp/cards/000702/files/57234_ruby_61303.zip
057235	三次の鵜飼	中村	憲吉	新字旧仮名	NDC 914	https://www.aozora.gr.jp/cards/000702/files/57235_ruby_61304.zip
057236	頼杏坪先生	中村	憲吉	新字旧仮名	NDC 914	https://www.aozora.gr.jp/cards/000702/files/57236_ruby_61305.zip
057257	桜島噴火の概況	石川	成章	旧字旧仮名	NDC 453	https://www.aozora.gr.jp/cards/001835/files/57257_ruby_61558.zip
057339	この頃の皇太子殿下	小泉	信三	新字新仮名	NDC 288	https://www.aozora.gr.jp/cards/001846/files/57339_ruby_60633.zip
057354	可愛い山	石川	欣一	新字新仮名	NDC 291	https://www.aozora.gr.jp/cards/001380/files/57354_ruby_58040.zip
057357	雪割草の花	石川	欣一	新字新仮名	NDC 914	https://www.aozora.gr.jp/cards/001380/files/57357_ruby_59502.zip
057360	「俳諧大要」解説	柴田	宵曲	新字新仮名	NDC 911	https://www.aozora.gr.jp/cards/001832/files/57360_ruby_68723.zip
057376	伊豆伊東	木下	杢太郎	新字旧仮名		https://www.aozora.gr.jp/cards/000120/files/57376_ruby_76371.zip
057378	横浜及び異人館情調	木下	杢太郎	新字旧仮名		https://www.aozora.gr.jp/cards/000120/files/57378_ruby_77949.zip
057379	われ等の開港記念会館	山本	和久三	新字旧仮名		https://www.aozora.gr.jp/cards/001858/files/57379_txt_78349.zip
057382	三渓園	山本	和久三	新字旧仮名		https://www.aozora.gr.jp/cards/001858/files/57382_txt_78383.zip
057383	本覚寺の山門に立ちて	山本	和久三	新字旧仮名		https://www.aozora.gr.jp/cards/001858/files/57383_txt_78456.zip
057384	山下海岸……水の公園	山本	和久三	新字旧仮名		https://www.aozora.gr.jp/cards/001858/files/57384_txt_78273.zip
057385	山手公園の感触	山本	和久三	新字旧仮名		https://www.aozora.gr.jp/cards/001858/files/57385_txt_78668.zip
057386	生麦事変の趾	山本	和久三	新字旧仮名		https://www.aozora.gr.jp/cards/001858/files/57386_txt_78408.zip
057389	「君死にたまふことなかれ」	武田	麟太郎	新字旧仮名		https://www.aozora.gr.jp/cards/000189/files/57389_txt_77878.zip
057391	鎌倉	芳賀	矢一	新字新仮名	NDC 911	https://www.aozora.gr.jp/cards/000723/files/57391_ruby_75629.zip
057392	田園の憂欝	佐藤	春夫	新字旧仮名	NDC 913	https://www.aozora.gr.jp/cards/001763/files/57392_ruby_64382.zip
057393	地下生活者の手記	ドストエフスキー	フィヨードル・ミハイロヴィチ	新字新仮名	NDC 983	https://www.aozora.gr.jp/cards/000363/files/57393_ruby_66273.zip
057403	人類の生存競争	丘	浅次郎	新字新仮名	NDC 460	https://www.aozora.gr.jp/cards/001474/files/57403_ruby_62040.zip
057409	山の宿海の宿	河井	酔茗	新字旧仮名	NDC 911	https://www.aozora.gr.jp/cards/001861/files/57409_ruby_58776.zip
057410	発端・電話事件	式場	隆三郎	新字新仮名	NDC 521	https://www.aozora.gr.jp/cards/001862/files/57410_txt_58192.zip
057411	折紙	中	勘助	新字新仮名	NDC 914	https://www.aozora.gr.jp/cards/001799/files/57411_ruby_58769.zip
057412	きもの	中	勘助	新字旧仮名	NDC 914	https://www.aozora.gr.jp/cards/001799/files/57412_ruby_58795.zip
057418	教育と迷信	丘	浅次郎	新字新仮名	NDC 370	https://www.aozora.gr.jp/cards/001474/files/57418_ruby_62038.zip
057419	誤解せられたる生物学	丘	浅次郎	新字新仮名	NDC 460	https://www.aozora.gr.jp/cards/001474/files/57419_ruby_62149.zip
057428	堺へ帰らう	河井	酔茗	新字旧仮名	NDC 911	https://www.aozora.gr.jp/cards/001861/files/57428_ruby_58875.zip
057429	春の詩集	河井	酔茗	新字旧仮名	NDC 911	https://www.aozora.gr.jp/cards/001861/files/57429_ruby_58706.zip
057430	山の歓喜	河井	酔茗	新字旧仮名	NDC 911	https://www.aozora.gr.jp/cards/001861/files/57430_ruby_58775.zip
057431	ゆづり葉	河井	酔茗	新字旧仮名	NDC 911	https://www.aozora.gr.jp/cards/001861/files/57431_ruby_58186.zip
057432	老境	河井	酔茗	新字旧仮名	NDC 911	https://www.aozora.gr.jp/cards/001861/files/57432_ruby_58874.zip
057433	大阪の朝	安西	冬衛	新字新仮名	NDC 911	https://www.aozora.gr.jp/cards/001863/files/57433_ruby_58855.zip
057434	堺水族館の歌	安西	冬衛	新字旧仮名	NDC 911	https://www.aozora.gr.jp/cards/001863/files/57434_txt_58856.zip
057435	大大阪のれいめい	安西	冬衛	新字新仮名	NDC 911	https://www.aozora.gr.jp/cards/001863/files/57435_ruby_58188.zip
057436	水の上	安西	冬衛	新字新仮名	NDC 911	https://www.aozora.gr.jp/cards/001863/files/57436_ruby_58854.zip
057438	神経質に対する余の特殊療法	森田	正馬	旧字旧仮名	NDC 493	https://www.aozora.gr.jp/cards/001864/files/57438_txt_59457.zip
057495	青べか物語	山本	周五郎	新字新仮名	NDC 913	https://www.aozora.gr.jp/cards/001869/files/57495_ruby_65434.zip
057496	大和古寺風物誌	亀井	勝一郎	新字新仮名	NDC 702	https://www.aozora.gr.jp/cards/001870/files/57496_ruby_60770.zip
057499	雪	楠田	匡介	新字新仮名	NDC 913	https://www.aozora.gr.jp/cards/001866/files/57499_ruby_60656.zip
057501	乱歩分析	大下	宇陀児	新字新仮名	NDC 910	https://www.aozora.gr.jp/cards/001872/files/57501_ruby_63027.zip
057530	府中のけやき	中	勘助	新字旧仮名	NDC 914	https://www.aozora.gr.jp/cards/001799/files/57530_ruby_61318.zip
057535	青竹	山本	周五郎	新字新仮名	NDC 913	https://www.aozora.gr.jp/cards/001869/files/57535_ruby_75855.zip
057536	朝顔草紙	山本	周五郎	新字新仮名		https://www.aozora.gr.jp/cards/001869/files/57536_ruby_78755.zip
057537	おさん	山本	周五郎	新字新仮名	NDC 913	https://www.aozora.gr.jp/cards/001869/files/57537_ruby_75636.zip
057538	入婿十万両	山本	周五郎	新字新仮名		https://www.aozora.gr.jp/cards/001869/files/57538_ruby_76357.zip
057539	いしが奢る	山本	周五郎	新字新仮名	NDC 913	https://www.aozora.gr.jp/cards/001869/files/57539_ruby_74369.zip
057541	おごそかな渇き	山本	周五郎	新字新仮名	NDC 913	https://www.aozora.gr.jp/cards/001869/files/57541_ruby_74901.zip
057542	赤ひげ診療譚	山本	周五郎	新字新仮名	NDC 913	https://www.aozora.gr.jp/cards/001869/files/57542_ruby_66487.zip
057543	いさましい話	山本	周五郎	新字新仮名	NDC 913	https://www.aozora.gr.jp/cards/001869/files/57543_ruby_69254.zip
057544	赤ひげ診療譚	山本	周五郎	新字新仮名	NDC 913	https://www.aozora.gr.jp/cards/001869/files/57544_ruby_65443.zip
057545	雨の山吹	山本	周五郎	新字新仮名	NDC 913	https://www.aozora.gr.jp/cards/001869/files/57545_ruby_74594.zip
057546	一人ならじ	山本	周五郎	新字新仮名	NDC 913	https://www.aozora.gr.jp/cards/001869/files/57546_ruby_75866.zip
057547	石ころ	山本	周五郎	新字新仮名	NDC 913	https://www.aozora.gr.jp/cards/001869/files/57547_ruby_75864.zip
057551	葦は見ていた	山本	周五郎	新字新仮名	NDC 913	https://www.aozora.gr.jp/cards/001869/files/57551_ruby_75857.zip
057553	御馬印拝借	山本	周五郎	新字新仮名		https://www.aozora.gr.jp/cards/001869/files/57553_ruby_78518.zip
057554	追いついた夢	山本	周五郎	新字新仮名	NDC 913	https://www.aozora.gr.jp/cards/001869/files/57554_ruby_72760.zip
057856	二十四の瞳	壺井	栄	新字新仮名	NDC 913	https://www.aozora.gr.jp/cards/001875/files/57856_ruby_63623.zip
057857	海からきた卵	塚原	健二郎	新字新仮名	NDC K913	https://www.aozora.gr.jp/cards/001876/files/57857_ruby_62109.zip
057890	擬似新年	大下	宇陀児	新字新仮名	NDC 914	https://www.aozora.gr.jp/cards/001872/files/57890_txt_60626.zip
057899	憲政に於ける輿論の勢力	大隈	重信	新字新仮名	NDC 314	https://www.aozora.gr.jp/cards/001879/files/57899_ruby_70396.zip
057901	金魚は死んでいた	大下	宇陀児	新字新仮名	NDC 913	https://www.aozora.gr.jp/cards/001872/files/57901_ruby_62115.zip
057902	学問の独立と東京専門学校の創立	大隈	重信	新字新仮名	NDC 377	https://www.aozora.gr.jp/cards/001879/files/57902_ruby_65950.zip
057907	“指揮権発動”を書かざるの記	犬養	健	新字新仮名	NDC 312	https://www.aozora.gr.jp/cards/001543/files/57907_ruby_65453.zip
057965	校歌「都の西北」と私	相馬	御風	旧字旧仮名	NDC 914	https://www.aozora.gr.jp/cards/000959/files/57965_txt_61298.zip
057966	坪内先生を憶ふ	相馬	御風	旧字旧仮名	NDC 914	https://www.aozora.gr.jp/cards/000959/files/57966_txt_60799.zip
057971	帰依と復活	亀井	勝一郎	新字旧仮名	NDC 702	https://www.aozora.gr.jp/cards/001870/files/57971_ruby_63025.zip
057972	君臣相念	亀井	勝一郎	新字旧仮名	NDC 914	https://www.aozora.gr.jp/cards/001870/files/57972_ruby_63796.zip
057975	音楽に就いて	会津	八一	旧字旧仮名	NDC 914	https://www.aozora.gr.jp/cards/001245/files/57975_txt_63036.zip
057976	学規	会津	八一	旧字旧仮名	NDC 914	https://www.aozora.gr.jp/cards/001245/files/57976_txt_61953.zip
057977	趣味の向上	会津	八一	旧字旧仮名	NDC 914	https://www.aozora.gr.jp/cards/001245/files/57977_txt_63037.zip
057978	少年少女におくる言葉	会津	八一	旧字旧仮名	NDC K914	https://www.aozora.gr.jp/cards/001245/files/57978_txt_61951.zip
057984	〔憲政本党〕総理退任の辞	大隈	重信	新字新仮名	NDC 310	https://www.aozora.gr.jp/cards/001879/files/57984_ruby_66693.zip
057985	外交の方針	大隈	重信	新字新仮名	NDC 319	https://www.aozora.gr.jp/cards/001879/files/57985_ruby_65641.zip
057986	勢力の中心を議会に移すべし	大隈	重信	新字新仮名	NDC 314	https://www.aozora.gr.jp/cards/001879/files/57986_ruby_66927.zip
057987	東亜の平和を論ず	大隈	重信	新字新仮名	NDC 319	https://www.aozora.gr.jp/cards/001879/files/57987_ruby_67695.zip
057988	平和事業の将来	大隈	重信	新字新仮名	NDC 319	https://www.aozora.gr.jp/cards/001879/files/57988_ruby_66485.zip
057989	明治文明史上に於ける福沢翁	大隈	重信	新字新仮名	NDC 370	https://www.aozora.gr.jp/cards/001879/files/57989_ruby_63792.zip
057990	早稲田大学の教旨	大隈	重信	新字新仮名	NDC 377	https://www.aozora.gr.jp/cards/001879/files/57990_ruby_65953.zip
057996	荒野の呼び声	山本	政喜	新字新仮名	NDC 933	https://www.aozora.gr.jp/cards/001770/files/57996_ruby_72088.zip
057997	忘られぬお国言葉	池田	亀鑑	新字旧仮名	NDC 914	https://www.aozora.gr.jp/cards/001413/files/57997_ruby_63212.zip
058004	左千夫先生への追憶	石原	純	新字新仮名	NDC 910	https://www.aozora.gr.jp/cards/001429/files/58004_ruby_65190.zip
058005	アインシュタイン教授をわが国に迎えて	石原	純	新字新仮名	NDC 289	https://www.aozora.gr.jp/cards/001429/files/58005_ruby_67386.zip
058008	ガリレオ・ガリレイ	石原	純	新字新仮名	NDC K289	https://www.aozora.gr.jp/cards/001429/files/58008_ruby_66923.zip
058010	知られざる漱石	小宮	豊隆	旧字旧仮名	NDC 910	https://www.aozora.gr.jp/cards/001884/files/58010_ruby_60642.zip
058013	祝東京専門学校之開校	小野	梓	新字新仮名	NDC 377	https://www.aozora.gr.jp/cards/001887/files/58013_ruby_65952.zip
058020	チャールズ・ダーウィン	石原	純	新字新仮名	NDC K289	https://www.aozora.gr.jp/cards/001429/files/58020_ruby_66919.zip
058021	ニュートン	石原	純	新字新仮名	NDC K289	https://www.aozora.gr.jp/cards/001429/files/58021_ruby_66496.zip
058022	ラヴォアジエ	石原	純	新字新仮名	NDC K289	https://www.aozora.gr.jp/cards/001429/files/58022_ruby_65450.zip
058023	ロバート・ボイル	石原	純	新字新仮名	NDC K289	https://www.aozora.gr.jp/cards/001429/files/58023_ruby_66702.zip
058030	小指一本の大試合	山中	峯太郎	新字新仮名	NDC K913	https://www.aozora.gr.jp/cards/001889/files/58030_ruby_60635.zip
058045	キュリー夫人	石原	純	新字新仮名	NDC K289	https://www.aozora.gr.jp/cards/001429/files/58045_ruby_66266.zip
058046	グレゴール・メンデル	石原	純	新字新仮名	NDC K289	https://www.aozora.gr.jp/cards/001429/files/58046_ruby_65173.zip
058047	ヘルムホルツ	石原	純	新字新仮名	NDC K289	https://www.aozora.gr.jp/cards/001429/files/58047_ruby_65458.zip
058048	マイケル・ファラデイ	石原	純	新字新仮名	NDC K289	https://www.aozora.gr.jp/cards/001429/files/58048_ruby_65666.zip
058049	メンデレーエフ	石原	純	新字新仮名	NDC K289	https://www.aozora.gr.jp/cards/001429/files/58049_ruby_66913.zip
058050	「ニールスのふしぎな旅　上」まえがき	矢崎	源九郎	新字新仮名	NDC K949	https://www.aozora.gr.jp/cards/001891/files/58050_ruby_69526.zip
058051	「ニールスのふしぎな旅　下」まえがき	矢崎	源九郎	新字新仮名	NDC K949	https://www.aozora.gr.jp/cards/001891/files/58051_ruby_69525.zip
058052	ニールスのふしぎな旅	矢崎	源九郎	新字新仮名	NDC K949	https://www.aozora.gr.jp/cards/001892/files/58052_ruby_69527.zip
058055	雲南守備兵	木村	荘十	新字新仮名	NDC 913	https://www.aozora.gr.jp/cards/001894/files/58055_ruby_63590.zip
058057	洪川禅師のことども	鈴木	大拙	新字新仮名	NDC 188	https://www.aozora.gr.jp/cards/001833/files/58057_ruby_63022.zip
058058	釈宗演師を語る	鈴木	大拙	新字新仮名	NDC 188	https://www.aozora.gr.jp/cards/001833/files/58058_ruby_65164.zip
058059	僧堂教育論	鈴木	大拙	新字新仮名	NDC 188	https://www.aozora.gr.jp/cards/001833/files/58059_ruby_61997.zip
058060	楞迦窟老大師の一年忌に当りて	鈴木	大拙	新字新仮名	NDC 188	https://www.aozora.gr.jp/cards/001833/files/58060_ruby_65945.zip
058061	鹿山庵居	鈴木	大拙	新字新仮名	NDC 188	https://www.aozora.gr.jp/cards/001833/files/58061_ruby_62773.zip
058065	夕張の宿	小山	清	新字新仮名	NDC 913	https://www.aozora.gr.jp/cards/001867/files/58065_ruby_62509.zip
058067	遊びの芸術	相馬	御風	旧字旧仮名	NDC 914	https://www.aozora.gr.jp/cards/000959/files/58067_txt_61297.zip
058068	孤座	相馬	御風	旧字旧仮名	NDC 914	https://www.aozora.gr.jp/cards/000959/files/58068_txt_61976.zip
058069	独愁	相馬	御風	旧字旧仮名	NDC 914	https://www.aozora.gr.jp/cards/000959/files/58069_txt_61978.zip
058081	青年の新活動方面	大隈	重信	新字新仮名	NDC 159	https://www.aozora.gr.jp/cards/001879/files/58081_ruby_65166.zip
058082	新島先生を憶う	大隈	重信	新字新仮名	NDC 289	https://www.aozora.gr.jp/cards/001879/files/58082_ruby_63511.zip
058083	福沢先生の処世主義と我輩の処世主義	大隈	重信	新字新仮名	NDC 159	https://www.aozora.gr.jp/cards/001879/files/58083_ruby_63791.zip
058084	婦人に対する実業思想の急務	大隈	重信	新字新仮名	NDC 367	https://www.aozora.gr.jp/cards/001879/files/58084_ruby_71119.zip
058085	余が平和主義の立脚点	大隈	重信	新字新仮名	NDC 319	https://www.aozora.gr.jp/cards/001879/files/58085_ruby_63487.zip
058086	我輩の智識吸収法	大隈	重信	新字新仮名	NDC 159	https://www.aozora.gr.jp/cards/001879/files/58086_ruby_64026.zip
058087	我輩は何故いつまでもすべてに於て衰えぬか	大隈	重信	新字新仮名	NDC 159	https://www.aozora.gr.jp/cards/001879/files/58087_ruby_63809.zip
058088	ユダヤ人のブナの木	ドロステ＝ヒュルスホフ	アネッテ・フォン	旧字新仮名	NDC 943	https://www.aozora.gr.jp/cards/001900/files/58088_ruby_60659.zip
058089	怒れる高村軍曹	新井	紀一	新字旧仮名	NDC 913	https://www.aozora.gr.jp/cards/001902/files/58089_txt_60622.zip
058090	指導物語	上田	広	新字新仮名	NDC 913	https://www.aozora.gr.jp/cards/001903/files/58090_ruby_60637.zip
058091	ある死、次の死	佐佐木	茂索	新字旧仮名	NDC 913	https://www.aozora.gr.jp/cards/001904/files/58091_ruby_60620.zip
058092	第四階級の文学	中野	秀人	新字新仮名	NDC 914	https://www.aozora.gr.jp/cards/001905/files/58092_ruby_60645.zip
058094	雑草雑語	河井	寛次郎	新字旧仮名	NDC 914	https://www.aozora.gr.jp/cards/001906/files/58094_ruby_63031.zip
058095	花	窪田	空穂	新字新仮名	NDC 914	https://www.aozora.gr.jp/cards/001907/files/58095_ruby_63625.zip
058096	馬鈴薯の花	亀井	勝一郎	新字新仮名	NDC 914	https://www.aozora.gr.jp/cards/001870/files/58096_ruby_60652.zip
058097	物語の絵画化についてなど	亀井	勝一郎	新字旧仮名	NDC 702	https://www.aozora.gr.jp/cards/001870/files/58097_ruby_63026.zip
058098	社日桜	河井	寛次郎	新字新仮名	NDC 914	https://www.aozora.gr.jp/cards/001906/files/58098_txt_60640.zip
058099	立春開門	河井	寛次郎	新字新仮名	NDC 914	https://www.aozora.gr.jp/cards/001906/files/58099_ruby_60768.zip
058130	妹の死	中	勘助	新字新仮名	NDC 914	https://www.aozora.gr.jp/cards/001799/files/58130_ruby_63046.zip
058131	能の見はじめ	中	勘助	新字旧仮名	NDC 914	https://www.aozora.gr.jp/cards/001799/files/58131_ruby_61319.zip
058132	独り碁	中	勘助	新字新仮名	NDC 914	https://www.aozora.gr.jp/cards/001799/files/58132_ruby_63045.zip
058133	かなしみ	高見	順	新字旧仮名	NDC 914	https://www.aozora.gr.jp/cards/001823/files/58133_txt_62127.zip
058136	初旅の残像	安倍	能成	新字旧仮名	NDC 915	https://www.aozora.gr.jp/cards/001909/files/58136_ruby_60649.zip
058137	かき・みかん・かに	中島	哀浪	新字新仮名	NDC 911	https://www.aozora.gr.jp/cards/001910/files/58137_ruby_60624.zip
058138	枕物狂	川田	順	新字旧仮名	NDC 914	https://www.aozora.gr.jp/cards/001911/files/58138_ruby_60654.zip
058139	時の流れ	鈴木	大拙	新字旧仮名	NDC 180	https://www.aozora.gr.jp/cards/001833/files/58139_txt_60647.zip
058140	百済観音と夢殿観音と中宮寺弥勒	野間	清六	新字新仮名	NDC 718	https://www.aozora.gr.jp/cards/001912/files/58140_txt_60628.zip
058141	福翁自伝	石河	幹明	新字新仮名	NDC 289	https://www.aozora.gr.jp/cards/001206/files/58141_ruby_61550.zip
058142	二つの絵	小穴	隆一	旧字旧仮名	NDC 910	https://www.aozora.gr.jp/cards/001908/files/58142_ruby_62063.zip
058143	悦しき知識	深瀬	基寛	新字新仮名	NDC 930	https://www.aozora.gr.jp/cards/001913/files/58143_ruby_60661.zip
058144	曠日	佐佐木	茂索	新字旧仮名		https://www.aozora.gr.jp/cards/001904/files/58144_ruby_77665.zip
058146	秋月先生の古稀を祝して	小泉	八雲	旧字旧仮名	NDC 934	https://www.aozora.gr.jp/cards/000258/files/58146_txt_65150.zip
058147	明治三十四年東京帝国大学文学部卒業生に	小泉	八雲	旧字旧仮名	NDC 934	https://www.aozora.gr.jp/cards/000258/files/58147_txt_65674.zip
058149	結婚	中	勘助	新字新仮名	NDC 914	https://www.aozora.gr.jp/cards/001799/files/58149_ruby_64575.zip
058156	雨粒	石原	純	新字新仮名	NDC 914	https://www.aozora.gr.jp/cards/001429/files/58156_ruby_63505.zip
058160	ジェームズ・ワット	石原	純	新字新仮名	NDC K289	https://www.aozora.gr.jp/cards/001429/files/58160_ruby_65449.zip
058165	絵のない絵本	アンデルセン	ハンス・クリスチャン	新字新仮名	NDC K949	https://www.aozora.gr.jp/cards/000019/files/58165_ruby_64285.zip
058166	絵のない絵本	矢崎	源九郎	新字新仮名	NDC K949	https://www.aozora.gr.jp/cards/001891/files/58166_ruby_63592.zip
058185	生い立ちの記	小山	清	新字新仮名	NDC 914	https://www.aozora.gr.jp/cards/001867/files/58185_ruby_62754.zip
058186	桜林	小山	清	新字新仮名	NDC 913	https://www.aozora.gr.jp/cards/001867/files/58186_ruby_62508.zip
058187	落穂拾い	小山	清	新字新仮名	NDC 914	https://www.aozora.gr.jp/cards/001867/files/58187_ruby_62753.zip
058188	西隣塾記	小山	清	新字新仮名	NDC 914	https://www.aozora.gr.jp/cards/001867/files/58188_ruby_66278.zip
058189	聖アンデルセン	小山	清	新字新仮名	NDC K913	https://www.aozora.gr.jp/cards/001867/files/58189_ruby_69259.zip
058190	前途なお	小山	清	新字新仮名	NDC 913	https://www.aozora.gr.jp/cards/001867/files/58190_ruby_65419.zip
058191	早春	小山	清	新字新仮名	NDC 913	https://www.aozora.gr.jp/cards/001867/files/58191_ruby_64017.zip
058192	その人	小山	清	新字新仮名	NDC 913	https://www.aozora.gr.jp/cards/001867/files/58192_ruby_65418.zip
058193	遁走	小山	清	新字新仮名	NDC 914	https://www.aozora.gr.jp/cards/001867/files/58193_ruby_66279.zip
058194	朴歯の下駄	小山	清	新字新仮名	NDC 913	https://www.aozora.gr.jp/cards/001867/files/58194_ruby_66680.zip
058195	安い頭	小山	清	新字新仮名	NDC 913	https://www.aozora.gr.jp/cards/001867/files/58195_ruby_66681.zip
058196	わが師への書	小山	清	新字新仮名	NDC 913	https://www.aozora.gr.jp/cards/001867/files/58196_ruby_67376.zip
058197	メフィスト	小山	清	新字新仮名	NDC 913	https://www.aozora.gr.jp/cards/001867/files/58197_ruby_71101.zip
058199	クロイツェル・ソナタ	トルストイ	レオ	新字新仮名	NDC 983	https://www.aozora.gr.jp/cards/000361/files/58199_ruby_69535.zip
058202	一顆の栗一顆の小なし	小穴	隆一	新字旧仮名	NDC 914	https://www.aozora.gr.jp/cards/001908/files/58202_txt_61205.zip
058230	私は隠居ではない	吉田	茂	新字新仮名	NDC 310	https://www.aozora.gr.jp/cards/001924/files/58230_ruby_63641.zip
058239	蝶が飛ぶ　葉っぱが飛ぶ	河井	寛次郎	新字新仮名	NDC 914	https://www.aozora.gr.jp/cards/001906/files/58239_ruby_61535.zip
058307	地蔵尊	徳冨	蘆花	新字新仮名	NDC 914	https://www.aozora.gr.jp/cards/000280/files/58307_ruby_65660.zip
058310	仏像とパゴダ	高見	順	新字新仮名	NDC 718 914	https://www.aozora.gr.jp/cards/001823/files/58310_ruby_65436.zip
058311	現代と浄土宗	佐藤	春夫	新字新仮名	NDC 914	https://www.aozora.gr.jp/cards/001763/files/58311_ruby_63798.zip
058315	西行の眼	下村	湖人	新字新仮名	NDC 914	https://www.aozora.gr.jp/cards/001097/files/58315_ruby_63810.zip
058324	井伏鱒二によせて	小山	清	新字新仮名	NDC 910	https://www.aozora.gr.jp/cards/001867/files/58324_ruby_66924.zip
058336	又三郎の学校	小穴	隆一	新字旧仮名	NDC 914	https://www.aozora.gr.jp/cards/001908/files/58336_ruby_62077.zip
058337	いやな感じ	高見	順	新字新仮名	NDC 913	https://www.aozora.gr.jp/cards/001823/files/58337_ruby_69948.zip
058400	北越雪譜	岡田	武松	新字旧仮名	NDC 914	https://www.aozora.gr.jp/cards/001930/files/58400_ruby_69156.zip
058401	北越雪譜	岡田	武松	新字旧仮名	NDC 914	https://www.aozora.gr.jp/cards/001930/files/58401_ruby_70228.zip
058413	私の思い出	柳原	白蓮	新字新仮名	NDC 914	https://www.aozora.gr.jp/cards/001934/files/58413_ruby_63639.zip
058454	今の写生文	島村	抱月	旧字旧仮名	NDC 914	https://www.aozora.gr.jp/cards/000599/files/58454_ruby_69834.zip
058455	現代の文脈	島村	抱月	旧字旧仮名	NDC 914	https://www.aozora.gr.jp/cards/000599/files/58455_txt_69909.zip
058459	あじさい	佐藤	春夫	新字新仮名	NDC 913	https://www.aozora.gr.jp/cards/001763/files/58459_txt_62514.zip
058490	デモクラシーのいろいろ	笠	信太郎	旧字旧仮名	NDC 310	https://www.aozora.gr.jp/cards/001937/files/58490_ruby_63619.zip
058496	『言苑』跋	新村	出	新字新仮名	NDC 813	https://www.aozora.gr.jp/cards/001938/files/58496_txt_68230.zip
058497	『広辞苑』自序	新村	出	新字新仮名	NDC 813	https://www.aozora.gr.jp/cards/001938/files/58497_txt_63603.zip
058498	『広辞苑』後記	新村	出	新字新仮名	NDC 813	https://www.aozora.gr.jp/cards/001938/files/58498_txt_65437.zip
058500	『言林』跋	新村	出	新字新仮名	NDC 813	https://www.aozora.gr.jp/cards/001938/files/58500_txt_68231.zip
058501	『言林』改訂版の序	新村	出	新字新仮名	NDC 813	https://www.aozora.gr.jp/cards/001938/files/58501_txt_67993.zip
058502	『言林』新版序	新村	出	新字新仮名	NDC 813	https://www.aozora.gr.jp/cards/001938/files/58502_txt_67994.zip
058505	『小言林』あとがき	新村	出	新字新仮名	NDC 813	https://www.aozora.gr.jp/cards/001938/files/58505_txt_67400.zip
058506	『新辞泉』序文	新村	出	新字新仮名	NDC 813	https://www.aozora.gr.jp/cards/001938/files/58506_txt_67399.zip
058508	『辞苑』跋	新村	出	新字旧仮名	NDC 813	https://www.aozora.gr.jp/cards/001938/files/58508_txt_65924.zip
058535	学生時代の菊池寛	恒藤	恭	旧字旧仮名	NDC 910	https://www.aozora.gr.jp/cards/001939/files/58535_txt_63596.zip
058540	西班牙犬の家	佐藤	春夫	新字新仮名	NDC 913	https://www.aozora.gr.jp/cards/001763/files/58540_ruby_62515.zip
058553	裸体美に就て	小倉	右一郎	旧字旧仮名	NDC 701	https://www.aozora.gr.jp/cards/001940/files/58553_ruby_68206.zip
058554	或る文学青年像	佐藤	春夫	新字旧仮名	NDC 913	https://www.aozora.gr.jp/cards/001763/files/58554_txt_71100.zip
058565	「の」の字の世界	佐藤	春夫	新字新仮名	NDC K913	https://www.aozora.gr.jp/cards/001763/files/58565_ruby_62792.zip
058566	稀有の文才	佐藤	春夫	新字旧仮名	NDC 910	https://www.aozora.gr.jp/cards/001763/files/58566_ruby_63502.zip
058567	個人的な余りに個人的な饒舌	佐藤	春夫	新字旧仮名	NDC 910	https://www.aozora.gr.jp/cards/001763/files/58567_ruby_68454.zip
058568	新詩社と石川啄木	佐藤	春夫	新字旧仮名	NDC 911	https://www.aozora.gr.jp/cards/001763/files/58568_txt_66936.zip
058569	永井荷風	佐藤	春夫	新字旧仮名	NDC 910	https://www.aozora.gr.jp/cards/001763/files/58569_ruby_63185.zip
058570	堀辰雄のこと	佐藤	春夫	新字旧仮名	NDC 914	https://www.aozora.gr.jp/cards/001763/files/58570_txt_64585.zip
058577	芥川竜之介を哭す	佐藤	春夫	旧字旧仮名	NDC 910	https://www.aozora.gr.jp/cards/001763/files/58577_txt_67363.zip
058578	最初の訪問	佐藤	春夫	旧字旧仮名	NDC 910	https://www.aozora.gr.jp/cards/001763/files/58578_ruby_67365.zip
058579	ラヂオ閑話	成沢	玲川	旧字旧仮名	NDC 699	https://www.aozora.gr.jp/cards/001943/files/58579_txt_66482.zip
058598	一家	中野	鈴子	新字新仮名	NDC 911	https://www.aozora.gr.jp/cards/001637/files/58598_txt_65933.zip
058599	小林多喜二のお母さん	中野	鈴子	新字新仮名	NDC 911	https://www.aozora.gr.jp/cards/001637/files/58599_txt_63815.zip
058600	母の手紙	中野	鈴子	新字新仮名	NDC 911	https://www.aozora.gr.jp/cards/001637/files/58600_ruby_68221.zip
058601	大根の葉	壺井	栄	新字新仮名	NDC 913	https://www.aozora.gr.jp/cards/001875/files/58601_ruby_71106.zip
058602	柿の木のある家	壺井	栄	新字新仮名	NDC K913	https://www.aozora.gr.jp/cards/001875/files/58602_ruby_71394.zip
058614	風蕭々	尾崎	士郎	新字新仮名		https://www.aozora.gr.jp/cards/001753/files/58614_ruby_76375.zip
058616	学校騒動	尾崎	士郎	新字新仮名		https://www.aozora.gr.jp/cards/001753/files/58616_ruby_77510.zip
058618	「早稲田大学」凡例	尾崎	士郎	新字新仮名		https://www.aozora.gr.jp/cards/001753/files/58618_ruby_77624.zip
058620	早稲田大学	尾崎	士郎	新字新仮名		https://www.aozora.gr.jp/cards/001753/files/58620_ruby_76380.zip
058623	早稲田大学について	尾崎	士郎	新字新仮名		https://www.aozora.gr.jp/cards/001753/files/58623_ruby_77622.zip
058663	趣味の修養	会津	八一	旧字旧仮名	NDC 914	https://www.aozora.gr.jp/cards/001245/files/58663_txt_66288.zip
058664	綜合大学の図書	会津	八一	旧字旧仮名	NDC 914	https://www.aozora.gr.jp/cards/001245/files/58664_txt_68691.zip
058665	綜合大学を迎へて	会津	八一	旧字旧仮名	NDC 377 914	https://www.aozora.gr.jp/cards/001245/files/58665_txt_69529.zip
058666	大学とその総長	会津	八一	旧字旧仮名	NDC 377 914	https://www.aozora.gr.jp/cards/001245/files/58666_txt_69528.zip
058686	革命を待つ心	鮎川	義介	旧字旧仮名	NDC 304	https://www.aozora.gr.jp/cards/001948/files/58686_txt_63599.zip
058687	老人退場説	山浦	貫一	旧字旧仮名	NDC 367	https://www.aozora.gr.jp/cards/001949/files/58687_txt_63637.zip
058704	ある偃松の独白	中村	清太郎	新字新仮名	NDC 291	https://www.aozora.gr.jp/cards/001954/files/58704_ruby_70724.zip
058705	心のゆくところ（一幕）	イエイツ	ウィリアム・バトラー	新字新仮名	NDC 932	https://www.aozora.gr.jp/cards/001085/files/58705_ruby_66916.zip
058706	鷹の井戸（一幕）	イエイツ	ウィリアム・バトラー	新字旧仮名	NDC 932	https://www.aozora.gr.jp/cards/001085/files/58706_ruby_66708.zip
058707	カスリイン・ニ・フウリハン（一幕）	イエイツ	ウィリアム・バトラー	新字新仮名	NDC 932	https://www.aozora.gr.jp/cards/001085/files/58707_ruby_67394.zip
058709	風を喜ぶ	前田	夕暮	新字旧仮名		https://www.aozora.gr.jp/cards/000928/files/58709_txt_77145.zip
058710	風に吹かれる木の葉	前田	夕暮	新字旧仮名		https://www.aozora.gr.jp/cards/000928/files/58710_txt_77932.zip
058711	木枯	前田	夕暮	新字旧仮名		https://www.aozora.gr.jp/cards/000928/files/58711_ruby_78291.zip
058712	風波の日	前田	夕暮	新字旧仮名		https://www.aozora.gr.jp/cards/000928/files/58712_ruby_77834.zip
058752	五階の窓	森下	雨村	新字新仮名	NDC 913	https://www.aozora.gr.jp/cards/001826/files/58752_ruby_67971.zip
058798	歓喜	中野	鈴子	新字新仮名	NDC 911	https://www.aozora.gr.jp/cards/001637/files/58798_txt_66475.zip
058799	飢餓の中から	中野	鈴子	新字新仮名	NDC 911	https://www.aozora.gr.jp/cards/001637/files/58799_ruby_66476.zip
058800	月は中天に	中野	鈴子	新字新仮名	NDC 911	https://www.aozora.gr.jp/cards/001637/files/58800_txt_65934.zip
058801	途中で	中野	鈴子	新字新仮名	NDC 911	https://www.aozora.gr.jp/cards/001637/files/58801_ruby_66701.zip
058802	母の叫び	中野	鈴子	新字新仮名	NDC 911	https://www.aozora.gr.jp/cards/001637/files/58802_txt_65433.zip
058803	方向	中野	鈴子	新字新仮名	NDC 911	https://www.aozora.gr.jp/cards/001637/files/58803_txt_66700.zip
058804	わたしの正月	中野	鈴子	新字新仮名	NDC 911	https://www.aozora.gr.jp/cards/001637/files/58804_ruby_66669.zip
058808	素人図書館人の手記	金森	徳次郎	旧字新仮名	NDC 010	https://www.aozora.gr.jp/cards/001956/files/58808_txt_67391.zip
058810	未亡人と人道問題	二葉亭	四迷	新字旧仮名	NDC 367	https://www.aozora.gr.jp/cards/000006/files/58810_ruby_70926.zip
058812	刺青	富田	常雄	新字新仮名	NDC 913	https://www.aozora.gr.jp/cards/001958/files/58812_ruby_69282.zip
058813	面	富田	常雄	新字新仮名	NDC 913	https://www.aozora.gr.jp/cards/001958/files/58813_ruby_69897.zip
058819	露都雑記	二葉亭	四迷	新字旧仮名	NDC 914	https://www.aozora.gr.jp/cards/000006/files/58819_ruby_70681.zip
058820	椋のミハイロ	二葉亭	四迷	新字旧仮名	NDC 989	https://www.aozora.gr.jp/cards/001959/files/58820_ruby_70941.zip
058832	父八雲を語る	稲垣	巌	新字新仮名	NDC 930	https://www.aozora.gr.jp/cards/001961/files/58832_ruby_65673.zip
058834	江戸前の釣り	三遊亭	金馬	新字新仮名	NDC 787	https://www.aozora.gr.jp/cards/001805/files/58834_ruby_71891.zip
058847	すずの兵隊さん	アンデルセン	ハンス・クリスチャン	新字新仮名	NDC K949	https://www.aozora.gr.jp/cards/000019/files/58847_ruby_70917.zip
058848	人魚の姫	アンデルセン	ハンス・クリスチャン	新字新仮名	NDC K949	https://www.aozora.gr.jp/cards/000019/files/58848_ruby_67657.zip
058853	歌詞とその曲	信時	潔	新字新仮名	NDC 767	https://www.aozora.gr.jp/cards/001963/files/58853_ruby_69713.zip
058854	望ましい音楽	信時	潔	新字新仮名	NDC 760	https://www.aozora.gr.jp/cards/001963/files/58854_ruby_68689.zip
058856	永井荷風といふ男	生田	葵山	旧字旧仮名	NDC 910	https://www.aozora.gr.jp/cards/000392/files/58856_ruby_66467.zip
058862	残雪の幻像	中村	清太郎	新字新仮名	NDC 291	https://www.aozora.gr.jp/cards/001954/files/58862_ruby_63609.zip
058876	天川恵三郎手記	天川	恵三郎	新字旧仮名	NDC 316	https://www.aozora.gr.jp/cards/001964/files/58876_txt_67661.zip
058880	国語学と国語教育	時枝	誠記	新字旧仮名	NDC 810	https://www.aozora.gr.jp/cards/001968/files/58880_txt_63605.zip
058881	国語学と国語教育との交渉	時枝	誠記	新字旧仮名	NDC 810	https://www.aozora.gr.jp/cards/001968/files/58881_txt_65962.zip
058883	政治学入門	矢部	貞治	新字新仮名	NDC 311	https://www.aozora.gr.jp/cards/001969/files/58883_ruby_63617.zip
058884	遺愛集	窪田	空穂	新字新仮名	NDC 911 914	https://www.aozora.gr.jp/cards/001907/files/58884_txt_69618.zip
058885	遺愛集	島	秋人	新字新仮名	NDC 911	https://www.aozora.gr.jp/cards/001970/files/58885_ruby_69619.zip
058903	新憲法の解説	吉田	茂	旧字旧仮名	NDC 323	https://www.aozora.gr.jp/cards/001924/files/58903_txt_64543.zip
058904	新憲法の解説	金森	徳次郎	旧字旧仮名	NDC 323	https://www.aozora.gr.jp/cards/001956/files/58904_txt_64544.zip
058905	新憲法の解説	林	譲治	旧字旧仮名	NDC 323	https://www.aozora.gr.jp/cards/001972/files/58905_txt_64545.zip
058915	ひとの不幸をともにかなしむ	吉野	秀雄	新字旧仮名	NDC 914	https://www.aozora.gr.jp/cards/001974/files/58915_ruby_68438.zip
058916	北のはての地に	風巻	景次郎	新字新仮名	NDC 914	https://www.aozora.gr.jp/cards/001479/files/58916_txt_66666.zip
058919	家族といふもの	亀井	勝一郎	新字旧仮名	NDC 914	https://www.aozora.gr.jp/cards/001870/files/58919_txt_66277.zip
058920	函館八景	亀井	勝一郎	新字旧仮名	NDC 914	https://www.aozora.gr.jp/cards/001870/files/58920_ruby_66910.zip
058921	一つ身の着物	壺井	栄	新字新仮名	NDC 914	https://www.aozora.gr.jp/cards/001875/files/58921_ruby_64907.zip
058922	忘れえぬ風景	島木	健作	新字旧仮名	NDC 914	https://www.aozora.gr.jp/cards/000008/files/58922_txt_68716.zip
058924	トラピスト天使園の童貞	三木	露風	新字旧仮名	NDC 914	https://www.aozora.gr.jp/cards/001976/files/58924_ruby_68225.zip
058926	放心教授	森	於菟	新字新仮名	NDC 490	https://www.aozora.gr.jp/cards/001977/files/58926_ruby_63631.zip
058929	貸借	柴田	宵曲	新字旧仮名	NDC 020	https://www.aozora.gr.jp/cards/001832/files/58929_txt_65446.zip
058930	中村梅玉論	三宅	周太郎	新字旧仮名	NDC 774	https://www.aozora.gr.jp/cards/001871/files/58930_ruby_63621.zip
058931	吉右衛門の第一印象	小宮	豊隆	新字旧仮名	NDC 774	https://www.aozora.gr.jp/cards/001884/files/58931_ruby_65640.zip
058932	本因坊秀哉	野上	彰	新字新仮名	NDC 795	https://www.aozora.gr.jp/cards/001927/files/58932_ruby_63635.zip
058934	鴨川を愛して	新村	出	新字新仮名	NDC 914	https://www.aozora.gr.jp/cards/001938/files/58934_ruby_68715.zip
058935	柔道と拳闘の転がり試合	富田	常雄	新字新仮名	NDC K913	https://www.aozora.gr.jp/cards/001958/files/58935_ruby_63607.zip
058936	秋艸道人の書について	吉野	秀雄	新字旧仮名	NDC 728	https://www.aozora.gr.jp/cards/001974/files/58936_ruby_63613.zip
058937	長谷川等伯の「松林図屏風」	吉野	秀雄	新字旧仮名	NDC 721	https://www.aozora.gr.jp/cards/001974/files/58937_ruby_65165.zip
058939	骨董品化した古珍書	宮武	外骨	新字旧仮名	NDC 024	https://www.aozora.gr.jp/cards/000063/files/58939_txt_65236.zip
058941	カフェー	勝本	清一郎	新字新仮名	NDC 914	https://www.aozora.gr.jp/cards/001978/files/58941_ruby_63601.zip
058943	山岳美観	藤原	咲平	旧字旧仮名	NDC 290 786	https://www.aozora.gr.jp/cards/002086/files/58943_txt_69051.zip
058947	屍体異変	森	於菟	新字新仮名	NDC 490	https://www.aozora.gr.jp/cards/001977/files/58947_txt_65776.zip
058949	秋の第一日	窪田	空穂	新字旧仮名	NDC 914	https://www.aozora.gr.jp/cards/001907/files/58949_ruby_68204.zip
058950	冬至の南瓜	窪田	空穂	新字旧仮名	NDC 914	https://www.aozora.gr.jp/cards/001907/files/58950_ruby_66494.zip
058951	遺愛集	島	秋人	新字新仮名	NDC 911	https://www.aozora.gr.jp/cards/001970/files/58951_ruby_63588.zip
058952	再びこの人を見よ	菱山	修三	新字旧仮名	NDC 910	https://www.aozora.gr.jp/cards/001979/files/58952_ruby_63629.zip
058954	思ひ出づるまゝに	淀野	隆三	新字旧仮名	NDC 914	https://www.aozora.gr.jp/cards/001983/files/58954_txt_63594.zip
058955	横光さんと梶井君	淀野	隆三	新字旧仮名	NDC 914	https://www.aozora.gr.jp/cards/001983/files/58955_ruby_67392.zip
058956	『辞林』緒言	金沢	庄三郎	旧字旧仮名	NDC 813	https://www.aozora.gr.jp/cards/001984/files/58956_txt_63615.zip
058957	広島という名の由来	薄田	太郎	新字新仮名	NDC 217	https://www.aozora.gr.jp/cards/001985/files/58957_ruby_63627.zip
058958	字幕閑話	秘田	余四郎	旧字旧仮名	NDC 778	https://www.aozora.gr.jp/cards/001986/files/58958_txt_63611.zip
059002	小品四つ	中	勘助	新字新仮名	NDC 914	https://www.aozora.gr.jp/cards/001799/files/59002_ruby_67956.zip
059003	母の死	中	勘助	新字新仮名	NDC 914	https://www.aozora.gr.jp/cards/001799/files/59003_ruby_64574.zip
059004	山岳浄土	中村	清太郎	新字新仮名	NDC 786	https://www.aozora.gr.jp/cards/001954/files/59004_ruby_66491.zip
059005	穂高岳屏風岩にて	早川	鮎子	新字新仮名	NDC 786	https://www.aozora.gr.jp/cards/001989/files/59005_txt_63633.zip
059015	胆石	中	勘助	新字新仮名	NDC 914	https://www.aozora.gr.jp/cards/001799/files/59015_ruby_67983.zip
059016	現代作家は古典をどうみるか	芥川	紗織	新字新仮名	NDC 723	https://www.aozora.gr.jp/cards/001990/files/59016_txt_64577.zip
059020	和紙	東野辺	薫	新字新仮名		https://www.aozora.gr.jp/cards/001991/files/59020_ruby_77303.zip
059021	三度会った巡査	森	律子	新字新仮名	NDC 775	https://www.aozora.gr.jp/cards/001992/files/59021_txt_68450.zip
059022	民芸品の部屋で	芥川	紗織	新字新仮名	NDC 723	https://www.aozora.gr.jp/cards/001990/files/59022_txt_64578.zip
059027	秋風と母	尾崎	士郎	新字新仮名	NDC 913	https://www.aozora.gr.jp/cards/001753/files/59027_ruby_66934.zip
059028	運命について	尾崎	士郎	新字新仮名	NDC 913	https://www.aozora.gr.jp/cards/001753/files/59028_ruby_72597.zip
059029	河鹿	尾崎	士郎	新字新仮名	NDC 913	https://www.aozora.gr.jp/cards/001753/files/59029_ruby_70122.zip
059030	菎蒻	尾崎	士郎	新字新仮名	NDC 913	https://www.aozora.gr.jp/cards/001753/files/59030_ruby_72619.zip
059032	三等郵便局	尾崎	士郎	新字新仮名	NDC 913	https://www.aozora.gr.jp/cards/001753/files/59032_ruby_70149.zip
059033	十三夜	尾崎	士郎	新字新仮名	NDC 913	https://www.aozora.gr.jp/cards/001753/files/59033_ruby_70148.zip
059034	鶺鴒の巣	尾崎	士郎	新字新仮名	NDC 913	https://www.aozora.gr.jp/cards/001753/files/59034_ruby_70123.zip
059036	滝について	尾崎	士郎	新字新仮名	NDC 913	https://www.aozora.gr.jp/cards/001753/files/59036_txt_66908.zip
059038	叛骨・中野正剛	尾崎	士郎	新字新仮名		https://www.aozora.gr.jp/cards/001753/files/59038_ruby_76386.zip
059047	秘密礼拝式	ブラックウッド	アルジャーノン	新字新仮名	NDC 933	https://www.aozora.gr.jp/cards/001951/files/59047_ruby_66477.zip
059048	井戸	ジェイコブス	ウイリアム・ワイマーク	新字新仮名	NDC 933	https://www.aozora.gr.jp/cards/001995/files/59048_ruby_65645.zip
059054	あつき手を挙ぐ	中野	鈴子	新字新仮名	NDC 911	https://www.aozora.gr.jp/cards/001637/files/59054_txt_68220.zip
059055	ある日	中野	鈴子	新字新仮名	NDC 911	https://www.aozora.gr.jp/cards/001637/files/59055_ruby_69901.zip
059056	お前は此の頃よくねむる	中野	鈴子	新字新仮名	NDC 911	https://www.aozora.gr.jp/cards/001637/files/59056_txt_69903.zip
059057	ふしあわせ者のうた	中野	鈴子	新字新仮名	NDC 911	https://www.aozora.gr.jp/cards/001637/files/59057_txt_69936.zip
059058	スペインの女	中野	鈴子	新字新仮名	NDC 911	https://www.aozora.gr.jp/cards/001637/files/59058_txt_69937.zip
059064	「絵画の見かた」あとがき	中村	研一	旧字新仮名	NDC 720	https://www.aozora.gr.jp/cards/001996/files/59064_txt_65452.zip
059065	ロマンチツクな絵本	三岸	好太郎	新字旧仮名	NDC 911	https://www.aozora.gr.jp/cards/001997/files/59065_txt_67686.zip
059068	外交の後援	大石	誠之助	新字旧仮名		https://www.aozora.gr.jp/cards/001998/files/59068_ruby_76839.zip
059069	文明の強売	大石	誠之助	新字旧仮名		https://www.aozora.gr.jp/cards/001998/files/59069_ruby_76504.zip
059071	氷島の漁夫	吉江	喬松	旧字旧仮名	NDC 953	https://www.aozora.gr.jp/cards/001411/files/59071_ruby_69918.zip
059077	滝しぶき	吉野	秀雄	新字新仮名	NDC 914	https://www.aozora.gr.jp/cards/001974/files/59077_ruby_73647.zip
059078	画界漫言	菱田	春草	新字旧仮名	NDC 721	https://www.aozora.gr.jp/cards/001999/files/59078_txt_69049.zip
059079	十三年	山川	方夫	新字新仮名	NDC 913	https://www.aozora.gr.jp/cards/001801/files/59079_ruby_66944.zip
059080	連翹の花	新村	出	新字旧仮名	NDC 914	https://www.aozora.gr.jp/cards/001938/files/59080_txt_69260.zip
059081	蕗の薹	新村	出	新字旧仮名	NDC 914	https://www.aozora.gr.jp/cards/001938/files/59081_txt_71414.zip
059087	ゆふすげびと	立原	道造	新字旧仮名		https://www.aozora.gr.jp/cards/000011/files/59087_txt_77126.zip
059112	北越雪譜	岡田	武松	新字旧仮名	NDC 914	https://www.aozora.gr.jp/cards/001931/files/59112_ruby_65669.zip
059113	北越雪譜	岡田	武松	新字旧仮名	NDC 914	https://www.aozora.gr.jp/cards/001932/files/59113_ruby_65670.zip
059114	北越雪譜	岡田	武松	新字旧仮名	NDC 914	https://www.aozora.gr.jp/cards/001932/files/59114_ruby_69943.zip
059115	北越雪譜	岡田	武松	新字旧仮名	NDC 914	https://www.aozora.gr.jp/cards/001932/files/59115_ruby_69944.zip
059116	北越雪譜	岡田	武松	新字旧仮名	NDC 914	https://www.aozora.gr.jp/cards/001931/files/59116_ruby_71413.zip
059117	北越雪譜	岡田	武松	新字旧仮名	NDC 914	https://www.aozora.gr.jp/cards/001931/files/59117_ruby_71612.zip
059133	山岳美観	吉江	喬松	旧字旧仮名	NDC 290 786	https://www.aozora.gr.jp/cards/000220/files/59133_ruby_69022.zip
059135	新憲法の解説	山浦	貫一	旧字旧仮名	NDC 323	https://www.aozora.gr.jp/cards/001949/files/59135_txt_70912.zip
059136	新憲法の解説	日本国		旧字旧仮名	NDC 323	https://www.aozora.gr.jp/cards/001528/files/59136_txt_69501.zip
059137	日本国憲法	日本国		旧字旧仮名	NDC 323	https://www.aozora.gr.jp/cards/001528/files/59137_txt_66259.zip
059145	巌頭の感	藤村	操	新字新仮名	NDC 289	https://www.aozora.gr.jp/cards/002003/files/59145_ruby_67982.zip
059164	南嶋を思いて	新村	出	新字新仮名	NDC 219	https://www.aozora.gr.jp/cards/001938/files/59164_ruby_71858.zip
059165	「私」小説と「心境」小説	久米	正雄	新字旧仮名	NDC 913	https://www.aozora.gr.jp/cards/001151/files/59165_ruby_74391.zip
059172	戦争医学の汚辱にふれて	平光	吾一	新字新仮名	NDC 915	https://www.aozora.gr.jp/cards/002008/files/59172_txt_67978.zip
059186	無法な火葬	小泉	八雲	旧字旧仮名		https://www.aozora.gr.jp/cards/000258/files/59186_ruby_76218.zip
059226	不器男句集	吉岡	禅寺洞	新字旧仮名	NDC 911 914	https://www.aozora.gr.jp/cards/002013/files/59226_txt_67390.zip
059227	氷島の漁夫	吉江	喬松	旧字旧仮名	NDC 953 954	https://www.aozora.gr.jp/cards/000220/files/59227_ruby_69919.zip
059236	漁師の娘	徳冨	蘆花	新字新仮名	NDC 913	https://www.aozora.gr.jp/cards/000280/files/59236_ruby_69683.zip
059346	映画『新・平家物語』	溝口	健二	新字新仮名	NDC 778	https://www.aozora.gr.jp/cards/001272/files/59346_txt_70937.zip
059347	政府を拘束しない	池田	勇人	新字新仮名		https://www.aozora.gr.jp/cards/002023/files/59347_txt_76716.zip
059354	黄色い鋼鉄船	三岸	好太郎	新字旧仮名	NDC 911	https://www.aozora.gr.jp/cards/001997/files/59354_txt_70706.zip
059355	上海の絵本	三岸	好太郎	新字旧仮名	NDC 911	https://www.aozora.gr.jp/cards/001997/files/59355_ruby_68421.zip
059356	赤い駱駝	梅崎	春生	新字新仮名	NDC 913	https://www.aozora.gr.jp/cards/001798/files/59356_txt_71240.zip
059381	ラクダイ横町	岡本	良雄	新字新仮名		https://www.aozora.gr.jp/cards/002026/files/59381_ruby_77284.zip
059386	涙をもつて正義をささえる	金森	徳次郎	新字新仮名	NDC 327	https://www.aozora.gr.jp/cards/001956/files/59386_txt_68216.zip
059393	「ぴ・い・ぷ・る」	芥川	紗織	新字新仮名	NDC 723	https://www.aozora.gr.jp/cards/001990/files/59393_txt_75444.zip
059403	黒岩山を探る	沼井	鉄太郎	旧字旧仮名	NDC 291	https://www.aozora.gr.jp/cards/002032/files/59403_ruby_73634.zip
059415	八ガ岳に追いかえされる	梅崎	春生	新字新仮名	NDC 915	https://www.aozora.gr.jp/cards/001798/files/59415_ruby_70140.zip
059416	武甲山に登る	河井	酔茗	新字新仮名	NDC 915	https://www.aozora.gr.jp/cards/001861/files/59416_ruby_69923.zip
059417	八※［＃小書き片仮名ガ］岳登山記	亀井	勝一郎	新字新仮名	NDC 291 915	https://www.aozora.gr.jp/cards/001870/files/59417_ruby_69516.zip
059418	烏帽子岳の頂上	窪田	空穂	新字新仮名	NDC 915	https://www.aozora.gr.jp/cards/001907/files/59418_ruby_71085.zip
059420	それからそれ	宇野	浩二	新字新仮名	NDC 914	https://www.aozora.gr.jp/cards/001533/files/59420_ruby_71254.zip
059421	女子霧ヶ峰登山記	島木	赤彦	新字新仮名	NDC 915	https://www.aozora.gr.jp/cards/000265/files/59421_ruby_70427.zip
059422	登山は冒険なり	河東	碧梧桐	新字新仮名	NDC 915	https://www.aozora.gr.jp/cards/000510/files/59422_ruby_70161.zip
059424	生霊	小泉	八雲	新字新仮名	NDC 933	https://www.aozora.gr.jp/cards/000258/files/59424_ruby_71647.zip
059425	おかめのはなし	小泉	八雲	新字新仮名	NDC 933	https://www.aozora.gr.jp/cards/000258/files/59425_ruby_71116.zip
059426	雉子のはなし	小泉	八雲	新字新仮名	NDC 933	https://www.aozora.gr.jp/cards/000258/files/59426_ruby_71648.zip
059427	死霊	小泉	八雲	新字新仮名	NDC 933	https://www.aozora.gr.jp/cards/000258/files/59427_ruby_69700.zip
059428	常識	小泉	八雲	新字新仮名	NDC 933	https://www.aozora.gr.jp/cards/000258/files/59428_ruby_69286.zip
059429	茶碗の中	小泉	八雲	新字新仮名	NDC 933	https://www.aozora.gr.jp/cards/000258/files/59429_ruby_69699.zip
059430	忠五郎のはなし	小泉	八雲	新字新仮名	NDC 933	https://www.aozora.gr.jp/cards/000258/files/59430_ruby_71117.zip
059431	蠅のはなし	大谷	正信	新字新仮名	NDC 933	https://www.aozora.gr.jp/cards/000258/files/59431_ruby_69520.zip
059432	幽霊滝の伝説	小泉	八雲	新字新仮名	NDC 933	https://www.aozora.gr.jp/cards/000258/files/59432_ruby_69220.zip
059445	スウィス日記	辻村	伊助	新字新仮名	NDC 293	https://www.aozora.gr.jp/cards/000277/files/59445_ruby_74003.zip
059446	続スウィス日記（千九百二十三年稿）	辻村	伊助	新字新仮名	NDC 293	https://www.aozora.gr.jp/cards/000277/files/59446_ruby_75280.zip
059447	朝のヨット	山川	方夫	新字新仮名	NDC 913	https://www.aozora.gr.jp/cards/001801/files/59447_ruby_70150.zip
059448	歪んだ窓	山川	方夫	新字新仮名	NDC 913	https://www.aozora.gr.jp/cards/001801/files/59448_ruby_70152.zip
059449	予感	山川	方夫	新字新仮名	NDC 913	https://www.aozora.gr.jp/cards/001801/files/59449_txt_71094.zip
059453	国語科学習指導要領試案（文法編）	時枝	誠記	新字旧仮名	NDC 375	https://www.aozora.gr.jp/cards/001968/files/59453_txt_74566.zip
059458	文学教育と言語教育	時枝	誠記	新字旧仮名		https://www.aozora.gr.jp/cards/001968/files/59458_txt_76720.zip
059471	憲政の本義を説いてその有終の美を済すの途を論ず	吉野	作造	新字新仮名		https://www.aozora.gr.jp/cards/000323/files/59471_ruby_77802.zip
059477	水車のある教会	オー・ヘンリー		旧字旧仮名	NDC 933	https://www.aozora.gr.jp/cards/000097/files/59477_ruby_71081.zip
059480	性格と表情	小津	安二郎	新字新仮名	NDC 778	https://www.aozora.gr.jp/cards/001761/files/59480_txt_69690.zip
059490	幻想	田中	早苗	新字新仮名	NDC 953	https://www.aozora.gr.jp/cards/000326/files/59490_ruby_70700.zip
059491	乞食	田中	早苗	新字新仮名	NDC 953	https://www.aozora.gr.jp/cards/000326/files/59491_ruby_71878.zip
059492	自責	田中	早苗	新字新仮名	NDC 953	https://www.aozora.gr.jp/cards/000326/files/59492_ruby_72092.zip
059493	十時五十分の急行	田中	早苗	新字新仮名	NDC 953	https://www.aozora.gr.jp/cards/000326/files/59493_ruby_70701.zip
059494	ふみたば	田中	早苗	新字新仮名	NDC 953	https://www.aozora.gr.jp/cards/000326/files/59494_ruby_68732.zip
059495	碧眼	田中	早苗	新字新仮名	NDC 953	https://www.aozora.gr.jp/cards/000326/files/59495_ruby_72269.zip
059496	無駄骨	田中	早苗	新字新仮名	NDC 953	https://www.aozora.gr.jp/cards/000326/files/59496_ruby_72442.zip
059497	ペルゴレーズ街の殺人事件	田中	早苗	新字新仮名	NDC 953	https://www.aozora.gr.jp/cards/000326/files/59497_ruby_68733.zip
059498	カエルの王さま	グリム	ヴィルヘルム・カール	新字新仮名	NDC K943	https://www.aozora.gr.jp/cards/001091/files/59498_ruby_71637.zip
059499	ネコとネズミのいっしょのくらし	グリム	ヴィルヘルム・カール	新字新仮名	NDC K943	https://www.aozora.gr.jp/cards/001091/files/59499_ruby_69047.zip
059500	海潮の響	吉江	喬松	新字旧仮名		https://www.aozora.gr.jp/cards/000220/files/59500_ruby_76195.zip
059502	美容院にのぞむこと	芥川	紗織	旧字新仮名	NDC 595	https://www.aozora.gr.jp/cards/001990/files/59502_ruby_74786.zip
059504	同居人荷風	小西	茂也	新字新仮名	NDC 915	https://www.aozora.gr.jp/cards/002048/files/59504_ruby_69922.zip
059507	琉球史の趨勢	伊波	普猷	新字新仮名	NDC 219	https://www.aozora.gr.jp/cards/000232/files/59507_ruby_71408.zip
059518	うまい商売	グリム	ヴィルヘルム・カール	新字新仮名	NDC K943	https://www.aozora.gr.jp/cards/001091/files/59518_ruby_70156.zip
059519	こわいことを知りたくて旅にでかけた男の話	グリム	ヴィルヘルム・カール	新字新仮名	NDC K943	https://www.aozora.gr.jp/cards/001091/files/59519_ruby_69696.zip
059520	忠義者のヨハネス	グリム	ヴィルヘルム・カール	新字新仮名	NDC K943	https://www.aozora.gr.jp/cards/001091/files/59520_ruby_69695.zip
059521	オオカミと七ひきの子ヤギ	グリム	ヴィルヘルム・カール	新字新仮名	NDC K943	https://www.aozora.gr.jp/cards/001091/files/59521_ruby_71638.zip
059522	マリアの子ども	グリム	ヴィルヘルム・カール	新字新仮名	NDC K943	https://www.aozora.gr.jp/cards/001091/files/59522_ruby_69046.zip
059527	お茶好き小話	吉野	秀雄	新字旧仮名		https://www.aozora.gr.jp/cards/001974/files/59527_ruby_77325.zip
059530	煙突	山川	方夫	新字新仮名	NDC 913	https://www.aozora.gr.jp/cards/001801/files/59530_ruby_75263.zip
059531	お守り	山川	方夫	新字新仮名	NDC 913	https://www.aozora.gr.jp/cards/001801/files/59531_ruby_72621.zip
059532	夏の葬列	山川	方夫	新字新仮名	NDC 913	https://www.aozora.gr.jp/cards/001801/files/59532_ruby_70151.zip
059533	一人ぼっちのプレゼント	山川	方夫	新字新仮名	NDC 913	https://www.aozora.gr.jp/cards/001801/files/59533_ruby_72460.zip
059534	待っている女	山川	方夫	新字新仮名	NDC 913	https://www.aozora.gr.jp/cards/001801/files/59534_ruby_72430.zip
059536	かわいそうな粉ひきの若いものと小猫	金田	鬼一	新字新仮名	NDC K943	https://www.aozora.gr.jp/cards/001091/files/59536_ruby_69497.zip
059537	窓	古賀	春江	新字新仮名	NDC 911	https://www.aozora.gr.jp/cards/002050/files/59537_txt_69032.zip
059538	天に続く道	松本	竣介	新字新仮名	NDC 911	https://www.aozora.gr.jp/cards/002051/files/59538_txt_68205.zip
059539	「古琉球」改版に際して	伊波	普猷	新字新仮名	NDC 219	https://www.aozora.gr.jp/cards/000232/files/59539_ruby_72774.zip
059540	「古琉球」自序	伊波	普猷	新字新仮名	NDC 219	https://www.aozora.gr.jp/cards/000232/files/59540_ruby_70402.zip
059609	青蠅	田中	早苗	新字新仮名	NDC 953	https://www.aozora.gr.jp/cards/000326/files/59609_ruby_74165.zip
059610	空家	田中	早苗	新字新仮名	NDC 953	https://www.aozora.gr.jp/cards/000326/files/59610_ruby_74581.zip
059611	暗中の接吻	田中	早苗	新字新仮名	NDC 953	https://www.aozora.gr.jp/cards/000326/files/59611_ruby_74593.zip
059612	犬舎	田中	早苗	新字新仮名	NDC 953	https://www.aozora.gr.jp/cards/000326/files/59612_ruby_74371.zip
059613	孤独	田中	早苗	新字新仮名	NDC 953	https://www.aozora.gr.jp/cards/000326/files/59613_ruby_74568.zip
059634	三人の糸くり女	グリム	ヴィルヘルム・カール	新字新仮名	NDC K943	https://www.aozora.gr.jp/cards/001091/files/59634_ruby_71121.zip
059635	十二人兄弟	グリム	ヴィルヘルム・カール	新字新仮名	NDC K943	https://www.aozora.gr.jp/cards/001091/files/59635_ruby_71242.zip
059636	ならずもの	グリム	ヴィルヘルム・カール	新字新仮名	NDC K943	https://www.aozora.gr.jp/cards/001091/files/59636_ruby_69900.zip
059637	にいさんと妹	グリム	ヴィルヘルム・カール	新字新仮名	NDC K943	https://www.aozora.gr.jp/cards/001091/files/59637_ruby_72988.zip
059639	森のなかの三人の小人	グリム	ヴィルヘルム・カール	新字新仮名	NDC K943	https://www.aozora.gr.jp/cards/001091/files/59639_ruby_72264.zip
059640	ラプンツェル	グリム	ヴィルヘルム・カール	新字新仮名	NDC K943	https://www.aozora.gr.jp/cards/001091/files/59640_ruby_72265.zip
059684	初めて鏡花先生に御目にかゝつた時	小村	雪岱	新字旧仮名	NDC 914	https://www.aozora.gr.jp/cards/001268/files/59684_txt_69502.zip
059721	夜間教育の振興	嘉納	治五郎	旧字旧仮名	NDC 376	https://www.aozora.gr.jp/cards/002083/files/59721_txt_71896.zip
059722	表紙絵について	芥川	紗織	新字新仮名	NDC 723	https://www.aozora.gr.jp/cards/001990/files/59722_txt_73178.zip
059723	“青い顔”	間所	紗織	新字新仮名	NDC 723	https://www.aozora.gr.jp/cards/002085/files/59723_txt_69949.zip
059724	青君の追跡	チェスタートン	ギルバート・キース	新字新仮名	NDC 933	https://www.aozora.gr.jp/cards/001123/files/59724_ruby_75448.zip
059725	共産主義者の犯罪	チェスタートン	ギルバート・キース	新字新仮名	NDC 933	https://www.aozora.gr.jp/cards/001123/files/59725_ruby_75627.zip
059726	古書の呪い	チェスタートン	ギルバート・キース	新字新仮名	NDC 933	https://www.aozora.gr.jp/cards/001123/files/59726_ruby_73425.zip
059727	手早い奴	チェスタートン	ギルバート・キース	新字新仮名	NDC 933	https://www.aozora.gr.jp/cards/001123/files/59727_ruby_73186.zip
059728	とけない問題	チェスタートン	ギルバート・キース	新字新仮名	NDC 933	https://www.aozora.gr.jp/cards/001123/files/59728_ruby_73426.zip
059729	緑色の人	チェスタートン	ギルバート・キース	新字新仮名	NDC 933	https://www.aozora.gr.jp/cards/001123/files/59729_txt_74171.zip
059730	村の吸血鬼	チェスタートン	ギルバート・キース	新字新仮名	NDC 933	https://www.aozora.gr.jp/cards/001123/files/59730_ruby_75419.zip
059731	ピンの先き	チェスタートン	ギルバート・キース	新字新仮名	NDC 933	https://www.aozora.gr.jp/cards/001123/files/59731_ruby_75274.zip
059732	ブラウン神父の醜聞	チェスタートン	ギルバート・キース	新字新仮名	NDC 933	https://www.aozora.gr.jp/cards/001123/files/59732_ruby_73185.zip
059739	菊	山川	方夫	新字新仮名	NDC 913	https://www.aozora.gr.jp/cards/001801/files/59739_ruby_72631.zip
059741	「四季」緒言	滝	廉太郎	新字旧仮名	NDC 767	https://www.aozora.gr.jp/cards/000633/files/59741_ruby_73848.zip
059742	いさましい　ちびの仕立屋さん	グリム	ヴィルヘルム・カール	新字新仮名	NDC K943	https://www.aozora.gr.jp/cards/001091/files/59742_ruby_69899.zip
059830	赤いステッキ	壺井	栄	新字新仮名	NDC 913	https://www.aozora.gr.jp/cards/001875/files/59830_ruby_71393.zip
059849	としよりのお祖父さんと孫	金田	鬼一	新字新仮名	NDC K943	https://www.aozora.gr.jp/cards/001091/files/59849_ruby_73170.zip
059854	美術学校時代の岡倉先生	板谷	波山	新字新仮名	NDC 751	https://www.aozora.gr.jp/cards/002089/files/59854_txt_69269.zip
059856	琉球に学ぶべきもの	志賀	重昂	新字旧仮名		https://www.aozora.gr.jp/cards/000587/files/59856_ruby_77130.zip
059857	トンボの死	山川	方夫	新字新仮名	NDC 913	https://www.aozora.gr.jp/cards/001801/files/59857_ruby_72083.zip
059864	初雪	近松	秋江	旧字旧仮名	NDC 914	https://www.aozora.gr.jp/cards/000275/files/59864_ruby_72993.zip
059867	親は眺めて考えている	金森	徳次郎	新字新仮名	NDC 914	https://www.aozora.gr.jp/cards/001956/files/59867_ruby_71097.zip
059870	飢えは最善のソースか	石川	欣一	新字新仮名	NDC 596 914	https://www.aozora.gr.jp/cards/001380/files/59870_ruby_70407.zip
059871	腹のへった話	梅崎	春生	新字新仮名	NDC 914	https://www.aozora.gr.jp/cards/001798/files/59871_ruby_68446.zip
059872	猫料理	村松	梢風	新字新仮名	NDC 914	https://www.aozora.gr.jp/cards/001808/files/59872_ruby_70135.zip
059873	庶民の食物	小泉	信三	新字新仮名	NDC 596	https://www.aozora.gr.jp/cards/001846/files/59873_ruby_70915.zip
059874	瀬戸内の小魚たち	壺井	栄	新字新仮名	NDC 596 914	https://www.aozora.gr.jp/cards/001875/files/59874_ruby_68697.zip
059875	乳と蜜の流れる地	笠	信太郎	新字新仮名	NDC 596	https://www.aozora.gr.jp/cards/001937/files/59875_ruby_69678.zip
059876	オフ・ア・ラ・コック・ファンタスティーク	森	於菟	新字新仮名	NDC 596	https://www.aozora.gr.jp/cards/001977/files/59876_ruby_69703.zip
059877	九年母	青木	正児	新字新仮名	NDC 596	https://www.aozora.gr.jp/cards/002091/files/59877_ruby_69675.zip
059878	ブイヨン・ドンゾール	滝沢	敬一	新字新仮名	NDC 596	https://www.aozora.gr.jp/cards/002092/files/59878_ruby_70160.zip
059879	甘い野辺	浜本	浩	新字新仮名	NDC 914	https://www.aozora.gr.jp/cards/002093/files/59879_ruby_70397.zip
059891	ドミノのお告げ	久坂	葉子	新字新仮名		https://www.aozora.gr.jp/cards/001052/files/59891_txt_77685.zip
059896	暦	壺井	栄	新字新仮名		https://www.aozora.gr.jp/cards/001875/files/59896_ruby_76020.zip
059897	雑居家族	壺井	栄	新字新仮名		https://www.aozora.gr.jp/cards/001875/files/59897_ruby_77356.zip
059898	ウェストミンスター寺院	アーヴィング	ワシントン	新字新仮名	NDC 933	https://www.aozora.gr.jp/cards/001257/files/59898_ruby_70679.zip
059900	幾度目かの最期	久坂	葉子	新字新仮名	NDC 913	https://www.aozora.gr.jp/cards/001052/files/59900_ruby_69717.zip
059901	女	久坂	葉子	新字新仮名	NDC 913	https://www.aozora.gr.jp/cards/001052/files/59901_ruby_72288.zip
059902	鋏と布と型	久坂	葉子	新字新仮名	NDC 912	https://www.aozora.gr.jp/cards/001052/files/59902_ruby_70426.zip
059903	四年のあいだのこと	久坂	葉子	新字新仮名	NDC 913	https://www.aozora.gr.jp/cards/001052/files/59903_ruby_72794.zip
059904	「槐多の歌へる」序	山本	鼎	旧字旧仮名		https://www.aozora.gr.jp/cards/001459/files/59904_ruby_76363.zip
059949	おるすばん	壺井	栄	新字新仮名	NDC K913	https://www.aozora.gr.jp/cards/001875/files/59949_ruby_74578.zip
059950	何が私をこうさせたか	金子	ふみ子	新字新仮名	NDC 289	https://www.aozora.gr.jp/cards/000246/files/59950_ruby_73657.zip
059952	西洋美術館めぐり	安井	曽太郎	旧字旧仮名	NDC 723	https://www.aozora.gr.jp/cards/002123/files/59952_txt_69693.zip
060009	手療法一則	荻野	吟子	旧字旧仮名	NDC 493	https://www.aozora.gr.jp/cards/002127/files/60009_ruby_73437.zip
060028	おくさま狐の御婚礼	金田	鬼一	新字新仮名	NDC K943	https://www.aozora.gr.jp/cards/001091/files/60028_ruby_74365.zip
060029	子どもたちが屠殺ごっこをした話	金田	鬼一	新字新仮名	NDC K943	https://www.aozora.gr.jp/cards/001091/files/60029_ruby_74570.zip
060030	死神の名づけ親（第一話）	金田	鬼一	新字新仮名	NDC K943	https://www.aozora.gr.jp/cards/001091/files/60030_ruby_72254.zip
060031	死神の名づけ親（第二話）	金田	鬼一	新字新仮名	NDC K943	https://www.aozora.gr.jp/cards/001091/files/60031_ruby_72255.zip
060070	風	壺井	栄	新字新仮名	NDC 913	https://www.aozora.gr.jp/cards/001875/files/60070_ruby_75637.zip
060071	妻の座	壺井	栄	新字新仮名	NDC 913	https://www.aozora.gr.jp/cards/001875/files/60071_ruby_74903.zip
060072	日めくり	壺井	栄	新字新仮名		https://www.aozora.gr.jp/cards/001875/files/60072_ruby_76019.zip
060125	狐と猫	金田	鬼一	新字新仮名	NDC K943	https://www.aozora.gr.jp/cards/001091/files/60125_ruby_72059.zip
060159	四人	芥川	多加志	新字旧仮名	NDC 913	https://www.aozora.gr.jp/cards/002132/files/60159_ruby_72068.zip
060176	青い眼	アポリネール	ギヨーム	旧字旧仮名	NDC 953	https://www.aozora.gr.jp/cards/002135/files/60176_ruby_72069.zip
060177	生けるものと死せるものと	ノアイユ	アンナ・ド	旧字旧仮名	NDC 951	https://www.aozora.gr.jp/cards/002136/files/60177_ruby_72080.zip
060188	休養を取る日を	浅沼	稲次郎	新字新仮名		https://www.aozora.gr.jp/cards/001487/files/60188_txt_76368.zip
060192	キリスト教入門	矢内原	忠雄	新字新仮名	NDC 190	https://www.aozora.gr.jp/cards/001538/files/60192_ruby_74782.zip
060195	オリンピック讃歌について	野上	彰	新字新仮名		https://www.aozora.gr.jp/cards/001927/files/60195_txt_77639.zip
060196	オリンピック讃歌	野上	彰	新字新仮名		https://www.aozora.gr.jp/cards/002138/files/60196_ruby_77607.zip
060224	駅馬車	アーヴィング	ワシントン	新字新仮名	NDC 933	https://www.aozora.gr.jp/cards/001257/files/60224_ruby_73172.zip
060225	寡婦とその子	アーヴィング	ワシントン	新字新仮名	NDC 933	https://www.aozora.gr.jp/cards/001257/files/60225_ruby_74180.zip
060226	傷心	アーヴィング	ワシントン	新字新仮名	NDC 933	https://www.aozora.gr.jp/cards/001257/files/60226_ruby_74760.zip
060227	妻	アーヴィング	ワシントン	新字新仮名	NDC 933	https://www.aozora.gr.jp/cards/001257/files/60227_ruby_75260.zip
060228	船旅	アーヴィング	ワシントン	新字新仮名	NDC 933	https://www.aozora.gr.jp/cards/001257/files/60228_ruby_75259.zip
060229	幽霊花婿	アーヴィング	ワシントン	新字新仮名	NDC 933	https://www.aozora.gr.jp/cards/001257/files/60229_ruby_72965.zip
060230	わたくし自身について	アーヴィング	ワシントン	新字新仮名	NDC 933	https://www.aozora.gr.jp/cards/001257/files/60230_ruby_72966.zip
060231	クリスマス	アーヴィング	ワシントン	新字新仮名	NDC 933	https://www.aozora.gr.jp/cards/001257/files/60231_ruby_74588.zip
060232	クリスマス・イーヴ	アーヴィング	ワシントン	新字新仮名	NDC 933	https://www.aozora.gr.jp/cards/001257/files/60232_ruby_74587.zip
060233	ジョン・ブル	アーヴィング	ワシントン	新字新仮名	NDC 933	https://www.aozora.gr.jp/cards/001257/files/60233_ruby_74396.zip
060235	浦添考	伊波	普猷	新字新仮名	NDC 219	https://www.aozora.gr.jp/cards/000232/files/60235_ruby_73836.zip
060236	沖縄人の最大欠点	伊波	普猷	新字新仮名	NDC 219	https://www.aozora.gr.jp/cards/000232/files/60236_ruby_72996.zip
060240	進化論より見たる沖縄の廃藩置県	伊波	普猷	新字新仮名	NDC 219	https://www.aozora.gr.jp/cards/000232/files/60240_ruby_72997.zip
060242	土塊石片録	伊波	普猷	新字新仮名	NDC 219	https://www.aozora.gr.jp/cards/000232/files/60242_ruby_72773.zip
060254	「スケッチ・ブック」訳者あとがき	吉田	甲子太郎	新字新仮名	NDC 933 934	https://www.aozora.gr.jp/cards/001258/files/60254_txt_75141.zip
060273	ブラウン神父総説	村崎	敏郎	新字新仮名	NDC 934	https://www.aozora.gr.jp/cards/002084/files/60273_txt_72989.zip
060324	天狗	大坪	砂男	新字新仮名		https://www.aozora.gr.jp/cards/001824/files/60324_ruby_78549.zip
060326	暗黒日記	清沢	洌	新字新仮名	NDC 210	https://www.aozora.gr.jp/cards/000910/files/60326_ruby_73175.zip
060349	「トンネル」に就いて	成瀬	無極	旧字旧仮名	NDC 943	https://www.aozora.gr.jp/cards/002141/files/60349_ruby_72427.zip
060351	修道院の月	三木	露風	新字旧仮名	NDC 914	https://www.aozora.gr.jp/cards/001976/files/60351_ruby_75638.zip
060352	明治詩壇の回顧	三木	露風	新字旧仮名		https://www.aozora.gr.jp/cards/001976/files/60352_ruby_76745.zip
060357	新浦島	アーヴィング	ワシントン	新字旧仮名	NDC K933	https://www.aozora.gr.jp/cards/001257/files/60357_ruby_75861.zip
060358	イエス伝	矢内原	忠雄	新字新仮名		https://www.aozora.gr.jp/cards/001538/files/60358_ruby_76740.zip
060421	「人間宣言」のうちそと	前田	多門	新字新仮名	NDC 210	https://www.aozora.gr.jp/cards/002144/files/60421_ruby_73411.zip
060425	映画界・小言幸兵衛	小津	安二郎	新字新仮名	NDC 778	https://www.aozora.gr.jp/cards/001761/files/60425_txt_72257.zip
060426	一休さん	五十公野	清一	新字新仮名	NDC K913	https://www.aozora.gr.jp/cards/002049/files/60426_ruby_73440.zip
060427	先生と父兄の皆さまへ	五十公野	清一	新字新仮名	NDC K914	https://www.aozora.gr.jp/cards/002049/files/60427_ruby_73441.zip
060446	追悼記	原	杞憂	新字旧仮名		https://www.aozora.gr.jp/cards/000293/files/60446_txt_76384.zip
060464	オリムピヤ選手予選	長瀬	金平	新字旧仮名	NDC 782	https://www.aozora.gr.jp/cards/002152/files/60464_ruby_74560.zip
060465	ゴンドラの唄	吉井	勇	旧字旧仮名		https://www.aozora.gr.jp/cards/001497/files/60465_ruby_76493.zip
060467	利根水源探検紀行	渡辺	千吉郎	新字旧仮名	NDC 291	https://www.aozora.gr.jp/cards/002153/files/60467_ruby_74025.zip
060470	ここに薔薇ありせば	ヤコブセン	イエンス・ペーター	旧字新仮名		https://www.aozora.gr.jp/cards/002154/files/60470_txt_77838.zip
060473	警戒すべき日本	押川	春浪	新字旧仮名	NDC 154	https://www.aozora.gr.jp/cards/000077/files/60473_ruby_74381.zip
060478	野球界奇怪事　早慶紛争回顧録	吉岡	信敬	新字旧仮名	NDC 783	https://www.aozora.gr.jp/cards/002157/files/60478_ruby_74567.zip
060482	紅い花	ガールシン	フセヴォロド・ミハイロヴィチ	新字新仮名	NDC 983	https://www.aozora.gr.jp/cards/000340/files/60482_ruby_75126.zip
060514	告・原民喜	熊平	武二	新字新仮名	NDC 914	https://www.aozora.gr.jp/cards/002151/files/60514_txt_75862.zip
060556	おくのほそ道	杉浦	正一郎	旧字新仮名		https://www.aozora.gr.jp/cards/002237/files/60556_ruby_78259.zip
060590	キセルの語源	新村	出	旧字旧仮名	NDC 812	https://www.aozora.gr.jp/cards/001938/files/60590_ruby_73841.zip
060594	女教邇言	津田	梅子	旧字旧仮名		https://www.aozora.gr.jp/cards/002165/files/60594_ruby_76033.zip
060608	雨月物語	上田	秋成	新字旧仮名		https://www.aozora.gr.jp/cards/001271/files/60608_ruby_77892.zip
060609	雨月物語	上田	秋成	新字新仮名		https://www.aozora.gr.jp/cards/001271/files/60609_ruby_77360.zip
060640	おくのほそ道	杉浦	正一郎	旧字新仮名		https://www.aozora.gr.jp/cards/002237/files/60640_txt_78260.zip
060663	島の便り	折口	春洋	新字旧仮名		https://www.aozora.gr.jp/cards/002177/files/60663_ruby_76851.zip
060668	ねこ	北村	兼子	旧字旧仮名	NDC 914	https://www.aozora.gr.jp/cards/002169/files/60668_ruby_74394.zip
060669	現代語訳　方丈記	鴨	長明	新字新仮名	NDC 914	https://www.aozora.gr.jp/cards/000196/files/60669_ruby_74754.zip
060726	お百度詣	大塚	楠緒子	旧字旧仮名	NDC 911	https://www.aozora.gr.jp/cards/000456/files/60726_ruby_73831.zip
060776	肱鉄砲	管野	須賀子	新字旧仮名	NDC 367	https://www.aozora.gr.jp/cards/002174/files/60776_ruby_75620.zip
060788	三次実録物語	稲生 	武太夫	新字旧仮名	NDC 388	https://www.aozora.gr.jp/cards/002176/files/60788_txt_75924.zip
060791	鵠が音	折口	春洋	新字旧仮名		https://www.aozora.gr.jp/cards/002177/files/60791_ruby_76866.zip
060809	正直な泥棒	ドストエフスキー	フィヨードル・ミハイロヴィチ	新字新仮名		https://www.aozora.gr.jp/cards/000363/files/60809_ruby_77683.zip
060812	クリスマスと結婚式	ドストエフスキー	フィヨードル・ミハイロヴィチ	新字新仮名		https://www.aozora.gr.jp/cards/000363/files/60812_ruby_76739.zip
060827	鴎外の健康と死	森	於菟	新字新仮名		https://www.aozora.gr.jp/cards/001977/files/60827_ruby_77919.zip
060828	観潮楼始末記	森	於菟	新字新仮名		https://www.aozora.gr.jp/cards/001977/files/60828_ruby_77920.zip
060855	スザナの物語	作者不詳		新字新仮名	NDC 193	https://www.aozora.gr.jp/cards/001529/files/60855_ruby_74758.zip
060856	ベルとドラゴン	作者不詳		新字新仮名	NDC 193	https://www.aozora.gr.jp/cards/001529/files/60856_ruby_75137.zip
060865	太平洋食堂	大石	誠之助	新字旧仮名		https://www.aozora.gr.jp/cards/001998/files/60865_ruby_76542.zip
060885	斎藤茂吉の死を悲しむ	吉井	勇	旧字旧仮名	NDC 911	https://www.aozora.gr.jp/cards/001497/files/60885_ruby_74916.zip
060898	黒き素船	岩野	泡鳴	新字旧仮名	NDC 911	https://www.aozora.gr.jp/cards/000137/files/60898_ruby_74772.zip
060899	地なる響	岩野	泡鳴	新字旧仮名	NDC 911	https://www.aozora.gr.jp/cards/000137/files/60899_ruby_75425.zip
060900	御霊うぶや	岩野	泡鳴	新字旧仮名	NDC 911	https://www.aozora.gr.jp/cards/000137/files/60900_ruby_74773.zip
060904	緑色の透視	左川	ちか	新字新仮名		https://www.aozora.gr.jp/cards/001914/files/60904_txt_76832.zip
060909	或る時の詩	片山	敏彦	新字旧仮名		https://www.aozora.gr.jp/cards/001539/files/60909_ruby_76476.zip
060910	泉	片山	敏彦	新字旧仮名		https://www.aozora.gr.jp/cards/001539/files/60910_txt_76477.zip
060911	暗い時間に	片山	敏彦	新字旧仮名		https://www.aozora.gr.jp/cards/001539/files/60911_ruby_76367.zip
060912	眼	片山	敏彦	新字旧仮名		https://www.aozora.gr.jp/cards/001539/files/60912_ruby_77641.zip
060918	女中	石川	善助	新字旧仮名	NDC 911	https://www.aozora.gr.jp/cards/001787/files/60918_ruby_75436.zip
060929	解剖随筆抄	森	於菟	新字新仮名		https://www.aozora.gr.jp/cards/001977/files/60929_ruby_78201.zip
060930	魂魄分離	森	於菟	新字新仮名		https://www.aozora.gr.jp/cards/001977/files/60930_ruby_78526.zip
060931	死体置場への招待	森	於菟	新字新仮名		https://www.aozora.gr.jp/cards/001977/files/60931_txt_77985.zip
060932	なきがら陳情	森	於菟	新字新仮名		https://www.aozora.gr.jp/cards/001977/files/60932_ruby_78421.zip
060936	爪	大下	宇陀児	新字新仮名		https://www.aozora.gr.jp/cards/001872/files/60936_ruby_77951.zip
060957	新秋の記	木下	夕爾	新字旧仮名		https://www.aozora.gr.jp/cards/002088/files/60957_ruby_76193.zip
060958	晩夏	木下	夕爾	新字旧仮名		https://www.aozora.gr.jp/cards/002088/files/60958_ruby_76018.zip
060959	火の記憶	木下	夕爾	新字旧仮名		https://www.aozora.gr.jp/cards/002088/files/60959_ruby_76021.zip
060960	夜学生	木下	夕爾	新字旧仮名		https://www.aozora.gr.jp/cards/002088/files/60960_ruby_76387.zip
060961	幸福が遅く来たなら	生田	春月	新字旧仮名	NDC 911	https://www.aozora.gr.jp/cards/000227/files/60961_ruby_75440.zip
060962	誤植	生田	春月	新字旧仮名	NDC 911	https://www.aozora.gr.jp/cards/000227/files/60962_ruby_75439.zip
060963	象徴の烏賊	生田	春月	新字旧仮名		https://www.aozora.gr.jp/cards/000227/files/60963_ruby_77262.zip
060964	滅亡の喜び	生田	春月	新字旧仮名		https://www.aozora.gr.jp/cards/000227/files/60964_ruby_77100.zip
060965	愛は終了され	萩原	恭次郎	新字旧仮名		https://www.aozora.gr.jp/cards/000725/files/60965_txt_77881.zip
060967	装甲弾機	萩原	恭次郎	新字旧仮名		https://www.aozora.gr.jp/cards/000725/files/60967_ruby_77882.zip
060968	離れてゆく秋	萩原	恭次郎	新字旧仮名		https://www.aozora.gr.jp/cards/000725/files/60968_ruby_78156.zip
060971	日比谷のベンチで	萩原	恭次郎	新字旧仮名		https://www.aozora.gr.jp/cards/000725/files/60971_ruby_78158.zip
060980	「野菊の如き君なりき」を見て	中野	鈴子	新字新仮名		https://www.aozora.gr.jp/cards/001637/files/60980_txt_77514.zip
060990	深夜	三富	朽葉	新字旧仮名		https://www.aozora.gr.jp/cards/000799/files/60990_ruby_76031.zip
060991	冬の歌	三富	朽葉	新字旧仮名		https://www.aozora.gr.jp/cards/000799/files/60991_ruby_77354.zip
060992	水のほとりに	三富	朽葉	新字旧仮名		https://www.aozora.gr.jp/cards/000799/files/60992_ruby_76015.zip
060993	ピアノ	三富	朽葉	新字旧仮名		https://www.aozora.gr.jp/cards/000799/files/60993_ruby_76016.zip
060994	メランコリア	三富	朽葉	新字旧仮名		https://www.aozora.gr.jp/cards/000799/files/60994_ruby_76030.zip
061061	散歩	佐佐木	茂索	新字旧仮名		https://www.aozora.gr.jp/cards/001904/files/61061_ruby_76483.zip
061089	おもしろい話	畔柳	二美	新字新仮名		https://www.aozora.gr.jp/cards/002200/files/61089_txt_76826.zip
061091	わたしの好きな女優　淡島千景さん	金森	徳次郎	新字新仮名	NDC 778	https://www.aozora.gr.jp/cards/001956/files/61091_txt_74904.zip
061098	毒	大下	宇陀児	新字新仮名		https://www.aozora.gr.jp/cards/001872/files/61098_ruby_78153.zip
061120	六甲山上の夏	九条	武子	新字新仮名		https://www.aozora.gr.jp/cards/000254/files/61120_ruby_76377.zip
061154	「屍の街」序	大田	洋子	旧字新仮名		https://www.aozora.gr.jp/cards/001757/files/61154_txt_76494.zip
061155	いまだ癒えぬ傷あと	大田	洋子	旧字新仮名		https://www.aozora.gr.jp/cards/001757/files/61155_txt_76724.zip
061156	星野くんの二塁打	吉田	甲子太郎	新字新仮名		https://www.aozora.gr.jp/cards/001258/files/61156_ruby_77804.zip
061157	美しき元旦	吉田	甲子太郎	新字新仮名		https://www.aozora.gr.jp/cards/001258/files/61157_ruby_77719.zip
061164	国訳史記列伝	司馬	遷	旧字旧仮名		https://www.aozora.gr.jp/cards/001524/files/61164_ruby_78254.zip
061168	「精神病者私宅監置ノ実況及ビ其統計的観察」自序	呉	秀三	旧字旧仮名		https://www.aozora.gr.jp/cards/002214/files/61168_txt_77645.zip
061186	七里ヶ浜の哀歌	三角	錫子	新字新仮名		https://www.aozora.gr.jp/cards/000796/files/61186_ruby_76837.zip
061214	太陽を呑む赤い老星の秘密	畑中	武夫	新字新仮名		https://www.aozora.gr.jp/cards/002217/files/61214_txt_76482.zip
061285	片男波	小栗	風葉	新字新仮名		https://www.aozora.gr.jp/cards/000241/files/61285_ruby_76843.zip
061288	偽悪病患者	大下	宇陀児	新字新仮名		https://www.aozora.gr.jp/cards/001872/files/61288_ruby_76487.zip
061342	メランコリア	三富	朽葉	旧字旧仮名		https://www.aozora.gr.jp/cards/000799/files/61342_ruby_77426.zip
061396	わがままな子ども	金田	鬼一	新字新仮名		https://www.aozora.gr.jp/cards/001091/files/61396_ruby_78199.zip
061397	おいしいおかゆ	金田	鬼一	新字新仮名		https://www.aozora.gr.jp/cards/001091/files/61397_ruby_78133.zip
061411	現代語訳　徒然草	兼好法師		新字新仮名		https://www.aozora.gr.jp/cards/002238/files/61411_ruby_78315.zip
061442	万年青	矢田	津世子	新字新仮名		https://www.aozora.gr.jp/cards/000317/files/61442_ruby_77291.zip
061619	おくのほそ道	杉浦	正一郎	その他		https://www.aozora.gr.jp/cards/002240/files/61619_ruby_78129.zip
061660	厳禁の広告放送	和田	信賢	新字旧仮名		https://www.aozora.gr.jp/cards/002245/files/61660_ruby_77960.zip
