作品ID	作品名	姓	名	文字遣い種別	分類番号	テキストファイルURL	順位スコア
000002	三十三の死	素木	しづ	旧字旧仮名	NDC 913	https://www.aozora.gr.jp/cards/000012/files/2_ruby_20958.zip	0
000005	あいびき	ツルゲーネフ	イワン	新字新仮名	NDC 983	https://www.aozora.gr.jp/cards/000005/files/5_ruby_21311.zip	17940
000007	赤蛙	島木	健作	新字旧仮名	NDC 913	https://www.aozora.gr.jp/cards/000008/files/7_ruby_20893.zip	0
000009	暁と夕の詩	立原	道造	新字旧仮名	NDC 911	https://www.aozora.gr.jp/cards/000011/files/9_ruby_20330.zip	1193
000010	秋は淋しい	素木	しづ	新字旧仮名	NDC 913	https://www.aozora.gr.jp/cards/000012/files/10_ruby_20387.zip	0
000011	秋の瞳	八木	重吉	新字旧仮名	NDC 911	https://www.aozora.gr.jp/cards/000013/files/11_ruby_20061.zip	288
000012	悪魔の舌	村山	槐多	新字旧仮名	NDC 913	https://www.aozora.gr.jp/cards/000014/files/12_ruby_22756.zip	4004
000014	あばばばば	芥川	竜之介	新字旧仮名	NDC 913	https://www.aozora.gr.jp/cards/000879/files/14_ruby_1261.zip	58927
000016	秋	芥川	竜之介	新字旧仮名	NDC 913	https://www.aozora.gr.jp/cards/000879/files/16_ruby_344.zip	49367
000019	或阿呆の一生	芥川	竜之介	新字旧仮名	NDC 913	https://www.aozora.gr.jp/cards/000879/files/19_ruby_306.zip	63442
000042	鼻	芥川	竜之介	新字新仮名	NDC 913	https://www.aozora.gr.jp/cards/000879/files/42_ruby_154.zip	64163
000055	芋粥	芥川	竜之介	新字旧仮名	NDC 913	https://www.aozora.gr.jp/cards/000879/files/55_ruby_1843.zip	56984
000060	地獄変	芥川	竜之介	新字旧仮名	NDC 913	https://www.aozora.gr.jp/cards/000879/files/60_ruby_821.zip	59846
000069	河童	芥川	竜之介	新字新仮名	NDC 913	https://www.aozora.gr.jp/cards/000879/files/69_ruby_1321.zip	61395
000092	蜘蛛の糸	芥川	竜之介	新字新仮名	NDC K913	https://www.aozora.gr.jp/cards/000879/files/92_ruby_164.zip	68367
000100	桃太郎	芥川	竜之介	新字新仮名	NDC 913	https://www.aozora.gr.jp/cards/000879/files/100_ruby_1154.zip	41330
000127	羅生門	芥川	竜之介	新字新仮名	NDC 913	https://www.aozora.gr.jp/cards/000879/files/127_ruby_150.zip	69079
000128	羅生門	芥川	竜之介	旧字旧仮名	NDC 913	https://www.aozora.gr.jp/cards/000879/files/128_ruby_2046.zip	53714
000179	藪の中	芥川	竜之介	新字新仮名	NDC 913	https://www.aozora.gr.jp/cards/000879/files/179_ruby_168.zip	56806
000193	尼	ウィード	グスターフ	新字旧仮名	NDC 949	https://www.aozora.gr.jp/cards/000017/files/193_ruby_22801.zip	0
000195	可哀相な姉	渡辺	温	新字新仮名	NDC 913	https://www.aozora.gr.jp/cards/000020/files/195_ruby_26090.zip	214
000197	青い顔	三島	霜川	旧字旧仮名	NDC 913	https://www.aozora.gr.jp/cards/000022/files/197_ruby_22597.zip	0
000198	青白き夢	素木	しづ	新字旧仮名	NDC 913	https://www.aozora.gr.jp/cards/000012/files/198_ruby_20962.zip	0
000199	あらくれ	徳田	秋声	新字新仮名	NDC 913	https://www.aozora.gr.jp/cards/000023/files/199_ruby_4177.zip	1946
000201	或る女	有島	武郎	新字新仮名	NDC 913	https://www.aozora.gr.jp/cards/000025/files/201_ruby_2682.zip	44276
000202	或る女	有島	武郎	新字新仮名	NDC 913	https://www.aozora.gr.jp/cards/000025/files/202_ruby_20065.zip	12796
000203	僕の帽子のお話	有島	武郎	新字新仮名	NDC K913	https://www.aozora.gr.jp/cards/000025/files/203_ruby_20491.zip	0
000204	カインの末裔	有島	武郎	新字新仮名	NDC 913	https://www.aozora.gr.jp/cards/000025/files/204_ruby_3382.zip	27061
000205	私の父と母	有島	武郎	新字新仮名	NDC 914	https://www.aozora.gr.jp/cards/000025/files/205_ruby_20493.zip	0
000206	小さき者へ	有島	武郎	新字新仮名	NDC 913	https://www.aozora.gr.jp/cards/000025/files/206_ruby_20462.zip	5532
000211	一房の葡萄	有島	武郎	新字新仮名	NDC K913	https://www.aozora.gr.jp/cards/000025/files/211_ruby_20471.zip	12069
000219	在りし日の歌	中原	中也	新字旧仮名	NDC 911	https://www.aozora.gr.jp/cards/000026/files/219_ruby_33151.zip	41826
000220	或る母の話	渡辺	温	新字新仮名	NDC 913	https://www.aozora.gr.jp/cards/000020/files/220_ruby_28304.zip	0
000221	梓川の上流	小島	烏水	新字新仮名	NDC 291 915	https://www.aozora.gr.jp/cards/000027/files/221_ruby_2487.zip	0
000223	晩餐	素木	しづ	新字新仮名	NDC 913	https://www.aozora.gr.jp/cards/000012/files/223_ruby_2389.zip	0
000224	薔薇	ウィード	グスターフ	新字旧仮名	NDC 949	https://www.aozora.gr.jp/cards/000017/files/224_ruby_23183.zip	0
000228	セメント樽の中の手紙	葉山	嘉樹	新字新仮名	NDC 913	https://www.aozora.gr.jp/cards/000031/files/228_ruby_21663.zip	5053
000229	父を失う話	渡辺	温	新字新仮名	NDC 913	https://www.aozora.gr.jp/cards/000020/files/229_ruby_29037.zip	0
000233	デンマルク国の話	内村	鑑三	新字新仮名	NDC 198	https://www.aozora.gr.jp/cards/000034/files/233_ruby_2990.zip	294
000236	ア、秋	太宰	治	新字新仮名	NDC 914	https://www.aozora.gr.jp/cards/000035/files/236_ruby_19995.zip	54387
000240	あさましきもの	太宰	治	新字新仮名	NDC 913	https://www.aozora.gr.jp/cards/000035/files/240_ruby_2332.zip	44728
000249	断崖の錯覚	黒木	舜平	新字新仮名	NDC 913	https://www.aozora.gr.jp/cards/000035/files/249_ruby_3658.zip	0
000258	グッド・バイ	太宰	治	新字新仮名	NDC 913	https://www.aozora.gr.jp/cards/000035/files/258_ruby_20178.zip	55966
000270	富嶽百景	太宰	治	新字旧仮名	NDC 913	https://www.aozora.gr.jp/cards/000035/files/270_ruby_1164.zip	48875
000275	女生徒	太宰	治	新字新仮名	NDC 913	https://www.aozora.gr.jp/cards/000035/files/275_ruby_1532.zip	61527
000277	駈込み訴え	太宰	治	新字新仮名	NDC 913	https://www.aozora.gr.jp/cards/000035/files/277_ruby_33097.zip	49516
000301	人間失格	太宰	治	新字新仮名	NDC 913	https://www.aozora.gr.jp/cards/000035/files/301_ruby_5915.zip	69753
000307	お伽草紙	太宰	治	新字旧仮名	NDC 913	https://www.aozora.gr.jp/cards/000035/files/307_ruby_3042.zip	51071
000308	桜桃	太宰	治	新字新仮名	NDC 913	https://www.aozora.gr.jp/cards/000035/files/308_ruby_1623.zip	41555
000319	電報	黒島	伝治	新字新仮名	NDC 913	https://www.aozora.gr.jp/cards/000037/files/319_ruby_22344.zip	0
000321	二老人	国木田	独歩	新字新仮名	NDC 913	https://www.aozora.gr.jp/cards/000038/files/321_ruby_4292.zip	0
000322	源おじ	国木田	独歩	新字新仮名	NDC 913	https://www.aozora.gr.jp/cards/000038/files/322_ruby_646.zip	0
000323	牛肉と馬鈴薯	国木田	独歩	新字新仮名	NDC 913	https://www.aozora.gr.jp/cards/000038/files/323_ruby_352.zip	266
000324	非凡なる凡人	国木田	独歩	新字新仮名	NDC 913	https://www.aozora.gr.jp/cards/000038/files/324_ruby_2371.zip	0
000325	疲労	国木田	独歩	新字新仮名	NDC 913	https://www.aozora.gr.jp/cards/000038/files/325_ruby_4276.zip	0
000326	少年の悲哀	国木田	独歩	旧字旧仮名	NDC 913	https://www.aozora.gr.jp/cards/000038/files/326_ruby_5992.zip	0
000327	恋を恋する人	国木田	独歩	新字新仮名	NDC 913	https://www.aozora.gr.jp/cards/000038/files/327_ruby_1970.zip	0
000328	窮死	国木田	独歩	新字新仮名	NDC 913	https://www.aozora.gr.jp/cards/000038/files/328_ruby_4258.zip	0
000329	武蔵野	国木田	独歩	新字新仮名	NDC 914 915	https://www.aozora.gr.jp/cards/000038/files/329_ruby_5709.zip	35598
000330	怠惰屋の弟子入り	国木田	独歩	旧字旧仮名	NDC 953	https://www.aozora.gr.jp/cards/000038/files/330_ruby_1482.zip	0
000337	土曜夫人	織田	作之助	新字新仮名	NDC 913	https://www.aozora.gr.jp/cards/000040/files/337_ruby_19630.zip	0
000340	地図に出てくる男女	吉行	エイスケ	新字新仮名	NDC 913	https://www.aozora.gr.jp/cards/000043/files/340_ruby_34761.zip	0
000341	飛行機から墜ちるまで	吉行	エイスケ	新字新仮名	NDC 913	https://www.aozora.gr.jp/cards/000043/files/341_ruby_34730.zip	0
000342	女百貨店	吉行	エイスケ	新字新仮名	NDC 913	https://www.aozora.gr.jp/cards/000043/files/342_ruby_34713.zip	0
000343	大阪万華鏡	吉行	エイスケ	新字新仮名	NDC 913	https://www.aozora.gr.jp/cards/000043/files/343_ruby_34720.zip	0
000344	戦争のファンタジイ	吉行	エイスケ	新字新仮名	NDC 913	https://www.aozora.gr.jp/cards/000043/files/344_ruby_34786.zip	0
000345	新種族ノラ	吉行	エイスケ	新字新仮名	NDC 913	https://www.aozora.gr.jp/cards/000043/files/345_ruby_34688.zip	0
000346	職業婦人気質	吉行	エイスケ	新字新仮名	NDC 913	https://www.aozora.gr.jp/cards/000043/files/346_ruby_34691.zip	0
000348	文七元結	三遊亭	円朝	新字新仮名	NDC 779 913	https://www.aozora.gr.jp/cards/000989/files/348_ruby_6144.zip	0
000349	根岸お行の松　因果塚の由来	三遊亭	円朝	新字新仮名	NDC 779 913	https://www.aozora.gr.jp/cards/000989/files/349_ruby.zip	0
000350	真景累ヶ淵	三遊亭	円朝	新字新仮名	NDC 779 913	https://www.aozora.gr.jp/cards/000989/files/350_ruby_33175.zip	25
000351	業平文治漂流奇談	三遊亭	円朝	新字新仮名	NDC 779 913	https://www.aozora.gr.jp/cards/000989/files/351_ruby.zip	0
000353	政談月の鏡	三遊亭	円朝	新字新仮名	NDC 779 913	https://www.aozora.gr.jp/cards/000989/files/353_ruby_3751.zip	0
000354	闇夜の梅	三遊亭	円朝	新字新仮名	NDC 779 913	https://www.aozora.gr.jp/cards/000989/files/354_ruby_3752.zip	0
000357	外套	ゴーゴリ	ニコライ	新字新仮名	NDC 983	https://www.aozora.gr.jp/cards/000207/files/357_ruby_22445.zip	2002
000358	画家とセリセリス	南部	修太郎	旧字旧仮名	NDC 913	https://www.aozora.gr.jp/cards/000048/files/358_ruby_21368.zip	0
000360	外科室	泉	鏡花	新字新仮名	NDC 913	https://www.aozora.gr.jp/cards/000050/files/360_ruby_434.zip	40539
000361	幻談	幸田	露伴	新字新仮名	NDC 913	https://www.aozora.gr.jp/cards/000051/files/361_ruby_3948.zip	0
000369	母となる	福田	英子	新字旧仮名	NDC 914	https://www.aozora.gr.jp/cards/000057/files/369_ruby_18840.zip	0
000372	鼻	ゴーゴリ	ニコライ	新字新仮名	NDC 983	https://www.aozora.gr.jp/cards/000207/files/372_ruby_22447.zip	0
000373	花嫁の訂正	渡辺	温	新字新仮名	NDC 913	https://www.aozora.gr.jp/cards/000020/files/373_ruby_29381.zip	0
000376	ハルピンの一夜	南部	修太郎	旧字旧仮名	NDC 913	https://www.aozora.gr.jp/cards/000048/files/376_ruby_3331.zip	0
000377	国語音韻の変遷	橋本	進吉	新字新仮名	NDC 811	https://www.aozora.gr.jp/cards/000061/files/377_ruby_2753.zip	0
000378	雛鳥の夢	素木	しづ	新字旧仮名	NDC 913	https://www.aozora.gr.jp/cards/000012/files/378_ruby_20972.zip	0
000379	氷雨	葉山	嘉樹	新字旧仮名	NDC 913	https://www.aozora.gr.jp/cards/000031/files/379_ruby_21679.zip	0
000380	放浪	織田	作之助	新字新仮名	NDC 913	https://www.aozora.gr.jp/cards/000040/files/380_ruby_2698.zip	0
000382	私は懐疑派だ	二葉亭	四迷	新字新仮名	NDC 914	https://www.aozora.gr.jp/cards/000006/files/382_ruby_22429.zip	0
000383	予が半生の懺悔	二葉亭	四迷	新字新仮名	NDC 914	https://www.aozora.gr.jp/cards/000006/files/383_ruby_22434.zip	0
000384	余が翻訳の標準	二葉亭	四迷	新字新仮名	NDC 801	https://www.aozora.gr.jp/cards/000006/files/384_ruby_22427.zip	0
000385	一円本流行の害毒と其裏面談	宮武	外骨	新字新仮名	NDC 023 914	https://www.aozora.gr.jp/cards/000063/files/385_ruby_2182.zip	0
000387	にごりえ	樋口	一葉	旧字旧仮名	NDC 913	https://www.aozora.gr.jp/cards/000064/files/387_ruby_15292.zip	6582
000389	たけくらべ	樋口	一葉	旧字旧仮名	NDC 913	https://www.aozora.gr.jp/cards/000064/files/389_ruby_15296.zip	43039
000393	「いき」の構造	九鬼	周造	新字新仮名	NDC 701	https://www.aozora.gr.jp/cards/000065/files/393_ruby_1764.zip	10341
000396	駒のいななき	橋本	進吉	新字新仮名	NDC 811	https://www.aozora.gr.jp/cards/000061/files/396_ruby_21657.zip	0
000397	淫売婦	葉山	嘉樹	新字新仮名	NDC 913	https://www.aozora.gr.jp/cards/000031/files/397_ruby_21661.zip	0
000398	いのちの初夜	北条	民雄	新字新仮名	NDC 913	https://www.aozora.gr.jp/cards/000997/files/398_ruby_2016.zip	309
000401	イワンとイワンの兄	渡辺	温	新字新仮名	NDC 913	https://www.aozora.gr.jp/cards/000020/files/401_ruby_28317.zip	0
000405	自分のこと	南部	修太郎	旧字旧仮名	NDC 916	https://www.aozora.gr.jp/cards/000048/files/405_txt_21370.zip	0
000407	ジガ蜂	島木	健作	新字旧仮名	NDC 913	https://www.aozora.gr.jp/cards/000008/files/407_ruby_20885.zip	0
000408	陣中日誌（遺稿）	山中	貞雄	新字新仮名	NDC 916	https://www.aozora.gr.jp/cards/000072/files/408_ruby_3319.zip	0
000410	解剖室	三島	霜川	旧字旧仮名	NDC 913	https://www.aozora.gr.jp/cards/000022/files/410_ruby_22624.zip	0
000411	愛撫	梶井	基次郎	新字新仮名	NDC 913	https://www.aozora.gr.jp/cards/000074/files/411_ruby_19632.zip	29014
000412	ある崖上の感情	梶井	基次郎	新字新仮名	NDC 913	https://www.aozora.gr.jp/cards/000074/files/412_ruby_19691.zip	0
000413	ある心の風景	梶井	基次郎	新字新仮名	NDC 913	https://www.aozora.gr.jp/cards/000074/files/413_ruby_19693.zip	0
000414	泥濘	梶井	基次郎	新字新仮名	NDC 913	https://www.aozora.gr.jp/cards/000074/files/414_ruby_19797.zip	0
000415	闇の絵巻	梶井	基次郎	新字新仮名	NDC 914	https://www.aozora.gr.jp/cards/000074/files/415_ruby_19817.zip	0
000416	冬の蠅	梶井	基次郎	新字新仮名	NDC 913	https://www.aozora.gr.jp/cards/000074/files/416_ruby_19813.zip	0
000417	冬の日	梶井	基次郎	新字新仮名	NDC 913	https://www.aozora.gr.jp/cards/000074/files/417_ruby_19815.zip	0
000418	闇の書	梶井	基次郎	新字新仮名	NDC 913	https://www.aozora.gr.jp/cards/000074/files/418_ruby_922.zip	0
000419	Ｋの昇天	梶井	基次郎	新字新仮名	NDC 913	https://www.aozora.gr.jp/cards/000074/files/419_ruby_19701.zip	9583
000423	交尾	梶井	基次郎	新字新仮名	NDC 913	https://www.aozora.gr.jp/cards/000074/files/423_ruby_503.zip	91
000424	檸檬	梶井	基次郎	新字新仮名	NDC 913	https://www.aozora.gr.jp/cards/000074/files/424_ruby_19825.zip	67048
000427	桜の樹の下には	梶井	基次郎	新字新仮名	NDC 913	https://www.aozora.gr.jp/cards/000074/files/427_ruby_19792.zip	45677
000433	上高地風景保護論	小島	烏水	新字新仮名	NDC 291 914	https://www.aozora.gr.jp/cards/000027/files/433_ruby_20733.zip	0
000435	かなしみの日より	素木	しづ	新字旧仮名	NDC 913	https://www.aozora.gr.jp/cards/000012/files/435_ruby_20960.zip	0
000449	本州横断　癇癪徒歩旅行	押川	春浪	新字新仮名	NDC 915	https://www.aozora.gr.jp/cards/000077/files/449_ruby_2853.zip	0
000450	夏秋表	立原	道造	新字新仮名	NDC 914	https://www.aozora.gr.jp/cards/000011/files/450_txt_21031.zip	0
000452	競馬	織田	作之助	新字新仮名	NDC 913	https://www.aozora.gr.jp/cards/000040/files/452_ruby_291.zip	0
000453	計画	平出	修	旧字旧仮名	NDC 913	https://www.aozora.gr.jp/cards/000080/files/453_ruby_420.zip	0
000456	銀河鉄道の夜	宮沢	賢治	新字新仮名	NDC K913	https://www.aozora.gr.jp/cards/000081/files/456_ruby_145.zip	69283
000462	風の又三郎	宮沢	賢治	新字新仮名	NDC K913	https://www.aozora.gr.jp/cards/000081/files/462_ruby_716.zip	60481
000464	猫の事務所	宮沢	賢治	新字旧仮名	NDC 913	https://www.aozora.gr.jp/cards/000081/files/464_ruby_19940.zip	31147
000466	オツベルと象	宮沢	賢治	新字新仮名	NDC K913	https://www.aozora.gr.jp/cards/000081/files/466_ruby_1478.zip	47600
000470	セロ弾きのゴーシュ	宮沢	賢治	新字新仮名	NDC K913	https://www.aozora.gr.jp/cards/000081/files/470_ruby_3987.zip	60619
000473	よだかの星	宮沢	賢治	新字新仮名	NDC K913	https://www.aozora.gr.jp/cards/000081/files/473_ruby_467.zip	57458
000474	日本国憲法	日本国		新字旧仮名	NDC 323	https://www.aozora.gr.jp/cards/001528/files/474_txt.zip	24679
000496	恩讐の彼方に	菊池	寛	新字新仮名	NDC 913	https://www.aozora.gr.jp/cards/000083/files/496_ruby_19865.zip	33327
000502	父帰る	菊池	寛	新字新仮名	NDC 912	https://www.aozora.gr.jp/cards/000083/files/502_ruby_19913.zip	3638
000507	木の都	織田	作之助	新字旧仮名	NDC 914	https://www.aozora.gr.jp/cards/000040/files/507_ruby_19625.zip	0
000508	霧の夜に	南部	修太郎	旧字旧仮名	NDC 913	https://www.aozora.gr.jp/cards/000048/files/508_ruby_21401.zip	0
000510	古代国語の音韻に就いて	橋本	進吉	新字新仮名	NDC 811	https://www.aozora.gr.jp/cards/000061/files/510_ruby_2728.zip	0
000512	恋	渡辺	温	新字新仮名	NDC 913	https://www.aozora.gr.jp/cards/000020/files/512_ruby_1376.zip	0
000513	工場の窓より	葉山	嘉樹	新字旧仮名	NDC 913	https://www.aozora.gr.jp/cards/000031/files/513_ruby_21701.zip	0
000515	国民性と文学	綱島	梁川	新字旧仮名	NDC 901	https://www.aozora.gr.jp/cards/000087/files/515_ruby_21303.zip	0
000517	子に与ふ	北	一輝	新字旧仮名	NDC 916	https://www.aozora.gr.jp/cards/000089/files/517_txt_20769.zip	0
000519	後世への最大遺物	内村	鑑三	新字新仮名	NDC 914	https://www.aozora.gr.jp/cards/000034/files/519_ruby_2965.zip	1412
000521	高野聖	泉	鏡花	新字新仮名	NDC 913	https://www.aozora.gr.jp/cards/000050/files/521_ruby_20582.zip	46410
000522	金色夜叉	尾崎	紅葉	新字旧仮名	NDC 913	https://www.aozora.gr.jp/cards/000091/files/522_ruby_3355.zip	60439
000523	高山の雪	小島	烏水	新字新仮名	NDC 291 914	https://www.aozora.gr.jp/cards/000027/files/523_ruby_2839.zip	0
000525	神社合祀に関する意見	南方	熊楠	新字新仮名	NDC 175	https://www.aozora.gr.jp/cards/000093/files/525_ruby_1904.zip	277
000526	十二支考	南方	熊楠	新字新仮名	NDC 388	https://www.aozora.gr.jp/cards/000093/files/526_ruby_5504.zip	593
000527	十二支考	南方	熊楠	新字新仮名	NDC 388	https://www.aozora.gr.jp/cards/000093/files/527_ruby_2159.zip	0
000530	黒猫	佐々木	直次郎	新字新仮名	NDC 933	https://www.aozora.gr.jp/cards/000094/files/530_ruby_20931.zip	60017
000531	あやかしの鼓	夢野	久作	新字新仮名	NDC 913	https://www.aozora.gr.jp/cards/000096/files/531_ruby_736.zip	938
000538	舞姫	石橋	忍月	新字旧仮名	NDC 910	https://www.aozora.gr.jp/cards/000102/files/538_ruby_20592.zip	0
000539	万福追想	葉山	嘉樹	新字旧仮名	NDC 913	https://www.aozora.gr.jp/cards/000031/files/539_ruby_21681.zip	0
000541	職工と微笑	松永	延造	新字新仮名	NDC 913	https://www.aozora.gr.jp/cards/000104/files/541_ruby_22552.zip	0
000542	貧しき信徒	八木	重吉	新字新仮名	NDC 911	https://www.aozora.gr.jp/cards/000013/files/542_ruby_471.zip	0
000545	夫婦善哉	織田	作之助	新字新仮名	NDC 913	https://www.aozora.gr.jp/cards/000040/files/545_ruby_33101.zip	19685
000546	まざあ・ぐうす	北原	白秋	新字新仮名	NDC K931	https://www.aozora.gr.jp/cards/001529/files/546_ruby_21323.zip	21924
000549	ぶくぶく長々火の目小僧	鈴木	三重吉	新字新仮名	NDC K913	https://www.aozora.gr.jp/cards/000107/files/549_ruby_20952.zip	0
000555	右門捕物帖	佐々木	味津三	新字新仮名	NDC 913	https://www.aozora.gr.jp/cards/000111/files/555_ruby_18948.zip	0
000556	右門捕物帖	佐々木	味津三	新字新仮名	NDC 913	https://www.aozora.gr.jp/cards/000111/files/556_ruby_19004.zip	0
000557	右門捕物帖	佐々木	味津三	新字新仮名	NDC 913	https://www.aozora.gr.jp/cards/000111/files/557_ruby_19518.zip	0
000558	右門捕物帖	佐々木	味津三	新字新仮名	NDC 913	https://www.aozora.gr.jp/cards/000111/files/558_ruby_18946.zip	0
000559	右門捕物帖	佐々木	味津三	新字新仮名	NDC 913	https://www.aozora.gr.jp/cards/000111/files/559_ruby_18961.zip	0
000560	右門捕物帖	佐々木	味津三	新字新仮名	NDC 913	https://www.aozora.gr.jp/cards/000111/files/560_ruby_19002.zip	0
000561	右門捕物帖	佐々木	味津三	新字新仮名	NDC 913	https://www.aozora.gr.jp/cards/000111/files/561_ruby_19508.zip	0
000562	右門捕物帖	佐々木	味津三	新字新仮名	NDC 913	https://www.aozora.gr.jp/cards/000111/files/562_ruby_18950.zip	0
000563	右門捕物帖	佐々木	味津三	新字新仮名	NDC 913	https://www.aozora.gr.jp/cards/000111/files/563_ruby_19498.zip	0
000564	右門捕物帖	佐々木	味津三	新字新仮名	NDC 913	https://www.aozora.gr.jp/cards/000111/files/564_ruby_18952.zip	0
000565	旗本退屈男	佐々木	味津三	新字新仮名	NDC 913	https://www.aozora.gr.jp/cards/000111/files/565_ruby_4197.zip	0
000566	旗本退屈男	佐々木	味津三	新字新仮名	NDC 913	https://www.aozora.gr.jp/cards/000111/files/566_ruby_4091.zip	0
000567	旗本退屈男	佐々木	味津三	新字新仮名	NDC 913	https://www.aozora.gr.jp/cards/000111/files/567_ruby_4203.zip	0
000568	旗本退屈男	佐々木	味津三	新字新仮名	NDC 913	https://www.aozora.gr.jp/cards/000111/files/568_ruby_4205.zip	0
000569	右門捕物帖	佐々木	味津三	新字新仮名	NDC 913	https://www.aozora.gr.jp/cards/000111/files/569_ruby_19444.zip	0
000570	右門捕物帖	佐々木	味津三	新字新仮名	NDC 913	https://www.aozora.gr.jp/cards/000111/files/570_ruby_19520.zip	0
000596	響	水野	仙子	旧字旧仮名	NDC 913	https://www.aozora.gr.jp/cards/000112/files/596_ruby_22685.zip	0
000597	輝ける朝	水野	仙子	旧字旧仮名	NDC 913	https://www.aozora.gr.jp/cards/000112/files/597_ruby_5510.zip	0
000598	神楽阪の半襟	水野	仙子	旧字旧仮名	NDC 913	https://www.aozora.gr.jp/cards/000112/files/598_txt_22636.zip	0
000599	道	水野	仙子	旧字旧仮名	NDC 913	https://www.aozora.gr.jp/cards/000112/files/599_ruby_22687.zip	0
000600	女	水野	仙子	旧字旧仮名	NDC 913	https://www.aozora.gr.jp/cards/000112/files/600_txt_22628.zip	0
000601	四十余日	水野	仙子	旧字旧仮名	NDC 913	https://www.aozora.gr.jp/cards/000112/files/601_ruby_22663.zip	0
000602	白い雌鷄の行方	水野	仙子	旧字旧仮名	NDC 913	https://www.aozora.gr.jp/cards/000112/files/602_ruby_22665.zip	0
000603	嘘をつく日	水野	仙子	旧字旧仮名	NDC 913	https://www.aozora.gr.jp/cards/000112/files/603_ruby_22626.zip	0
000605	モルグ街の殺人事件	佐々木	直次郎	新字新仮名	NDC 933	https://www.aozora.gr.jp/cards/000094/files/605_ruby_20933.zip	59774
000610	虫干し	鷹野	つぎ	新字新仮名	NDC 914	https://www.aozora.gr.jp/cards/000116/files/610_ruby_20956.zip	0
000613	長塚節歌集	長塚	節	旧字旧仮名	NDC 911	https://www.aozora.gr.jp/cards/000118/files/613_ruby_1982.zip	0
000614	長塚節歌集	長塚	節	旧字旧仮名	NDC 911	https://www.aozora.gr.jp/cards/000118/files/614_ruby_1985.zip	0
000615	長塚節歌集	長塚	節	旧字旧仮名	NDC 911	https://www.aozora.gr.jp/cards/000118/files/615_ruby_1988.zip	0
000616	長塚節句集	長塚	節	旧字旧仮名	NDC 911	https://www.aozora.gr.jp/cards/000118/files/616_ruby_1991.zip	0
000617	悟浄歎異	中島	敦	新字新仮名	NDC 913	https://www.aozora.gr.jp/cards/000119/files/617_ruby_1485.zip	3388
000618	狐憑	中島	敦	旧字旧仮名	NDC 913	https://www.aozora.gr.jp/cards/000119/files/618_ruby_2379.zip	322
000620	名人伝	中島	敦	旧字旧仮名	NDC 913	https://www.aozora.gr.jp/cards/000119/files/620_ruby_657.zip	274
000621	名人伝	中島	敦	新字新仮名	NDC 913	https://www.aozora.gr.jp/cards/000119/files/621_ruby_661.zip	21371
000622	文字禍	中島	敦	新字新仮名	NDC 913	https://www.aozora.gr.jp/cards/000119/files/622_ruby_14496.zip	14085
000623	山月記	中島	敦	旧字旧仮名	NDC 913	https://www.aozora.gr.jp/cards/000119/files/623_ruby_18352.zip	47377
000624	山月記	中島	敦	新字新仮名	NDC 913	https://www.aozora.gr.jp/cards/000119/files/624_ruby_5668.zip	66159
000626	南蛮寺門前	木下	杢太郎	新字旧仮名	NDC 911 912	https://www.aozora.gr.jp/cards/000120/files/626_ruby_6075.zip	0
000627	赤い蝋燭	新美	南吉	新字新仮名	NDC 913	https://www.aozora.gr.jp/cards/000121/files/627_ruby_4098.zip	2339
000628	ごん狐	新美	南吉	新字新仮名	NDC K913	https://www.aozora.gr.jp/cards/000121/files/628_ruby_649.zip	56649
000629	ごんごろ鐘	新美	南吉	新字新仮名	NDC K913	https://www.aozora.gr.jp/cards/000121/files/629_ruby_34385.zip	0
000635	おじいさんのランプ	新美	南吉	新字新仮名	NDC K913	https://www.aozora.gr.jp/cards/000121/files/635_ruby_4097.zip	6082
000637	手袋を買いに	新美	南吉	新字新仮名	NDC K913	https://www.aozora.gr.jp/cards/000121/files/637_ruby_4095.zip	42026
000641	猫町	萩原	朔太郎	新字新仮名	NDC 913	https://www.aozora.gr.jp/cards/000067/files/641_ruby_21646.zip	1527
000642	猫又先生	南部	修太郎	旧字旧仮名	NDC 913	https://www.aozora.gr.jp/cards/000048/files/642_ruby_21366.zip	0
000644	日本山岳景の特色	小島	烏水	新字新仮名	NDC 291 914	https://www.aozora.gr.jp/cards/000027/files/644_ruby_2491.zip	0
000646	二銭銅貨	黒島	伝治	新字新仮名	NDC 913	https://www.aozora.gr.jp/cards/000037/files/646_ruby_4385.zip	279
000647	野菊の墓	伊藤	左千夫	新字新仮名	NDC 913	https://www.aozora.gr.jp/cards/000058/files/647_ruby_20405.zip	39399
000649	女盗	南部	修太郎	旧字旧仮名	NDC 913	https://www.aozora.gr.jp/cards/000048/files/649_ruby.zip	0
000651	小熊秀雄全集-01	小熊	秀雄	新字旧仮名	NDC 911	https://www.aozora.gr.jp/cards/000124/files/651_ruby.zip	0
000652	小熊秀雄全集-10	小熊	秀雄	新字旧仮名	NDC 911	https://www.aozora.gr.jp/cards/000124/files/652_ruby.zip	0
000653	小熊秀雄全集-11	小熊	秀雄	新字旧仮名	NDC 911	https://www.aozora.gr.jp/cards/000124/files/653_ruby.zip	0
000654	小熊秀雄全集-12	小熊	秀雄	新字旧仮名	NDC 911	https://www.aozora.gr.jp/cards/000124/files/654_ruby.zip	0
000655	小熊秀雄全集-14	小熊	秀雄	新字旧仮名	NDC K913	https://www.aozora.gr.jp/cards/000124/files/655_ruby_1595.zip	0
000656	小熊秀雄全集-02	小熊	秀雄	新字旧仮名	NDC 911	https://www.aozora.gr.jp/cards/000124/files/656_ruby_1643.zip	0
000657	小熊秀雄全集-20	小熊	秀雄	新字旧仮名	NDC 914	https://www.aozora.gr.jp/cards/000124/files/657_ruby.zip	0
000658	小熊秀雄全集-03	小熊	秀雄	新字旧仮名	NDC 911	https://www.aozora.gr.jp/cards/000124/files/658_ruby.zip	0
000659	小熊秀雄全集-04	小熊	秀雄	新字旧仮名	NDC 911	https://www.aozora.gr.jp/cards/000124/files/659_ruby.zip	0
000660	小熊秀雄全集-05	小熊	秀雄	新字旧仮名	NDC 911	https://www.aozora.gr.jp/cards/000124/files/660_ruby.zip	0
000661	小熊秀雄全集-06	小熊	秀雄	新字旧仮名	NDC 911	https://www.aozora.gr.jp/cards/000124/files/661_ruby.zip	0
000662	小熊秀雄全集-07	小熊	秀雄	新字旧仮名	NDC 911	https://www.aozora.gr.jp/cards/000124/files/662_ruby.zip	0
000663	小熊秀雄全集-08	小熊	秀雄	新字旧仮名	NDC 911	https://www.aozora.gr.jp/cards/000124/files/663_ruby.zip	0
000664	小熊秀雄全集-09	小熊	秀雄	新字旧仮名	NDC 911	https://www.aozora.gr.jp/cards/000124/files/664_ruby_23284.zip	0
000665	人外魔境	小栗	虫太郎	新字新仮名	NDC 913	https://www.aozora.gr.jp/cards/000125/files/665_ruby_1503.zip	0
000666	白蟻	小栗	虫太郎	新字新仮名	NDC 913	https://www.aozora.gr.jp/cards/000125/files/666_ruby_2185.zip	0
000667	失楽園殺人事件	小栗	虫太郎	新字新仮名	NDC 913	https://www.aozora.gr.jp/cards/000125/files/667_ruby_441.zip	0
000668	私の生ひ立ち	与謝野	晶子	新字旧仮名	NDC 914	https://www.aozora.gr.jp/cards/000885/files/668_ruby.zip	0
000669	オリンポスの果実	田中	英光	新字新仮名	NDC 913	https://www.aozora.gr.jp/cards/000126/files/669_ruby_3264.zip	221
000673	阿部一族	森	鴎外	新字新仮名	NDC 913	https://www.aozora.gr.jp/cards/000129/files/673_ruby_23254.zip	39541
000682	舞姫	森	鴎外	旧字旧仮名	NDC 913	https://www.aozora.gr.jp/cards/000129/files/682_ruby_15413.zip	47059
000687	最後の一句	森	鴎外	旧字旧仮名	NDC 913	https://www.aozora.gr.jp/cards/000129/files/687_ruby_15355.zip	433
000689	山椒大夫	森	鴎外	新字新仮名	NDC 913	https://www.aozora.gr.jp/cards/000129/files/689_ruby_23256.zip	46641
000691	高瀬舟	森	鴎外	旧字旧仮名	NDC 913	https://www.aozora.gr.jp/cards/000129/files/691_ruby_15351.zip	18428
000692	高瀬舟	森	鴎外	旧字旧仮名	NDC 913	https://www.aozora.gr.jp/cards/000129/files/692_ruby_16056.zip	441
000694	うたかたの記	森	鴎外	新字旧仮名	NDC 913	https://www.aozora.gr.jp/cards/000129/files/694_ruby_23249.zip	546
000695	ヰタ・セクスアリス	森	鴎外	新字新仮名	NDC 913	https://www.aozora.gr.jp/cards/000129/files/695_ruby_22805.zip	52256
000697	癩	島木	健作	新字新仮名	NDC 913	https://www.aozora.gr.jp/cards/000008/files/697_ruby_20889.zip	0
000701	六白金星	織田	作之助	新字旧仮名	NDC 913	https://www.aozora.gr.jp/cards/000040/files/701_ruby_19623.zip	0
000705	産褥の記	与謝野	晶子	新字旧仮名	NDC 914	https://www.aozora.gr.jp/cards/000885/files/705_ruby_3958.zip	0
000707	或る嬰児殺しの動機	佐左木	俊郎	新字新仮名	NDC 913	https://www.aozora.gr.jp/cards/000134/files/707_ruby_20896.zip	0
000708	街底の熔鉱炉	佐左木	俊郎	新字新仮名	NDC 913	https://www.aozora.gr.jp/cards/000134/files/708_ruby_20848.zip	0
000709	街頭の偽映鏡	佐左木	俊郎	新字新仮名	NDC 913	https://www.aozora.gr.jp/cards/000134/files/709_ruby_20913.zip	0
000710	秘密の風景画	佐左木	俊郎	新字新仮名	NDC 913	https://www.aozora.gr.jp/cards/000134/files/710_ruby_20855.zip	0
000711	骨を削りつつ歩む	佐左木	俊郎	新字新仮名	NDC 914	https://www.aozora.gr.jp/cards/000134/files/711_ruby_20870.zip	0
000712	駈落	佐左木	俊郎	新字新仮名	NDC 913	https://www.aozora.gr.jp/cards/000134/files/712_ruby_20850.zip	0
000713	仮装観桜会	佐左木	俊郎	新字新仮名	NDC 913	https://www.aozora.gr.jp/cards/000134/files/713_ruby_20898.zip	0
000714	機関車	佐左木	俊郎	新字新仮名	NDC 913	https://www.aozora.gr.jp/cards/000134/files/714_ruby_20844.zip	0
000715	季節の植物帳	佐左木	俊郎	新字新仮名	NDC 914	https://www.aozora.gr.jp/cards/000134/files/715_ruby_20846.zip	0
000716	汽笛	佐左木	俊郎	新字新仮名	NDC 913	https://www.aozora.gr.jp/cards/000134/files/716_ruby_20819.zip	0
000717	熊の出る開墾地	佐左木	俊郎	新字新仮名	NDC 913	https://www.aozora.gr.jp/cards/000134/files/717_ruby_20891.zip	0
000718	栗の花の咲くころ	佐左木	俊郎	新字新仮名	NDC 913	https://www.aozora.gr.jp/cards/000134/files/718_ruby_20853.zip	0
000719	恐怖城	佐左木	俊郎	新字新仮名	NDC 913	https://www.aozora.gr.jp/cards/000134/files/719_ruby_20907.zip	0
000720	緑の芽	佐左木	俊郎	新字新仮名	NDC 913	https://www.aozora.gr.jp/cards/000134/files/720_ruby_20873.zip	0
000721	猟奇の街	佐左木	俊郎	新字新仮名	NDC 913	https://www.aozora.gr.jp/cards/000134/files/721_ruby_20911.zip	0
000722	錯覚の拷問室	佐左木	俊郎	新字新仮名	NDC 913	https://www.aozora.gr.jp/cards/000134/files/722_ruby_20909.zip	0
000728	殺人行者	村山	槐多	新字旧仮名	NDC 913	https://www.aozora.gr.jp/cards/000014/files/728_txt_22758.zip	0
000729	さようなら	田中	英光	新字新仮名	NDC 913	https://www.aozora.gr.jp/cards/000126/files/729_ruby_3425.zip	112
000731	聖三稜玻璃	山村	暮鳥	旧字旧仮名	NDC 911	https://www.aozora.gr.jp/cards/000136/files/731_ruby_3216.zip	0
000732	青春の逆説	織田	作之助	新字新仮名	NDC 913	https://www.aozora.gr.jp/cards/000040/files/732_ruby_19840.zip	0
000733	神秘的半獣主義	岩野	泡鳴	旧字旧仮名	NDC 121 914	https://www.aozora.gr.jp/cards/000137/files/733_ruby.zip	0
000737	世相	織田	作之助	新字新仮名	NDC 913	https://www.aozora.gr.jp/cards/000040/files/737_ruby_3433.zip	0
000738	雪中富士登山記	小島	烏水	新字新仮名	NDC 291 915	https://www.aozora.gr.jp/cards/000027/files/738_ruby_2479.zip	0
000740	シャロットの妖姫	坪内	逍遥	新字旧仮名	NDC 931	https://www.aozora.gr.jp/cards/000140/files/740_ruby_574.zip	0
000744	勝敗	渡辺	温	新字新仮名	NDC 913	https://www.aozora.gr.jp/cards/000020/files/744_ruby_28710.zip	0
000745	少女	渡辺	温	新字新仮名	NDC 913	https://www.aozora.gr.jp/cards/000020/files/745_ruby_28539.zip	0
000746	シルクハット	渡辺	温	新字新仮名	NDC 913	https://www.aozora.gr.jp/cards/000020/files/746_ruby_28730.zip	0
000749	草木塔	種田	山頭火	新字旧仮名	NDC 911	https://www.aozora.gr.jp/cards/000146/files/749_ruby_298.zip	44
000752	坊っちゃん	夏目	漱石	新字新仮名	NDC 913	https://www.aozora.gr.jp/cards/000148/files/752_ruby_2438.zip	69318
000760	硝子戸の中	夏目	漱石	新字新仮名	NDC 914	https://www.aozora.gr.jp/cards/000148/files/760_ruby_2341.zip	34184
000761	虞美人草	夏目	漱石	新字新仮名	NDC 913	https://www.aozora.gr.jp/cards/000148/files/761_ruby_1861.zip	59057
000765	彼岸過迄	夏目	漱石	新字新仮名	NDC 913	https://www.aozora.gr.jp/cards/000148/files/765_ruby_2469.zip	41763
000772	私の個人主義	夏目	漱石	新字新仮名	NDC 914	https://www.aozora.gr.jp/cards/000148/files/772_ruby_33099.zip	46474
000773	こころ	夏目	漱石	新字新仮名	NDC 913	https://www.aozora.gr.jp/cards/000148/files/773_ruby_5968.zip	69911
000775	行人	夏目	漱石	新字新仮名	NDC 913	https://www.aozora.gr.jp/cards/000148/files/775_ruby_2064.zip	45194
000776	草枕	夏目	漱石	新字新仮名	NDC 913	https://www.aozora.gr.jp/cards/000148/files/776_ruby_6020.zip	66297
000782	明暗	夏目	漱石	新字新仮名	NDC 913	https://www.aozora.gr.jp/cards/000148/files/782_ruby_2315.zip	49046
000783	道草	夏目	漱石	新字新仮名	NDC 913	https://www.aozora.gr.jp/cards/000148/files/783_ruby_1311.zip	42292
000785	門	夏目	漱石	新字新仮名	NDC 913	https://www.aozora.gr.jp/cards/000148/files/785_ruby_1656.zip	51586
000789	吾輩は猫である	夏目	漱石	新字新仮名	NDC 913	https://www.aozora.gr.jp/cards/000148/files/789_ruby_5639.zip	69681
000794	三四郎	夏目	漱石	新字新仮名	NDC 913	https://www.aozora.gr.jp/cards/000148/files/794_ruby_4237.zip	67071
000799	夢十夜	夏目	漱石	新字新仮名	NDC 913	https://www.aozora.gr.jp/cards/000148/files/799_ruby_6024.zip	66385
000802	杉よ！　眼の男よ！	富岡	誠	旧字旧仮名	NDC 911	https://www.aozora.gr.jp/cards/000149/files/802_txt.zip	0
000804	雨の日に香を燻く	薄田	泣菫	新字旧仮名	NDC 914	https://www.aozora.gr.jp/cards/000150/files/804_txt_4409.zip	0
000805	草の親しみ	薄田	泣菫	新字旧仮名	NDC 914	https://www.aozora.gr.jp/cards/000150/files/805_txt_20995.zip	0
000807	Ｓ中尉の話	南部	修太郎	旧字旧仮名	NDC 913	https://www.aozora.gr.jp/cards/000048/files/807_ruby_21364.zip	0
000809	台風	与謝野	晶子	新字旧仮名	NDC 914	https://www.aozora.gr.jp/cards/000885/files/809_ruby_4174.zip	0
000811	氷屋の旗	石川	啄木	新字旧仮名	NDC 914	https://www.aozora.gr.jp/cards/000153/files/811_ruby_20503.zip	0
000812	初めて見たる小樽	石川	啄木	新字新仮名	NDC 914	https://www.aozora.gr.jp/cards/000153/files/812_ruby_20594.zip	0
000813	性急な思想	石川	啄木	新字新仮名	NDC 914	https://www.aozora.gr.jp/cards/000153/files/813_ruby_19528.zip	0
000814	時代閉塞の現状	石川	啄木	新字新仮名	NDC 914	https://www.aozora.gr.jp/cards/000153/files/814_ruby_20611.zip	0
000815	悲しき玩具	石川	啄木	新字旧仮名	NDC 911	https://www.aozora.gr.jp/cards/000153/files/815_ruby_20543.zip	13017
000816	一握の砂	石川	啄木	新字旧仮名	NDC 911	https://www.aozora.gr.jp/cards/000153/files/816_ruby_5621.zip	62814
000817	詩	石川	啄木	新字旧仮名	NDC 911	https://www.aozora.gr.jp/cards/000153/files/817_ruby_20661.zip	0
000818	弓町より	石川	啄木	新字新仮名	NDC 914	https://www.aozora.gr.jp/cards/000153/files/818_ruby_20596.zip	0
000825	大日本帝国憲法	日本国		旧字旧仮名	NDC 323	https://www.aozora.gr.jp/cards/001528/files/825_ruby.zip	1477
000828	ちるちる・みちる	山村	暮鳥	旧字旧仮名	NDC K913	https://www.aozora.gr.jp/cards/000136/files/828_ruby.zip	0
000830	突貫紀行	幸田	露伴	新字新仮名	NDC 915	https://www.aozora.gr.jp/cards/000051/files/830_ruby_555.zip	0
000831	豚群	黒島	伝治	新字新仮名	NDC 913	https://www.aozora.gr.jp/cards/000037/files/831_ruby_22353.zip	0
000832	土佐日記	紀	貫之	旧字旧仮名	NDC 915	https://www.aozora.gr.jp/cards/000155/files/832_txt_16017.zip	47817
000833	党生活者	小林	多喜二	新字新仮名	NDC 913	https://www.aozora.gr.jp/cards/000156/files/833_ruby_28259.zip	169
000834	楚囚之詩	北村	透谷	新字旧仮名	NDC 911	https://www.aozora.gr.jp/cards/000157/files/834_ruby.zip	0
000843	新生	島崎	藤村	新字新仮名	NDC 913	https://www.aozora.gr.jp/cards/000158/files/843_ruby_3554.zip	3306
000847	だだをこねる	辻	潤	新字新仮名	NDC 914	https://www.aozora.gr.jp/cards/000159/files/847_ruby_21071.zip	0
000848	惰眠洞妄語	辻	潤	新字新仮名	NDC 914	https://www.aozora.gr.jp/cards/000159/files/848_ruby_21059.zip	0
000849	風狂私語	辻	潤	新字新仮名	NDC 914	https://www.aozora.gr.jp/cards/000159/files/849_ruby.zip	0
000850	浮浪漫語	辻	潤	新字新仮名	NDC 914	https://www.aozora.gr.jp/cards/000159/files/850_ruby.zip	0
000851	変なあたま	辻	潤	新字新仮名	NDC 914	https://www.aozora.gr.jp/cards/000159/files/851_ruby.zip	0
000852	ふもれすく	辻	潤	新字新仮名	NDC 914	https://www.aozora.gr.jp/cards/000159/files/852_ruby_21055.zip	0
000853	自分だけの世界	辻	潤	新字新仮名	NDC 914	https://www.aozora.gr.jp/cards/000159/files/853_ruby_1337.zip	0
000854	「享楽座」のぷろろぐ	辻	潤	新字新仮名	NDC 911	https://www.aozora.gr.jp/cards/000159/files/854_ruby_21300.zip	0
000855	錯覚自我説	辻	潤	新字新仮名	NDC 914	https://www.aozora.gr.jp/cards/000159/files/855_ruby_21057.zip	0
000856	錯覚した小宇宙	辻	潤	新字新仮名	NDC 914	https://www.aozora.gr.jp/cards/000159/files/856_ruby.zip	0
000857	Tada-Dada of Alangri-Gloriban	辻	潤	その他	NDC 914	https://www.aozora.gr.jp/cards/000159/files/857_ruby_1343.zip	0
000858	え゛りと・え゛りたす	辻	潤	新字新仮名	NDC 914	https://www.aozora.gr.jp/cards/000159/files/858_ruby.zip	0
000859	月に吠える	萩原	朔太郎	新字旧仮名	NDC 911	https://www.aozora.gr.jp/cards/000067/files/859_ruby_21655.zip	48593
000863	海に生くる人々	葉山	嘉樹	新字新仮名	NDC 913	https://www.aozora.gr.jp/cards/000031/files/863_ruby_22417.zip	0
000864	右門捕物帖　三十番手柄　帯解け仏法	山中	貞雄	新字新仮名	NDC 912	https://www.aozora.gr.jp/cards/000072/files/864_ruby_3401.zip	0
000865	十八時の音楽浴	海野	十三	新字新仮名	NDC 913	https://www.aozora.gr.jp/cards/000160/files/865_ruby_23817.zip	6478
000866	ある宇宙塵の秘密	海野	十三	新字新仮名	NDC 913	https://www.aozora.gr.jp/cards/000160/files/866_ruby_23838.zip	3
000867	地球を狙う者	海野	十三	新字新仮名	NDC 913	https://www.aozora.gr.jp/cards/000160/files/867_ruby_23852.zip	0
000868	第五氷河期	海野	十三	新字新仮名	NDC 913	https://www.aozora.gr.jp/cards/000160/files/868_ruby_23813.zip	0
000869	俘囚	海野	十三	新字新仮名	NDC 913	https://www.aozora.gr.jp/cards/000160/files/869_ruby_3004.zip	0
000870	軍用鮫	海野	十三	新字新仮名	NDC 913	https://www.aozora.gr.jp/cards/000160/files/870_ruby_23836.zip	0
000871	生きている腸	海野	十三	新字新仮名	NDC 913	https://www.aozora.gr.jp/cards/000160/files/871_ruby_3244.zip	0
000872	幸運の黒子	海野	十三	新字新仮名	NDC 913	https://www.aozora.gr.jp/cards/000160/files/872_ruby_19580.zip	0
000882	アッシャー家の崩壊	佐々木	直次郎	新字新仮名	NDC 933	https://www.aozora.gr.jp/cards/000094/files/882_ruby_20929.zip	46455
000883	嘘	渡辺	温	新字新仮名	NDC 913	https://www.aozora.gr.jp/cards/000020/files/883_ruby_28331.zip	0
000884	渦巻ける烏の群	黒島	伝治	新字新仮名	NDC 913	https://www.aozora.gr.jp/cards/000037/files/884_ruby_3459.zip	0
000885	秋草と虫の音	若山	牧水	新字旧仮名	NDC 914	https://www.aozora.gr.jp/cards/000162/files/885_ruby_18398.zip	0
000886	渓をおもふ	若山	牧水	新字旧仮名	NDC 914	https://www.aozora.gr.jp/cards/000162/files/886_ruby_4399.zip	0
000888	忘れ形見	若松	賤子	新字新仮名	NDC K913	https://www.aozora.gr.jp/cards/000163/files/888_ruby_28090.zip	0
000889	萱草に寄す	立原	道造	新字旧仮名	NDC 911	https://www.aozora.gr.jp/cards/000011/files/889_ruby_20332.zip	0
000890	私の母	堺	利彦	新字新仮名	NDC 914	https://www.aozora.gr.jp/cards/000164/files/890_ruby_18836.zip	0
000891	為文学者経	内田	魯庵	新字旧仮名	NDC 914	https://www.aozora.gr.jp/cards/000165/files/891_ruby_4415.zip	0
000892	クサンチス	サマン	アルベール	新字旧仮名	NDC 953	https://www.aozora.gr.jp/cards/000166/files/892_ruby_20935.zip	0
000894	山羊の歌	中原	中也	新字旧仮名	NDC 911	https://www.aozora.gr.jp/cards/000026/files/894_ruby_5790.zip	51152
000899	優しき歌　Ⅰ・Ⅱ	立原	道造	新字旧仮名	NDC 911	https://www.aozora.gr.jp/cards/000011/files/899_ruby_1607.zip	0
000901	余が言文一致の由来	二葉亭	四迷	旧字旧仮名	NDC 901	https://www.aozora.gr.jp/cards/000006/files/901_ruby_16058.zip	0
000902	予が見神の実験	綱島	梁川	新字旧仮名	NDC 914	https://www.aozora.gr.jp/cards/000087/files/902_ruby_70096.zip	0
000904	春は馬車に乗って	横光	利一	新字新仮名	NDC 913	https://www.aozora.gr.jp/cards/000168/files/904_ruby.zip	511
000907	機械	横光	利一	新字新仮名	NDC 913	https://www.aozora.gr.jp/cards/000168/files/907_ruby_4907.zip	1472
000911	遺言	大杉	栄	新字旧仮名	NDC 914	https://www.aozora.gr.jp/cards/000169/files/911_txt.zip	0
000912	雪の白峰	小島	烏水	新字新仮名	NDC 291 915	https://www.aozora.gr.jp/cards/000027/files/912_ruby_20735.zip	0
000914	雨ふり坊主	香倶土	三鳥	新字新仮名	NDC K913	https://www.aozora.gr.jp/cards/000096/files/914_ruby_3587.zip	6686
000916	豚吉とヒョロ子	三鳥山人		新字新仮名	NDC K913	https://www.aozora.gr.jp/cards/000096/files/916_ruby_21817.zip	0
000919	いなか、の、じけん	夢野	久作	新字新仮名	NDC 913	https://www.aozora.gr.jp/cards/000096/files/919_ruby_22030.zip	34372
000923	キキリツツリ	海若	藍平	新字新仮名	NDC K913	https://www.aozora.gr.jp/cards/000096/files/923_ruby_21745.zip	0
000924	クチマネ	海若	藍平	新字新仮名	NDC K913	https://www.aozora.gr.jp/cards/000096/files/924_ruby_21747.zip	0
000925	ルルとミミ	とだ	けん	新字新仮名	NDC K913	https://www.aozora.gr.jp/cards/000096/files/925_ruby_21795.zip	305
000926	正夢	萠円		新字新仮名	NDC K913	https://www.aozora.gr.jp/cards/000096/files/926_ruby_21797.zip	0
000927	虫の生命	海若	藍平	新字新仮名	NDC K913	https://www.aozora.gr.jp/cards/000096/files/927_ruby_21749.zip	0
000928	お菓子の大舞踏会	海若	藍平	新字新仮名	NDC K913	https://www.aozora.gr.jp/cards/000096/files/928_ruby_21743.zip	0
000930	押絵の奇蹟	夢野	久作	新字新仮名	NDC 913	https://www.aozora.gr.jp/cards/000096/files/930_ruby_21996.zip	1483
000932	オシャベリ姫	かぐつち	みどり	新字新仮名	NDC K913	https://www.aozora.gr.jp/cards/000096/files/932_ruby_21784.zip	0
000934	猿小僧	萠円山人		新字新仮名	NDC K913	https://www.aozora.gr.jp/cards/000096/files/934_ruby_21815.zip	0
000935	少女地獄	夢野	久作	新字新仮名	NDC 913	https://www.aozora.gr.jp/cards/000096/files/935_ruby_23283.zip	64388
000936	白髪小僧	杉山	萠円	新字新仮名	NDC K913	https://www.aozora.gr.jp/cards/000096/files/936_ruby_21786.zip	0
000937	青水仙、赤水仙	海若	藍平	新字新仮名	NDC K913	https://www.aozora.gr.jp/cards/000096/files/937_ruby_3074.zip	370
000939	東京人の堕落時代	杉山	萠円	新字新仮名	NDC 916	https://www.aozora.gr.jp/cards/000096/files/939_ruby_21953.zip	0
000940	街頭から見た新東京の裏面	杉山	萠円	新字新仮名	NDC 916	https://www.aozora.gr.jp/cards/000096/files/940_ruby_21951.zip	0
000941	若返り薬	海若	藍平	新字新仮名	NDC K913	https://www.aozora.gr.jp/cards/000096/files/941_ruby_21772.zip	70
000942	雪の塔	海若	藍平	新字新仮名	NDC K913	https://www.aozora.gr.jp/cards/000096/files/942_ruby_21770.zip	0
000943	幽霊塔	黒岩	涙香	新字新仮名	NDC 913	https://www.aozora.gr.jp/cards/000179/files/943_ruby_20711.zip	18950
000945	罪過論	石橋	忍月	新字旧仮名	NDC 910	https://www.aozora.gr.jp/cards/000102/files/945_ruby_20590.zip	0
000946	善の研究	西田	幾多郎	新字新仮名	NDC 121	https://www.aozora.gr.jp/cards/000182/files/946_ruby_4400.zip	38850
000947	ゼーロン	牧野	信一	新字新仮名	NDC 913	https://www.aozora.gr.jp/cards/000183/files/947_ruby_22531.zip	0
000949	象牙の牌	渡辺	温	新字新仮名	NDC 913	https://www.aozora.gr.jp/cards/000020/files/949_ruby_29012.zip	0
000962	大凶の籤	武田	麟太郎	新字旧仮名	NDC 913	https://www.aozora.gr.jp/cards/000189/files/962_ruby_20991.zip	0
000963	現代詩	武田	麟太郎	新字旧仮名	NDC 913	https://www.aozora.gr.jp/cards/000189/files/963_ruby_20982.zip	0
000967	蛇の花嫁	大手	拓次	新字旧仮名	NDC 911	https://www.aozora.gr.jp/cards/000190/files/967_ruby_20619.zip	0
000974	尾崎放哉選句集	尾崎	放哉	新字旧仮名	NDC 911	https://www.aozora.gr.jp/cards/000195/files/974_txt_317.zip	563
000975	方丈記	鴨	長明	旧字旧仮名	NDC 914	https://www.aozora.gr.jp/cards/000196/files/975_txt_15934.zip	62261
000978	一の酉	武田	麟太郎	新字旧仮名	NDC 913	https://www.aozora.gr.jp/cards/000189/files/978_ruby_20980.zip	0
000980	釜ヶ崎	武田	麟太郎	新字旧仮名	NDC 913	https://www.aozora.gr.jp/cards/000189/files/980_ruby_20978.zip	0
000983	半七捕物帳	岡本	綺堂	新字新仮名	NDC 913	https://www.aozora.gr.jp/cards/000082/files/983_ruby_1694.zip	3479
001002	日本三文オペラ	武田	麟太郎	新字旧仮名	NDC 913	https://www.aozora.gr.jp/cards/000189/files/1002_ruby_20989.zip	0
001003	半七捕物帳	岡本	綺堂	新字新仮名	NDC 913	https://www.aozora.gr.jp/cards/000082/files/1003_ruby_2008.zip	888
001005	半七捕物帳	岡本	綺堂	旧字旧仮名	NDC 913	https://www.aozora.gr.jp/cards/000082/files/1005_ruby_408.zip	2099
001006	奴隷根性論	大杉	栄	新字新仮名	NDC 914	https://www.aozora.gr.jp/cards/000169/files/1006_txt_457.zip	0
001007	鎖工場	大杉	栄	新字新仮名	NDC 913	https://www.aozora.gr.jp/cards/000169/files/1007_ruby_20609.zip	0
001016	鮨	岡本	かの子	新字新仮名	NDC 913	https://www.aozora.gr.jp/cards/000076/files/1016_ruby_19595.zip	560
001029	藍色の蟇	大手	拓次	新字旧仮名	NDC 911	https://www.aozora.gr.jp/cards/000190/files/1029_ruby_20617.zip	0
001040	愛と婚姻	泉	鏡花	新字旧仮名	NDC 914	https://www.aozora.gr.jp/cards/000050/files/1040_ruby_20510.zip	11022
001045	病院の窓	南部	修太郎	旧字旧仮名	NDC 913	https://www.aozora.gr.jp/cards/000048/files/1045_ruby_21362.zip	0
001048	どんたく	竹久	夢二	新字旧仮名	NDC 911	https://www.aozora.gr.jp/cards/000212/files/1048_ruby_21411.zip	0
001049	フランス哲学についての感想	西田	幾多郎	新字新仮名	NDC 135	https://www.aozora.gr.jp/cards/000182/files/1049_ruby_4509.zip	0
001052	疑惑	南部	修太郎	旧字旧仮名	NDC 913	https://www.aozora.gr.jp/cards/000048/files/1052_ruby_21360.zip	0
001058	『春と修羅』	宮沢	賢治	新字旧仮名	NDC 911	https://www.aozora.gr.jp/cards/000081/files/1058_ruby_4709.zip	54174
001067	人外魔境	小栗	虫太郎	新字新仮名	NDC 913	https://www.aozora.gr.jp/cards/000125/files/1067_ruby_1929.zip	0
001069	鍵屋の辻	直木	三十五	新字新仮名	NDC 913	https://www.aozora.gr.jp/cards/000216/files/1069_ruby.zip	0
001070	哀しき父	葛西	善蔵	新字旧仮名	NDC 913	https://www.aozora.gr.jp/cards/000984/files/1070_ruby_22271.zip	0
001072	語られざる哲学	三木	清	新字新仮名	NDC 121 914	https://www.aozora.gr.jp/cards/000218/files/1072_ruby_22574.zip	0
001074	苦力頭の表情	里村	欣三	新字新仮名	NDC 913	https://www.aozora.gr.jp/cards/000219/files/1074_ruby.zip	0
001078	「紋」	黒島	伝治	新字新仮名	NDC 913	https://www.aozora.gr.jp/cards/000037/files/1078_ruby.zip	0
001079	なまけ者と雨	若山	牧水	新字旧仮名	NDC 914	https://www.aozora.gr.jp/cards/000162/files/1079_ruby_18850.zip	0
001083	鰊漁場	島木	健作	新字新仮名	NDC 913	https://www.aozora.gr.jp/cards/000008/files/1083_ruby_3812.zip	0
001087	婦系図	泉	鏡花	新字新仮名	NDC 913	https://www.aozora.gr.jp/cards/000050/files/1087_ruby_4443.zip	8438
001088	空を飛ぶパラソル	夢野	久作	新字新仮名	NDC 913	https://www.aozora.gr.jp/cards/000096/files/1088_ruby_22032.zip	648
001092	咲いてゆく花	素木	しづ	新字新仮名	NDC 913	https://www.aozora.gr.jp/cards/000012/files/1092_ruby_20970.zip	0
001094	五月雨	吉江	喬松	新字旧仮名	NDC 914	https://www.aozora.gr.jp/cards/000220/files/1094_ruby_18852.zip	0
001096	政治的価値と芸術的価値	平林	初之輔	旧字旧仮名	NDC 901	https://www.aozora.gr.jp/cards/000221/files/1096_ruby_4785.zip	0
001097	椎の若葉	葛西	善蔵	新字旧仮名	NDC 913	https://www.aozora.gr.jp/cards/000984/files/1097_ruby_22273.zip	0
001098	少女病	田山	花袋	新字新仮名	NDC 913	https://www.aozora.gr.jp/cards/000214/files/1098_ruby_4607.zip	9479
001111	生まれいずる悩み	有島	武郎	新字新仮名	NDC 913	https://www.aozora.gr.jp/cards/000025/files/1111_ruby_20599.zip	26415
001113	運動会の風景	葉山	嘉樹	新字旧仮名	NDC 914	https://www.aozora.gr.jp/cards/000031/files/1113_txt_21703.zip	0
001114	若葉の雨	薄田	泣菫	新字旧仮名	NDC 914	https://www.aozora.gr.jp/cards/000150/files/1114_ruby_18854.zip	0
001119	思い出の記	小泉	節子	新字新仮名	NDC 916	https://www.aozora.gr.jp/cards/000224/files/1119_ruby_4794.zip	0
001142	美術曲芸しん粉細工	阿部	徳蔵	新字新仮名	NDC 779 914	https://www.aozora.gr.jp/cards/000225/files/1142_txt_20452.zip	0
001144	惜みなく愛は奪う	有島	武郎	新字新仮名	NDC 914	https://www.aozora.gr.jp/cards/000025/files/1144_ruby_12163.zip	7
001150	宇宙の始まり	アレニウス	スヴァンテ	新字新仮名	NDC 440	https://www.aozora.gr.jp/cards/000226/files/1150_ruby_38564.zip	7386
001151	聖書	生田	春月	新字新仮名	NDC 193	https://www.aozora.gr.jp/cards/000227/files/1151_ruby_18265.zip	56
001152	本州横断　痛快徒歩旅行	井沢	衣水	新字新仮名	NDC 915	https://www.aozora.gr.jp/cards/000077/files/1152_ruby_63598.zip	463
001153	猫と色の嗜好	石田	孫太郎	新字新仮名	NDC 914	https://www.aozora.gr.jp/cards/000229/files/1153_ruby_4896.zip	0
001154	最終戦争論	石原	莞爾	新字新仮名	NDC 391	https://www.aozora.gr.jp/cards/000230/files/1154_ruby_3529.zip	36281
001156	新日本の進路	石原	莞爾	旧字新仮名	NDC 392	https://www.aozora.gr.jp/cards/000230/files/1156_txt_23616.zip	1811
001157	ふるさと	漢那	浪笛	新字旧仮名	NDC 911	https://www.aozora.gr.jp/cards/001666/files/1157_ruby_60082.zip	428
001190	演技指導論草案	伊丹	万作	新字新仮名	NDC 778	https://www.aozora.gr.jp/cards/000231/files/1190_ruby_29779.zip	0
001191	映画界手近の問題	伊丹	万作	新字新仮名	NDC 778	https://www.aozora.gr.jp/cards/000231/files/1191_ruby_29778.zip	0
001192	映画と癩の問題	伊丹	万作	新字新仮名	NDC 368 778	https://www.aozora.gr.jp/cards/000231/files/1192_ruby_29060.zip	0
001193	戦争中止を望む	伊丹	万作	新字新仮名	NDC 914	https://www.aozora.gr.jp/cards/000231/files/1193_ruby_29061.zip	0
001194	一つの世界	伊丹	万作	新字新仮名	NDC 914	https://www.aozora.gr.jp/cards/000231/files/1194_ruby_29780.zip	0
001195	顔の美について	伊丹	万作	新字新仮名	NDC 914	https://www.aozora.gr.jp/cards/000231/files/1195_txt_7949.zip	0
001202	かの日の歌【一】	漢那	浪笛	新字旧仮名	NDC 911	https://www.aozora.gr.jp/cards/001666/files/1202_ruby_60435.zip	191
001206	泡鳴五部作	岩野	泡鳴	旧字旧仮名	NDC 913	https://www.aozora.gr.jp/cards/000137/files/1206_ruby_58778.zip	329
001207	耽溺	岩野	泡鳴	新字新仮名	NDC 913	https://www.aozora.gr.jp/cards/000137/files/1207_ruby_21583.zip	0
001210	人相見	内田	魯庵	新字旧仮名	NDC 914	https://www.aozora.gr.jp/cards/000165/files/1210_txt_7954.zip	0
001211	温情の裕かな夏目さん	内田	魯庵	新字新仮名	NDC 910 914	https://www.aozora.gr.jp/cards/000165/files/1211_ruby_5367.zip	0
001212	時事雑評二三	内村	鑑三	新字旧仮名	NDC 190 914	https://www.aozora.gr.jp/cards/000034/files/1212_ruby_19586.zip	0
001213	問答二三	内村	鑑三	新字旧仮名	NDC 191	https://www.aozora.gr.jp/cards/000034/files/1213_ruby_19584.zip	0
001214	楽しき生涯	内村	鑑三	新字旧仮名	NDC 911	https://www.aozora.gr.jp/cards/000034/files/1214_ruby_19589.zip	0
001215	寒中の木の芽	内村	鑑三	新字旧仮名	NDC 911	https://www.aozora.gr.jp/cards/000034/files/1215_ruby_4827.zip	0
001216	寡婦の除夜	内村	鑑三	新字旧仮名	NDC 911	https://www.aozora.gr.jp/cards/000034/files/1216_ruby_4826.zip	0
001217	ネルソン伝に序す	内村	鑑三	新字旧仮名	NDC 289	https://www.aozora.gr.jp/cards/000034/files/1217_ruby_19582.zip	0
001218	聖書の読方	内村	鑑三	新字新仮名	NDC 193	https://www.aozora.gr.jp/cards/000034/files/1218_ruby_18266.zip	130
001252	三人の双生児	海野	十三	新字新仮名	NDC 913	https://www.aozora.gr.jp/cards/000160/files/1252_ruby_14443.zip	832
001256	海底大陸	海野	十三	新字新仮名	NDC K913	https://www.aozora.gr.jp/cards/000160/files/1256_ruby_50014.zip	638
001259	灯台鬼	大阪	圭吉	新字新仮名	NDC 913	https://www.aozora.gr.jp/cards/000236/files/1259_ruby_20763.zip	0
001260	幽霊妻	大阪	圭吉	新字新仮名	NDC 913	https://www.aozora.gr.jp/cards/000236/files/1260_ruby_1901.zip	0
001261	デパートの絞刑吏	大阪	圭吉	新字新仮名	NDC 913	https://www.aozora.gr.jp/cards/000236/files/1261_ruby_20761.zip	0
001262	死の快走船	大阪	圭吉	新字新仮名	NDC 913	https://www.aozora.gr.jp/cards/000236/files/1262_ruby_33548.zip	0
001263	気狂い機関車	大阪	圭吉	新字新仮名	NDC 913	https://www.aozora.gr.jp/cards/000236/files/1263_ruby_32717.zip	0
001264	とむらい機関車	大阪	圭吉	新字新仮名	NDC 913	https://www.aozora.gr.jp/cards/000236/files/1264_ruby_32718.zip	0
001265	闖入者	大阪	圭吉	新字新仮名	NDC 913	https://www.aozora.gr.jp/cards/000236/files/1265_ruby_33549.zip	0
001266	三狂人	大阪	圭吉	新字新仮名	NDC 913	https://www.aozora.gr.jp/cards/000236/files/1266_ruby_33547.zip	0
001267	白妖	大阪	圭吉	新字新仮名	NDC 913	https://www.aozora.gr.jp/cards/000236/files/1267_ruby_33550.zip	0
001268	あやつり裁判	大阪	圭吉	新字新仮名	NDC 913	https://www.aozora.gr.jp/cards/000236/files/1268_ruby_33546.zip	0
001269	銀座幽霊	大阪	圭吉	新字新仮名	NDC 913	https://www.aozora.gr.jp/cards/000236/files/1269_ruby_28145.zip	0
001270	動かぬ鯨群	大阪	圭吉	新字新仮名	NDC 913	https://www.aozora.gr.jp/cards/000236/files/1270_ruby_32510.zip	0
001271	寒の夜晴れ	大阪	圭吉	新字新仮名	NDC 913	https://www.aozora.gr.jp/cards/000236/files/1271_ruby_24116.zip	0
001272	三の字旅行会	大阪	圭吉	新字新仮名	NDC 913	https://www.aozora.gr.jp/cards/000236/files/1272_ruby_24138.zip	0
001273	自叙伝	大杉	栄	新字新仮名	NDC 914	https://www.aozora.gr.jp/cards/000169/files/1273_ruby.zip	0
001276	茶の本	岡倉	覚三	新字新仮名	NDC 791 914	https://www.aozora.gr.jp/cards/000238/files/1276_ruby_30137.zip	34190
001277	非凡人と凡人の遺書	岡本	一平	新字旧仮名	NDC 914	https://www.aozora.gr.jp/cards/000239/files/1277_ruby_20765.zip	0
001279	金魚撩乱	岡本	かの子	新字新仮名	NDC 913	https://www.aozora.gr.jp/cards/000076/files/1279_ruby_8230.zip	1132
001293	半七捕物帳	岡本	綺堂	新字新仮名	NDC 913	https://www.aozora.gr.jp/cards/000082/files/1293_ruby_5382.zip	5171
001295	半七捕物帳	岡本	綺堂	新字新仮名	NDC 913	https://www.aozora.gr.jp/cards/000082/files/1295_ruby_6315.zip	1290
001314	彫刻家の見たる美人	荻原	守衛	旧字旧仮名	NDC 914	https://www.aozora.gr.jp/cards/000240/files/1314_ruby_7771.zip	0
001315	小熊秀雄全集-13	小熊	秀雄	新字旧仮名	NDC 911	https://www.aozora.gr.jp/cards/000124/files/1315_ruby_21650.zip	0
001317	黒死館殺人事件	小栗	虫太郎	新字新仮名	NDC 913	https://www.aozora.gr.jp/cards/000125/files/1317_ruby_22263.zip	57693
001318	聖アレキセイ寺院の惨劇	小栗	虫太郎	新字新仮名	NDC 913	https://www.aozora.gr.jp/cards/000125/files/1318_ruby_1898.zip	0
001320	人外魔境	小栗	虫太郎	新字新仮名	NDC 913	https://www.aozora.gr.jp/cards/000125/files/1320_ruby_1925.zip	62
001321	人外魔境	小栗	虫太郎	新字新仮名	NDC 913	https://www.aozora.gr.jp/cards/000125/files/1321_ruby_3826.zip	0
001322	遺書	尾崎	秀実	新字新仮名	NDC 289	https://www.aozora.gr.jp/cards/000242/files/1322_ruby_20767.zip	0
001323	海島冒険奇譚　海底軍艦	押川	春浪	旧字旧仮名	NDC K913	https://www.aozora.gr.jp/cards/000077/files/1323_ruby_30726.zip	28
001328	やきもの読本	小野	賢一郎	旧字旧仮名	NDC 751	https://www.aozora.gr.jp/cards/000243/files/1328_ruby_506.zip	0
001329	臨終まで	梶井	久	新字新仮名	NDC 914	https://www.aozora.gr.jp/cards/000244/files/1329_ruby_27366.zip	0
001330	単独行	加藤	文太郎	新字新仮名	NDC 291	https://www.aozora.gr.jp/cards/000245/files/1330_ruby_20843.zip	29
001333	恭三の父	加能	作次郎	新字新仮名	NDC 913	https://www.aozora.gr.jp/cards/000247/files/1333_ruby_20663.zip	0
001334	鱧の皮	上司	小剣	新字旧仮名	NDC 913	https://www.aozora.gr.jp/cards/000248/files/1334_ruby_20717.zip	0
001335	業苦	嘉村	礒多	旧字旧仮名	NDC 913	https://www.aozora.gr.jp/cards/000249/files/1335_ruby_20681.zip	0
001336	崖の下	嘉村	礒多	旧字旧仮名	NDC 913	https://www.aozora.gr.jp/cards/000249/files/1336_ruby_20679.zip	0
001337	足相撲	嘉村	礒多	旧字旧仮名	NDC 913	https://www.aozora.gr.jp/cards/000249/files/1337_ruby_20684.zip	0
001338	随筆「断片」	河上	肇	新字旧仮名	NDC 914	https://www.aozora.gr.jp/cards/000250/files/1338_ruby_17869.zip	0
001367	真田幸村	菊池	寛	新字新仮名	NDC 913	https://www.aozora.gr.jp/cards/000083/files/1367_ruby_35871.zip	25795
001389	美術上の婦人	岸田	劉生	新字旧仮名	NDC 720 914	https://www.aozora.gr.jp/cards/000251/files/1389_ruby_18277.zip	0
001392	少年の死	木下	杢太郎	旧字旧仮名	NDC 913	https://www.aozora.gr.jp/cards/000120/files/1392_ruby_20688.zip	0
001393	すかんぽ	木下	杢太郎	旧字旧仮名	NDC 914	https://www.aozora.gr.jp/cards/000120/files/1393_ruby_20686.zip	0
001394	パンの会の回想	木下	杢太郎	新字旧仮名	NDC 910 916	https://www.aozora.gr.jp/cards/000120/files/1394_txt_20690.zip	0
001395	本の装釘	木下	杢太郎	新字旧仮名	NDC 914	https://www.aozora.gr.jp/cards/000120/files/1395_ruby.zip	0
001396	北原白秋氏の肖像	木下	杢太郎	新字旧仮名	NDC 911	https://www.aozora.gr.jp/cards/000120/files/1396_ruby_24918.zip	0
001397	荷	金	史良	新字新仮名	NDC 914	https://www.aozora.gr.jp/cards/000252/files/1397_ruby_20808.zip	0
001398	光の中に	金	史良	新字新仮名	NDC 913	https://www.aozora.gr.jp/cards/000252/files/1398_ruby_5033.zip	0
001399	玄海灘密航	金	史良	新字新仮名	NDC 914	https://www.aozora.gr.jp/cards/000252/files/1399_ruby_20772.zip	0
001400	故郷を想う	金	史良	新字新仮名	NDC 914	https://www.aozora.gr.jp/cards/000252/files/1400_ruby_20806.zip	0
001401	近時政論考	陸	羯南	新字新仮名	NDC 312	https://www.aozora.gr.jp/cards/000253/files/1401_ruby_23869.zip	0
001402	心	漢那	浪笛	新字旧仮名	NDC 911	https://www.aozora.gr.jp/cards/001666/files/1402_ruby_60860.zip	201
001409	忘れえぬ人々	国木田	独歩	新字新仮名	NDC 913	https://www.aozora.gr.jp/cards/000038/files/1409_ruby_34466.zip	720
001412	出家とその弟子	倉田	百三	新字新仮名	NDC 180 912	https://www.aozora.gr.jp/cards/000256/files/1412_ruby_24168.zip	3281
001413	善くならうとする祈り	倉田	百三	新字旧仮名	NDC 914	https://www.aozora.gr.jp/cards/000256/files/1413_ruby.zip	0
001414	帰省	漢那	浪笛	新字旧仮名	NDC 911	https://www.aozora.gr.jp/cards/001666/files/1414_ruby_60420.zip	340
001415	無惨	黒岩	涙香	新字新仮名	NDC 913	https://www.aozora.gr.jp/cards/000179/files/1415_ruby_20923.zip	32
001416	血の文字	黒岩	涙香	新字新仮名	NDC 913	https://www.aozora.gr.jp/cards/000179/files/1416_ruby_22461.zip	0
001417	橇	黒島	伝治	新字新仮名	NDC 913	https://www.aozora.gr.jp/cards/000037/files/1417_ruby_22264.zip	0
001418	武装せる市街	黒島	伝治	新字新仮名	NDC 913	https://www.aozora.gr.jp/cards/000037/files/1418_ruby_3465.zip	0
001419	パルチザン・ウォルコフ	黒島	伝治	新字新仮名	NDC 913	https://www.aozora.gr.jp/cards/000037/files/1419_ruby_3494.zip	0
001420	海賊と遍路	黒島	伝治	新字新仮名	NDC 914	https://www.aozora.gr.jp/cards/000037/files/1420_ruby_22411.zip	0
001421	浮動する地価	黒島	伝治	新字新仮名	NDC 913	https://www.aozora.gr.jp/cards/000037/files/1421_ruby_22388.zip	0
001422	前哨	黒島	伝治	新字新仮名	NDC 913	https://www.aozora.gr.jp/cards/000037/files/1422_ruby_22364.zip	0
001423	車室	漢那	浪笛	新字旧仮名	NDC 911	https://www.aozora.gr.jp/cards/001666/files/1423_ruby_60421.zip	230
001424	反戦文学論	黒島	伝治	新字新仮名	NDC 910	https://www.aozora.gr.jp/cards/000037/files/1424_ruby_20336.zip	0
001425	女の顔	黒田	清輝	新字旧仮名	NDC 914	https://www.aozora.gr.jp/cards/000257/files/1425_ruby_7772.zip	0
001428	ニッケルの文鎮	甲賀	三郎	新字新仮名	NDC 913	https://www.aozora.gr.jp/cards/000260/files/1428_ruby_20707.zip	0
001429	琥珀のパイプ	甲賀	三郎	新字新仮名	NDC 913	https://www.aozora.gr.jp/cards/000260/files/1429_ruby_19868.zip	0
001430	支倉事件	甲賀	三郎	新字新仮名	NDC 913	https://www.aozora.gr.jp/cards/000260/files/1430_ruby_26977.zip	0
001431	蜘蛛	甲賀	三郎	新字新仮名	NDC 913	https://www.aozora.gr.jp/cards/000260/files/1431_ruby_19869.zip	0
001432	黄鳥の嘆き	甲賀	三郎	新字新仮名	NDC 913	https://www.aozora.gr.jp/cards/000260/files/1432_ruby_20012.zip	0
001433	青服の男	甲賀	三郎	新字新仮名	NDC 913	https://www.aozora.gr.jp/cards/000260/files/1433_ruby_19749.zip	0
001434	水の東京	幸田	露伴	新字旧仮名	NDC 914 915	https://www.aozora.gr.jp/cards/000051/files/1434_ruby_20709.zip	0
001436	観画談	幸田	露伴	新字新仮名	NDC 913	https://www.aozora.gr.jp/cards/000051/files/1436_ruby_28541.zip	444
001437	魔法修行者	幸田	露伴	新字新仮名	NDC 147 387 913	https://www.aozora.gr.jp/cards/000051/files/1437_ruby_28543.zip	0
001438	骨董	幸田	露伴	新字新仮名	NDC 756 913	https://www.aozora.gr.jp/cards/000051/files/1438_ruby_28542.zip	0
001439	蘆声	幸田	露伴	新字新仮名	NDC 913	https://www.aozora.gr.jp/cards/000051/files/1439_ruby_28545.zip	0
001440	運命は切り開くもの	幸田	露伴	新字旧仮名	NDC 914	https://www.aozora.gr.jp/cards/000051/files/1440_ruby_26358.zip	0
001441	花のいろ／＼	幸田	露伴	新字旧仮名	NDC 914	https://www.aozora.gr.jp/cards/000051/files/1441_ruby.zip	0
001453	死生	幸徳	秋水	新字新仮名	NDC 309 916	https://www.aozora.gr.jp/cards/000261/files/1453_ruby_4758.zip	0
001454	愚人の毒	小酒井	不木	新字新仮名	NDC 913	https://www.aozora.gr.jp/cards/000262/files/1454_ruby_20739.zip	0
001455	メデューサの首	小酒井	不木	新字新仮名	NDC 913	https://www.aozora.gr.jp/cards/000262/files/1455_ruby_20743.zip	0
001456	死体蝋燭	小酒井	不木	新字新仮名	NDC 913	https://www.aozora.gr.jp/cards/000262/files/1456_ruby_20737.zip	0
001457	痴人の復讐	小酒井	不木	新字新仮名	NDC 913	https://www.aozora.gr.jp/cards/000262/files/1457_ruby_19473.zip	0
001458	恋愛曲線	小酒井	不木	新字新仮名	NDC 913	https://www.aozora.gr.jp/cards/000262/files/1458_ruby_14459.zip	2128
001459	闘争	小酒井	不木	新字新仮名	NDC 913	https://www.aozora.gr.jp/cards/000262/files/1459_ruby_19474.zip	0
001460	毒と迷信	小酒井	不木	新字旧仮名	NDC 491 914	https://www.aozora.gr.jp/cards/000262/files/1460_ruby_5403.zip	0
001461	紀行文家の群れ	小島	烏水	新字新仮名	NDC 914	https://www.aozora.gr.jp/cards/000027/files/1461_ruby_4933.zip	0
001462	菜の花	小島	烏水	新字新仮名	NDC 914	https://www.aozora.gr.jp/cards/000027/files/1462_ruby_16564.zip	0
001463	槍ヶ岳第三回登山	小島	烏水	新字新仮名	NDC 291 915	https://www.aozora.gr.jp/cards/000027/files/1463_ruby_9736.zip	0
001464	亡びゆく森	小島	烏水	新字旧仮名	NDC 914	https://www.aozora.gr.jp/cards/000027/files/1464_ruby_16851.zip	0
001465	蟹工船	小林	多喜二	新字新仮名	NDC 913	https://www.aozora.gr.jp/cards/000156/files/1465_ruby_16804.zip	68260
001466	工場細胞	小林	多喜二	新字新仮名	NDC 913	https://www.aozora.gr.jp/cards/000156/files/1466_ruby_24735.zip	0
001470	私の父	堺	利彦	新字新仮名	NDC 914	https://www.aozora.gr.jp/cards/000164/files/1470_ruby_18921.zip	0
001471	貧を記す	堺	利彦	新字新仮名	NDC 916	https://www.aozora.gr.jp/cards/000164/files/1471_ruby_20759.zip	0
001472	面白き二個の広告	堺	利彦	新字新仮名	NDC 914	https://www.aozora.gr.jp/cards/000164/files/1472_ruby_20757.zip	0
001488	菊模様皿山奇談	三遊亭	円朝	新字新仮名	NDC 779 913	https://www.aozora.gr.jp/cards/000989/files/1488_ruby_5040.zip	0
001489	名人長二	三遊亭	円朝	新字新仮名	NDC 779 913	https://www.aozora.gr.jp/cards/000989/files/1489_ruby_4809.zip	0
001490	西洋人情話　英国孝子ジョージスミス之伝	三遊亭	円朝	新字新仮名	NDC 779 913	https://www.aozora.gr.jp/cards/000989/files/1490_ruby.zip	0
001496	吸い殻	漢那	浪笛	新字旧仮名	NDC 911	https://www.aozora.gr.jp/cards/001666/files/1496_ruby_60795.zip	186
001502	破戒	島崎	藤村	新字旧仮名	NDC 913	https://www.aozora.gr.jp/cards/000158/files/1502_ruby_24534.zip	60076
001503	千曲川のスケッチ	島崎	藤村	新字新仮名	NDC 914	https://www.aozora.gr.jp/cards/000158/files/1503_ruby_6001.zip	3891
001504	夜明け前	島崎	藤村	新字新仮名	NDC 913	https://www.aozora.gr.jp/cards/000158/files/1504_ruby_6153.zip	49522
001505	夜明け前	島崎	藤村	新字新仮名	NDC 913	https://www.aozora.gr.jp/cards/000158/files/1505_ruby_1916.zip	15018
001506	夜明け前	島崎	藤村	新字新仮名	NDC 913	https://www.aozora.gr.jp/cards/000158/files/1506_ruby_1919.zip	9802
001507	夜明け前	島崎	藤村	新字新仮名	NDC 913	https://www.aozora.gr.jp/cards/000158/files/1507_ruby_1882.zip	9482
001508	若菜集	島崎	藤村	新字旧仮名	NDC 911	https://www.aozora.gr.jp/cards/000158/files/1508_ruby_18425.zip	9256
001528	湖水の女	鈴木	三重吉	新字新仮名	NDC K913	https://www.aozora.gr.jp/cards/000107/files/1528_ruby_22410.zip	0
001529	黄金鳥	鈴木	三重吉	新字新仮名	NDC K913	https://www.aozora.gr.jp/cards/000107/files/1529_ruby_22409.zip	0
001530	古事記物語	太	安万侶	新字新仮名	NDC K913	https://www.aozora.gr.jp/cards/000107/files/1530_ruby_5501.zip	10512
001532	千鳥	鈴木	三重吉	新字新仮名	NDC 913	https://www.aozora.gr.jp/cards/000107/files/1532_ruby_19833.zip	0
001541	駒台の発案者	関根	金次郎	新字旧仮名	NDC 796 914	https://www.aozora.gr.jp/cards/000268/files/1541_ruby_21709.zip	0
001542	本因坊と私	関根	金次郎	新字旧仮名	NDC 795 914	https://www.aozora.gr.jp/cards/000268/files/1542_txt_20954.zip	0
001543	般若心経講義	高神	覚昇	新字新仮名	NDC 181 183	https://www.aozora.gr.jp/cards/000269/files/1543_ruby_23872.zip	10206
001544	時	鷹野	つぎ	新字旧仮名	NDC 914	https://www.aozora.gr.jp/cards/000116/files/1544_txt_23719.zip	0
001545	佐竹の原へ大仏をこしらえたはなし	高村	光雲	新字新仮名	NDC 712 914	https://www.aozora.gr.jp/cards/000270/files/1545_ruby_18899.zip	0
001546	幕末維新懐古談	高村	光雲	新字新仮名	NDC 712 914	https://www.aozora.gr.jp/cards/000270/files/1546_ruby_21459.zip	0
001547	幕末維新懐古談	高村	光雲	新字新仮名	NDC 712 914	https://www.aozora.gr.jp/cards/000270/files/1547_ruby_21460.zip	0
001548	幕末維新懐古談	高村	光雲	新字新仮名	NDC 712 914	https://www.aozora.gr.jp/cards/000270/files/1548_ruby_21461.zip	0
001549	幕末維新懐古談	高村	光雲	新字新仮名	NDC 712 914	https://www.aozora.gr.jp/cards/000270/files/1549_ruby_21462.zip	0
001550	幕末維新懐古談	高村	光雲	新字新仮名	NDC 712 914	https://www.aozora.gr.jp/cards/000270/files/1550_ruby_21463.zip	0
001551	幕末維新懐古談	高村	光雲	新字新仮名	NDC 712 914	https://www.aozora.gr.jp/cards/000270/files/1551_ruby_21464.zip	0
001552	幕末維新懐古談	高村	光雲	新字新仮名	NDC 712 914	https://www.aozora.gr.jp/cards/000270/files/1552_ruby_21465.zip	0
001553	幕末維新懐古談	高村	光雲	新字新仮名	NDC 712 914	https://www.aozora.gr.jp/cards/000270/files/1553_ruby_21466.zip	0
001554	幕末維新懐古談	高村	光雲	新字新仮名	NDC 712 914	https://www.aozora.gr.jp/cards/000270/files/1554_ruby_21467.zip	0
001555	幕末維新懐古談	高村	光雲	新字新仮名	NDC 712 914	https://www.aozora.gr.jp/cards/000270/files/1555_ruby_21468.zip	0
001556	滝口入道	高山	樗牛	旧字旧仮名	NDC 913	https://www.aozora.gr.jp/cards/000271/files/1556_ruby_1907.zip	0
001557	落語家たち	武田	麟太郎	新字旧仮名	NDC 779 914	https://www.aozora.gr.jp/cards/000189/files/1557_txt_20993.zip	0
001558	砂がき	竹久	夢二	旧字旧仮名	NDC 914	https://www.aozora.gr.jp/cards/000212/files/1558_ruby_8005.zip	0
001559	ある眼	竹久	夢二	新字旧仮名	NDC 914	https://www.aozora.gr.jp/cards/000212/files/1559_txt_7943.zip	0
001560	秘密	竹久	夢二	新字旧仮名	NDC 914	https://www.aozora.gr.jp/cards/000212/files/1560_ruby_21029.zip	0
001565	斜陽	太宰	治	新字新仮名	NDC 913	https://www.aozora.gr.jp/cards/000035/files/1565_ruby_8220.zip	67534
001566	パンドラの匣	太宰	治	新字新仮名	NDC 913	https://www.aozora.gr.jp/cards/000035/files/1566_ruby_8222.zip	47305
001567	走れメロス	太宰	治	新字新仮名	NDC 913	https://www.aozora.gr.jp/cards/000035/files/1567_ruby_4948.zip	68117
001572	I can speak	太宰	治	新字新仮名	NDC 913	https://www.aozora.gr.jp/cards/000035/files/1572_ruby_19823.zip	50694
001578	愛と美について	太宰	治	新字新仮名	NDC 913	https://www.aozora.gr.jp/cards/000035/files/1578_ruby_5242.zip	35423
001607	川端康成へ	太宰	治	新字新仮名	NDC 914	https://www.aozora.gr.jp/cards/000035/files/1607_ruby_13567.zip	28386
001663	野狐	田中	英光	新字新仮名	NDC 913	https://www.aozora.gr.jp/cards/000126/files/1663_ruby_5194.zip	0
001666	栄螺	田畑	修一郎	新字新仮名	NDC 914	https://www.aozora.gr.jp/cards/000273/files/1666_txt_18838.zip	0
001668	田舎教師	田山	花袋	新字新仮名	NDC 913	https://www.aozora.gr.jp/cards/000214/files/1668_ruby_24546.zip	11479
001669	蒲団	田山	花袋	新字新仮名	NDC 913	https://www.aozora.gr.jp/cards/000214/files/1669_ruby_8218.zip	52616
001674	燕枝芸談	談洲楼	燕枝　二代	新字旧仮名	NDC 914	https://www.aozora.gr.jp/cards/000274/files/1674_ruby_21035.zip	0
001675	うつり香	近松	秋江	新字新仮名	NDC 913	https://www.aozora.gr.jp/cards/000275/files/1675_ruby_21585.zip	0
001676	黒髪	近松	秋江	新字新仮名	NDC 913	https://www.aozora.gr.jp/cards/000275/files/1676_ruby_21589.zip	0
001677	狂乱	近松	秋江	新字新仮名	NDC 913	https://www.aozora.gr.jp/cards/000275/files/1677_ruby_21587.zip	0
001678	霜凍る宵	近松	秋江	新字新仮名	NDC 913	https://www.aozora.gr.jp/cards/000275/files/1678_ruby_21604.zip	0
001680	登山の朝	辻村	伊助	新字新仮名	NDC 293	https://www.aozora.gr.jp/cards/000277/files/1680_ruby_9737.zip	0
001681	猟人	津村	信夫	新字旧仮名	NDC 914	https://www.aozora.gr.jp/cards/000278/files/1681_txt_21307.zip	0
001704	みみずのたはこと	徳冨	健次郎	新字新仮名	NDC 914	https://www.aozora.gr.jp/cards/000279/files/1704_ruby_6918.zip	0
001706	小説　不如帰　	徳冨	蘆花	新字新仮名	NDC 913	https://www.aozora.gr.jp/cards/000280/files/1706_ruby_5169.zip	5854
001707	草とり	徳冨	蘆花	新字旧仮名	NDC 914	https://www.aozora.gr.jp/cards/000280/files/1707_ruby_21314.zip	0
001708	謀叛論（草稿）	徳冨	蘆花	新字新仮名	NDC 914	https://www.aozora.gr.jp/cards/000280/files/1708_ruby_21318.zip	0
001709	デカルトと引用精神	戸坂	潤	新字新仮名	NDC 135	https://www.aozora.gr.jp/cards/000281/files/1709_ruby_18268.zip	0
001710	思想と風俗	戸坂	潤	新字新仮名	NDC 304	https://www.aozora.gr.jp/cards/000281/files/1710_txt.zip	0
001711	道徳の観念	戸坂	潤	新字新仮名	NDC 150	https://www.aozora.gr.jp/cards/000281/files/1711_txt.zip	0
001712	読書法	戸坂	潤	新字新仮名	NDC 019	https://www.aozora.gr.jp/cards/000281/files/1712_ruby_25129.zip	0
001713	科学方法論	戸坂	潤	新字新仮名	NDC 401	https://www.aozora.gr.jp/cards/000281/files/1713_txt_43355.zip	377
001714	あめんちあ	富ノ沢	麟太郎	新字新仮名	NDC 913	https://www.aozora.gr.jp/cards/000282/files/1714_ruby_29965.zip	0
001715	巌流島	直木	三十五	新字新仮名	NDC 913	https://www.aozora.gr.jp/cards/000216/files/1715_ruby_2640.zip	0
001716	相馬の仇討	直木	三十五	新字新仮名	NDC 913	https://www.aozora.gr.jp/cards/000216/files/1716_ruby.zip	0
001717	傾城買虎之巻	直木	三十五	新字新仮名	NDC 913	https://www.aozora.gr.jp/cards/000216/files/1717_ruby.zip	0
001721	三人の相馬大作	直木	三十五	新字新仮名	NDC 913	https://www.aozora.gr.jp/cards/000216/files/1721_ruby_24963.zip	0
001722	寺坂吉右衛門の逃亡	直木	三十五	新字新仮名	NDC 913	https://www.aozora.gr.jp/cards/000216/files/1722_ruby_24431.zip	0
001723	寛永武道鑑	直木	三十五	新字新仮名	NDC 913	https://www.aozora.gr.jp/cards/000216/files/1723_ruby_24430.zip	0
001724	大衆文芸作法	直木	三十五	新字新仮名	NDC 901	https://www.aozora.gr.jp/cards/000216/files/1724_ruby_13761.zip	0
001725	死までを語る	直木	三十五	新字新仮名	NDC 914	https://www.aozora.gr.jp/cards/000216/files/1725_ruby_26027.zip	0
001726	大菩薩峠	中里	介山	新字新仮名	NDC 913	https://www.aozora.gr.jp/cards/000283/files/1726_ruby_5424.zip	16888
001727	大菩薩峠	中里	介山	新字新仮名	NDC 913	https://www.aozora.gr.jp/cards/000283/files/1727_ruby_6790.zip	0
001728	大菩薩峠	中里	介山	新字新仮名	NDC 913	https://www.aozora.gr.jp/cards/000283/files/1728_ruby_3515.zip	0
001732	支那の書目に就いて	内藤	湖南	旧字旧仮名	NDC 020	https://www.aozora.gr.jp/cards/000284/files/1732_ruby_4326.zip	0
001733	文溯閣の四庫全書	内藤	湖南	旧字旧仮名	NDC 020 222	https://www.aozora.gr.jp/cards/000284/files/1733_txt_21577.zip	0
001734	応仁の乱に就て	内藤	湖南	旧字旧仮名	NDC 210	https://www.aozora.gr.jp/cards/000284/files/1734_ruby_4332.zip	0
001735	大阪の町人学者富永仲基	内藤	湖南	旧字旧仮名	NDC 121	https://www.aozora.gr.jp/cards/000284/files/1735_ruby_4337.zip	0
001736	概括的唐宋時代観	内藤	湖南	旧字旧仮名	NDC 222	https://www.aozora.gr.jp/cards/000284/files/1736_txt_21419.zip	0
001737	李陵	中島	敦	新字新仮名	NDC 913	https://www.aozora.gr.jp/cards/000119/files/1737_ruby_5656.zip	45848
001738	弟子	中島	敦	新字新仮名	NDC 913	https://www.aozora.gr.jp/cards/000119/files/1738_ruby_16462.zip	3962
001743	光と風と夢	中島	敦	新字新仮名	NDC 913	https://www.aozora.gr.jp/cards/000119/files/1743_ruby_5730.zip	4987
001744	古街	漢那	浪笛	新字旧仮名	NDC 911	https://www.aozora.gr.jp/cards/001666/files/1744_ruby_60859.zip	199
001745	土	長塚	節	旧字旧仮名	NDC 913	https://www.aozora.gr.jp/cards/000118/files/1745_ruby_16881.zip	132
001746	それから	夏目	漱石	新字旧仮名	NDC 913	https://www.aozora.gr.jp/cards/000148/files/1746_ruby_18324.zip	56472
001752	文芸作品の映画化	南部	修太郎	旧字旧仮名	NDC 778 914	https://www.aozora.gr.jp/cards/000048/files/1752_txt_21358.zip	0
001755	絶対矛盾的自己同一	西田	幾多郎	新字新仮名	NDC 121	https://www.aozora.gr.jp/cards/000182/files/1755_ruby_195.zip	0
001756	女王	野口	雨情	新字旧仮名	NDC K913	https://www.aozora.gr.jp/cards/000286/files/1756_ruby_18927.zip	0
001757	十五夜お月さん	野口	雨情	旧字旧仮名	NDC K911	https://www.aozora.gr.jp/cards/000286/files/1757_ruby_6365.zip	0
001758	青い眼の人形	野口	雨情	新字新仮名	NDC K911	https://www.aozora.gr.jp/cards/000286/files/1758_ruby.zip	0
001760	ルバイヤート	小川	亮作	新字新仮名	NDC 929	https://www.aozora.gr.jp/cards/000288/files/1760_ruby_23582.zip	1302
001768	青猫	萩原	朔太郎	旧字旧仮名	NDC 911	https://www.aozora.gr.jp/cards/000067/files/1768_ruby_18600.zip	14912
001772	秋と漫歩	萩原	朔太郎	新字新仮名	NDC 914	https://www.aozora.gr.jp/cards/000067/files/1772_ruby_4219.zip	572
001783	犬の生活	小山	清	新字新仮名	NDC 913	https://www.aozora.gr.jp/cards/001867/files/1783_ruby_65923.zip	423
001786	他人の夏	山川	方夫	新字新仮名	NDC 913	https://www.aozora.gr.jp/cards/001801/files/1786_ruby_74917.zip	633
001795	夢の殺人	浜尾	四郎	新字新仮名	NDC 913	https://www.aozora.gr.jp/cards/000289/files/1795_ruby_22491.zip	0
001796	殺された天一坊	浜尾	四郎	新字新仮名	NDC 913	https://www.aozora.gr.jp/cards/000289/files/1796_ruby_22484.zip	0
001797	彼は誰を殺したか	浜尾	四郎	新字新仮名	NDC 913	https://www.aozora.gr.jp/cards/000289/files/1797_ruby_22482.zip	0
001798	途上の犯人	浜尾	四郎	新字新仮名	NDC 913	https://www.aozora.gr.jp/cards/000289/files/1798_ruby_22489.zip	0
001799	殺人鬼	浜尾	四郎	新字新仮名	NDC 913	https://www.aozora.gr.jp/cards/000289/files/1799_ruby_17480.zip	0
001800	丹下左膳	林	不忘	新字新仮名	NDC 913	https://www.aozora.gr.jp/cards/000290/files/1800_ruby_9298.zip	0
001803	煩悩秘文書	林	不忘	新字新仮名	NDC 913	https://www.aozora.gr.jp/cards/000290/files/1803_ruby_31604.zip	0
001804	平馬と鶯	林	不忘	新字新仮名	NDC K913	https://www.aozora.gr.jp/cards/000290/files/1804_ruby_18351.zip	0
001805	安重根	谷	譲次	新字新仮名	NDC 912	https://www.aozora.gr.jp/cards/000272/files/1805_ruby_11329.zip	0
001806	若き日の成吉思汗	林	不忘	新字新仮名	NDC 912	https://www.aozora.gr.jp/cards/000290/files/1806_ruby_31605.zip	0
001807	稲生播磨守	林	不忘	新字新仮名	NDC 912	https://www.aozora.gr.jp/cards/000290/files/1807_ruby_31586.zip	0
001808	元禄十三年	林	不忘	新字新仮名	NDC 913	https://www.aozora.gr.jp/cards/000290/files/1808_ruby_7908.zip	0
001809	寛永相合傘	林	不忘	新字新仮名	NDC 913	https://www.aozora.gr.jp/cards/000290/files/1809_ruby_7904.zip	0
001810	口笛を吹く武士	林	不忘	新字新仮名	NDC 913	https://www.aozora.gr.jp/cards/000290/files/1810_ruby_7906.zip	0
001811	あの顔	林	不忘	新字新仮名	NDC 913	https://www.aozora.gr.jp/cards/000290/files/1811_ruby_18350.zip	0
001812	仇討たれ戯作	林	不忘	新字新仮名	NDC 913	https://www.aozora.gr.jp/cards/000290/files/1812_ruby_7902.zip	0
001813	新版　放浪記	林	芙美子	新字新仮名	NDC 913	https://www.aozora.gr.jp/cards/000291/files/1813_ruby_28358.zip	5553
001818	井戸の底に埃の溜つた話	葉山	嘉樹	新字旧仮名	NDC 914	https://www.aozora.gr.jp/cards/000031/files/1818_txt_4846.zip	0
001819	遺言文学	葉山	嘉樹	新字旧仮名	NDC 914	https://www.aozora.gr.jp/cards/000031/files/1819_txt_22266.zip	0
001820	獄中の女より男に	原田	皐月	新字旧仮名	NDC 914 915	https://www.aozora.gr.jp/cards/000292/files/1820_ruby_23726.zip	0
001858	晶子鑑賞	平野	万里	新字旧仮名	NDC 911	https://www.aozora.gr.jp/cards/000294/files/1858_ruby_15765.zip	0
001859	唯物史観と文学	平林	初之輔	旧字旧仮名	NDC 901	https://www.aozora.gr.jp/cards/000221/files/1859_ruby.zip	0
001860	文芸運動と労働運動	平林	初之輔	旧字旧仮名	NDC 901	https://www.aozora.gr.jp/cards/000221/files/1860_ruby.zip	0
001861	中西氏に答う	平林	初之輔	旧字新仮名	NDC 901	https://www.aozora.gr.jp/cards/000221/files/1861_ruby_4868.zip	0
001862	山吹町の殺人	平林	初之輔	新字新仮名	NDC 913	https://www.aozora.gr.jp/cards/000221/files/1862_ruby.zip	0
001864	福翁自伝	福沢	諭吉	新字新仮名	NDC 289	https://www.aozora.gr.jp/cards/000296/files/1864_ruby_61551.zip	1622
001866	画室の言葉	藤島	武二	新字新仮名	NDC 723	https://www.aozora.gr.jp/cards/000298/files/1866_ruby_18276.zip	0
001867	四日間	ガールシン	フセヴォロド・ミハイロヴィチ	新字新仮名	NDC 983	https://www.aozora.gr.jp/cards/000340/files/1867_ruby_20715.zip	0
001868	小説総論	二葉亭	四迷	新字新仮名	NDC 901	https://www.aozora.gr.jp/cards/000006/files/1868_ruby_22436.zip	0
001869	浮雲	二葉亭	四迷	新字新仮名	NDC 913	https://www.aozora.gr.jp/cards/000006/files/1869_ruby_33306.zip	57124
001871	落穴と振子	佐々木	直次郎	新字新仮名	NDC 933	https://www.aozora.gr.jp/cards/000094/files/1871_ruby_17551.zip	6020
001872	法窓夜話	穂積	陳重	新字新仮名	NDC 320	https://www.aozora.gr.jp/cards/000301/files/1872_ruby_3491.zip	0
001873	東西ほくろ考	堀口	九万一	新字旧仮名	NDC 914	https://www.aozora.gr.jp/cards/000302/files/1873_ruby_7775.zip	0
001875	石狩川	本庄	陸男	新字新仮名	NDC 913	https://www.aozora.gr.jp/cards/000303/files/1875_ruby_42799.zip	241
001876	女肉を料理する男	牧	逸馬	新字新仮名	NDC 913	https://www.aozora.gr.jp/cards/000304/files/1876_ruby_6171.zip	0
001877	浴槽の花嫁	牧	逸馬	新字新仮名	NDC 913	https://www.aozora.gr.jp/cards/000304/files/1877_ruby_6174.zip	0
001878	戦雲を駆る女怪	牧	逸馬	新字新仮名	NDC 913	https://www.aozora.gr.jp/cards/000304/files/1878_ruby_23857.zip	0
001879	上海された男	牧	逸馬	新字新仮名	NDC 913	https://www.aozora.gr.jp/cards/000304/files/1879_ruby_16476.zip	0
001880	舞馬	牧	逸馬	新字新仮名	NDC 913	https://www.aozora.gr.jp/cards/000304/files/1880_ruby_16477.zip	0
001890	鬼涙村	牧野	信一	新字新仮名	NDC 913	https://www.aozora.gr.jp/cards/000183/files/1890_ruby_19563.zip	0
001891	城ヶ島の春	牧野	信一	旧字旧仮名	NDC 914	https://www.aozora.gr.jp/cards/000183/files/1891_ruby_7610.zip	0
001892	痴日	牧野	信一	旧字旧仮名	NDC 913	https://www.aozora.gr.jp/cards/000183/files/1892_ruby_7608.zip	0
001893	緑の軍港	牧野	信一	旧字旧仮名	NDC 914	https://www.aozora.gr.jp/cards/000183/files/1893_ruby_7614.zip	0
001895	余話	牧野	信一	新字旧仮名	NDC 914	https://www.aozora.gr.jp/cards/000183/files/1895_ruby_22533.zip	0
001896	寒山落木　巻一	正岡	子規	旧字旧仮名	NDC 911	https://www.aozora.gr.jp/cards/000305/files/1896_ruby.zip	0
001897	墨汁一滴	正岡	子規	新字旧仮名	NDC 914	https://www.aozora.gr.jp/cards/000305/files/1897_ruby_18490.zip	76
001902	九月十四日の朝	正岡	子規	旧字旧仮名	NDC 914	https://www.aozora.gr.jp/cards/000305/files/1902_ruby_4971.zip	0
001904	ラ氏の笛	松永	延造	新字新仮名	NDC 913	https://www.aozora.gr.jp/cards/000104/files/1904_ruby_22554.zip	0
001906	山想う心	松濤	明	新字新仮名	NDC 291 786	https://www.aozora.gr.jp/cards/000307/files/1906_ruby_8206.zip	0
001907	暴風雨に終わった一日	松本	泰	新字新仮名	NDC 913	https://www.aozora.gr.jp/cards/000308/files/1907_ruby_5412.zip	0
001908	宝石の序曲	松本	泰	新字新仮名	NDC 913	https://www.aozora.gr.jp/cards/000308/files/1908_ruby_22565.zip	0
001909	謎の街	松本	泰	新字新仮名	NDC 913	https://www.aozora.gr.jp/cards/000308/files/1909_ruby_22563.zip	0
001910	まよわし	漢那	浪笛	新字旧仮名	NDC 911	https://www.aozora.gr.jp/cards/001666/files/1910_ruby_61178.zip	261
001911	雪之丞変化	三上	於菟吉	新字新仮名	NDC 913	https://www.aozora.gr.jp/cards/000310/files/1911_ruby_50235.zip	149
001914	人生論ノート	三木	清	新字新仮名	NDC 121	https://www.aozora.gr.jp/cards/000218/files/1914_ruby_63481.zip	2534
001915	消息一通	三木	清	新字旧仮名	NDC 121 915	https://www.aozora.gr.jp/cards/000218/files/1915_ruby_22595.zip	0
001916	十二支考	南方	熊楠	新字新仮名	NDC 388	https://www.aozora.gr.jp/cards/000093/files/1916_ruby_22740.zip	0
001917	易の占いして金取り出したること	南方	熊楠	新字新仮名	NDC 914	https://www.aozora.gr.jp/cards/000093/files/1917_ruby_7779.zip	0
001924	グスコーブドリの伝記	宮沢	賢治	新字新仮名	NDC K913	https://www.aozora.gr.jp/cards/000081/files/1924_ruby_14067.zip	48593
001927	注文の多い料理店	宮沢	賢治	新字旧仮名	NDC K913	https://www.aozora.gr.jp/cards/000081/files/1927_ruby_17835.zip	56399
002036	蕎麦の味と食い方問題	村井	政善	新字新仮名	NDC 596	https://www.aozora.gr.jp/cards/000312/files/2036_ruby_22711.zip	0
002037	新らしき悲しみにうつる時	漢那	浪笛	新字旧仮名	NDC 911	https://www.aozora.gr.jp/cards/001666/files/2037_ruby_61308.zip	274
002038	つかれ	漢那	浪笛	新字旧仮名	NDC 911	https://www.aozora.gr.jp/cards/001666/files/2038_ruby_61210.zip	193
002041	あやどり	漢那	浪笛	新字旧仮名	NDC 911	https://www.aozora.gr.jp/cards/001666/files/2041_ruby_61177.zip	200
002042	燃えよ心	漢那	浪笛	新字旧仮名	NDC 911	https://www.aozora.gr.jp/cards/001666/files/2042_ruby_61542.zip	239
002043	暮れ方の窓	漢那	浪笛	新字旧仮名	NDC 911	https://www.aozora.gr.jp/cards/001666/files/2043_ruby_61541.zip	183
002045	秋　なげかひ	漢那	浪笛	新字旧仮名	NDC 911	https://www.aozora.gr.jp/cards/001666/files/2045_ruby_60080.zip	173
002058	渋江抽斎	森	鴎外	新字新仮名	NDC 913	https://www.aozora.gr.jp/cards/000129/files/2058_ruby_19627.zip	1867
002059	十三時	ポー	エドガー・アラン	新字旧仮名	NDC 933	https://www.aozora.gr.jp/cards/000094/files/2059_ruby_22501.zip	7866
002062	猿	クラルテ	ジュール	新字旧仮名	NDC 953	https://www.aozora.gr.jp/cards/000357/files/2062_ruby_22975.zip	0
002064	防火栓	ヒルシュフェルド	ゲオルヒ	新字旧仮名	NDC 943	https://www.aozora.gr.jp/cards/000359/files/2064_ruby_22477.zip	0
002065	アンドレアス・タアマイエルが遺書	シュニッツレル	アルツール	新字旧仮名	NDC 943	https://www.aozora.gr.jp/cards/000360/files/2065_ruby_20950.zip	0
002067	パアテル・セルギウス	トルストイ	レオ	新字旧仮名	NDC 983	https://www.aozora.gr.jp/cards/000361/files/2067_ruby_5574.zip	17
002068	樺太脱獄記	コロレンコ	ウラジミール・ガラクティオノヴィチ	新字旧仮名	NDC 983	https://www.aozora.gr.jp/cards/000362/files/2068_ruby_16700.zip	0
002069	鱷	ドストエフスキー	フィヨードル・ミハイロヴィチ	新字旧仮名	NDC 983	https://www.aozora.gr.jp/cards/000363/files/2069_ruby_6004.zip	507
002070	センツアマニ	ゴーリキー	マクシム	新字旧仮名	NDC 983	https://www.aozora.gr.jp/cards/000364/files/2070_ruby_23051.zip	0
002071	板ばさみ	チリコフ	オイゲン	新字旧仮名	NDC 983	https://www.aozora.gr.jp/cards/000365/files/2071_ruby_21037.zip	0
002072	笑	アルチバシェッフ	ミハイル・ペトローヴィチ	新字旧仮名	NDC 983	https://www.aozora.gr.jp/cards/000366/files/2072_ruby_20499.zip	0
002073	死	アルチバシェッフ	ミハイル・ペトローヴィチ	新字旧仮名	NDC 983	https://www.aozora.gr.jp/cards/000366/files/2073_ruby_20497.zip	0
002074	フロルスと賊と	クスミン	ミカイル・アレクセーヴィチ	新字旧仮名	NDC 983	https://www.aozora.gr.jp/cards/000367/files/2074_ruby_20812.zip	0
002075	うづしほ	ポー	エドガー・アラン	新字旧仮名	NDC 933	https://www.aozora.gr.jp/cards/000094/files/2075_ruby_34226.zip	4821
002076	病院横町の殺人犯	ポー	エドガー・アラン	新字旧仮名	NDC 933	https://www.aozora.gr.jp/cards/000094/files/2076_ruby_34315.zip	10692
002078	舞姫	森	鴎外	新字旧仮名	NDC 913	https://www.aozora.gr.jp/cards/000129/files/2078_ruby_15898.zip	65840
002086	恋衣	増田	雅子	新字旧仮名	NDC 911	https://www.aozora.gr.jp/cards/000318/files/2086_ruby_15763.zip	0
002087	婦人雑誌と猫	山本	宣治	新字旧仮名	NDC 914	https://www.aozora.gr.jp/cards/000319/files/2087_ruby_23273.zip	0
002093	ドグラ・マグラ	夢野	久作	新字新仮名	NDC 913	https://www.aozora.gr.jp/cards/000096/files/2093_ruby_28087.zip	69322
002096	黒白ストーリー	杉山	萠円	新字新仮名	NDC 913	https://www.aozora.gr.jp/cards/000096/files/2096_ruby_19325.zip	0
002106	人間腸詰	夢野	久作	新字新仮名	NDC 913	https://www.aozora.gr.jp/cards/000096/files/2106_ruby_14125.zip	1697
002128	江戸川乱歩氏に対する私の感想	夢野	久作	新字新仮名	NDC 910 914	https://www.aozora.gr.jp/cards/000096/files/2128_ruby_21871.zip	1170
002142	梅津只円翁伝	杉山	萠円	新字新仮名	NDC 773	https://www.aozora.gr.jp/cards/000096/files/2142_ruby_22741.zip	0
002165	舞姫	与謝野	晶子	新字旧仮名	NDC 911	https://www.aozora.gr.jp/cards/000885/files/2165_ruby_22324.zip	0
002166	夢の影響	与謝野	晶子	旧字旧仮名	NDC 914	https://www.aozora.gr.jp/cards/000885/files/2166_txt_28785.zip	0
002167	隣の家	与謝野	晶子	新字旧仮名	NDC 914	https://www.aozora.gr.jp/cards/000885/files/2167_ruby_16200.zip	0
002168	巴里より	与謝野	晶子	新字旧仮名	NDC 915	https://www.aozora.gr.jp/cards/000320/files/2168_ruby_16254.zip	0
002169	礼厳法師歌集	与謝野	寛	新字旧仮名	NDC 911	https://www.aozora.gr.jp/cards/000321/files/2169_ruby_15940.zip	0
002170	夢	吉江	孤雁	旧字旧仮名	NDC 914	https://www.aozora.gr.jp/cards/000220/files/2170_ruby_15466.zip	0
002171	蘇峰先生の「大正の青年と帝国の前途」を読む	吉野	作造	新字旧仮名	NDC 914	https://www.aozora.gr.jp/cards/000323/files/2171_ruby.zip	0
002172	東京ロマンティック恋愛記	吉行	エイスケ	新字新仮名	NDC 913	https://www.aozora.gr.jp/cards/000043/files/2172_ruby_34693.zip	0
002173	バルザックの寝巻姿	吉行	エイスケ	新字新仮名	NDC 913	https://www.aozora.gr.jp/cards/000043/files/2173_ruby_34703.zip	0
002174	スポールティフな娼婦	吉行	エイスケ	新字新仮名	NDC 913	https://www.aozora.gr.jp/cards/000043/files/2174_ruby_34706.zip	0
002175	恋の一杯売	吉行	エイスケ	新字新仮名	NDC 913	https://www.aozora.gr.jp/cards/000043/files/2175_ruby_34734.zip	0
002176	孟買挿話	吉行	エイスケ	新字新仮名	NDC 913	https://www.aozora.gr.jp/cards/000043/files/2176_ruby_23279.zip	0
002187	夢鬼	蘭	郁二郎	新字新仮名	NDC 913	https://www.aozora.gr.jp/cards/000325/files/2187_ruby_39153.zip	0
002188	歪んだ夢	蘭	郁二郎	新字新仮名	NDC 913	https://www.aozora.gr.jp/cards/000325/files/2188_ruby_24733.zip	0
002189	魔像	蘭	郁二郎	新字新仮名	NDC 913	https://www.aozora.gr.jp/cards/000325/files/2189_ruby_24729.zip	0
002190	白金神経の少女	蘭	郁二郎	新字新仮名	NDC 913	https://www.aozora.gr.jp/cards/000325/files/2190_ruby_24730.zip	0
002191	睡魔	蘭	郁二郎	新字新仮名	NDC 913	https://www.aozora.gr.jp/cards/000325/files/2191_ruby_24731.zip	0
002192	地図にない島	蘭	郁二郎	新字新仮名	NDC 913	https://www.aozora.gr.jp/cards/000325/files/2192_ruby_24727.zip	0
002193	火星の魔術師	蘭	郁二郎	新字新仮名	NDC 913	https://www.aozora.gr.jp/cards/000325/files/2193_ruby_24728.zip	0
002194	宇宙爆撃	蘭	郁二郎	新字新仮名	NDC 913	https://www.aozora.gr.jp/cards/000325/files/2194_ruby_24732.zip	0
002195	蝱の囁き	蘭	郁二郎	新字新仮名	NDC 913	https://www.aozora.gr.jp/cards/000325/files/2195_ruby_24726.zip	0
002198	家のめぐり	若山	牧水	旧字旧仮名	NDC 914	https://www.aozora.gr.jp/cards/000162/files/2198_ruby_16513.zip	0
002199	酒と歌	若山	牧水	旧字旧仮名	NDC 914	https://www.aozora.gr.jp/cards/000162/files/2199_ruby_5117.zip	0
002200	金比羅参り	若山	牧水	旧字旧仮名	NDC 914	https://www.aozora.gr.jp/cards/000162/files/2200_ruby.zip	0
002201	藤の花	若山	牧水	旧字旧仮名	NDC 914	https://www.aozora.gr.jp/cards/000162/files/2201_txt.zip	0
002202	花二三	若山	牧水	旧字旧仮名	NDC 914	https://www.aozora.gr.jp/cards/000162/files/2202_ruby.zip	0
002203	たべものの木	若山	牧水	旧字旧仮名	NDC 914	https://www.aozora.gr.jp/cards/000162/files/2203_ruby.zip	0
002204	鴉と正覚坊	若山	牧水	旧字旧仮名	NDC 914	https://www.aozora.gr.jp/cards/000162/files/2204_ruby_16515.zip	0
002205	庭さきの森の春	若山	牧水	旧字旧仮名	NDC 914	https://www.aozora.gr.jp/cards/000162/files/2205_ruby.zip	0
002206	鳳来寺紀行	若山	牧水	旧字旧仮名	NDC 914	https://www.aozora.gr.jp/cards/000162/files/2206_ruby_16517.zip	0
002207	湯槽の朝	若山	牧水	旧字旧仮名	NDC 914	https://www.aozora.gr.jp/cards/000162/files/2207_ruby.zip	0
002223	絵姿	ワイルド	オスカー	新字新仮名	NDC 913	https://www.aozora.gr.jp/cards/000020/files/2223_ruby_28385.zip	0
002224	警察官職務執行法	日本国		新字新仮名	NDC 317	https://www.aozora.gr.jp/cards/001528/files/2224_txt.zip	0
002226	尚書稽疑	内藤	湖南	旧字旧仮名	NDC 123	https://www.aozora.gr.jp/cards/000284/files/2226_txt_21490.zip	0
002227	支那歴史的思想の起源	内藤	湖南	旧字旧仮名	NDC 222	https://www.aozora.gr.jp/cards/000284/files/2227_ruby_4344.zip	0
002228	聖徳太子	内藤	湖南	旧字旧仮名	NDC 289	https://www.aozora.gr.jp/cards/000284/files/2228_ruby_4308.zip	0
002229	古鏡	若杉	鳥子	旧字旧仮名	NDC 913	https://www.aozora.gr.jp/cards/000331/files/2229_ruby.zip	0
002231	キチガイ地獄	夢野	久作	新字新仮名	NDC 913	https://www.aozora.gr.jp/cards/000096/files/2231_ruby_22250.zip	28520
002244	章学誠の史学	内藤	湖南	旧字旧仮名	NDC 222	https://www.aozora.gr.jp/cards/000284/files/2244_ruby_4347.zip	0
002245	手術	小酒井	不木	新字新仮名	NDC 913	https://www.aozora.gr.jp/cards/000262/files/2245_ruby_3991.zip	0
002251	近畿地方に於ける神社	内藤	湖南	旧字旧仮名	NDC 175	https://www.aozora.gr.jp/cards/000284/files/2251_ruby_4352.zip	0
002252	弘法大師の文芸	内藤	湖南	旧字旧仮名	NDC 188	https://www.aozora.gr.jp/cards/000284/files/2252_ruby_4303.zip	0
002253	ヴィヨンの妻	太宰	治	新字新仮名	NDC 913	https://www.aozora.gr.jp/cards/000035/files/2253_ruby_1031.zip	64082
002259	海潮音	上田	敏	新字旧仮名	NDC 908 911 931 941 951 959 971	https://www.aozora.gr.jp/cards/000235/files/2259_ruby_2139.zip	435
002282	津軽	太宰	治	新字旧仮名	NDC 913	https://www.aozora.gr.jp/cards/000035/files/2282_ruby_1996.zip	41314
002299	土鼠と落盤	黒島	伝治	新字新仮名	NDC 913	https://www.aozora.gr.jp/cards/000037/files/2299_ruby_22390.zip	0
002300	黒い頭	海若	藍平	新字新仮名	NDC K913	https://www.aozora.gr.jp/cards/000096/files/2300_ruby_3079.zip	0
002301	白椿	海若	藍平	新字新仮名	NDC K913	https://www.aozora.gr.jp/cards/000096/files/2301_ruby_3080.zip	0
002302	蠅	横光	利一	新字新仮名	NDC 913	https://www.aozora.gr.jp/cards/000168/files/2302_ruby_2170.zip	1114
002305	先生の眼玉に	香倶土	三鳥	新字新仮名	NDC K913	https://www.aozora.gr.jp/cards/000096/files/2305_ruby_3593.zip	0
002306	奇妙な遠眼鏡	香倶土	三鳥	新字新仮名	NDC K913	https://www.aozora.gr.jp/cards/000096/files/2306_ruby_3595.zip	0
002311	征服の事実	大杉	栄	新字新仮名	NDC 914	https://www.aozora.gr.jp/cards/000169/files/2311_txt_460.zip	0
002312	生の拡充	大杉	栄	新字新仮名	NDC 914	https://www.aozora.gr.jp/cards/000169/files/2312_txt_463.zip	0
002316	兵隊の死	渡辺	温	新字新仮名	NDC 913	https://www.aozora.gr.jp/cards/000020/files/2316_ruby_1379.zip	0
002318	五題	山中	貞雄	新字新仮名	NDC 778	https://www.aozora.gr.jp/cards/000072/files/2318_txt_13555.zip	0
002319	気まま者の日記	山中	貞雄	新字新仮名	NDC 778	https://www.aozora.gr.jp/cards/000072/files/2319_txt_13556.zip	0
002320	雑録	山中	貞雄	新字新仮名	NDC 774	https://www.aozora.gr.jp/cards/000072/files/2320_txt_13557.zip	0
002365	山を讃する文	小島	烏水	新字旧仮名	NDC 291 914	https://www.aozora.gr.jp/cards/000027/files/2365_ruby_13473.zip	0
002377	縊死体	夢野	久作	新字新仮名	NDC 913	https://www.aozora.gr.jp/cards/000096/files/2377_ruby_3903.zip	1050
002380	死後の恋	夢野	久作	新字新仮名	NDC 913	https://www.aozora.gr.jp/cards/000096/files/2380_ruby_730.zip	8388
002381	瓶詰地獄	夢野	久作	新字新仮名	NDC 913	https://www.aozora.gr.jp/cards/000096/files/2381_ruby_727.zip	51241
002382	悪魔祈祷書	夢野	久作	新字新仮名	NDC 913	https://www.aozora.gr.jp/cards/000096/files/2382_ruby_733.zip	10792
002387	梁上の足	若杉	鳥子	旧字旧仮名	NDC 913	https://www.aozora.gr.jp/cards/000331/files/2387_ruby.zip	0
002388	烈日	若杉	鳥子	旧字旧仮名	NDC 913	https://www.aozora.gr.jp/cards/000331/files/2388_ruby_5049.zip	0
002389	彼女こゝに眠る	若杉	鳥子	旧字旧仮名	NDC 913	https://www.aozora.gr.jp/cards/000331/files/2389_ruby_5070.zip	0
002391	残されたる江戸	柴田	流星	新字新仮名	NDC 213	https://www.aozora.gr.jp/cards/000342/files/2391_ruby_18576.zip	0
002392	灰燼十万巻	内田	魯庵	新字新仮名	NDC 916	https://www.aozora.gr.jp/cards/000165/files/2392_ruby_18.zip	0
002393	文明国には必ず智識ある高等遊民あり	内田	魯庵	新字新仮名	NDC 914	https://www.aozora.gr.jp/cards/000165/files/2393_ruby_15.zip	0
002394	駆逐されんとする文人	内田	魯庵	新字新仮名	NDC 914	https://www.aozora.gr.jp/cards/000165/files/2394_ruby_21.zip	0
002395	二十五年間の文人の社会的地位の進歩	内田	魯庵	新字新仮名	NDC 914	https://www.aozora.gr.jp/cards/000165/files/2395_ruby_24.zip	0
002398	趣味としての読書	平田	禿木	新字旧仮名	NDC 019	https://www.aozora.gr.jp/cards/000343/files/2398_ruby_1775.zip	0
002399	私の書斎	土田	杏村	新字旧仮名	NDC 914	https://www.aozora.gr.jp/cards/000344/files/2399_txt_1772.zip	0
002400	書斎	辻	潤	新字新仮名	NDC 019 914	https://www.aozora.gr.jp/cards/000159/files/2400_ruby_30894.zip	0
002402	家庭の読書室	内田	魯庵	新字旧仮名	NDC 914	https://www.aozora.gr.jp/cards/000165/files/2402_txt_20726.zip	0
002405	旗本移転後の始末	勝	海舟	新字旧仮名	NDC 210	https://www.aozora.gr.jp/cards/000354/files/2405_txt_21498.zip	8485
002406	荒野の呼び声	山本	政喜	新字新仮名	NDC 933 934	https://www.aozora.gr.jp/cards/001515/files/2406_ruby_72990.zip	308
002407	画学校時代	上村	松園	新字新仮名	NDC 721	https://www.aozora.gr.jp/cards/000355/files/2407_txt_20722.zip	0
002408	明治二十四、五年頃の東京文科大学選科	西田	幾多郎	新字新仮名	NDC 121	https://www.aozora.gr.jp/cards/000182/files/2408_ruby_21698.zip	0
002410	筆のしづく	幸徳	秋水	新字旧仮名	NDC 309 914	https://www.aozora.gr.jp/cards/000261/files/2410_txt_16931.zip	0
002411	人造人間	平林	初之輔	新字新仮名	NDC 913	https://www.aozora.gr.jp/cards/000221/files/2411_ruby_22550.zip	0
002412	月	上田	敏	新字旧仮名	NDC 914	https://www.aozora.gr.jp/cards/000235/files/2412_txt_24156.zip	0
002413	母親	若杉	鳥子	新字新仮名	NDC 913	https://www.aozora.gr.jp/cards/000331/files/2413_ruby.zip	0
002417	小熊秀雄全集-15	小熊	秀雄	新字旧仮名	NDC 913	https://www.aozora.gr.jp/cards/000124/files/2417_ruby_21853.zip	0
002422	夏の月	川端	茅舎	新字旧仮名	NDC 913	https://www.aozora.gr.jp/cards/000369/files/2422_txt_24158.zip	0
002425	北村透谷詩集	北村	透谷	旧字旧仮名	NDC 911	https://www.aozora.gr.jp/cards/000157/files/2425_ruby_31253.zip	0
002426	霧の不二、月の不二	小島	烏水	新字旧仮名	NDC 291 915	https://www.aozora.gr.jp/cards/000027/files/2426_ruby_24153.zip	0
002427	白峰山脈縦断記	小島	烏水	新字新仮名	NDC 291 915	https://www.aozora.gr.jp/cards/000027/files/2427_ruby_36013.zip	0
002428	谷より峰へ峰より谷へ	小島	烏水	新字新仮名	NDC 291 915	https://www.aozora.gr.jp/cards/000027/files/2428_ruby_36014.zip	0
002517	水汲み	徳冨	蘆花	新字旧仮名	NDC 914	https://www.aozora.gr.jp/cards/000280/files/2517_ruby_21316.zip	0
002518	大阪を歩く	直木	三十五	新字新仮名	NDC 914	https://www.aozora.gr.jp/cards/000216/files/2518_ruby_25883.zip	0
002521	悟浄出世	中島	敦	新字新仮名	NDC 913	https://www.aozora.gr.jp/cards/000119/files/2521_ruby_5328.zip	3324
002523	ウィリアム・ウィルスン	佐々木	直次郎	新字新仮名	NDC 933	https://www.aozora.gr.jp/cards/000094/files/2523_ruby_19896.zip	8411
002524	メールストロムの旋渦	佐々木	直次郎	新字新仮名	NDC 933	https://www.aozora.gr.jp/cards/000094/files/2524_ruby_19895.zip	6791
002525	黄金虫	佐々木	直次郎	新字新仮名	NDC 933	https://www.aozora.gr.jp/cards/000094/files/2525_ruby_15769.zip	31741
002526	早すぎる埋葬	佐々木	直次郎	新字新仮名	NDC 933	https://www.aozora.gr.jp/cards/000094/files/2526_ruby_17669.zip	21976
002533	歌よみに与ふる書	正岡	子規	新字旧仮名	NDC 911	https://www.aozora.gr.jp/cards/000305/files/2533_ruby_16139.zip	29
002536	十二支考	南方	熊楠	新字新仮名	NDC 388	https://www.aozora.gr.jp/cards/000093/files/2536_ruby_20126.zip	16
002544	花守	横瀬	夜雨	旧字旧仮名	NDC 911	https://www.aozora.gr.jp/cards/000370/files/2544_ruby_23298.zip	0
002545	炭焼のむすめ	長塚	節	旧字旧仮名	NDC 914	https://www.aozora.gr.jp/cards/000118/files/2545_ruby_21606.zip	0
002548	月二夜	与謝野	晶子	新字旧仮名	NDC 914	https://www.aozora.gr.jp/cards/000885/files/2548_ruby_24159.zip	0
002549	住吉祭	与謝野	晶子	新字旧仮名	NDC 914	https://www.aozora.gr.jp/cards/000885/files/2549_ruby_8169.zip	0
002557	晶子詩篇全集	与謝野	晶子	新字旧仮名	NDC 911	https://www.aozora.gr.jp/cards/000885/files/2557_ruby_13911.zip	15180
002561	蓬生	与謝野	寛	新字旧仮名	NDC 913	https://www.aozora.gr.jp/cards/000320/files/2561_ruby_8069.zip	0
002562	執達吏	与謝野	寛	新字旧仮名	NDC 913	https://www.aozora.gr.jp/cards/000320/files/2562_ruby_8054.zip	0
002563	妄動	与謝野	寛	新字旧仮名	NDC 911	https://www.aozora.gr.jp/cards/000320/files/2563_ruby_8050.zip	0
002564	失楽	与謝野	寛	新字旧仮名	NDC 911	https://www.aozora.gr.jp/cards/000320/files/2564_ruby_8053.zip	0
002565	南洋館	与謝野	寛	新字旧仮名	NDC 911	https://www.aozora.gr.jp/cards/000320/files/2565_ruby_8052.zip	0
002566	素描	与謝野	寛	新字旧仮名	NDC 913	https://www.aozora.gr.jp/cards/000320/files/2566_ruby_8055.zip	0
002567	梅原良三郎氏のモンマルトルの画室	与謝野	寛	新字旧仮名	NDC 911	https://www.aozora.gr.jp/cards/000320/files/2567_ruby_8056.zip	0
002568	“MONICO”	与謝野	寛	新字旧仮名	NDC 911	https://www.aozora.gr.jp/cards/000320/files/2568_ruby_8051.zip	0
002569	ああ華族様だよ　と私は嘘を吐くのであった	渡辺	温	新字新仮名	NDC 913	https://www.aozora.gr.jp/cards/000020/files/2569_ruby_28290.zip	41438
002570	遺書に就て	渡辺	温	新字新仮名	NDC 913	https://www.aozora.gr.jp/cards/000020/files/2570_ruby_28503.zip	0
002571	アンドロギュノスの裔	渡辺	温	新字新仮名	NDC 913	https://www.aozora.gr.jp/cards/000020/files/2571_ruby_28315.zip	0
002572	赤い煙突	渡辺	温	新字新仮名	NDC 913	https://www.aozora.gr.jp/cards/000020/files/2572_ruby_28293.zip	0
002577	怪談牡丹灯籠	三遊亭	円朝	新字新仮名	NDC 779 913	https://www.aozora.gr.jp/cards/000989/files/2577_ruby_37419.zip	2570
002578	女給	細井	和喜蔵	新字新仮名	NDC 913	https://www.aozora.gr.jp/cards/000371/files/2578_ruby_22540.zip	0
002579	純情小曲集	萩原	恭次郎	旧字旧仮名	NDC 911	https://www.aozora.gr.jp/cards/000725/files/2579_txt_66584.zip	0
002581	モルモット	細井	和喜蔵	新字新仮名	NDC 913	https://www.aozora.gr.jp/cards/000371/files/2581_ruby_22548.zip	0
002582	日本脱出記	大杉	栄	新字新仮名	NDC 289 915	https://www.aozora.gr.jp/cards/000169/files/2582_ruby_20704.zip	0
002583	獄中記	大杉	栄	新字新仮名	NDC 289 916	https://www.aozora.gr.jp/cards/000169/files/2583_ruby_20613.zip	0
002585	惨事のあと	素木	しづ	新字新仮名	NDC 913	https://www.aozora.gr.jp/cards/000012/files/2585_ruby_20968.zip	0
002587	支那人の文弱と保守	桑原	隲蔵	旧字旧仮名	NDC 222	https://www.aozora.gr.jp/cards/000372/files/2587_ruby_6203.zip	0
002588	支那人の妥協性と猜疑心	桑原	隲蔵	旧字旧仮名	NDC 222	https://www.aozora.gr.jp/cards/000372/files/2588_ruby_6200.zip	0
002590	愛と認識との出発	倉田	百三	新字新仮名	NDC 914	https://www.aozora.gr.jp/cards/000256/files/2590_ruby_20694.zip	0
002603	文学の本質について（一）	平林	初之輔	新字旧仮名	NDC 901	https://www.aozora.gr.jp/cards/000221/files/2603_txt_11837.zip	0
002605	悔	水野	仙子	旧字旧仮名	NDC 913	https://www.aozora.gr.jp/cards/000112/files/2605_ruby_22638.zip	0
002606	カンカン虫殺人事件	大阪	圭吉	新字新仮名	NDC 913	https://www.aozora.gr.jp/cards/000236/files/2606_ruby_20607.zip	0
002607	近代支那の文化生活	内藤	湖南	旧字旧仮名	NDC 222	https://www.aozora.gr.jp/cards/000284/files/2607_txt_21481.zip	0
002608	蔵書家の話	内藤	湖南	旧字旧仮名	NDC 024	https://www.aozora.gr.jp/cards/000284/files/2608_txt_21516.zip	0
002609	支那に於ける史の起源	内藤	湖南	旧字旧仮名	NDC 222	https://www.aozora.gr.jp/cards/000284/files/2609_ruby_4359.zip	0
002610	支那古典学の研究法に就きて	内藤	湖南	旧字旧仮名	NDC 222	https://www.aozora.gr.jp/cards/000284/files/2610_txt_4362.zip	0
002611	禹貢製作の時代	内藤	湖南	旧字旧仮名	NDC 222	https://www.aozora.gr.jp/cards/000284/files/2611_txt_21327.zip	0
002612	大師の入唐	桑原	隲蔵	旧字旧仮名	NDC 188 222	https://www.aozora.gr.jp/cards/000372/files/2612_ruby_1865.zip	0
002613	棄てる金	若杉	鳥子	新字新仮名	NDC 913	https://www.aozora.gr.jp/cards/000331/files/2613_ruby.zip	0
002614	敵討札所の霊験	三遊亭	円朝	新字新仮名	NDC 779 913	https://www.aozora.gr.jp/cards/000989/files/2614_ruby_17951.zip	0
002640	山と雪の日記	板倉	勝宣	新字新仮名	NDC 291	https://www.aozora.gr.jp/cards/000864/files/2640_ruby_20575.zip	0
002650	春の上河内へ	板倉	勝宣	新字新仮名	NDC 291	https://www.aozora.gr.jp/cards/000864/files/2650_ruby_20571.zip	0
002651	五色温泉スキー日記	板倉	勝宣	新字新仮名	NDC 291	https://www.aozora.gr.jp/cards/000864/files/2651_ruby_20569.zip	0
002652	春の槍から帰って	板倉	勝宣	新字新仮名	NDC 291	https://www.aozora.gr.jp/cards/000864/files/2652_ruby_20573.zip	0
002653	安藤昌益	狩野	亨吉	旧字旧仮名	NDC 121	https://www.aozora.gr.jp/cards/000866/files/2653_ruby_20665.zip	0
002657	ありときのこ	宮沢	賢治	新字新仮名	NDC K913	https://www.aozora.gr.jp/cards/000081/files/2657_ruby_25167.zip	14375
002660	歴史の概念	狩野	亨吉	旧字旧仮名	NDC 201	https://www.aozora.gr.jp/cards/000866/files/2660_ruby_20667.zip	0
002661	ある遊郭での出来事	若杉	鳥子	新字新仮名	NDC 916	https://www.aozora.gr.jp/cards/000331/files/2661_ruby_3551.zip	0
002662	新しき夫の愛	若杉	鳥子	新字新仮名	NDC 915	https://www.aozora.gr.jp/cards/000331/files/2662_ruby.zip	0
002663	雨の回想	若杉	鳥子	新字新仮名	NDC 914	https://www.aozora.gr.jp/cards/000331/files/2663_ruby_5331.zip	0
002664	職業の苦痛	若杉	鳥子	新字新仮名	NDC 916	https://www.aozora.gr.jp/cards/000331/files/2664_ruby_5339.zip	0
002688	黒猫	島木	健作	新字新仮名	NDC 913	https://www.aozora.gr.jp/cards/000008/files/2688_ruby_20887.zip	0
002689	奥間巡査	池宮城	積宝	新字旧仮名	NDC 913	https://www.aozora.gr.jp/cards/000868/files/2689_ruby_20501.zip	0
002690	反逆	矢田	津世子	新字新仮名	NDC 913	https://www.aozora.gr.jp/cards/000317/files/2690_ruby_23261.zip	0
002691	罠を跳び越える女	矢田	津世子	新字新仮名	NDC 913	https://www.aozora.gr.jp/cards/000317/files/2691_ruby_23263.zip	0
002698	今度こそ	片岡	鉄兵	新字新仮名	NDC 913	https://www.aozora.gr.jp/cards/000491/files/2698_ruby_6141.zip	0
002699	テガミ	小林	多喜二	新字新仮名	NDC 913	https://www.aozora.gr.jp/cards/000156/files/2699_ruby_6186.zip	0
002700	父帰る	小林	多喜二	新字新仮名	NDC 913	https://www.aozora.gr.jp/cards/000156/files/2700_txt_20752.zip	0
002701	争われない事実	小林	多喜二	新字新仮名	NDC 913	https://www.aozora.gr.jp/cards/000156/files/2701_ruby_20750.zip	3
002702	疵	小林	多喜二	新字新仮名	NDC 913	https://www.aozora.gr.jp/cards/000156/files/2702_ruby_20754.zip	0
002703	級長の願い	小林	多喜二	新字新仮名	NDC 913	https://www.aozora.gr.jp/cards/000156/files/2703_txt_20748.zip	0
002704	とも喰い	本庄	陸男	新字新仮名	NDC 913	https://www.aozora.gr.jp/cards/000303/files/2704_ruby_22443.zip	0
002705	前夜	本庄	陸男	新字新仮名	NDC 913	https://www.aozora.gr.jp/cards/000303/files/2705_ruby_22441.zip	0
002706	お菜のない弁当	本庄	陸男	新字新仮名	NDC 913	https://www.aozora.gr.jp/cards/000303/files/2706_ruby_22439.zip	0
002707	組合旗を折る	永崎	貢	新字新仮名	NDC 913	https://www.aozora.gr.jp/cards/000869/files/2707_ruby_6189.zip	0
002708	文学の本質について（二）	平林	初之輔	新字旧仮名	NDC 901	https://www.aozora.gr.jp/cards/000221/files/2708_txt_11838.zip	0
002709	蒲生氏郷	幸田	露伴	新字新仮名	NDC 289	https://www.aozora.gr.jp/cards/000051/files/2709_ruby_23129.zip	15
002714	暗号の役割	海野	十三	新字新仮名	NDC 913	https://www.aozora.gr.jp/cards/000160/files/2714_ruby_5772.zip	152
002720	チチハルまで	黒島	伝治	新字新仮名	NDC 913	https://www.aozora.gr.jp/cards/000037/files/2720_ruby_20698.zip	0
002721	名勝地帯	黒島	伝治	新字新仮名	NDC 913	https://www.aozora.gr.jp/cards/000037/files/2721_ruby_20696.zip	0
002844	浚渫船	葉山	嘉樹	新字新仮名	NDC 913	https://www.aozora.gr.jp/cards/000031/files/2844_ruby_37267.zip	0
002845	乳色の靄	葉山	嘉樹	新字新仮名	NDC 913	https://www.aozora.gr.jp/cards/000031/files/2845_ruby_37268.zip	0
002846	生爪を剥ぐ	葉山	嘉樹	新字新仮名	NDC 913	https://www.aozora.gr.jp/cards/000031/files/2846_ruby_37269.zip	0
002847	御萩と七種粥	河上	肇	新字新仮名	NDC 914	https://www.aozora.gr.jp/cards/000250/files/2847_ruby_5415.zip	0
002848	防備隊	黒島	伝治	新字新仮名	NDC 913	https://www.aozora.gr.jp/cards/000037/files/2848_ruby_6183.zip	0
002928	漱石と自分	狩野	亨吉	旧字旧仮名	NDC 910	https://www.aozora.gr.jp/cards/000866/files/2928_txt_20675.zip	0
002929	天馬	金	史良	新字新仮名	NDC 913	https://www.aozora.gr.jp/cards/000252/files/2929_ruby_37327.zip	0
002931	シベリヤに近く	里村	欣三	新字新仮名	NDC 913	https://www.aozora.gr.jp/cards/000219/files/2931_ruby_8580.zip	0
002932	放浪の宿	里村	欣三	新字新仮名	NDC 913	https://www.aozora.gr.jp/cards/000219/files/2932_ruby_37265.zip	0
002933	十姉妹	山本	勝治	新字新仮名	NDC 913	https://www.aozora.gr.jp/cards/000870/files/2933_ruby_23265.zip	0
002934	大菩薩峠	中里	介山	新字新仮名	NDC 913	https://www.aozora.gr.jp/cards/000283/files/2934_ruby_5644.zip	0
002936	労働者の居ない船	葉山	嘉樹	新字新仮名	NDC 913	https://www.aozora.gr.jp/cards/000031/files/2936_ruby_37270.zip	0
002937	坑夫の子	葉山	嘉樹	新字新仮名	NDC 913	https://www.aozora.gr.jp/cards/000031/files/2937_ruby_37266.zip	0
002944	戦話	岩野	泡鳴	新字新仮名	NDC 913 914	https://www.aozora.gr.jp/cards/000137/files/2944_ruby_5748.zip	0
002946	ドレフュー大疑獄とエミール・ゾーラ	幸徳	秋水	新字新仮名	NDC 235 914	https://www.aozora.gr.jp/cards/000261/files/2946_txt_20728.zip	0
002947	文士としての兆民先生	幸徳	秋水	新字新仮名	NDC 289 910	https://www.aozora.gr.jp/cards/000261/files/2947_ruby_5676.zip	0
002948	獄中生活	堺	利彦	新字新仮名	NDC 916	https://www.aozora.gr.jp/cards/000164/files/2948_ruby_6093.zip	0
002952	太十と其犬	長塚	節	新字新仮名	NDC 913	https://www.aozora.gr.jp/cards/000118/files/2952_ruby_5545.zip	0
002953	昇降場	広津	柳浪	新字新仮名	NDC 913	https://www.aozora.gr.jp/cards/000295/files/2953_ruby_5754.zip	0
003029	処女作の思い出	南部	修太郎	旧字旧仮名	NDC 914	https://www.aozora.gr.jp/cards/000048/files/3029_ruby.zip	0
003031	梨の実	小山内	薫	新字新仮名	NDC K913	https://www.aozora.gr.jp/cards/000479/files/3031_ruby_19530.zip	0
003032	少年と海	加能	作次郎	新字新仮名	NDC K913	https://www.aozora.gr.jp/cards/000247/files/3032_ruby_19535.zip	0
003039	天津教古文書の批判	狩野	亨吉	旧字旧仮名	NDC 178	https://www.aozora.gr.jp/cards/000866/files/3039_ruby_19888.zip	0
003043	火を喰つた鴉	逸見	猶吉	新字旧仮名	NDC K913	https://www.aozora.gr.jp/cards/000765/files/3043_ruby_30893.zip	0
003044	椰子蟹	宮原	晃一郎	新字新仮名	NDC K913	https://www.aozora.gr.jp/cards/000809/files/3044_ruby_22415.zip	0
003045	金のくびかざり	小野	浩	新字新仮名	NDC K913	https://www.aozora.gr.jp/cards/000871/files/3045_ruby_19534.zip	0
003046	やんちゃオートバイ	木内	高音	新字新仮名	NDC K913	https://www.aozora.gr.jp/cards/000872/files/3046_ruby_19537.zip	0
003055	逸見猶吉詩集	逸見	猶吉	新字旧仮名	NDC 911	https://www.aozora.gr.jp/cards/000765/files/3055_ruby_8289.zip	0
003056	アリア人の孤独	松永	延造	新字旧仮名	NDC 913	https://www.aozora.gr.jp/cards/000104/files/3056_ruby_6942.zip	0
003057	イボタの虫	中戸川	吉二	新字旧仮名	NDC 913	https://www.aozora.gr.jp/cards/000697/files/3057_ruby_7920.zip	0
003061	名人上手に聴く	野呂	栄太郎	新字新仮名	NDC 309	https://www.aozora.gr.jp/cards/000287/files/3061_ruby_15920.zip	0
003062	十月革命と婦人の解放	野呂	栄太郎	新字新仮名	NDC 309	https://www.aozora.gr.jp/cards/000287/files/3062_ruby_15923.zip	0
003063	進むべき道	野呂	栄太郎	新字新仮名	NDC 309	https://www.aozora.gr.jp/cards/000287/files/3063_txt_15921.zip	0
003064	『日本資本主義発達史講座』趣意書	野呂	栄太郎	新字新仮名	NDC 332	https://www.aozora.gr.jp/cards/000287/files/3064_ruby_14490.zip	0
003065	天守物語	泉	鏡花	新字新仮名	NDC 912	https://www.aozora.gr.jp/cards/000050/files/3065_ruby_24170.zip	2191
003066	大菩薩峠	中里	介山	新字新仮名	NDC 913	https://www.aozora.gr.jp/cards/000283/files/3066_ruby_14246.zip	0
003198	文学方法論	平林	初之輔	新字旧仮名	NDC 901	https://www.aozora.gr.jp/cards/000221/files/3198_ruby_7759.zip	0
003203	夏蚕時	金田	千鶴	新字旧仮名	NDC 913	https://www.aozora.gr.jp/cards/000873/files/3203_ruby_34283.zip	0
003204	霜	金田	千鶴	新字旧仮名	NDC 913	https://www.aozora.gr.jp/cards/000873/files/3204_ruby_34282.zip	0
003209	小川芋銭	山村	暮鳥	新字旧仮名	NDC 914	https://www.aozora.gr.jp/cards/000136/files/3209_ruby_7209.zip	0
003210	小川芋銭先生と私	野口	雨情	新字旧仮名	NDC 914	https://www.aozora.gr.jp/cards/000286/files/3210_ruby_7207.zip	0
003211	隣室の客	長塚	節	新字旧仮名	NDC 913	https://www.aozora.gr.jp/cards/000118/files/3211_ruby_8184.zip	0
003212	浮浪	葛西	善蔵	新字旧仮名	NDC 913	https://www.aozora.gr.jp/cards/000984/files/3212_txt_7922.zip	0
003213	色ガラスの街	尾形	亀之助	新字旧仮名	NDC 911	https://www.aozora.gr.jp/cards/000874/files/3213_ruby.zip	0
003216	デカルト哲学について	西田	幾多郎	新字新仮名	NDC 135	https://www.aozora.gr.jp/cards/000182/files/3216_ruby_16385.zip	0
003217	世界新秩序の原理	西田	幾多郎	旧字旧仮名	NDC 311	https://www.aozora.gr.jp/cards/000182/files/3217_txt_70009.zip	0
003218	窓	鷹野	つぎ	新字新仮名	NDC 913	https://www.aozora.gr.jp/cards/000116/files/3218_ruby_6319.zip	0
003219	草藪	鷹野	つぎ	新字新仮名	NDC 913	https://www.aozora.gr.jp/cards/000116/files/3219_ruby.zip	0
003222	乞はない乞食	添田	唖蝉坊	新字旧仮名	NDC 914	https://www.aozora.gr.jp/cards/000368/files/3222_ruby_3894.zip	0
003223	貧書生	内田	魯庵	新字旧仮名	NDC 913	https://www.aozora.gr.jp/cards/000165/files/3223_ruby_3884.zip	0
003224	青眼白頭	斎藤	緑雨	新字旧仮名	NDC 917	https://www.aozora.gr.jp/cards/000565/files/3224_ruby_3890.zip	0
003225	貧乏一期、二期、三期	直木	三十五	新字旧仮名	NDC 914	https://www.aozora.gr.jp/cards/000216/files/3225_ruby_21356.zip	0
003226	大菩薩峠	中里	介山	新字新仮名	NDC 913	https://www.aozora.gr.jp/cards/000283/files/3226_ruby_1818.zip	0
003227	大菩薩峠	中里	介山	新字新仮名	NDC 913	https://www.aozora.gr.jp/cards/000283/files/3227_ruby_1846.zip	0
003228	大菩薩峠	中里	介山	新字新仮名	NDC 913	https://www.aozora.gr.jp/cards/000283/files/3228_ruby_1849.zip	0
003241	江戸か東京か	淡島	寒月	新字新仮名	NDC 914	https://www.aozora.gr.jp/cards/000388/files/3241_ruby_8542.zip	0
003310	平凡	二葉亭	四迷	新字新仮名	NDC 913	https://www.aozora.gr.jp/cards/000006/files/3310_ruby_8278.zip	0
003311	遺言状・遺族善後策	二葉亭	四迷	新字新仮名	NDC 916	https://www.aozora.gr.jp/cards/000006/files/3311_ruby_7023.zip	0
003325	「女らしさ」とは何か	与謝野	晶子	新字新仮名	NDC 914	https://www.aozora.gr.jp/cards/000885/files/3325_ruby_6457.zip	548
003328	父	金子	ふみ子	新字新仮名	NDC 914	https://www.aozora.gr.jp/cards/000246/files/3328_ruby_20713.zip	0
003331	あはれなる廿日鼠	倉田	百三	新字旧仮名	NDC 915	https://www.aozora.gr.jp/cards/000256/files/3331_txt.zip	0
003332	大菩薩峠	中里	介山	新字新仮名	NDC 913	https://www.aozora.gr.jp/cards/000283/files/3332_ruby_53.zip	0
003333	大菩薩峠	中里	介山	新字新仮名	NDC 913	https://www.aozora.gr.jp/cards/000283/files/3333_ruby_112.zip	0
003334	大菩薩峠	中里	介山	新字新仮名	NDC 913	https://www.aozora.gr.jp/cards/000283/files/3334_ruby_115.zip	0
003335	大菩薩峠	中里	介山	新字新仮名	NDC 913	https://www.aozora.gr.jp/cards/000283/files/3335_ruby_1858.zip	0
003396	雨になる朝	尾形	亀之助	新字旧仮名	NDC 911	https://www.aozora.gr.jp/cards/000874/files/3396_txt_8152.zip	0
003397	障子のある家	尾形	亀之助	新字旧仮名	NDC 911	https://www.aozora.gr.jp/cards/000874/files/3397_txt_29753.zip	0
003399	私と詩	尾形	亀之助	新字旧仮名	NDC 911	https://www.aozora.gr.jp/cards/000874/files/3399_txt_29755.zip	0
003400	部屋の中	尾形	亀之助	新字旧仮名	NDC 911	https://www.aozora.gr.jp/cards/000874/files/3400_txt_29754.zip	0
003401	跡	尾形	亀之助	新字旧仮名	NDC 914	https://www.aozora.gr.jp/cards/000874/files/3401_txt_23784.zip	0
003402	さびしい人生興奮	尾形	亀之助	新字旧仮名	NDC 914	https://www.aozora.gr.jp/cards/000874/files/3402_txt_23785.zip	0
003403	身辺雑記	尾形	亀之助	新字旧仮名	NDC 914	https://www.aozora.gr.jp/cards/000874/files/3403_txt_23786.zip	0
003404	机の前の裸は語る	尾形	亀之助	新字旧仮名	NDC 914	https://www.aozora.gr.jp/cards/000874/files/3404_txt_23788.zip	0
003405	早春雑記	尾形	亀之助	新字旧仮名	NDC 914	https://www.aozora.gr.jp/cards/000874/files/3405_txt_23787.zip	0
003406	みごとな女	森本	薫	新字新仮名	NDC 912	https://www.aozora.gr.jp/cards/000827/files/3406_ruby_6233.zip	0
003407	夜叉ヶ池	泉	鏡花	新字新仮名	NDC 912	https://www.aozora.gr.jp/cards/000050/files/3407_ruby_19565.zip	5875
003410	雪中行	石川	啄木	新字旧仮名	NDC 915	https://www.aozora.gr.jp/cards/000153/files/3410_ruby_20508.zip	0
003411	華々しき一族	森本	薫	新字新仮名	NDC 912	https://www.aozora.gr.jp/cards/000827/files/3411_ruby_6230.zip	0
003412	秦始皇帝	桑原	隲蔵	旧字旧仮名	NDC 222	https://www.aozora.gr.jp/cards/000372/files/3412_ruby_5250.zip	0
003413	橋の下	ブウテ	フレデリック	新字新仮名	NDC 953	https://www.aozora.gr.jp/cards/000881/files/3413_ruby_28547.zip	0
003414	田舎	プレヴォー	マルセル	新字新仮名	NDC 953	https://www.aozora.gr.jp/cards/000882/files/3414_ruby_28548.zip	0
003418	襟	ディモフ	オシップ	新字新仮名	NDC 983	https://www.aozora.gr.jp/cards/000884/files/3418_ruby_28552.zip	0
003419	田舎の新春	横瀬	夜雨	旧字旧仮名	NDC 914	https://www.aozora.gr.jp/cards/000370/files/3419_ruby_11283.zip	0
003420	春	横瀬	夜雨	旧字旧仮名	NDC 914	https://www.aozora.gr.jp/cards/000370/files/3420_txt_11287.zip	0
003421	べつ甲蜂	横瀬	夜雨	旧字旧仮名	NDC 914	https://www.aozora.gr.jp/cards/000370/files/3421_ruby_11288.zip	0
003428	修善寺漱石詩碑碑陰に記せる文	狩野	亨吉	旧字旧仮名	NDC 910	https://www.aozora.gr.jp/cards/000866/files/3428_txt_20677.zip	0
003503	愚禿親鸞	西田	幾多郎	新字新仮名	NDC 188	https://www.aozora.gr.jp/cards/000182/files/3503_ruby_12195.zip	0
003505	読書	西田	幾多郎	新字新仮名	NDC 121	https://www.aozora.gr.jp/cards/000182/files/3505_ruby_53028.zip	227
003506	我が子の死	西田	幾多郎	新字新仮名	NDC 121	https://www.aozora.gr.jp/cards/000182/files/3506_ruby_12196.zip	0
003507	火の柱	木下	尚江	新字旧仮名	NDC 913	https://www.aozora.gr.jp/cards/000525/files/3507_ruby_11857.zip	0
003510	医師高間房一氏	田畑	修一郎	新字旧仮名	NDC 913	https://www.aozora.gr.jp/cards/000273/files/3510_ruby_11352.zip	0
003513	五葉の松	横瀬	夜雨	旧字旧仮名	NDC 914	https://www.aozora.gr.jp/cards/000370/files/3513_ruby_11284.zip	0
003514	天狗塚	横瀬	夜雨	旧字旧仮名	NDC 210 213	https://www.aozora.gr.jp/cards/000370/files/3514_ruby_11286.zip	0
003515	女子文壇の人々	横瀬	夜雨	旧字旧仮名	NDC 914	https://www.aozora.gr.jp/cards/000370/files/3515_txt_11285.zip	0
003536	東漢の班超	桑原	隲蔵	旧字旧仮名	NDC 222	https://www.aozora.gr.jp/cards/000372/files/3536_ruby_5998.zip	0
003537	支那史上の偉人（孔子と孔明）	桑原	隲蔵	旧字旧仮名	NDC 222	https://www.aozora.gr.jp/cards/000372/files/3537_ruby_5926.zip	0
003552	楢重雑筆	小出	楢重	新字新仮名	NDC 914	https://www.aozora.gr.jp/cards/000259/files/3552_ruby_1895.zip	0
003553	めでたき風景	小出	楢重	新字新仮名	NDC 914	https://www.aozora.gr.jp/cards/000259/files/3553_ruby_3477.zip	0
003554	油絵新技法	小出	楢重	新字新仮名	NDC 724	https://www.aozora.gr.jp/cards/000259/files/3554_ruby_5296.zip	0
003555	大切な雰囲気	小出	楢重	新字新仮名	NDC 723	https://www.aozora.gr.jp/cards/000259/files/3555_ruby_5645.zip	0
003582	紫陽花	泉	鏡花	新字旧仮名	NDC 913	https://www.aozora.gr.jp/cards/000050/files/3582_ruby_6277.zip	1067
003585	ああ玉杯に花うけて	佐藤	紅緑	新字新仮名	NDC K913	https://www.aozora.gr.jp/cards/000575/files/3585_ruby_20013.zip	4227
003586	草迷宮	泉	鏡花	新字新仮名	NDC 913	https://www.aozora.gr.jp/cards/000050/files/3586_ruby_12102.zip	1074
003590	科学論	戸坂	潤	新字新仮名	NDC 401	https://www.aozora.gr.jp/cards/000281/files/3590_ruby_31063.zip	0
003591	技術の哲学	戸坂	潤	新字新仮名	NDC 401	https://www.aozora.gr.jp/cards/000281/files/3591_ruby_44531.zip	277
003594	イデオロギーの論理学	戸坂	潤	新字新仮名	NDC 121	https://www.aozora.gr.jp/cards/000281/files/3594_ruby_37567.zip	0
003595	イデオロギー概論	戸坂	潤	新字新仮名	NDC 121	https://www.aozora.gr.jp/cards/000281/files/3595_ruby_38064.zip	0
003596	日本イデオロギー論	戸坂	潤	新字新仮名	NDC 121	https://www.aozora.gr.jp/cards/000281/files/3596_ruby_38216.zip	0
003597	現代哲学講話	戸坂	潤	新字新仮名	NDC 121	https://www.aozora.gr.jp/cards/000281/files/3597_ruby_41279.zip	0
003599	認識論とは何か	戸坂	潤	新字新仮名	NDC 115	https://www.aozora.gr.jp/cards/000281/files/3599_ruby_44988.zip	27
003607	読書八境	市島	春城	新字旧仮名	NDC 914	https://www.aozora.gr.jp/cards/000412/files/3607_txt_3797.zip	0
003609	十歳以前に読んだ本	坪内	逍遥	新字旧仮名	NDC 916	https://www.aozora.gr.jp/cards/000141/files/3609_ruby_3800.zip	0
003612	言いたい事と言わねばならない事と	桐生	悠々	新字新仮名	NDC 914	https://www.aozora.gr.jp/cards/000535/files/3612_ruby_20810.zip	0
003619	希臘及び羅馬と香料	加福	均三	新字旧仮名	NDC 383	https://www.aozora.gr.jp/cards/000891/files/3619_ruby_18897.zip	0
003622	犬物語	内田	魯庵	新字旧仮名	NDC 913	https://www.aozora.gr.jp/cards/000165/files/3622_ruby_7637.zip	0
003646	こがね丸	巌谷	小波	新字旧仮名	NDC K913	https://www.aozora.gr.jp/cards/000981/files/3646_ruby_5721.zip	74
003665	晋室の南渡と南方の開発	桑原	隲蔵	旧字旧仮名	NDC 222	https://www.aozora.gr.jp/cards/000372/files/3665_ruby_5995.zip	0
003666	東洋人の発明	桑原	隲蔵	旧字旧仮名	NDC 220 502	https://www.aozora.gr.jp/cards/000372/files/3666_ruby_3471.zip	0
003667	歴史上より観たる南支那の開発	桑原	隲蔵	旧字旧仮名	NDC 222	https://www.aozora.gr.jp/cards/000372/files/3667_ruby_6212.zip	0
003668	世界新秩序の原理	西田	幾多郎	新字新仮名	NDC 311	https://www.aozora.gr.jp/cards/000182/files/3668_txt_70011.zip	0
003681	三角と四角	巌谷	小波	その他	NDC K913	https://www.aozora.gr.jp/cards/000981/files/3681_ruby_20605.zip	0
003804	悪魔	芥川	竜之介	新字旧仮名	NDC 914	https://www.aozora.gr.jp/cards/000879/files/3804_ruby_27189.zip	53448
003829	地図にない街	橋本	五郎	新字新仮名	NDC 913	https://www.aozora.gr.jp/cards/000900/files/3829_ruby_15600.zip	0
003830	硯友社の沿革	尾崎	紅葉	新字旧仮名	NDC 916	https://www.aozora.gr.jp/cards/000091/files/3830_ruby_16989.zip	0
004054	松と藤芸妓の替紋	三遊亭	円朝	新字新仮名	NDC 779 913	https://www.aozora.gr.jp/cards/000989/files/4054_ruby_19619.zip	0
004055	兵馬倥偬の人	塚原	渋柿園	旧字旧仮名	NDC 914	https://www.aozora.gr.jp/cards/000660/files/4055_ruby_6236.zip	0
004057	大菩薩峠	中里	介山	新字新仮名	NDC 913	https://www.aozora.gr.jp/cards/000283/files/4057_ruby_4048.zip	0
004058	大菩薩峠	中里	介山	新字新仮名	NDC 913	https://www.aozora.gr.jp/cards/000283/files/4058_ruby_4051.zip	0
004059	大菩薩峠	中里	介山	新字新仮名	NDC 913	https://www.aozora.gr.jp/cards/000283/files/4059_ruby_4054.zip	0
004060	大菩薩峠	中里	介山	新字新仮名	NDC 913	https://www.aozora.gr.jp/cards/000283/files/4060_ruby_4062.zip	0
004067	贋紙幣事件	甲賀	三郎	新字新仮名	NDC K913	https://www.aozora.gr.jp/cards/000260/files/4067_ruby_16756.zip	0
004069	計略二重戦	甲賀	三郎	新字新仮名	NDC 913	https://www.aozora.gr.jp/cards/000260/files/4069_ruby_16755.zip	0
004070	二黒の巳	平出	修	新字旧仮名	NDC 913	https://www.aozora.gr.jp/cards/000080/files/4070_ruby_4215.zip	0
004071	公判	平出	修	新字旧仮名	NDC 913	https://www.aozora.gr.jp/cards/000080/files/4071_ruby_4212.zip	0
004072	瘢痕	平出	修	新字旧仮名	NDC 913	https://www.aozora.gr.jp/cards/000080/files/4072_ruby_4213.zip	0
004073	夜烏	平出	修	新字旧仮名	NDC 913	https://www.aozora.gr.jp/cards/000080/files/4073_ruby_4214.zip	0
004075	子供に化けた狐	野口	雨情	新字旧仮名	NDC K913	https://www.aozora.gr.jp/cards/000286/files/4075_ruby_13872.zip	0
004076	石川啄木と小奴	野口	雨情	新字旧仮名	NDC 914	https://www.aozora.gr.jp/cards/000286/files/4076_ruby_13873.zip	0
004077	仲のわるい姉妹	野口	雨情	新字旧仮名	NDC K913	https://www.aozora.gr.jp/cards/000286/files/4077_ruby_13874.zip	0
004078	虹の橋	野口	雨情	新字旧仮名	NDC K913	https://www.aozora.gr.jp/cards/000286/files/4078_ruby_13875.zip	0
004079	大利根八十里を溯る	野口	雨情	新字旧仮名	NDC 911	https://www.aozora.gr.jp/cards/000286/files/4079_ruby_13876.zip	0
004080	黄金の甕	野口	雨情	新字旧仮名	NDC K913	https://www.aozora.gr.jp/cards/000286/files/4080_ruby_13877.zip	0
004081	札幌時代の石川啄木	野口	雨情	新字旧仮名	NDC 914	https://www.aozora.gr.jp/cards/000286/files/4081_ruby_13878.zip	0
004082	つね子さんと兎	野口	雨情	新字旧仮名	NDC K913	https://www.aozora.gr.jp/cards/000286/files/4082_ruby_13879.zip	0
004083	少女と海鬼灯	野口	雨情	新字旧仮名	NDC K913	https://www.aozora.gr.jp/cards/000286/files/4083_ruby_13880.zip	0
004084	エミイル・ゾラの文学方法論	平林	初之輔	新字旧仮名	NDC 901	https://www.aozora.gr.jp/cards/000221/files/4084_ruby_7765.zip	0
004088	青草	十一谷	義三郎	新字新仮名	NDC 913	https://www.aozora.gr.jp/cards/000601/files/4088_ruby_5542.zip	0
004089	橋	池谷	信三郎	新字新仮名	NDC 913	https://www.aozora.gr.jp/cards/000398/files/4089_ruby_6972.zip	0
004091	世界怪談名作集	岡本	綺堂	新字新仮名	NDC 933 908	https://www.aozora.gr.jp/cards/001066/files/4091_ruby_7644.zip	7636
004093	五大堂	田沢	稲舟	新字旧仮名	NDC 913	https://www.aozora.gr.jp/cards/000904/files/4093_ruby_21321.zip	0
004097	雲は天才である	石川	啄木	旧字旧仮名	NDC 913	https://www.aozora.gr.jp/cards/000153/files/4097_ruby_7978.zip	0
004106	大阪発見	織田	作之助	新字新仮名	NDC 914	https://www.aozora.gr.jp/cards/000040/files/4106_ruby_7694.zip	111
004144	計画	平出	修	新字旧仮名	NDC 913	https://www.aozora.gr.jp/cards/000080/files/4144_ruby_4216.zip	0
004145	逆徒	平出	修	新字旧仮名	NDC 913	https://www.aozora.gr.jp/cards/000080/files/4145_ruby_4217.zip	0
004146	畜生道	平出	修	新字旧仮名	NDC 913	https://www.aozora.gr.jp/cards/000080/files/4146_ruby_4218.zip	0
004155	人を殺す犬	小林	多喜二	新字新仮名	NDC 913	https://www.aozora.gr.jp/cards/000156/files/4155_ruby_17541.zip	0
004156	雪の夜	小林	多喜二	新字新仮名	NDC 913	https://www.aozora.gr.jp/cards/000156/files/4156_ruby_17540.zip	0
004251	犬	アンドレーエフ	レオニード・ニコラーエヴィチ	新字新仮名	NDC 983	https://www.aozora.gr.jp/cards/000907/files/4251_ruby_12064.zip	0
004253	赤とんぼ	新美	南吉	新字新仮名	NDC K913	https://www.aozora.gr.jp/cards/000121/files/4253_ruby_9742.zip	656
004254	船中八策	坂本	竜馬	新字旧仮名	NDC 311	https://www.aozora.gr.jp/cards/000908/files/4254_ruby_16726.zip	18802
004261	マリー・ロジェエの怪事件	佐々木	直次郎	新字新仮名	NDC 933	https://www.aozora.gr.jp/cards/000094/files/4261_ruby_54182.zip	2721
004262	散歩	水野	仙子	新字旧仮名	NDC 913	https://www.aozora.gr.jp/cards/000112/files/4262_ruby_15310.zip	0
004263	脱殻	水野	仙子	新字旧仮名	NDC 913	https://www.aozora.gr.jp/cards/000112/files/4263_ruby_15311.zip	0
004266	探偵小説の魅力	南部	修太郎	旧字旧仮名	NDC 901 914	https://www.aozora.gr.jp/cards/000048/files/4266_ruby_6361.zip	0
004269	元時代の蒙古人	桑原	隲蔵	旧字旧仮名	NDC 222	https://www.aozora.gr.jp/cards/000372/files/4269_ruby_6221.zip	0
004270	支那人の食人肉風習	桑原	隲蔵	旧字旧仮名	NDC 222	https://www.aozora.gr.jp/cards/000372/files/4270_ruby_6209.zip	0
004271	支那人弁髪の歴史	桑原	隲蔵	旧字旧仮名	NDC 222	https://www.aozora.gr.jp/cards/000372/files/4271_ruby_6215.zip	0
004272	支那の宦官	桑原	隲蔵	旧字旧仮名	NDC 222	https://www.aozora.gr.jp/cards/000372/files/4272_ruby_6206.zip	0
004284	大震火災記	鈴木	三重吉	新字新仮名	NDC K916	https://www.aozora.gr.jp/cards/000107/files/4284_ruby_5496.zip	0
004285	冬を迎へようとして	水野	仙子	旧字旧仮名	NDC 915	https://www.aozora.gr.jp/cards/000112/files/4285_ruby_7815.zip	0
004297	粟田口霑笛竹（澤紫ゆかりの咲分）	条野	採菊	新字新仮名	NDC 779 913 914	https://www.aozora.gr.jp/cards/001551/files/4297_ruby_40460.zip	0
004298	霧陰伊香保湯煙	三遊亭	円朝	新字新仮名	NDC 779 913	https://www.aozora.gr.jp/cards/000989/files/4298_ruby_35276.zip	0
004299	小国寡民	河上	肇	新字旧仮名	NDC 914	https://www.aozora.gr.jp/cards/000250/files/4299_ruby_14334.zip	0
004300	香水紳士	大阪	圭吉	新字新仮名	NDC K913	https://www.aozora.gr.jp/cards/000236/files/4300_ruby_6029.zip	306
004309	婦人の天職	堺	利彦	新字新仮名	NDC 914	https://www.aozora.gr.jp/cards/000164/files/4309_ruby_5760.zip	0
004310	赤旗事件の回顧	堺	利彦	新字新仮名	NDC 914	https://www.aozora.gr.jp/cards/000164/files/4310_ruby_5761.zip	0
004314	東西交通史上より観たる日本の開発	桑原	隲蔵	旧字旧仮名	NDC 222	https://www.aozora.gr.jp/cards/000372/files/4314_ruby_6218.zip	0
004316	嫂	素木	しづ	新字旧仮名	NDC 913	https://www.aozora.gr.jp/cards/000012/files/4316_ruby_20976.zip	0
004317	人外魔境	小栗	虫太郎	新字新仮名	NDC 913	https://www.aozora.gr.jp/cards/000125/files/4317_ruby_9651.zip	0
004324	死刑の前	幸徳	秋水	新字新仮名	NDC 309 916	https://www.aozora.gr.jp/cards/000261/files/4324_ruby_13973.zip	0
004328	クリスマス・カロル	ディケンズ	チャールズ	新字新仮名	NDC 933	https://www.aozora.gr.jp/cards/000914/files/4328_ruby_7734.zip	41227
004329	明治美人伝	長谷川	時雨	新字新仮名	NDC 281	https://www.aozora.gr.jp/cards/000726/files/4329_ruby_28170.zip	0
004330	明治大正美人追憶	長谷川	時雨	新字新仮名	NDC 281	https://www.aozora.gr.jp/cards/000726/files/4330_ruby_28169.zip	0
004331	努力論	幸田	露伴	旧字旧仮名	NDC 914 159	https://www.aozora.gr.jp/cards/000051/files/4331_ruby_42047.zip	41
004332	女の一生	森本	薫	新字新仮名	NDC 912	https://www.aozora.gr.jp/cards/000827/files/4332_ruby_20640.zip	0
004348	放翁鑑賞	河上	肇	新字旧仮名	NDC 921	https://www.aozora.gr.jp/cards/000250/files/4348_ruby_15490.zip	0
004353	旧聞日本橋	長谷川	時雨	新字新仮名	NDC 914	https://www.aozora.gr.jp/cards/000310/files/4353_ruby_9538.zip	0
004354	旧聞日本橋	長谷川	時雨	新字新仮名	NDC 914	https://www.aozora.gr.jp/cards/000726/files/4354_ruby_9539.zip	0
004355	石ころ路	田畑	修一郎	新字新仮名	NDC 913	https://www.aozora.gr.jp/cards/000273/files/4355_ruby_10196.zip	0
004362	政治的価値と芸術的価値	平林	初之輔	新字旧仮名	NDC 901	https://www.aozora.gr.jp/cards/000221/files/4362_txt_16730.zip	0
004363	踊る地平線	谷	譲次	新字新仮名	NDC 913 915	https://www.aozora.gr.jp/cards/000272/files/4363_ruby_5763.zip	0
004364	踊る地平線	谷	譲次	新字新仮名	NDC 913 915	https://www.aozora.gr.jp/cards/000272/files/4364_ruby_5762.zip	0
004365	踊る地平線	谷	譲次	新字新仮名	NDC 913 915	https://www.aozora.gr.jp/cards/000272/files/4365_ruby_8007.zip	0
004366	踊る地平線	谷	譲次	新字新仮名	NDC 913 915	https://www.aozora.gr.jp/cards/000272/files/4366_ruby_8009.zip	0
004367	踊る地平線	谷	譲次	新字新仮名	NDC 913 915	https://www.aozora.gr.jp/cards/000272/files/4367_ruby_8011.zip	0
004368	踊る地平線	谷	譲次	新字新仮名	NDC 913 915	https://www.aozora.gr.jp/cards/000272/files/4368_ruby_8013.zip	0
004369	踊る地平線	谷	譲次	新字新仮名	NDC 913 915	https://www.aozora.gr.jp/cards/000272/files/4369_ruby_8015.zip	0
004370	踊る地平線	谷	譲次	新字新仮名	NDC 913 915	https://www.aozora.gr.jp/cards/000272/files/4370_ruby_8017.zip	0
004371	踊る地平線	谷	譲次	新字新仮名	NDC 913 915	https://www.aozora.gr.jp/cards/000272/files/4371_ruby_8019.zip	0
004372	踊る地平線	谷	譲次	新字新仮名	NDC 913 915	https://www.aozora.gr.jp/cards/000272/files/4372_ruby_8021.zip	0
004373	踊る地平線	谷	譲次	新字新仮名	NDC 913 915	https://www.aozora.gr.jp/cards/000272/files/4373_ruby_8023.zip	0
004374	踊る地平線	谷	譲次	新字新仮名	NDC 913 915	https://www.aozora.gr.jp/cards/000272/files/4374_ruby_8025.zip	0
004375	踊る地平線	谷	譲次	新字新仮名	NDC 913 915	https://www.aozora.gr.jp/cards/000272/files/4375_ruby_8027.zip	0
004376	即興詩人	アンデルセン	ハンス・クリスチャン	旧字旧仮名	NDC 949	https://www.aozora.gr.jp/cards/000019/files/4376_ruby_18828.zip	15356
004377	人生終に奈何	高山	樗牛	旧字旧仮名	NDC 914	https://www.aozora.gr.jp/cards/000271/files/4377_ruby_14458.zip	0
004378	一葉女史の「たけくらべ」を読みて	高山	樗牛	旧字旧仮名	NDC 914	https://www.aozora.gr.jp/cards/000271/files/4378_ruby_18569.zip	0
004381	清見寺の鐘声	高山	樗牛	旧字旧仮名	NDC 914	https://www.aozora.gr.jp/cards/000271/files/4381_ruby_14043.zip	0
004386	修道院の秋	南部	修太郎	旧字旧仮名	NDC 913	https://www.aozora.gr.jp/cards/000048/files/4386_ruby.zip	0
004387	日曜日から日曜日まで	南部	修太郎	旧字旧仮名	NDC 915	https://www.aozora.gr.jp/cards/000048/files/4387_txt_13532.zip	0
004388	死者の書	折口	信夫	新字旧仮名	NDC 913	https://www.aozora.gr.jp/cards/000933/files/4388_ruby_48056.zip	1655
004398	死者の書	折口	信夫	新字新仮名	NDC 913	https://www.aozora.gr.jp/cards/000933/files/4398_ruby_14165.zip	2364
004399	外来語所感	九鬼	周造	新字新仮名	NDC 814 914	https://www.aozora.gr.jp/cards/000065/files/4399_ruby_11272.zip	0
004400	かれいの贈物	九鬼	周造	新字新仮名	NDC 121 914	https://www.aozora.gr.jp/cards/000065/files/4400_ruby_11276.zip	0
004401	祇園の枝垂桜	九鬼	周造	新字新仮名	NDC 914	https://www.aozora.gr.jp/cards/000065/files/4401_ruby_11282.zip	0
004402	偶然の産んだ駄洒落	九鬼	周造	新字新仮名	NDC 121 914	https://www.aozora.gr.jp/cards/000065/files/4402_ruby_11277.zip	0
004403	小唄のレコード	九鬼	周造	新字新仮名	NDC 768 914	https://www.aozora.gr.jp/cards/000065/files/4403_ruby_11278.zip	0
004404	伝統と進取	九鬼	周造	新字新仮名	NDC 914	https://www.aozora.gr.jp/cards/000065/files/4404_ruby_11279.zip	0
004407	世界怪談名作集	アンドレーエフ	レオニード・ニコラーエヴィチ	新字新仮名	NDC 983 908	https://www.aozora.gr.jp/cards/000907/files/4407_ruby_33356.zip	69
004411	岩波茂雄宛書簡	野呂	栄太郎	新字新仮名	NDC 915	https://www.aozora.gr.jp/cards/000287/files/4411_ruby_18141.zip	0
004412	岩波茂雄宛書簡	野呂	栄太郎	新字新仮名	NDC 915	https://www.aozora.gr.jp/cards/000287/files/4412_ruby_13619.zip	0
004413	加藤正宛書簡	野呂	栄太郎	新字新仮名	NDC 915	https://www.aozora.gr.jp/cards/000287/files/4413_ruby_13620.zip	0
004429	万葉集を読む	正岡	子規	旧字旧仮名	NDC 911	https://www.aozora.gr.jp/cards/000305/files/4429_ruby_18491.zip	1287
004430	万葉集巻十六	正岡	子規	旧字旧仮名	NDC 911	https://www.aozora.gr.jp/cards/000305/files/4430_ruby_18492.zip	718
004431	水野仙子さんの思ひ出	今井	邦子	旧字旧仮名	NDC 910	https://www.aozora.gr.jp/cards/000234/files/4431_ruby_11012.zip	0
004444	能楽論	野口	米次郎	新字旧仮名	NDC 773	https://www.aozora.gr.jp/cards/000939/files/4444_ruby_7692.zip	0
004445	よくぞ能の家に	観世	左近　二十四世	新字旧仮名	NDC 773	https://www.aozora.gr.jp/cards/000938/files/4445_txt_7690.zip	0
004446	石	尾崎	放哉	新字旧仮名	NDC 914	https://www.aozora.gr.jp/cards/000195/files/4446_txt_7696.zip	0
004447	石を積む	別所	梅之助	新字旧仮名	NDC 914	https://www.aozora.gr.jp/cards/000940/files/4447_ruby_7686.zip	0
004449	平野義太郎宛書簡	野呂	栄太郎	新字新仮名	NDC 915	https://www.aozora.gr.jp/cards/000287/files/4449_ruby_13731.zip	0
004450	平野義太郎宛書簡	野呂	栄太郎	新字新仮名	NDC 915	https://www.aozora.gr.jp/cards/000287/files/4450_ruby_13732.zip	0
004451	平野義太郎宛書簡	野呂	栄太郎	新字新仮名	NDC 915	https://www.aozora.gr.jp/cards/000287/files/4451_txt_13736.zip	0
004452	平野義太郎宛書簡	野呂	栄太郎	新字新仮名	NDC 915	https://www.aozora.gr.jp/cards/000287/files/4452_ruby_13735.zip	0
004453	平野義太郎宛書簡	野呂	栄太郎	新字新仮名	NDC 915	https://www.aozora.gr.jp/cards/000287/files/4453_ruby_13734.zip	0
004454	平野義太郎宛書簡	野呂	栄太郎	新字新仮名	NDC 915	https://www.aozora.gr.jp/cards/000287/files/4454_ruby_13737.zip	0
004455	平野義太郎宛書簡	野呂	栄太郎	新字新仮名	NDC 915	https://www.aozora.gr.jp/cards/000287/files/4455_txt_13733.zip	0
004456	平野義太郎宛書簡	野呂	栄太郎	新字新仮名	NDC 915	https://www.aozora.gr.jp/cards/000287/files/4456_ruby_13738.zip	0
004458	きもの	長谷川	時雨	新字旧仮名	NDC 914	https://www.aozora.gr.jp/cards/000726/files/4458_ruby_12225.zip	0
004460	諸家の芸術価値理論の批判	平林	初之輔	新字旧仮名	NDC 901	https://www.aozora.gr.jp/cards/000221/files/4460_txt_11955.zip	0
004470	遠野へ	水野	葉舟	新字新仮名	NDC 913	https://www.aozora.gr.jp/cards/000941/files/4470_ruby_14515.zip	0
004471	月見草	水野	葉舟	新字新仮名	NDC 913	https://www.aozora.gr.jp/cards/000941/files/4471_ruby_14516.zip	0
004472	旅からのはがき	水野	葉舟	新字新仮名	NDC 915	https://www.aozora.gr.jp/cards/000941/files/4472_ruby_14517.zip	0
004473	土淵村にての日記	水野	葉舟	新字新仮名	NDC 915	https://www.aozora.gr.jp/cards/000941/files/4473_ruby_14518.zip	0
004488	梅若七兵衛	三遊亭	円朝	新字新仮名	NDC 779 913	https://www.aozora.gr.jp/cards/000989/files/4488_ruby_13758.zip	0
004489	松の操美人の生埋	三遊亭	円朝	新字新仮名	NDC 779 913	https://www.aozora.gr.jp/cards/000989/files/4489_ruby_42584.zip	0
004491	北国の人	水野	葉舟	新字新仮名	NDC 913	https://www.aozora.gr.jp/cards/000941/files/4491_ruby_14519.zip	0
004492	香油	水野	葉舟	新字新仮名	NDC 913	https://www.aozora.gr.jp/cards/000941/files/4492_ruby_14520.zip	0
004493	帰途	水野	葉舟	新字新仮名	NDC 913	https://www.aozora.gr.jp/cards/000941/files/4493_ruby_14521.zip	0
004494	黄昏	水野	葉舟	新字新仮名	NDC 913	https://www.aozora.gr.jp/cards/000941/files/4494_ruby_14522.zip	0
004530	旧聞日本橋	長谷川	時雨	新字新仮名	NDC 914	https://www.aozora.gr.jp/cards/000726/files/4530_ruby_9550.zip	0
004531	旧聞日本橋	長谷川	時雨	新字新仮名	NDC 914	https://www.aozora.gr.jp/cards/000726/files/4531_ruby_9562.zip	0
004532	旧聞日本橋	長谷川	時雨	新字新仮名	NDC 914	https://www.aozora.gr.jp/cards/000726/files/4532_ruby_8540.zip	0
004533	旧聞日本橋	長谷川	時雨	新字新仮名	NDC 914	https://www.aozora.gr.jp/cards/000726/files/4533_ruby_8539.zip	0
004534	旧聞日本橋	長谷川	時雨	新字新仮名	NDC 914	https://www.aozora.gr.jp/cards/000726/files/4534_ruby_8541.zip	0
004535	旧聞日本橋	長谷川	時雨	新字新仮名	NDC 914	https://www.aozora.gr.jp/cards/000726/files/4535_ruby_8554.zip	0
004536	旧聞日本橋	長谷川	時雨	新字新仮名	NDC 914	https://www.aozora.gr.jp/cards/000726/files/4536_ruby_8558.zip	0
004537	旧聞日本橋	長谷川	時雨	新字新仮名	NDC 914	https://www.aozora.gr.jp/cards/000726/files/4537_ruby_8560.zip	0
004573	月夜	泉	鏡花	旧字旧仮名	NDC 913	https://www.aozora.gr.jp/cards/000050/files/4573_ruby_74011.zip	645
004577	三人の盲の話	泉	鏡花	旧字旧仮名		https://www.aozora.gr.jp/cards/000050/files/4577_ruby_76473.zip	613
004583	霰ふる	泉	鏡花	旧字旧仮名	NDC 913	https://www.aozora.gr.jp/cards/000050/files/4583_ruby_74367.zip	451
004603	美的生活を論ず	高山	樗牛	旧字旧仮名	NDC 701	https://www.aozora.gr.jp/cards/000271/files/4603_ruby_7317.zip	0
004618	神曲	ダンテ	アリギエリ	旧字旧仮名	NDC 971	https://www.aozora.gr.jp/cards/000961/files/4618_ruby_13198.zip	50284
004621	関東防空大演習を嗤う	桐生	悠々	新字新仮名	NDC 914	https://www.aozora.gr.jp/cards/000535/files/4621_ruby_15601.zip	0
004622	正義の国と人生	桐生	悠々	新字新仮名	NDC 914	https://www.aozora.gr.jp/cards/000535/files/4622_txt_15602.zip	0
004627	旅日記	二葉亭	四迷	新字旧仮名	NDC 915	https://www.aozora.gr.jp/cards/000006/files/4627_ruby_17006.zip	0
004632	霧の旅	吉江	喬松	旧字旧仮名	NDC 915	https://www.aozora.gr.jp/cards/000220/files/4632_ruby_16127.zip	0
004634	北信早春譜	野上	豊一郎	旧字旧仮名	NDC 915	https://www.aozora.gr.jp/cards/000963/files/4634_ruby_12237.zip	0
004640	伊良湖の旅	吉江	喬松	新字旧仮名	NDC 915	https://www.aozora.gr.jp/cards/000220/files/4640_ruby_16066.zip	0
004641	半七捕物帳	岡本	綺堂	新字新仮名	NDC 913	https://www.aozora.gr.jp/cards/000082/files/4641_ruby_6313.zip	1791
004644	放翁鑑賞	河上	肇	新字旧仮名	NDC 921	https://www.aozora.gr.jp/cards/000250/files/4644_ruby_15596.zip	0
004645	鳥羽家の子供	田畑	修一郎	新字旧仮名	NDC 913	https://www.aozora.gr.jp/cards/000273/files/4645_ruby_19027.zip	0
004650	文学的自叙伝	牧野	信一	旧字旧仮名	NDC 914	https://www.aozora.gr.jp/cards/000183/files/4650_ruby_7606.zip	0
004659	塩原日記	岩野	泡鳴	旧字旧仮名	NDC 915	https://www.aozora.gr.jp/cards/000137/files/4659_ruby_15312.zip	0
004660	山を想ふ	水上	滝太郎	旧字旧仮名	NDC 291 914 915	https://www.aozora.gr.jp/cards/000800/files/4660_ruby_12239.zip	0
004661	滑川畔にて	嘉村	礒多	旧字旧仮名	NDC 913	https://www.aozora.gr.jp/cards/000249/files/4661_ruby_15313.zip	0
004662	箱根の山々	近松	秋江	旧字旧仮名	NDC 915	https://www.aozora.gr.jp/cards/000275/files/4662_ruby_15317.zip	0
004663	海郷風物記	木下	杢太郎	旧字旧仮名	NDC 914 915	https://www.aozora.gr.jp/cards/000120/files/4663_ruby_15314.zip	0
004664	湖水めぐり	野上	豊一郎	旧字旧仮名	NDC 915	https://www.aozora.gr.jp/cards/000963/files/4664_ruby_12235.zip	0
004665	道学先生の旅	戸川	秋骨	旧字旧仮名	NDC 915	https://www.aozora.gr.jp/cards/000669/files/4665_txt_15318.zip	0
004673	ガリバー旅行記	スウィフト	ジョナサン	新字新仮名	NDC K933	https://www.aozora.gr.jp/cards/000912/files/4673_ruby_7882.zip	56590
004691	三田社会科学研究会	野呂	栄太郎	新字新仮名	NDC 309	https://www.aozora.gr.jp/cards/000287/files/4691_ruby_14491.zip	0
004693	チャアリイは何処にいる	牧	逸馬	新字新仮名	NDC 913	https://www.aozora.gr.jp/cards/000304/files/4693_ruby_23714.zip	0
004695	鳥影	石川	啄木	旧字旧仮名	NDC 913	https://www.aozora.gr.jp/cards/000153/files/4695_ruby_24745.zip	458
004702	京阪聞見録	木下	杢太郎	旧字旧仮名	NDC 915	https://www.aozora.gr.jp/cards/000120/files/4702_ruby_19305.zip	0
004703	山陰の風景	木下	利玄	旧字旧仮名	NDC 915	https://www.aozora.gr.jp/cards/000526/files/4703_ruby_19306.zip	0
004705	尹主事	金	史良	旧字新仮名	NDC 913	https://www.aozora.gr.jp/cards/000252/files/4705_ruby_25016.zip	0
004706	蒲寿庚の事蹟	桑原	隲蔵	旧字旧仮名	NDC 222	https://www.aozora.gr.jp/cards/000372/files/4706_ruby_13572.zip	0
004713	別れたる妻に送る手紙	近松	秋江	新字新仮名	NDC 913	https://www.aozora.gr.jp/cards/000275/files/4713_ruby_16267.zip	0
004715	湖光島影	近松	秋江	旧字旧仮名	NDC 915	https://www.aozora.gr.jp/cards/000275/files/4715_ruby_19304.zip	0
004718	二ひきの蛙	新美	南吉	新字新仮名	NDC K913	https://www.aozora.gr.jp/cards/000121/files/4718_ruby_13222.zip	136
004723	飴だま	新美	南吉	新字新仮名	NDC K913	https://www.aozora.gr.jp/cards/000121/files/4723_ruby_13208.zip	159
004728	白い壁	本庄	陸男	新字新仮名	NDC 913	https://www.aozora.gr.jp/cards/000303/files/4728_ruby_10195.zip	0
004729	『尚書』の高等批評	白鳥	庫吉	新字新仮名	NDC 123	https://www.aozora.gr.jp/cards/000603/files/4729_ruby_17002.zip	0
004730	省察	デカルト	ルネ	旧字旧仮名	NDC 135	https://www.aozora.gr.jp/cards/001029/files/4730_txt_58052.zip	485
004731	酔ひたる商人	水野	仙子	旧字旧仮名	NDC 913	https://www.aozora.gr.jp/cards/000112/files/4731_ruby_8294.zip	0
004732	夜の浪	水野	仙子	旧字旧仮名	NDC 913	https://www.aozora.gr.jp/cards/000112/files/4732_txt_8060.zip	0
004733	犬の威厳	水野	仙子	旧字旧仮名	NDC 913	https://www.aozora.gr.jp/cards/000112/files/4733_txt_8059.zip	0
004736	浅間山麓	若杉	鳥子	新字新仮名	NDC 914	https://www.aozora.gr.jp/cards/000331/files/4736_ruby_9556.zip	0
004737	独り旅	若杉	鳥子	新字新仮名	NDC 914	https://www.aozora.gr.jp/cards/000331/files/4737_ruby_9558.zip	0
004738	旧師の家	若杉	鳥子	新字新仮名	NDC 914	https://www.aozora.gr.jp/cards/000331/files/4738_ruby_9557.zip	0
004744	関牧塲創業記事	関	寛	新字新仮名	NDC 642	https://www.aozora.gr.jp/cards/001026/files/4744_ruby_17979.zip	0
004793	マダム貞奴	長谷川	時雨	新字新仮名	NDC 281 772	https://www.aozora.gr.jp/cards/000726/files/4793_ruby_19507.zip	0
004797	人形の家	イプセン	ヘンリック	旧字旧仮名	NDC 949	https://www.aozora.gr.jp/cards/001028/files/4797_ruby_31735.zip	28104
004800	ほととぎす	堀	辰雄	新字新仮名	NDC 913	https://www.aozora.gr.jp/cards/001030/files/4800_ruby_14470.zip	129
004803	風立ちぬ	堀	辰雄	新字新仮名	NDC 913	https://www.aozora.gr.jp/cards/001030/files/4803_ruby_14149.zip	55296
004805	菜穂子	堀	辰雄	新字新仮名	NDC 913	https://www.aozora.gr.jp/cards/001030/files/4805_ruby_14296.zip	4387
004812	美しい村	堀	辰雄	新字新仮名	NDC 913	https://www.aozora.gr.jp/cards/001030/files/4812_ruby_14825.zip	1749
004814	燃ゆる頬	堀	辰雄	新字新仮名	NDC 913	https://www.aozora.gr.jp/cards/001030/files/4814_ruby_14373.zip	578
004820	神曲	ダンテ	アリギエリ	旧字旧仮名	NDC 971	https://www.aozora.gr.jp/cards/000961/files/4820_ruby_20538.zip	9855
004822	真珠夫人	菊池	寛	新字新仮名	NDC 913	https://www.aozora.gr.jp/cards/000083/files/4822_ruby_53557.zip	1443
004823	小桜姫物語	浅野	和三郎	新字新仮名	NDC 147	https://www.aozora.gr.jp/cards/001034/files/4823_ruby_48360.zip	205
004826	霊訓	浅野	和三郎	新字新仮名	NDC 147	https://www.aozora.gr.jp/cards/001035/files/4826_ruby_30422.zip	0
004829	鳴雪自叙伝	内藤	鳴雪	新字新仮名	NDC 911	https://www.aozora.gr.jp/cards/000684/files/4829_ruby_34858.zip	0
004834	日記	宮本	百合子	新字新仮名	NDC 915	https://www.aozora.gr.jp/cards/000311/files/4834_ruby_60149.zip	167
004839	桜さく島	竹久	夢二	新字旧仮名	NDC 911	https://www.aozora.gr.jp/cards/000212/files/4839_ruby_19248.zip	0
004840	桜さく島	竹久	夢二	新字旧仮名	NDC 911	https://www.aozora.gr.jp/cards/000212/files/4840_ruby_19249.zip	0
004841	後光殺人事件	小栗	虫太郎	新字新仮名	NDC 913	https://www.aozora.gr.jp/cards/000125/files/4841_ruby_16998.zip	0
004843	あいびき	堀	辰雄	新字新仮名	NDC 913	https://www.aozora.gr.jp/cards/001030/files/4843_ruby_14145.zip	195
004852	失念術講義	井上	円了	旧字旧仮名	NDC 141	https://www.aozora.gr.jp/cards/001021/files/4852_ruby_47458.zip	34
004854	桃の雫	島崎	藤村	旧字旧仮名	NDC 914	https://www.aozora.gr.jp/cards/000158/files/4854_ruby_30098.zip	2708
004859	気質と文章	南部	修太郎	旧字旧仮名	NDC 901	https://www.aozora.gr.jp/cards/000048/files/4859_ruby_7660.zip	0
004867	字で書いた漫画	谷	譲次	新字新仮名	NDC 914	https://www.aozora.gr.jp/cards/000272/files/4867_ruby_29011.zip	0
004868	認識論	三木	清	旧字旧仮名	NDC 121	https://www.aozora.gr.jp/cards/000218/files/4868_txt_26088.zip	0
004872	愛読書の印象	芥川	竜之介	新字旧仮名	NDC 019 914	https://www.aozora.gr.jp/cards/000879/files/4872_ruby_20864.zip	44744
004873	虚弱	三島	霜川	旧字旧仮名	NDC 913	https://www.aozora.gr.jp/cards/000022/files/4873_ruby_13475.zip	0
004874	昔の女	三島	霜川	旧字旧仮名	NDC 913	https://www.aozora.gr.jp/cards/000022/files/4874_ruby_13476.zip	0
004878	瓢作り	杉田	久女	新字旧仮名	NDC 914	https://www.aozora.gr.jp/cards/000606/files/4878_ruby_11002.zip	0
004880	フランダースの犬	菊池	寛	新字新仮名	NDC K933	https://www.aozora.gr.jp/cards/001044/files/4880_ruby_13757.zip	13419
004881	小公女	菊池	寛	新字新仮名	NDC K933	https://www.aozora.gr.jp/cards/001045/files/4881_ruby_18562.zip	10606
004886	母への追慕	上村	松園	新字新仮名	NDC 721	https://www.aozora.gr.jp/cards/000355/files/4886_txt_9739.zip	0
004887	馬車	横光	利一	新字新仮名	NDC 913	https://www.aozora.gr.jp/cards/000168/files/4887_ruby_64034.zip	363
004889	直訴状	田中	正造	新字旧仮名	NDC 519 561	https://www.aozora.gr.jp/cards/000649/files/4889_txt_9291.zip	0
004890	非常歎願書	田中	正造	新字旧仮名	NDC 334	https://www.aozora.gr.jp/cards/000649/files/4890_txt_9293.zip	0
004891	土地兼併の罪悪	田中	正造	旧字旧仮名	NDC 517	https://www.aozora.gr.jp/cards/000649/files/4891_txt_9248.zip	0
004892	亡国に至るを知らざれば之即ち亡国の儀に付質問	田中	正造	旧字旧仮名	NDC 519 561	https://www.aozora.gr.jp/cards/000649/files/4892_txt_9245.zip	0
004907	明治十年前後	淡島	寒月	新字新仮名	NDC 914	https://www.aozora.gr.jp/cards/000388/files/4907_ruby_8533.zip	0
004908	銀座は昔からハイカラな所	淡島	寒月	新字新仮名	NDC 914	https://www.aozora.gr.jp/cards/000388/files/4908_ruby_8545.zip	0
004909	寺内の奇人団	淡島	寒月	新字新仮名	NDC 914	https://www.aozora.gr.jp/cards/000388/files/4909_ruby_8537.zip	0
004915	酒	薄田	泣菫	新字旧仮名	NDC 914	https://www.aozora.gr.jp/cards/000150/files/4915_ruby_54013.zip	35
004916	飲酒家	薄田	泣菫	新字旧仮名	NDC 914	https://www.aozora.gr.jp/cards/000150/files/4916_ruby_54012.zip	46
004920	科学の不思議	伊藤	野枝	新字旧仮名	NDC K404	https://www.aozora.gr.jp/cards/001049/files/4920_ruby_39154.zip	5222
004944	亡び行く江戸趣味	淡島	寒月	新字新仮名	NDC 914	https://www.aozora.gr.jp/cards/000388/files/4944_ruby_8547.zip	0
004945	江戸の玩具	淡島	寒月	新字旧仮名	NDC 914	https://www.aozora.gr.jp/cards/000388/files/4945_ruby_8543.zip	0
004952	土俗玩具の話	淡島	寒月	新字新仮名	NDC 914	https://www.aozora.gr.jp/cards/000388/files/4952_ruby_8546.zip	0
004953	活動写真	淡島	寒月	新字新仮名	NDC 778 914	https://www.aozora.gr.jp/cards/000388/files/4953_ruby_8544.zip	0
004954	梵雲庵漫録	淡島	寒月	新字新仮名	NDC 914	https://www.aozora.gr.jp/cards/000388/files/4954_ruby_8538.zip	0
004955	諸国の玩具	淡島	寒月	新字新仮名	NDC 759 914	https://www.aozora.gr.jp/cards/000388/files/4955_ruby_8536.zip	0
004956	我が宗教観	淡島	寒月	新字新仮名	NDC 161	https://www.aozora.gr.jp/cards/000388/files/4956_ruby_8532.zip	0
004957	凧の話	淡島	寒月	新字新仮名	NDC 914	https://www.aozora.gr.jp/cards/000388/files/4957_ruby_8534.zip	0
004958	公益に有害の鉱業を停止せざるの儀に付質問書	田中	正造	旧字旧仮名	NDC 519 561	https://www.aozora.gr.jp/cards/000649/files/4958_txt_9246.zip	0
004959	月夜のあとさき	津村	信夫	新字新仮名	NDC 914	https://www.aozora.gr.jp/cards/000278/files/4959_ruby_9740.zip	0
004963	原爆詩集	峠	三吉	新字新仮名	NDC 911	https://www.aozora.gr.jp/cards/001053/files/4963_ruby_16044.zip	0
004964	入梅	久坂	葉子	新字新仮名	NDC 913	https://www.aozora.gr.jp/cards/001052/files/4964_ruby_18636.zip	0
004967	落ちてゆく世界	久坂	葉子	新字新仮名	NDC 913	https://www.aozora.gr.jp/cards/001052/files/4967_ruby_18634.zip	0
004968	灰色の記憶	久坂	葉子	新字新仮名	NDC 913	https://www.aozora.gr.jp/cards/001052/files/4968_ruby_18637.zip	0
004969	華々しき瞬間	久坂	葉子	新字新仮名	NDC 913	https://www.aozora.gr.jp/cards/001052/files/4969_ruby_18638.zip	0
004970	幾度目かの最期	久坂	葉子	新字新仮名	NDC 913	https://www.aozora.gr.jp/cards/001052/files/4970_ruby_18633.zip	88
004985	南予枇杷行	河東	碧梧桐	新字旧仮名	NDC 915	https://www.aozora.gr.jp/cards/000510/files/4985_ruby_16965.zip	179
004990	沖縄の旅	浜田	青陵	旧字旧仮名	NDC 291 915	https://www.aozora.gr.jp/cards/001054/files/4990_ruby_20644.zip	0
004992	松浦あがた	蒲原	有明	新字旧仮名	NDC 915	https://www.aozora.gr.jp/cards/001055/files/4992_ruby_17194.zip	0
004995	東山時代における一縉紳の生活	原	勝郎	新字新仮名	NDC 210	https://www.aozora.gr.jp/cards/001037/files/4995_ruby_17349.zip	0
004996	愛	岡本	かの子	新字旧仮名	NDC 913	https://www.aozora.gr.jp/cards/000076/files/4996_ruby_15340.zip	12113
005001	曼珠沙華	斎藤	茂吉	新字新仮名	NDC 914	https://www.aozora.gr.jp/cards/001059/files/5001_ruby_14144.zip	0
005002	蚤	斎藤	茂吉	新字新仮名	NDC 914	https://www.aozora.gr.jp/cards/001059/files/5002_ruby_14141.zip	0
005003	支流	斎藤	茂吉	新字旧仮名	NDC 914	https://www.aozora.gr.jp/cards/001059/files/5003_ruby_14139.zip	0
005004	双葉山	斎藤	茂吉	新字旧仮名	NDC 914	https://www.aozora.gr.jp/cards/001059/files/5004_ruby_14143.zip	0
005006	木乃伊の口紅	田村	俊子	旧字旧仮名	NDC 913	https://www.aozora.gr.jp/cards/000655/files/5006_ruby_23904.zip	0
005007	唯物史観と現代の意識	三木	清	旧字旧仮名	NDC 121	https://www.aozora.gr.jp/cards/000218/files/5007_txt_47368.zip	0
005016	源氏物語	紫式部		新字新仮名	NDC 913	https://www.aozora.gr.jp/cards/000052/files/5016_ruby_9746.zip	66842
005017	源氏物語	紫式部		新字新仮名	NDC 913	https://www.aozora.gr.jp/cards/000052/files/5017_ruby_9752.zip	47625
005018	源氏物語	紫式部		新字新仮名	NDC 913	https://www.aozora.gr.jp/cards/000052/files/5018_ruby_9754.zip	40560
005019	源氏物語	紫式部		新字新仮名	NDC 913	https://www.aozora.gr.jp/cards/000052/files/5019_ruby_9761.zip	38954
005020	源氏物語	紫式部		新字新仮名	NDC 913	https://www.aozora.gr.jp/cards/000052/files/5020_ruby_11253.zip	36235
005021	源氏物語	紫式部		新字新仮名	NDC 913	https://www.aozora.gr.jp/cards/000052/files/5021_ruby_11106.zip	26335
005022	源氏物語	紫式部		新字新仮名	NDC 913	https://www.aozora.gr.jp/cards/000052/files/5022_ruby_10211.zip	20827
005023	源氏物語	紫式部		新字新仮名	NDC 913	https://www.aozora.gr.jp/cards/000052/files/5023_ruby_10174.zip	19303
005024	源氏物語	紫式部		新字新仮名	NDC 913	https://www.aozora.gr.jp/cards/000052/files/5024_ruby_11084.zip	21837
005025	源氏物語	紫式部		新字新仮名	NDC 913	https://www.aozora.gr.jp/cards/000052/files/5025_ruby_11635.zip	17252
005026	源氏物語	紫式部		新字新仮名	NDC 913	https://www.aozora.gr.jp/cards/000052/files/5026_ruby_11637.zip	13818
005027	源氏物語	紫式部		新字新仮名	NDC 913	https://www.aozora.gr.jp/cards/000052/files/5027_ruby_11269.zip	13658
005028	源氏物語	紫式部		新字新仮名	NDC 913	https://www.aozora.gr.jp/cards/000052/files/5028_ruby_11649.zip	13003
005029	源氏物語	紫式部		新字新仮名	NDC 913	https://www.aozora.gr.jp/cards/000052/files/5029_ruby_10176.zip	11826
005030	源氏物語	紫式部		新字新仮名	NDC 913	https://www.aozora.gr.jp/cards/000052/files/5030_ruby_10218.zip	11073
005031	源氏物語	紫式部		新字新仮名	NDC 913	https://www.aozora.gr.jp/cards/000052/files/5031_ruby_10220.zip	10446
005032	源氏物語	紫式部		新字新仮名	NDC 913	https://www.aozora.gr.jp/cards/000052/files/5032_ruby_10222.zip	10103
005072	ドナウ源流行	斎藤	茂吉	新字新仮名	NDC 915	https://www.aozora.gr.jp/cards/001059/files/5072_ruby_38453.zip	0
005073	筆	斎藤	茂吉	新字旧仮名	NDC 914	https://www.aozora.gr.jp/cards/001059/files/5073_txt_38454.zip	0
005074	鯉	斎藤	茂吉	新字旧仮名	NDC 914	https://www.aozora.gr.jp/cards/001059/files/5074_ruby_14137.zip	0
005075	人麿の妻	斎藤	茂吉	新字旧仮名	NDC 914	https://www.aozora.gr.jp/cards/001059/files/5075_ruby_14142.zip	0
005082	万葉秀歌	斎藤	茂吉	新字新仮名	NDC 911	https://www.aozora.gr.jp/cards/001059/files/5082_ruby_32225.zip	1522
007939	自伝	三島	霜川	旧字旧仮名	NDC 914 916	https://www.aozora.gr.jp/cards/000022/files/7939_ruby_12221.zip	0
013202	『新訳源氏物語』初版の序	上田	敏	新字新仮名	NDC 913 914	https://www.aozora.gr.jp/cards/000235/files/13202_ruby_9290.zip	0
013203	久坂葉子の誕生と死亡	久坂	葉子	新字新仮名	NDC 913	https://www.aozora.gr.jp/cards/001052/files/13203_ruby_18635.zip	0
013204	商品としての近代小説	平林	初之輔	新字旧仮名	NDC 910	https://www.aozora.gr.jp/cards/000221/files/13204_ruby_16412.zip	0
013217	真珠夫人	菊池	寛	新字旧仮名	NDC 913	https://www.aozora.gr.jp/cards/000083/files/13217_ruby_18027.zip	3170
015937	「平家物語」ぬきほ（言文一致訳）	作者不詳		新字新仮名	NDC 913	https://www.aozora.gr.jp/cards/001529/files/15937_ruby_34615.zip	27080
015938	元禄時代小説第一巻「本朝二十不孝」ぬきほ（言文一致訳）	井原	西鶴	新字新仮名	NDC 913	https://www.aozora.gr.jp/cards/001216/files/15938_ruby_34613.zip	4071
015956	唖娘スバー	タゴール	ラビンドラナート	新字新仮名	NDC 929	https://www.aozora.gr.jp/cards/001075/files/15956_ruby_27806.zip	0
015959	二つの短い話	ケネディ	パトリック	新字新仮名	NDC K933	https://www.aozora.gr.jp/cards/001299/files/15959_ruby_27801.zip	35
018326	熊の足跡	徳冨	蘆花	旧字旧仮名	NDC 915	https://www.aozora.gr.jp/cards/000280/files/18326_ruby_19199.zip	0
018327	東旭川村にて	島木	健作	旧字旧仮名	NDC 915	https://www.aozora.gr.jp/cards/000008/files/18327_ruby_19202.zip	0
018328	日高十勝の記憶	岩野	泡鳴	旧字旧仮名	NDC 915	https://www.aozora.gr.jp/cards/000137/files/18328_ruby_19201.zip	0
018330	ワンダ・ブック――少年・少女のために――	ホーソーン	ナサニエル	新字新仮名	NDC K933	https://www.aozora.gr.jp/cards/000905/files/18330_ruby_14073.zip	0
018332	岡の家	鈴木	三重吉	新字新仮名	NDC K913	https://www.aozora.gr.jp/cards/000107/files/18332_ruby_14429.zip	0
018333	デイモンとピシアス	鈴木	三重吉	新字新仮名	NDC K913	https://www.aozora.gr.jp/cards/000107/files/18333_ruby_14428.zip	0
018353	貧乏物語	河上	肇	新字新仮名	NDC 331	https://www.aozora.gr.jp/cards/000250/files/18353_ruby_28946.zip	366
018358	貝殻追放	水上	滝太郎	旧字旧仮名	NDC 914	https://www.aozora.gr.jp/cards/000800/files/18358_ruby_17131.zip	0
018361	ベーシック英語	高田	力	旧字旧仮名	NDC 834	https://www.aozora.gr.jp/cards/001065/files/18361_ruby_31252.zip	2990
018362	帝室論緒言	飯田	平作	旧字旧仮名	NDC 288	https://www.aozora.gr.jp/cards/001953/files/18362_ruby_72242.zip	304
018367	淡路人形座訪問	竹内	勝太郎	旧字旧仮名	NDC 777	https://www.aozora.gr.jp/cards/000636/files/18367_ruby_17024.zip	0
018368	防雪林	小林	多喜二	旧字旧仮名	NDC 913	https://www.aozora.gr.jp/cards/000156/files/18368_ruby_23228.zip	0
018371	博物館	浜田	青陵	旧字旧仮名	NDC 069	https://www.aozora.gr.jp/cards/001054/files/18371_ruby_34702.zip	0
018375	やどなし犬	鈴木	三重吉	新字新仮名	NDC K913	https://www.aozora.gr.jp/cards/000107/files/18375_ruby_14427.zip	0
018376	桃太郎	楠山	正雄	新字新仮名	NDC K913	https://www.aozora.gr.jp/cards/000329/files/18376_ruby_12074.zip	29
018414	「青白き夢」序	森田	草平	旧字旧仮名	NDC 913 914	https://www.aozora.gr.jp/cards/000826/files/18414_ruby_12053.zip	0
024361	愛する人達	林	芙美子	新字旧仮名	NDC 913	https://www.aozora.gr.jp/cards/000291/files/24361_txt_13993.zip	57
024376	丹下左膳	林	不忘	新字新仮名	NDC 913	https://www.aozora.gr.jp/cards/000290/files/24376_ruby_19087.zip	0
024377	丹下左膳	林	不忘	新字新仮名	NDC 913	https://www.aozora.gr.jp/cards/000290/files/24377_ruby_19091.zip	0
024382	死せる魂	ゴーゴリ	ニコライ	新字新仮名	NDC 983	https://www.aozora.gr.jp/cards/000207/files/24382_ruby_59426.zip	404
024385	著者小伝	直木	三十五	旧字旧仮名	NDC 910 914	https://www.aozora.gr.jp/cards/000216/files/24385_txt_17003.zip	0
024386	長谷川時雨が卅歳若かつたら	直木	三十五	旧字旧仮名	NDC 914	https://www.aozora.gr.jp/cards/000216/files/24386_ruby_10319.zip	0
024387	鞦韆考	原	勝郎	旧字旧仮名	NDC 384 781	https://www.aozora.gr.jp/cards/001037/files/24387_txt_10354.zip	0
024388	貢院の春	原	勝郎	旧字旧仮名	NDC 222	https://www.aozora.gr.jp/cards/001037/files/24388_txt_11010.zip	0
024440	恋文	高田	保	新字旧仮名	NDC 914	https://www.aozora.gr.jp/cards/001073/files/24440_txt_15138.zip	0
024448	珠	素木	しづ	旧字旧仮名	NDC 913	https://www.aozora.gr.jp/cards/000012/files/24448_ruby_11788.zip	0
033197	探偵夜話	岡本	綺堂	新字新仮名	NDC 913	https://www.aozora.gr.jp/cards/000082/files/33197_ruby_48031.zip	976
033200	幸福への道	素木	しづ	旧字旧仮名	NDC 913	https://www.aozora.gr.jp/cards/000012/files/33200_ruby_11851.zip	0
033203	シンデレラ	水谷	まさる	新字新仮名	NDC K913	https://www.aozora.gr.jp/cards/001074/files/33203_ruby_12193.zip	0
033205	ジーキル博士とハイド氏の怪事件	佐々木	直次郎	新字新仮名	NDC 933	https://www.aozora.gr.jp/cards/000888/files/33205_ruby_26003.zip	38209
033206	宝島	佐々木	直次郎	新字新仮名	NDC K933	https://www.aozora.gr.jp/cards/000888/files/33206_ruby_35590.zip	10862
033229	コドモノスケッチ帖	竹久	夢二	新字旧仮名	NDC K911	https://www.aozora.gr.jp/cards/000212/files/33229_ruby_19203.zip	0
042134	貝殻追放	水上	滝太郎	旧字旧仮名	NDC 914	https://www.aozora.gr.jp/cards/000800/files/42134_ruby_17086.zip	0
042135	貝殻追放	水上	滝太郎	旧字旧仮名	NDC 914	https://www.aozora.gr.jp/cards/000800/files/42135_ruby_17087.zip	0
042136	貝殻追放	水上	滝太郎	旧字旧仮名	NDC 914	https://www.aozora.gr.jp/cards/000800/files/42136_ruby_17088.zip	0
042137	貝殻追放	水上	滝太郎	旧字旧仮名	NDC 914	https://www.aozora.gr.jp/cards/000800/files/42137_txt_17089.zip	0
042138	貝殻追放	水上	滝太郎	旧字旧仮名	NDC 914	https://www.aozora.gr.jp/cards/000800/files/42138_ruby_17568.zip	0
042139	貝殻追放	水上	滝太郎	旧字旧仮名	NDC 914	https://www.aozora.gr.jp/cards/000800/files/42139_ruby_17569.zip	0
042140	貝殻追放	水上	滝太郎	旧字旧仮名	NDC 914	https://www.aozora.gr.jp/cards/000800/files/42140_ruby_17570.zip	0
042141	貝殻追放	水上	滝太郎	旧字旧仮名	NDC 914	https://www.aozora.gr.jp/cards/000800/files/42141_ruby_17571.zip	0
042145	今戸心中	広津	柳浪	新字新仮名	NDC 913	https://www.aozora.gr.jp/cards/000295/files/42145_ruby_22356.zip	0
042146	道成寺（一幕劇）	郡	虎彦	新字新仮名	NDC 912	https://www.aozora.gr.jp/cards/001077/files/42146_ruby_20063.zip	0
042149	異国さかな雑談	浜田	青陵	旧字旧仮名	NDC 596 915	https://www.aozora.gr.jp/cards/001054/files/42149_ruby_15584.zip	0
042150	温泉雑記	浜田	青陵	旧字旧仮名	NDC 290 915	https://www.aozora.gr.jp/cards/001054/files/42150_txt_15586.zip	0
042151	シュリーマン夫人を憶ふ	浜田	青陵	旧字旧仮名	NDC 289 915	https://www.aozora.gr.jp/cards/001054/files/42151_ruby_15588.zip	0
042153	考古学教室の思ひ出話	浜田	青陵	旧字旧仮名	NDC 210 915	https://www.aozora.gr.jp/cards/001054/files/42153_txt_15587.zip	0
042154	石鏃の思出話	浜田	青陵	旧字旧仮名	NDC 210 915	https://www.aozora.gr.jp/cards/001054/files/42154_txt_15589.zip	0
042155	埃及雑記	浜田	青陵	旧字旧仮名	NDC 294 915	https://www.aozora.gr.jp/cards/001054/files/42155_ruby_15585.zip	0
042160	ある探偵事件	寺田	寅彦	新字新仮名	NDC 914	https://www.aozora.gr.jp/cards/000042/files/42160_ruby_16421.zip	12850
042174	水郷	三島	霜川	旧字旧仮名	NDC 913	https://www.aozora.gr.jp/cards/000022/files/42174_ruby_13147.zip	0
042184	神曲	ダンテ	アリギエリ	旧字旧仮名	NDC 971	https://www.aozora.gr.jp/cards/000961/files/42184_ruby_16541.zip	10107
042197	糸くず	国木田	独歩	新字新仮名	NDC 953	https://www.aozora.gr.jp/cards/000903/files/42197_ruby_48062.zip	37
042202	小春	国木田	独歩	新字新仮名	NDC 913	https://www.aozora.gr.jp/cards/000038/files/42202_ruby_48058.zip	145
042203	鹿狩り	国木田	独歩	新字新仮名	NDC 913	https://www.aozora.gr.jp/cards/000038/files/42203_ruby_48059.zip	62
042208	まぼろし	国木田	独歩	新字新仮名	NDC 913	https://www.aozora.gr.jp/cards/000038/files/42208_ruby_48060.zip	53
042210	わかれ	国木田	独歩	新字新仮名	NDC 913	https://www.aozora.gr.jp/cards/000038/files/42210_ruby_48061.zip	10
042215	鎌倉時代の布教と当時の交通	原	勝郎	旧字旧仮名	NDC 182 210	https://www.aozora.gr.jp/cards/001037/files/42215_txt_17080.zip	0
042217	死せる魂	ゴーゴリ	ニコライ	新字新仮名	NDC 983	https://www.aozora.gr.jp/cards/000207/files/42217_ruby_59963.zip	353
042225	「一握の砂」序	藪野	椋十	新字旧仮名	NDC 911 914	https://www.aozora.gr.jp/cards/001080/files/42225_ruby_13289.zip	0
042232	新詩発生時代の思ひ出	土井	晩翠	旧字旧仮名	NDC 914 911 902	https://www.aozora.gr.jp/cards/001081/files/42232_ruby_23379.zip	0
042233	天地有情	土井	晩翠	旧字旧仮名	NDC 911	https://www.aozora.gr.jp/cards/001081/files/42233_ruby_37101.zip	0
042242	漱石さんのロンドンにおけるエピソード	土井	晩翠	新字旧仮名	NDC 910	https://www.aozora.gr.jp/cards/001081/files/42242_ruby_16187.zip	0
042248	生みの力	片上	伸	旧字旧仮名	NDC 901	https://www.aozora.gr.jp/cards/000492/files/42248_ruby_48039.zip	0
042251	ドストイェフスキーに就いて	片上	伸	旧字旧仮名	NDC 980	https://www.aozora.gr.jp/cards/000492/files/42251_txt_48040.zip	0
042252	人間の本性	片上	伸	旧字旧仮名	NDC 980	https://www.aozora.gr.jp/cards/000492/files/42252_txt_48041.zip	488
042254	平民の娘	三島	霜川	旧字旧仮名	NDC 913	https://www.aozora.gr.jp/cards/000022/files/42254_ruby_59590.zip	346
042284	狂人日記	ゴーゴリ	ニコライ	旧字旧仮名	NDC 983	https://www.aozora.gr.jp/cards/000207/files/42284_ruby_16271.zip	0
042285	歌時計	水谷	まさる	旧字旧仮名	NDC K911	https://www.aozora.gr.jp/cards/001074/files/42285_ruby_23618.zip	0
042286	カラマゾフの兄弟	ドストエフスキー	フィヨードル・ミハイロヴィチ	新字新仮名	NDC 983	https://www.aozora.gr.jp/cards/000363/files/42286_ruby_36920.zip	63839
042289	六月	相馬	泰三	新字新仮名	NDC 913	https://www.aozora.gr.jp/cards/001082/files/42289_ruby_15591.zip	0
042290	初恋	矢崎	嵯峨の舎	新字新仮名	NDC 913	https://www.aozora.gr.jp/cards/001083/files/42290_ruby_23163.zip	0
042293	ジエィン・エア	十一谷	義三郎	旧字旧仮名	NDC 933 934	https://www.aozora.gr.jp/cards/000601/files/42293_ruby_64231.zip	354
042294	怪奇人造島	寺島	柾史	新字新仮名	NDC K913	https://www.aozora.gr.jp/cards/001084/files/42294_ruby_23548.zip	0
042298	小さな旅	富田	木歩	新字新仮名	NDC 911 914	https://www.aozora.gr.jp/cards/000677/files/42298_txt_23363.zip	0
042307	若草物語	オルコット	ルイーザ・メイ	新字新仮名	NDC K933	https://www.aozora.gr.jp/cards/001090/files/42307_txt_24297.zip	40246
042308	白雪姫	菊池	寛	新字新仮名	NDC K943	https://www.aozora.gr.jp/cards/001091/files/42308_ruby_17800.zip	45064
042309	ラプンツェル	グリム	ヴィルヘルム・カール	新字新仮名	NDC K943	https://www.aozora.gr.jp/cards/001091/files/42309_ruby_17938.zip	42027
042310	ルンペルシュチルツヒェン	楠山	正雄	新字新仮名	NDC K943	https://www.aozora.gr.jp/cards/001091/files/42310_ruby_15800.zip	5614
042311	赤ずきんちゃん	楠山	正雄	新字新仮名	NDC K943	https://www.aozora.gr.jp/cards/001091/files/42311_ruby_15515.zip	33760
042312	おおかみと七ひきのこどもやぎ	楠山	正雄	新字新仮名	NDC K943	https://www.aozora.gr.jp/cards/001091/files/42312_ruby_15514.zip	15159
042313	かえるの王さま	楠山	正雄	新字新仮名	NDC K943	https://www.aozora.gr.jp/cards/001091/files/42313_ruby_15516.zip	14795
042314	ブレーメンの町楽隊	楠山	正雄	新字新仮名	NDC K943	https://www.aozora.gr.jp/cards/001091/files/42314_ruby_15798.zip	20220
042315	ヘンゼルとグレーテル	楠山	正雄	新字新仮名	NDC K943	https://www.aozora.gr.jp/cards/001091/files/42315_ruby_15799.zip	39835
042316	星の銀貨	楠山	正雄	新字新仮名	NDC K943	https://www.aozora.gr.jp/cards/001091/files/42316_ruby_15797.zip	20747
042330	魔王物語	田中	貢太郎	新字新仮名	NDC 913	https://www.aozora.gr.jp/cards/000154/files/42330_ruby_48546.zip	295
042338	盗まれた手紙	佐々木	直次郎	新字新仮名	NDC 933	https://www.aozora.gr.jp/cards/000094/files/42338_ruby_15461.zip	22045
042342	終電車に乗る妖婆	田中	貢太郎	新字新仮名	NDC 913	https://www.aozora.gr.jp/cards/000154/files/42342_txt_49964.zip	243
042344	南方	田畑	修一郎	旧字旧仮名	NDC 913	https://www.aozora.gr.jp/cards/000273/files/42344_ruby_15715.zip	0
042347	静物	十一谷	義三郎	新字旧仮名	NDC 913	https://www.aozora.gr.jp/cards/000601/files/42347_ruby_23608.zip	0
042349	武蔵野	山田	美妙	新字新仮名	NDC 913	https://www.aozora.gr.jp/cards/000843/files/42349_ruby_23258.zip	73
042378	赤いくつ	アンデルセン	ハンス・クリスチャン	新字新仮名	NDC K949	https://www.aozora.gr.jp/cards/000019/files/42378_ruby_18383.zip	46660
042383	人魚のひいさま	アンデルセン	ハンス・クリスチャン	新字新仮名	NDC K949	https://www.aozora.gr.jp/cards/000019/files/42383_ruby_19889.zip	9817
042386	醜い家鴨の子	アンデルセン	ハンス・クリスチャン	新字新仮名	NDC K949	https://www.aozora.gr.jp/cards/000019/files/42386_ruby_20867.zip	6312
042387	雪の女王	アンデルセン	ハンス・クリスチャン	新字新仮名	NDC K949	https://www.aozora.gr.jp/cards/000019/files/42387_ruby_20531.zip	38476
042389	蠱惑	豊島	与志雄	新字新仮名	NDC 913	https://www.aozora.gr.jp/cards/000906/files/42389_ruby_21013.zip	0
042390	恩人	豊島	与志雄	新字新仮名	NDC 913	https://www.aozora.gr.jp/cards/000906/files/42390_ruby_32945.zip	0
042590	ジャン・クリストフ	豊島	与志雄	新字新仮名	NDC 953	https://www.aozora.gr.jp/cards/001093/files/42590_ruby_29004.zip	65
042600	レ・ミゼラブル	豊島	与志雄	新字新仮名	NDC 953	https://www.aozora.gr.jp/cards/001094/files/42600_ruby_25027.zip	47168
042601	レ・ミゼラブル	豊島	与志雄	新字新仮名	NDC 953	https://www.aozora.gr.jp/cards/001094/files/42601_ruby_25139.zip	19183
042602	レ・ミゼラブル	豊島	与志雄	新字新仮名	NDC 953	https://www.aozora.gr.jp/cards/001094/files/42602_ruby_22473.zip	14038
042603	レ・ミゼラブル	豊島	与志雄	新字新仮名	NDC 953	https://www.aozora.gr.jp/cards/001094/files/42603_ruby_26028.zip	13550
042604	レ・ミゼラブル	豊島	与志雄	新字新仮名	NDC 953	https://www.aozora.gr.jp/cards/001094/files/42604_ruby_26172.zip	15495
042606	レ・ミゼラブル	豊島	与志雄	新字新仮名	NDC 954 953	https://www.aozora.gr.jp/cards/001094/files/42606_ruby_25024.zip	36598
042610	死刑囚最後の日	豊島	与志雄	新字新仮名	NDC 953	https://www.aozora.gr.jp/cards/001094/files/42610_ruby_30732.zip	10092
042614	夜長姫と耳男	坂口	安吾	新字新仮名	NDC 913	https://www.aozora.gr.jp/cards/001095/files/42614_ruby_21833.zip	10185
042618	桜の森の満開の下	坂口	安吾	新字新仮名	NDC 913	https://www.aozora.gr.jp/cards/001095/files/42618_ruby_21052.zip	58633
042620	堕落論	坂口	安吾	新字新仮名	NDC 914	https://www.aozora.gr.jp/cards/001095/files/42620_ruby_21051.zip	63894
042621	白痴	坂口	安吾	新字新仮名	NDC 913	https://www.aozora.gr.jp/cards/001095/files/42621_ruby_21262.zip	50752
042626	不連続殺人事件	坂口	安吾	新字新仮名	NDC 913	https://www.aozora.gr.jp/cards/001095/files/42626_ruby_59990.zip	7656
042686	大師の時代	榊	亮三郎	旧字旧仮名	NDC 188	https://www.aozora.gr.jp/cards/001096/files/42686_ruby_29726.zip	0
042687	後の業平文治	三遊亭	円朝	新字新仮名	NDC 779 913	https://www.aozora.gr.jp/cards/000989/files/42687_ruby_14322.zip	0
042692	次郎物語	下村	湖人	新字新仮名	NDC 913	https://www.aozora.gr.jp/cards/001097/files/42692_ruby_21001.zip	4928
042752	時と永遠	波多野	精一	旧字旧仮名	NDC 161	https://www.aozora.gr.jp/cards/001011/files/42752_ruby_24662.zip	0
042753	読書子に寄す	岩波	茂雄	新字新仮名	NDC 914	https://www.aozora.gr.jp/cards/001119/files/42753_txt_14493.zip	0
042754	風は草木にささやいた	山村	暮鳥	旧字旧仮名	NDC 911	https://www.aozora.gr.jp/cards/000136/files/42754_ruby_34852.zip	0
042755	雲	山村	暮鳥	旧字旧仮名	NDC 911	https://www.aozora.gr.jp/cards/000136/files/42755_ruby_34854.zip	0
042756	四十八人目	森田	草平	新字新仮名	NDC 913	https://www.aozora.gr.jp/cards/000826/files/42756_ruby_24294.zip	0
042757	虹猫と木精	ファイルマン	ローズ	新字旧仮名	NDC K913	https://www.aozora.gr.jp/cards/000809/files/42757_ruby_15095.zip	0
042758	虹猫の大女退治	ファイルマン	ローズ	新字旧仮名	NDC K913	https://www.aozora.gr.jp/cards/000809/files/42758_ruby_15096.zip	0
042759	虹猫の話	ファイルマン	ローズ	新字旧仮名	NDC K913	https://www.aozora.gr.jp/cards/000809/files/42759_ruby_15097.zip	0
042761	子良の昇天	宮原	晃一郎	新字旧仮名	NDC K913	https://www.aozora.gr.jp/cards/000809/files/42761_ruby_16132.zip	0
042762	漁師の冒険	宮原	晃一郎	新字旧仮名	NDC K913	https://www.aozora.gr.jp/cards/000809/files/42762_ruby_16131.zip	0
042763	ラマ塔の秘密	宮原	晃一郎	新字旧仮名	NDC K913	https://www.aozora.gr.jp/cards/000809/files/42763_ruby_16130.zip	0
042765	鉱毒飛沫	木下	尚江	新字旧仮名	NDC 312 368 071 561	https://www.aozora.gr.jp/cards/000525/files/42765_ruby_22803.zip	0
042766	政治の破産者・田中正造	木下	尚江	新字旧仮名	NDC 289 561	https://www.aozora.gr.jp/cards/000525/files/42766_ruby_22804.zip	0
042767	無人島に生きる十六人	須川	邦彦	新字新仮名	NDC K290	https://www.aozora.gr.jp/cards/001120/files/42767_ruby_15339.zip	802
042773	ロミオとヂュリエット	シェークスピア	ウィリアム	旧字旧仮名	NDC 932	https://www.aozora.gr.jp/cards/000264/files/42773_ruby_38390.zip	55829
042789	ジエィン・エア	十一谷	義三郎	旧字旧仮名	NDC 933	https://www.aozora.gr.jp/cards/001111/files/42789_ruby_64055.zip	539
042809	探偵小説アルセーヌ・ルパン	婦人文化研究会		新字新仮名	NDC K953	https://www.aozora.gr.jp/cards/001121/files/42809_ruby_15919.zip	33948
042840	不良少年とキリスト	坂口	安吾	新字新仮名	NDC 914	https://www.aozora.gr.jp/cards/001095/files/42840_ruby_24856.zip	3470
042877	青鬼の褌を洗う女	坂口	安吾	新字新仮名	NDC 913	https://www.aozora.gr.jp/cards/001095/files/42877_ruby_27472.zip	5387
042894	女体	坂口	安吾	新字旧仮名	NDC 913	https://www.aozora.gr.jp/cards/001095/files/42894_ruby_35136.zip	3221
042923	論語物語	下村	湖人	新字新仮名	NDC 123	https://www.aozora.gr.jp/cards/001097/files/42923_ruby_58715.zip	1417
042924	家なき子	楠山	正雄	新字新仮名	NDC K953	https://www.aozora.gr.jp/cards/001047/files/42924_ruby_15479.zip	188
042925	家なき子	楠山	正雄	新字新仮名	NDC K953	https://www.aozora.gr.jp/cards/001047/files/42925_ruby_15480.zip	77
042926	葬られたる秘密	小泉	八雲	新字新仮名	NDC 933	https://www.aozora.gr.jp/cards/000258/files/42926_ruby_14899.zip	35323
042927	耳無芳一の話	小泉	八雲	新字新仮名	NDC 933	https://www.aozora.gr.jp/cards/000258/files/42927_ruby_15422.zip	45645
042928	貉	小泉	八雲	新字新仮名	NDC 933	https://www.aozora.gr.jp/cards/000258/files/42928_ruby_14900.zip	27210
042929	白銀の失踪	ドイル	アーサー・コナン	新字新仮名	NDC K933	https://www.aozora.gr.jp/cards/000009/files/42929_ruby_15737.zip	25238
042930	秘密の庭	チェスタートン	ギルバート・キース	新字新仮名	NDC 933	https://www.aozora.gr.jp/cards/001123/files/42930_ruby_35455.zip	0
042931	見えざる人	チェスタートン	ギルバート・キース	新字新仮名	NDC 933	https://www.aozora.gr.jp/cards/001123/files/42931_ruby_35456.zip	0
042932	青玉の十字架	チェスタートン	ギルバート・キース	新字新仮名	NDC 933	https://www.aozora.gr.jp/cards/001123/files/42932_ruby_35454.zip	0
042933	「吶喊」原序	井上	紅梅	新字新仮名	NDC 923 924	https://www.aozora.gr.jp/cards/001124/files/42933_ruby_31025.zip	0
042934	阿Ｑ正伝	井上	紅梅	新字新仮名	NDC 923	https://www.aozora.gr.jp/cards/001124/files/42934_ruby_16367.zip	58919
042935	明日	井上	紅梅	新字新仮名	NDC 923	https://www.aozora.gr.jp/cards/001124/files/42935_ruby_14898.zip	0
042936	狂人日記	井上	紅梅	新字新仮名	NDC 923	https://www.aozora.gr.jp/cards/001124/files/42936_ruby_15983.zip	36498
042937	薬	井上	紅梅	新字新仮名	NDC 923	https://www.aozora.gr.jp/cards/001124/files/42937_ruby_15449.zip	0
042938	孔乙己	井上	紅梅	新字新仮名	NDC 923	https://www.aozora.gr.jp/cards/001124/files/42938_ruby_18431.zip	0
042939	故郷	井上	紅梅	新字新仮名	NDC 923	https://www.aozora.gr.jp/cards/001124/files/42939_ruby_14897.zip	26045
042940	作男・ゴーの名誉	チェスタートン	ギルバート・キース	新字新仮名	NDC 933	https://www.aozora.gr.jp/cards/001123/files/42940_ruby_15736.zip	0
042941	イワンの馬鹿	菊池	寛	新字新仮名	NDC K983	https://www.aozora.gr.jp/cards/000361/files/42941_ruby_15614.zip	51090
043005	旧作	上村	松園	新字新仮名	NDC 721	https://www.aozora.gr.jp/cards/000355/files/43005_ruby_15473.zip	0
043006	九龍虫	上村	松園	新字新仮名	NDC 721	https://www.aozora.gr.jp/cards/000355/files/43006_txt_15474.zip	0
043007	砂書きの老人	上村	松園	新字新仮名	NDC 721	https://www.aozora.gr.jp/cards/000355/files/43007_txt_15475.zip	0
043008	眉の記	上村	松園	新字新仮名	NDC 721	https://www.aozora.gr.jp/cards/000355/files/43008_ruby_15476.zip	0
043009	無題抄	上村	松園	新字新仮名	NDC 721	https://www.aozora.gr.jp/cards/000355/files/43009_ruby_15477.zip	0
043010	友人	上村	松園	新字新仮名	NDC 721	https://www.aozora.gr.jp/cards/000355/files/43010_ruby_15478.zip	0
043011	科学的の神秘	宮原	晃一郎	旧字旧仮名	NDC 949	https://www.aozora.gr.jp/cards/000809/files/43011_txt_29585.zip	0
043012	イプセンの日本語訳	宮原	晃一郎	旧字旧仮名	NDC 949	https://www.aozora.gr.jp/cards/000809/files/43012_txt_29584.zip	0
043013	スカンヂナヴィア文学概観	宮原	晃一郎	旧字旧仮名	NDC 949	https://www.aozora.gr.jp/cards/000809/files/43013_ruby_29586.zip	0
043014	アグニの神	芥川	竜之介	新字新仮名	NDC K913	https://www.aozora.gr.jp/cards/000879/files/43014_ruby_17392.zip	41185
043015	杜子春	芥川	竜之介	新字新仮名	NDC K913	https://www.aozora.gr.jp/cards/000879/files/43015_ruby_17393.zip	51087
043016	トロッコ	芥川	竜之介	新字新仮名	NDC K913	https://www.aozora.gr.jp/cards/000879/files/43016_ruby_16663.zip	50943
043018	サレーダイン公爵の罪業	チェスタートン	ギルバート・キース	新字新仮名	NDC 933	https://www.aozora.gr.jp/cards/001123/files/43018_ruby_15735.zip	0
043019	些細な事件	井上	紅梅	新字新仮名	NDC 923	https://www.aozora.gr.jp/cards/001124/files/43019_ruby_31029.zip	0
043020	端午節	井上	紅梅	新字新仮名	NDC 923	https://www.aozora.gr.jp/cards/001124/files/43020_ruby_15512.zip	0
043021	頭髪の故事	井上	紅梅	新字新仮名	NDC 923	https://www.aozora.gr.jp/cards/001124/files/43021_ruby_31027.zip	0
043022	風波	井上	紅梅	新字新仮名	NDC 923	https://www.aozora.gr.jp/cards/001124/files/43022_ruby_35452.zip	0
043023	哲学入門	三木	清	新字新仮名	NDC 100 121	https://www.aozora.gr.jp/cards/000218/files/43023_ruby_26531.zip	4455
043025	佐野だより	木下	尚江	旧字旧仮名	NDC 312 368 071 561	https://www.aozora.gr.jp/cards/000525/files/43025_ruby_23489.zip	0
043026	雪中の日光より	木下	尚江	旧字旧仮名	NDC 312 368 071 561	https://www.aozora.gr.jp/cards/000525/files/43026_ruby_23490.zip	0
043027	臨終の田中正造	木下	尚江	新字旧仮名	NDC 312 368 289 561	https://www.aozora.gr.jp/cards/000525/files/43027_ruby_23511.zip	0
043028	黄色な顔	ドイル	アーサー・コナン	新字新仮名	NDC K933	https://www.aozora.gr.jp/cards/000009/files/43028_ruby_15448.zip	26936
043029	女大学評論	福沢	諭吉	新字新仮名	NDC 159	https://www.aozora.gr.jp/cards/000296/files/43029_ruby_23223.zip	0
043032	支那研究に就て	狩野	直喜	旧字旧仮名	NDC 222	https://www.aozora.gr.jp/cards/001127/files/43032_txt_23362.zip	0
043037	あたらしい憲法のはなし	文部省		旧字新仮名	NDC 323	https://www.aozora.gr.jp/cards/001128/files/43037_txt_15619.zip	23230
043056	臨時急行列車の紛失	新青年編輯局		新字新仮名	NDC 933	https://www.aozora.gr.jp/cards/000009/files/43056_ruby_16830.zip	34844
043067	大菩薩峠芝居話	平山	蘆江	旧字旧仮名	NDC 772 914	https://www.aozora.gr.jp/cards/001132/files/43067_txt_15783.zip	0
043068	中里介山の『大菩薩峠』	三田村	鳶魚	新字新仮名	NDC 910	https://www.aozora.gr.jp/cards/001133/files/43068_ruby_23863.zip	0
043072	話に聞いた近藤勇	三田村	鳶魚	新字新仮名	NDC 289	https://www.aozora.gr.jp/cards/001133/files/43072_ruby_23343.zip	0
043073	大衆維新史読本	菊池	寛	新字旧仮名	NDC 210	https://www.aozora.gr.jp/cards/000083/files/43073_ruby_23340.zip	1168
043074	アインシュタイン	寺田	寅彦	新字新仮名	NDC 289	https://www.aozora.gr.jp/cards/000042/files/43074_ruby_23752.zip	20187
043075	アインシュタインの教育観	寺田	寅彦	新字新仮名	NDC 289	https://www.aozora.gr.jp/cards/000042/files/43075_ruby_17112.zip	4978
043093	ヴェルダン	野上	豊一郎	新字新仮名	NDC 293 915	https://www.aozora.gr.jp/cards/000963/files/43093_ruby_18200.zip	0
043094	エトナ	野上	豊一郎	新字新仮名	NDC 293 915	https://www.aozora.gr.jp/cards/000963/files/43094_ruby_18201.zip	0
043095	シェイクスピアの郷里	野上	豊一郎	新字新仮名	NDC 293 915 932	https://www.aozora.gr.jp/cards/000963/files/43095_ruby_17715.zip	0
043096	処女の木とアブ・サルガ	野上	豊一郎	新字新仮名	NDC 294 915	https://www.aozora.gr.jp/cards/000963/files/43096_ruby_17714.zip	0
043097	西洋見学「はしがき」	野上	豊一郎	旧字旧仮名	NDC 293 915	https://www.aozora.gr.jp/cards/000963/files/43097_txt_24105.zip	0
043098	闘牛	野上	豊一郎	新字新仮名	NDC 293 788 915	https://www.aozora.gr.jp/cards/000963/files/43098_ruby_17727.zip	0
043099	七重文化の都市	野上	豊一郎	新字新仮名	NDC 294 915	https://www.aozora.gr.jp/cards/000963/files/43099_ruby_17726.zip	0
043100	パラティーノ	野上	豊一郎	新字新仮名	NDC 293 915	https://www.aozora.gr.jp/cards/000963/files/43100_ruby_23651.zip	0
043101	パリの地下牢	野上	豊一郎	新字新仮名	NDC 293 915	https://www.aozora.gr.jp/cards/000963/files/43101_ruby_23650.zip	0
043102	パルテノン	野上	豊一郎	新字新仮名	NDC 293 915	https://www.aozora.gr.jp/cards/000963/files/43102_ruby_31948.zip	0
043103	吹雪のユンクフラウ	野上	豊一郎	新字新仮名	NDC 293 915	https://www.aozora.gr.jp/cards/000963/files/43103_ruby_18215.zip	0
043104	レンブラントの国	野上	豊一郎	新字新仮名	NDC 293 915	https://www.aozora.gr.jp/cards/000963/files/43104_ruby_18216.zip	0
043105	梅龍の話	小山内	薫	旧字旧仮名	NDC 913	https://www.aozora.gr.jp/cards/000479/files/43105_ruby_23359.zip	0
043107	「雨の降る日は天気が悪い」序	土井	晩翠	旧字旧仮名	NDC 914	https://www.aozora.gr.jp/cards/001081/files/43107_ruby_23253.zip	0
043115	野口英世博士の生家を訪ひて	土井	晩翠	旧字旧仮名	NDC 914	https://www.aozora.gr.jp/cards/001081/files/43115_txt_23252.zip	0
043116	晩翠放談「自序」	土井	晩翠	旧字旧仮名	NDC 914	https://www.aozora.gr.jp/cards/001081/files/43116_txt_24107.zip	0
043117	青ひげ	楠山	正雄	新字新仮名	NDC K953	https://www.aozora.gr.jp/cards/001134/files/43117_ruby_20837.zip	6347
043118	猫吉親方	楠山	正雄	新字新仮名	NDC K953	https://www.aozora.gr.jp/cards/001134/files/43118_ruby_20866.zip	83
043119	眠る森のお姫さま	楠山	正雄	新字新仮名	NDC K953	https://www.aozora.gr.jp/cards/001134/files/43119_ruby_20840.zip	763
043122	アラビヤンナイト	菊池	寛	新字新仮名	NDC K929	https://www.aozora.gr.jp/cards/000083/files/43122_ruby_16689.zip	11228
043123	アラビヤンナイト	菊池	寛	新字新仮名	NDC K929	https://www.aozora.gr.jp/cards/000083/files/43123_ruby_16690.zip	1183
043126	演出	野上	豊一郎	新字旧仮名	NDC 773 914	https://www.aozora.gr.jp/cards/000963/files/43126_ruby_24117.zip	0
043127	『出家とその弟子』の追憶	倉田	百三	新字新仮名	NDC 914	https://www.aozora.gr.jp/cards/000256/files/43127_txt_17184.zip	0
043128	愛の問題（夫婦愛）	倉田	百三	新字新仮名	NDC 367	https://www.aozora.gr.jp/cards/000256/files/43128_ruby_17264.zip	0
043129	学生と教養	倉田	百三	新字新仮名	NDC 150	https://www.aozora.gr.jp/cards/000256/files/43129_ruby_19299.zip	0
043130	学生と生活	倉田	百三	新字新仮名	NDC 152	https://www.aozora.gr.jp/cards/000256/files/43130_ruby_19324.zip	0
043131	学生と先哲	倉田	百三	新字新仮名	NDC 188	https://www.aozora.gr.jp/cards/000256/files/43131_ruby_20987.zip	0
043132	学生と読書	倉田	百三	新字新仮名	NDC 019	https://www.aozora.gr.jp/cards/000256/files/43132_ruby_18798.zip	0
043133	女性の諸問題	倉田	百三	新字新仮名	NDC 367	https://www.aozora.gr.jp/cards/000256/files/43133_ruby_17892.zip	0
043134	人生における離合について	倉田	百三	新字新仮名	NDC 367	https://www.aozora.gr.jp/cards/000256/files/43134_ruby_17294.zip	0
043135	婦人と職業	倉田	百三	新字新仮名	NDC 366 367	https://www.aozora.gr.jp/cards/000256/files/43135_ruby_17186.zip	0
043138	織田信長	坂口	安吾	新字新仮名	NDC 913	https://www.aozora.gr.jp/cards/001095/files/43138_ruby_22181.zip	20114
043203	明治開化　安吾捕物	坂口	安吾	新字新仮名	NDC 913 914	https://www.aozora.gr.jp/cards/001095/files/43203_txt_21548.zip	3879
043204	明治開化　安吾捕物	坂口	安吾	新字新仮名	NDC 913	https://www.aozora.gr.jp/cards/001095/files/43204_ruby_21962.zip	4672
043205	明治開化　安吾捕物	坂口	安吾	新字新仮名	NDC 913	https://www.aozora.gr.jp/cards/001095/files/43205_ruby_23201.zip	1798
043206	明治開化　安吾捕物	坂口	安吾	新字新仮名	NDC 913	https://www.aozora.gr.jp/cards/001095/files/43206_ruby_23202.zip	1338
043207	明治開化　安吾捕物	坂口	安吾	新字新仮名	NDC 913	https://www.aozora.gr.jp/cards/001095/files/43207_ruby_23203.zip	1260
043226	桂離宮	野上	豊一郎	旧字旧仮名	NDC 521 914	https://www.aozora.gr.jp/cards/000963/files/43226_ruby_24137.zip	0
043238	幸徳秋水と僕	木下	尚江	新字旧仮名	NDC 312 914	https://www.aozora.gr.jp/cards/000525/files/43238_ruby_24025.zip	0
043239	自由の使徒・島田三郎	木下	尚江	新字旧仮名	NDC 289	https://www.aozora.gr.jp/cards/000525/files/43239_ruby_24026.zip	0
043240	大野人	木下	尚江	新字旧仮名	NDC 312 368 561	https://www.aozora.gr.jp/cards/000525/files/43240_ruby_24027.zip	0
043241	鉄窓の歌	木下	尚江	新字旧仮名	NDC 312 911	https://www.aozora.gr.jp/cards/000525/files/43241_txt_24028.zip	0
043242	役人学三則	末弘	厳太郎	新字新仮名	NDC 320	https://www.aozora.gr.jp/cards/000922/files/43242_txt_17309.zip	0
043257	徒然草の鑑賞	寺田	寅彦	新字新仮名	NDC 901	https://www.aozora.gr.jp/cards/000042/files/43257_ruby_17008.zip	930
043268	エマヌエル・カント『自然哲学原理』解説	戸坂	潤	新字新仮名	NDC 134	https://www.aozora.gr.jp/cards/000281/files/43268_txt_53318.zip	191
043273	「二銭銅貨」を読む	小酒井	不木	新字新仮名	NDC 914	https://www.aozora.gr.jp/cards/000262/files/43273_ruby_16696.zip	0
043276	妾の半生涯	福田	英子	新字新仮名	NDC 289	https://www.aozora.gr.jp/cards/000057/files/43276_ruby_16767.zip	0
043289	五重塔	幸田	露伴	新字旧仮名	NDC 913	https://www.aozora.gr.jp/cards/000051/files/43289_ruby_16762.zip	4766
043291	省察	デカルト	ルネ	新字新仮名	NDC 135	https://www.aozora.gr.jp/cards/001029/files/43291_ruby_20925.zip	10214
043297	武州公秘話	正宗	白鳥	新字新仮名	NDC 913 914	https://www.aozora.gr.jp/cards/001581/files/43297_ruby_60004.zip	263
043403	デンデンムシノ　カナシミ	新美	南吉	旧字旧仮名	NDC K913	https://www.aozora.gr.jp/cards/000121/files/43403_txt_16811.zip	1255
043411	兎と猫	井上	紅梅	新字新仮名	NDC 923	https://www.aozora.gr.jp/cards/001124/files/43411_ruby_31028.zip	0
043412	鴨の喜劇	井上	紅梅	新字新仮名	NDC 923	https://www.aozora.gr.jp/cards/001124/files/43412_ruby_26842.zip	0
043413	白光	井上	紅梅	新字新仮名	NDC 923	https://www.aozora.gr.jp/cards/001124/files/43413_ruby_22450.zip	0
043414	不周山	井上	紅梅	新字新仮名	NDC 923	https://www.aozora.gr.jp/cards/001124/files/43414_ruby_26843.zip	0
043415	村芝居	井上	紅梅	新字新仮名	NDC 923	https://www.aozora.gr.jp/cards/001124/files/43415_ruby_16368.zip	0
043417	私の竜之助感	沢田	正二郎	旧字旧仮名	NDC 914	https://www.aozora.gr.jp/cards/001141/files/43417_txt_15905.zip	0
043418	絶景万国博覧会	小栗	虫太郎	新字新仮名	NDC 913	https://www.aozora.gr.jp/cards/000125/files/43418_ruby_16703.zip	0
043420	血液型殺人事件	甲賀	三郎	新字新仮名	NDC 913	https://www.aozora.gr.jp/cards/000260/files/43420_ruby_16757.zip	0
043421	両面競牡丹	酒井	嘉七	新字新仮名	NDC 913	https://www.aozora.gr.jp/cards/001142/files/43421_ruby_21643.zip	0
043422	陳情書	西尾	正	新字新仮名	NDC 913	https://www.aozora.gr.jp/cards/001143/files/43422_ruby_23689.zip	0
043425	足の裏	蘭	郁二郎	新字新仮名	NDC 913	https://www.aozora.gr.jp/cards/000325/files/43425_ruby_24858.zip	0
043426	穴	蘭	郁二郎	新字新仮名	NDC 913	https://www.aozora.gr.jp/cards/000325/files/43426_ruby_24859.zip	80
043427	息を止める男	蘭	郁二郎	新字新仮名	NDC 913	https://www.aozora.gr.jp/cards/000325/files/43427_ruby_24860.zip	0
043428	腐った蜉蝣	蘭	郁二郎	新字新仮名	NDC 913	https://www.aozora.gr.jp/cards/000325/files/43428_ruby_24861.zip	0
043429	幻聴	蘭	郁二郎	新字新仮名	NDC 913	https://www.aozora.gr.jp/cards/000325/files/43429_ruby_24862.zip	0
043430	孤独	蘭	郁二郎	新字新仮名	NDC 913	https://www.aozora.gr.jp/cards/000325/files/43430_ruby_24863.zip	0
043431	舌打する	蘭	郁二郎	新字新仮名	NDC 913	https://www.aozora.gr.jp/cards/000325/files/43431_ruby_24865.zip	0
043440	国民と思想	北村	透谷	新字旧仮名	NDC 121 914	https://www.aozora.gr.jp/cards/000157/files/43440_ruby_16668.zip	0
043441	実行的道徳	北村	透谷	新字旧仮名	NDC 191	https://www.aozora.gr.jp/cards/000157/files/43441_ruby_16667.zip	0
043442	徳川氏時代の平民的理想	北村	透谷	新字旧仮名	NDC 914	https://www.aozora.gr.jp/cards/000157/files/43442_ruby_16665.zip	0
043443	内部生命論	北村	透谷	新字旧仮名	NDC 914	https://www.aozora.gr.jp/cards/000157/files/43443_ruby_16666.zip	0
043444	復讐・戦争・自殺	北村	透谷	新字旧仮名	NDC 914	https://www.aozora.gr.jp/cards/000157/files/43444_ruby_16664.zip	0
043445	明治文学管見	北村	透谷	新字旧仮名	NDC 910	https://www.aozora.gr.jp/cards/000157/files/43445_ruby_17616.zip	0
043448	英雄論	山路	愛山	新字旧仮名	NDC 310	https://www.aozora.gr.jp/cards/000837/files/43448_ruby_23346.zip	0
043449	北村透谷君	山路	愛山	新字旧仮名	NDC 914	https://www.aozora.gr.jp/cards/000837/files/43449_ruby_22395.zip	0
043450	信仰個条なかるべからず	山路	愛山	新字旧仮名	NDC 190	https://www.aozora.gr.jp/cards/000837/files/43450_ruby_23350.zip	0
043451	透谷全集を読む	山路	愛山	新字旧仮名	NDC 914	https://www.aozora.gr.jp/cards/000837/files/43451_ruby_22396.zip	0
043452	明治文学史	山路	愛山	新字旧仮名	NDC 910	https://www.aozora.gr.jp/cards/000837/files/43452_ruby_23348.zip	0
043453	支那近世の国粋主義	狩野	直喜	旧字旧仮名	NDC 222	https://www.aozora.gr.jp/cards/001127/files/43453_ruby_23962.zip	0
043454	山庵雑記	北村	透谷	新字旧仮名	NDC 914	https://www.aozora.gr.jp/cards/000157/files/43454_ruby_17615.zip	0
043455	人生に相渉るとは何の謂ぞ	北村	透谷	新字旧仮名	NDC 914	https://www.aozora.gr.jp/cards/000157/files/43455_ruby_17614.zip	0
043456	「平和」発行之辞	北村	透谷	新字旧仮名	NDC 914	https://www.aozora.gr.jp/cards/000157/files/43456_ruby_17613.zip	0
043463	生活と一枚の宗教	倉田	百三	新字新仮名	NDC 180	https://www.aozora.gr.jp/cards/000256/files/43463_ruby_49890.zip	0
043465	芸術上の心得	倉田	百三	新字新仮名	NDC 159 917	https://www.aozora.gr.jp/cards/000256/files/43465_ruby_17185.zip	0
043466	高野聖	泉	鏡花	新字旧仮名	NDC 913	https://www.aozora.gr.jp/cards/000050/files/43466_ruby_25777.zip	3408
043471	世界怪談名作集	岡本	綺堂	新字新仮名	NDC 933 908	https://www.aozora.gr.jp/cards/000009/files/43471_ruby_16500.zip	28896
043481	満蒙遊記	与謝野	晶子	新字旧仮名	NDC 911 915	https://www.aozora.gr.jp/cards/000320/files/43481_ruby_60159.zip	338
043482	想断々（１）	北村	透谷	新字旧仮名	NDC 914	https://www.aozora.gr.jp/cards/000157/files/43482_ruby_16180.zip	0
043483	想断々（２）	北村	透谷	新字旧仮名	NDC 914	https://www.aozora.gr.jp/cards/000157/files/43483_ruby_16181.zip	0
043484	頑執妄排の弊	北村	透谷	新字旧仮名	NDC 914	https://www.aozora.gr.jp/cards/000157/files/43484_ruby_16178.zip	0
043490	詩人論	山路	愛山	新字旧仮名	NDC 901	https://www.aozora.gr.jp/cards/000837/files/43490_ruby_23349.zip	0
043491	凡神的唯心的傾向に就て	山路	愛山	新字旧仮名	NDC 914	https://www.aozora.gr.jp/cards/000837/files/43491_ruby_23347.zip	0
043492	唯心的、凡神的傾向に就て（承前）	山路	愛山	新字旧仮名	NDC 914	https://www.aozora.gr.jp/cards/000837/files/43492_ruby_23351.zip	0
043496	金の十字架の呪い	チェスタートン	ギルバート・キース	新字新仮名	NDC 933	https://www.aozora.gr.jp/cards/001123/files/43496_ruby_16369.zip	0
043497	株式仲買店々員	ドイル	アーサー・コナン	新字新仮名	NDC K933	https://www.aozora.gr.jp/cards/000009/files/43497_ruby_16274.zip	24297
043498	グロリア・スコット号	ドイル	アーサー・コナン	新字新仮名	NDC K933	https://www.aozora.gr.jp/cards/000009/files/43498_ruby_16423.zip	28166
043508	磯馴松	清水	紫琴	新字旧仮名	NDC 913	https://www.aozora.gr.jp/cards/001146/files/43508_ruby_16522.zip	0
043509	一青年異様の述懐	清水	紫琴	新字旧仮名	NDC 913	https://www.aozora.gr.jp/cards/001146/files/43509_ruby_16523.zip	0
043510	今様夫婦気質	清水	紫琴	新字旧仮名	NDC 913	https://www.aozora.gr.jp/cards/001146/files/43510_ruby_16524.zip	0
043511	移民学園	清水	紫琴	新字旧仮名	NDC 913	https://www.aozora.gr.jp/cards/001146/files/43511_ruby_16525.zip	0
043512	葛のうら葉	清水	紫琴	新字旧仮名	NDC 913	https://www.aozora.gr.jp/cards/001146/files/43512_ruby_16526.zip	0
043513	心の鬼	清水	紫琴	新字旧仮名	NDC 913	https://www.aozora.gr.jp/cards/001146/files/43513_ruby_16527.zip	0
043514	小むすめ	清水	紫琴	新字旧仮名	NDC 913	https://www.aozora.gr.jp/cards/001146/files/43514_ruby_16528.zip	0
043515	こわれ指環	清水	紫琴	新字旧仮名	NDC 913	https://www.aozora.gr.jp/cards/001146/files/43515_ruby_16529.zip	0
043516	したゆく水	清水	紫琴	新字旧仮名	NDC 913	https://www.aozora.gr.jp/cards/001146/files/43516_ruby_16530.zip	0
043517	誰が罪	清水	紫琴	新字旧仮名	NDC 913	https://www.aozora.gr.jp/cards/001146/files/43517_ruby_16531.zip	0
043518	当世二人娘	清水	紫琴	新字旧仮名	NDC 913	https://www.aozora.gr.jp/cards/001146/files/43518_ruby_16532.zip	0
043519	野路の菊	清水	紫琴	新字旧仮名	NDC 913	https://www.aozora.gr.jp/cards/001146/files/43519_ruby_16533.zip	0
043520	もつれ糸	清水	紫琴	新字旧仮名	NDC 913	https://www.aozora.gr.jp/cards/001146/files/43520_ruby_16534.zip	0
043522	空家の冒険	ドイル	アーサー・コナン	新字新仮名	NDC K933	https://www.aozora.gr.jp/cards/000009/files/43522_ruby_16831.zip	50611
043523	自転車嬢の危難	ドイル	アーサー・コナン	新字新仮名	NDC K933	https://www.aozora.gr.jp/cards/000009/files/43523_ruby_17190.zip	20044
043524	入院患者	ドイル	アーサー・コナン	新字新仮名	NDC K933	https://www.aozora.gr.jp/cards/000009/files/43524_ruby_16422.zip	25373
043526	一商人として 	相馬	愛蔵	新字新仮名	NDC 670	https://www.aozora.gr.jp/cards/001147/files/43526_ruby_20997.zip	0
043527	私の小売商道	相馬	愛蔵	新字新仮名	NDC 673	https://www.aozora.gr.jp/cards/001147/files/43527_ruby_17326.zip	0
043528	ことばのうみのおくがき	大槻	文彦	旧字旧仮名	NDC 813 914	https://www.aozora.gr.jp/cards/000457/files/43528_txt_17117.zip	0
043529	ヴィタミン研究の回顧	鈴木	梅太郎	旧字旧仮名	NDC 499	https://www.aozora.gr.jp/cards/000957/files/43529_txt_16742.zip	0
043537	病牀六尺	正岡	子規	新字旧仮名	NDC 914	https://www.aozora.gr.jp/cards/000305/files/43537_ruby_40743.zip	1196
043540	探偵物語の処女作	黒岩	涙香	新字新仮名	NDC 914	https://www.aozora.gr.jp/cards/000179/files/43540_ruby_16695.zip	0
043541	ドイルを宗とす	甲賀	三郎	新字新仮名	NDC 914	https://www.aozora.gr.jp/cards/000260/files/43541_ruby_16694.zip	0
043550	人口論	マルサス	トマス・ロバート	新字新仮名	NDC 331 334	https://www.aozora.gr.jp/cards/001149/files/43550_ruby_17062.zip	0
043551	人口論	マルサス	トマス・ロバート	新字新仮名	NDC 331 334	https://www.aozora.gr.jp/cards/001149/files/43551_ruby_17188.zip	0
043552	手品師	久米	正雄	新字旧仮名	NDC 913	https://www.aozora.gr.jp/cards/001151/files/43552_ruby_23983.zip	0
043553	良友悪友	久米	正雄	新字旧仮名	NDC 913	https://www.aozora.gr.jp/cards/001151/files/43553_ruby_23982.zip	0
043554	金剛智三蔵と将軍米准那	榊	亮三郎	旧字旧仮名	NDC 188	https://www.aozora.gr.jp/cards/001096/files/43554_ruby_29725.zip	0
043555	頸飾り	辻	潤	新字新仮名	NDC 953	https://www.aozora.gr.jp/cards/000903/files/43555_ruby_70057.zip	0
043571	プランク先生の憶い出	長岡	半太郎	旧字旧仮名	NDC 420 914	https://www.aozora.gr.jp/cards/001153/files/43571_txt_23431.zip	0
043577	百物語	岡本	綺堂	新字新仮名	NDC 913	https://www.aozora.gr.jp/cards/000082/files/43577_ruby_18791.zip	7556
043579	時計とステッキ	岸田	国士	新字旧仮名	NDC 914	https://www.aozora.gr.jp/cards/001154/files/43579_ruby_17329.zip	0
043580	舞台の言葉	岸田	国士	新字旧仮名	NDC 770 914	https://www.aozora.gr.jp/cards/001154/files/43580_ruby_17331.zip	0
043581	方言について	岸田	国士	新字旧仮名	NDC 914	https://www.aozora.gr.jp/cards/001154/files/43581_txt_17343.zip	0
043582	物言う術	岸田	国士	新字旧仮名	NDC 770 914	https://www.aozora.gr.jp/cards/001154/files/43582_ruby_17333.zip	0
043583	朱欒の花のさく頃	杉田	久女	新字新仮名	NDC 914	https://www.aozora.gr.jp/cards/000606/files/43583_ruby_16714.zip	0
043591	大正女流俳句の近代的特色	杉田	久女	新字新仮名	NDC 911	https://www.aozora.gr.jp/cards/000606/files/43591_ruby_16918.zip	0
043592	英彦山に登る	杉田	久女	新字新仮名	NDC 915	https://www.aozora.gr.jp/cards/000606/files/43592_ruby_16917.zip	0
043593	暖地の冬から山国の春へ	岸田	国士	新字旧仮名	NDC 914	https://www.aozora.gr.jp/cards/001154/files/43593_txt_17342.zip	0
043598	桜の園	神西	清	新字新仮名	NDC 982	https://www.aozora.gr.jp/cards/001155/files/43598_ruby_37530.zip	23951
043603	博物誌	岸田	国士	新字新仮名	NDC 954	https://www.aozora.gr.jp/cards/001156/files/43603_ruby_48015.zip	122
043605	愛人と厭人	宮原	晃一郎	新字旧仮名	NDC 914	https://www.aozora.gr.jp/cards/000809/files/43605_ruby_29583.zip	0
043606	自殺を買う話	橋本	五郎	新字新仮名	NDC 913	https://www.aozora.gr.jp/cards/000900/files/43606_ruby_17004.zip	718
043607	頭と足	平林	初之輔	新字新仮名	NDC 913	https://www.aozora.gr.jp/cards/000221/files/43607_ruby_17005.zip	0
043608	獅子は死せるに非ず	小栗	虫太郎	新字新仮名	NDC 914	https://www.aozora.gr.jp/cards/000125/files/43608_ruby_16999.zip	0
043609	段梯子の恐怖	小酒井	不木	新字新仮名	NDC 913	https://www.aozora.gr.jp/cards/000262/files/43609_ruby_17000.zip	0
043615	鷲の巣	ビョルンソン	ビョルンステェルネ	旧字旧仮名	NDC 949	https://www.aozora.gr.jp/cards/001158/files/43615_ruby_29587.zip	0
043620	方子と末起	小栗	虫太郎	新字新仮名	NDC 913	https://www.aozora.gr.jp/cards/000125/files/43620_ruby_16749.zip	0
043623	「味の素」発明の動機	池田	菊苗	新字旧仮名	NDC 588	https://www.aozora.gr.jp/cards/001160/files/43623_txt_16740.zip	0
043624	明治人物月旦（抄）	鳥谷部	春汀	旧字旧仮名	NDC 281	https://www.aozora.gr.jp/cards/001161/files/43624_ruby_28995.zip	0
043634	人柱の話	南方	熊楠	旧字旧仮名	NDC 384	https://www.aozora.gr.jp/cards/000093/files/43634_txt_35018.zip	4692
043635	「ファン」について	伊丹	万作	新字新仮名	NDC 778	https://www.aozora.gr.jp/cards/000231/files/43635_txt_25992.zip	0
043636	映画と音楽	伊丹	万作	新字新仮名	NDC 778 914	https://www.aozora.gr.jp/cards/000231/files/43636_txt_27452.zip	0
043637	余裕のことなど	伊丹	万作	新字新仮名	NDC 914	https://www.aozora.gr.jp/cards/000231/files/43637_ruby_27458.zip	0
043638	わが妻の記	伊丹	万作	新字新仮名	NDC 914	https://www.aozora.gr.jp/cards/000231/files/43638_txt_27457.zip	0
043639	私の活動写真傍観史	伊丹	万作	新字新仮名	NDC 778	https://www.aozora.gr.jp/cards/000231/files/43639_ruby_40640.zip	0
043640	カタカナニツイテ	伊丹	万作	新字新仮名	NDC 811	https://www.aozora.gr.jp/cards/000231/files/43640_txt_25990.zip	0
043641	カメラに関する覚え書	伊丹	万作	新字新仮名	NDC 778	https://www.aozora.gr.jp/cards/000231/files/43641_txt_25991.zip	0
043642	ルネ・クレール私見	伊丹	万作	新字新仮名	NDC 778 914	https://www.aozora.gr.jp/cards/000231/files/43642_txt_27455.zip	0
043643	物理学革新の一つの尖端	長岡	半太郎	旧字旧仮名	NDC 421 914	https://www.aozora.gr.jp/cards/001153/files/43643_ruby_23430.zip	0
043644	犬を連れた奥さん	神西	清	新字新仮名	NDC 983	https://www.aozora.gr.jp/cards/001155/files/43644_ruby_29258.zip	0
043645	可愛い女	神西	清	新字新仮名	NDC 983	https://www.aozora.gr.jp/cards/001155/files/43645_ruby_29266.zip	0
043646	雪の宿り	神西	清	新字新仮名	NDC 913	https://www.aozora.gr.jp/cards/001157/files/43646_ruby_29127.zip	0
043647	イオーヌィチ	神西	清	新字新仮名	NDC 983	https://www.aozora.gr.jp/cards/001155/files/43647_ruby_29260.zip	0
043648	ヤトラカン・サミ博士の椅子	牧	逸馬	新字新仮名	NDC 913	https://www.aozora.gr.jp/cards/000304/files/43648_ruby_27995.zip	0
043651	狂女	秋田	滋	新字新仮名	NDC 953	https://www.aozora.gr.jp/cards/000903/files/43651_ruby_17720.zip	61
043652	墓	秋田	滋	新字新仮名	NDC 953	https://www.aozora.gr.jp/cards/000903/files/43652_ruby_17721.zip	0
043654	アブセンス・オブ・マインド	西田	幾多郎	新字新仮名	NDC 121	https://www.aozora.gr.jp/cards/000182/files/43654_ruby_21728.zip	0
043655	或教授の退職の辞	西田	幾多郎	新字新仮名	NDC 121	https://www.aozora.gr.jp/cards/000182/files/43655_ruby_21729.zip	0
043657	NIELS BOHR	仁科	芳雄	旧字旧仮名	NDC 289 420	https://www.aozora.gr.jp/cards/001163/files/43657_txt_30076.zip	0
043658	大阪といふところ	長岡	半太郎	旧字旧仮名	NDC 914	https://www.aozora.gr.jp/cards/001153/files/43658_txt_23429.zip	0
043669	黄金の腕環	押川	春浪	新字新仮名	NDC K913	https://www.aozora.gr.jp/cards/000077/files/43669_ruby_19281.zip	0
043670	経済学及び課税の諸原理	吉田	秀夫	新字新仮名	NDC 331	https://www.aozora.gr.jp/cards/001164/files/43670_ruby_18588.zip	0
043672	婚姻の媒酌	榊	亮三郎	旧字旧仮名	NDC 385	https://www.aozora.gr.jp/cards/001096/files/43672_ruby_29724.zip	0
043675	自警録	新渡戸	稲造	新字新仮名	NDC 159	https://www.aozora.gr.jp/cards/000718/files/43675_ruby_38365.zip	0
043678	地虫	小栗	虫太郎	新字新仮名	NDC 913	https://www.aozora.gr.jp/cards/000125/files/43678_ruby_49645.zip	134
043679	人魚謎お岩殺し	小栗	虫太郎	新字新仮名	NDC 913	https://www.aozora.gr.jp/cards/000125/files/43679_ruby_50056.zip	321
043681	一つのエチケット	松濤	明	新字新仮名	NDC 291 786	https://www.aozora.gr.jp/cards/000307/files/43681_ruby_17722.zip	0
043682	再び山へ	松濤	明	新字新仮名	NDC 291 786	https://www.aozora.gr.jp/cards/000307/files/43682_ruby_17754.zip	0
043683	ピークハンティングに帰れ	松濤	明	新字新仮名	NDC 291 786	https://www.aozora.gr.jp/cards/000307/files/43683_ruby_17724.zip	0
043684	独房	小林	多喜二	新字新仮名	NDC 913	https://www.aozora.gr.jp/cards/000156/files/43684_ruby_24734.zip	0
043685	母たち	小林	多喜二	新字新仮名	NDC 913	https://www.aozora.gr.jp/cards/000156/files/43685_ruby_16970.zip	0
043688	閑人詩話	河上	肇	新字旧仮名	NDC 914 919	https://www.aozora.gr.jp/cards/000250/files/43688_ruby_31856.zip	0
043703	株式会社科学研究所の使命 	仁科	芳雄	旧字旧仮名	NDC 407	https://www.aozora.gr.jp/cards/001163/files/43703_txt_19898.zip	0
043704	国際学術会議への旅	仁科	芳雄	旧字旧仮名	NDC 406 914	https://www.aozora.gr.jp/cards/001163/files/43704_txt_20589.zip	0
043705	国民の人格向上と科学技術 	仁科	芳雄	旧字旧仮名	NDC 401	https://www.aozora.gr.jp/cards/001163/files/43705_txt_19899.zip	0
043706	日本再建と科学	仁科	芳雄	旧字旧仮名	NDC 401	https://www.aozora.gr.jp/cards/001163/files/43706_txt_19928.zip	0
043707	ユネスコと科学	仁科	芳雄	旧字旧仮名	NDC 329 401	https://www.aozora.gr.jp/cards/001163/files/43707_txt_19897.zip	0
043711	調査機関	中井	正一	新字新仮名	NDC 307	https://www.aozora.gr.jp/cards/001166/files/43711_txt_18177.zip	0
043712	図書館に生きる道	中井	正一	新字新仮名	NDC 010	https://www.aozora.gr.jp/cards/001166/files/43712_txt_18178.zip	0
043713	図書館の未来像	中井	正一	新字新仮名	NDC 010	https://www.aozora.gr.jp/cards/001166/files/43713_ruby_18179.zip	0
043714	二十世紀の頂における図書館の意味	中井	正一	新字新仮名	NDC 010	https://www.aozora.gr.jp/cards/001166/files/43714_txt_18180.zip	0
043720	閉戸閑詠	河上	肇	新字旧仮名	NDC 911 919	https://www.aozora.gr.jp/cards/000250/files/43720_ruby_31854.zip	0
043723	「焚書時代」の出現	中井	正一	新字新仮名	NDC 010	https://www.aozora.gr.jp/cards/001166/files/43723_txt_18702.zip	0
043724	生まれ変った赤坂離宮	中井	正一	新字新仮名	NDC 016 914	https://www.aozora.gr.jp/cards/001166/files/43724_txt_18695.zip	0
043725	国立国会図書館について	中井	正一	新字新仮名	NDC 011 016	https://www.aozora.gr.jp/cards/001166/files/43725_txt_18696.zip	0
043726	知識と政治との遊離	中井	正一	新字新仮名	NDC 310	https://www.aozora.gr.jp/cards/001166/files/43726_txt_18697.zip	0
043727	地方文化運動報告	中井	正一	新字新仮名	NDC 011	https://www.aozora.gr.jp/cards/001166/files/43727_txt_18698.zip	0
043728	図書館法楽屋話	中井	正一	新字新仮名	NDC 011	https://www.aozora.gr.jp/cards/001166/files/43728_txt_18699.zip	0
043729	図書館法の成立	中井	正一	新字新仮名	NDC 011	https://www.aozora.gr.jp/cards/001166/files/43729_txt_18700.zip	0
043730	野に山にかかる虹の橋	中井	正一	新字新仮名	NDC 010	https://www.aozora.gr.jp/cards/001166/files/43730_txt_18701.zip	0
043731	民族の血管	中井	正一	新字新仮名	NDC 023	https://www.aozora.gr.jp/cards/001166/files/43731_txt_18703.zip	0
043737	銀河鉄道の夜	宮沢	賢治	新字新仮名	NDC K913	https://www.aozora.gr.jp/cards/000081/files/43737_ruby_19028.zip	66459
043739	夢は呼び交す	蒲原	有明	新字新仮名	NDC 913	https://www.aozora.gr.jp/cards/001055/files/43739_ruby_28306.zip	0
043740	新疆所感	日野	強	新字新仮名	NDC 292	https://www.aozora.gr.jp/cards/001167/files/43740_txt_29588.zip	0
043743	荒磯の興味	佐藤	惣之助	新字新仮名	NDC 787	https://www.aozora.gr.jp/cards/000577/files/43743_ruby_17251.zip	0
043752	どんぐりと山猫	宮沢	賢治	新字新仮名	NDC K913	https://www.aozora.gr.jp/cards/000081/files/43752_ruby_17595.zip	30762
043754	注文の多い料理店	宮沢	賢治	新字新仮名	NDC K913	https://www.aozora.gr.jp/cards/000081/files/43754_ruby_17594.zip	66592
043775	俺の記	尾崎	放哉	新字旧仮名	NDC 914	https://www.aozora.gr.jp/cards/000195/files/43775_ruby_25014.zip	0
043776	北朗来庵	尾崎	放哉	新字旧仮名	NDC 914	https://www.aozora.gr.jp/cards/000195/files/43776_txt_24962.zip	0
043777	入庵雑記	尾崎	放哉	新字旧仮名	NDC 914	https://www.aozora.gr.jp/cards/000195/files/43777_ruby_24961.zip	0
043778	科学的新聞記者	桐生	悠々	新字新仮名	NDC 070	https://www.aozora.gr.jp/cards/000535/files/43778_txt_18653.zip	0
043779	煎じ詰めれば	桐生	悠々	新字新仮名	NDC 914	https://www.aozora.gr.jp/cards/000535/files/43779_txt_17348.zip	0
043785	現代訳論語	下村	湖人	新字新仮名	NDC 123	https://www.aozora.gr.jp/cards/001097/files/43785_ruby_58793.zip	1623
043789	次郎物語	下村	湖人	新字新仮名	NDC 913	https://www.aozora.gr.jp/cards/001097/files/43789_ruby_21003.zip	0
043790	次郎物語	下村	湖人	新字新仮名	NDC 913	https://www.aozora.gr.jp/cards/001097/files/43790_ruby_20882.zip	0
043791	次郎物語	下村	湖人	新字新仮名	NDC 913	https://www.aozora.gr.jp/cards/001097/files/43791_ruby_21659.zip	0
043792	次郎物語	下村	湖人	新字新仮名	NDC 913	https://www.aozora.gr.jp/cards/001097/files/43792_ruby_21947.zip	0
043794	「有明集」前後	蒲原	有明	旧字旧仮名	NDC 916	https://www.aozora.gr.jp/cards/001055/files/43794_txt_17945.zip	0
043795	仙人掌と花火の鑑賞	蒲原	有明	旧字旧仮名	NDC 914	https://www.aozora.gr.jp/cards/001055/files/43795_txt_17946.zip	0
043796	枕上浮雲	河上	肇	新字旧仮名	NDC 911 915	https://www.aozora.gr.jp/cards/000250/files/43796_ruby_31855.zip	0
043797	支那人心の新傾向	狩野	直喜	旧字旧仮名	NDC 122	https://www.aozora.gr.jp/cards/001127/files/43797_txt_33448.zip	0
043798	祭原教授文	狩野	直喜	旧字旧仮名	NDC 122	https://www.aozora.gr.jp/cards/001127/files/43798_txt_35146.zip	0
043799	競漕	久米	正雄	新字新仮名	NDC 913	https://www.aozora.gr.jp/cards/001151/files/43799_ruby_24134.zip	0
043804	双面神	岸田	国士	新字旧仮名	NDC 913	https://www.aozora.gr.jp/cards/001154/files/43804_ruby_66258.zip	375
043805	落葉日記	岸田	国士	新字旧仮名	NDC 913	https://www.aozora.gr.jp/cards/001154/files/43805_ruby_64015.zip	372
043810	馬鈴薯からトマト迄	石川	三四郎	新字旧仮名	NDC 610	https://www.aozora.gr.jp/cards/001170/files/43810_ruby_25598.zip	0
043811	農民自治の理論と実際	石川	三四郎	新字旧仮名	NDC 121 610	https://www.aozora.gr.jp/cards/001170/files/43811_ruby_25597.zip	0
043812	百姓日記	石川	三四郎	新字旧仮名	NDC 610	https://www.aozora.gr.jp/cards/001170/files/43812_ruby_25600.zip	0
043814	「壇」の解体	中井	正一	新字新仮名	NDC 701	https://www.aozora.gr.jp/cards/001166/files/43814_ruby_34574.zip	0
043824	物理的集団的性格	中井	正一	新字新仮名	NDC 701	https://www.aozora.gr.jp/cards/001166/files/43824_ruby_57524.zip	374
043836	日本国見在書目録に就いて	狩野	直喜	旧字旧仮名	NDC 027 122	https://www.aozora.gr.jp/cards/001127/files/43836_txt_35145.zip	0
043837	ある自殺者の手記	秋田	滋	新字新仮名	NDC 953	https://www.aozora.gr.jp/cards/000903/files/43837_ruby_21727.zip	9998
043846	すべてを得るは難し	岸田	国士	新字旧仮名	NDC 913	https://www.aozora.gr.jp/cards/001154/files/43846_ruby_69499.zip	352
043847	花問答	岸田	国士	新字旧仮名	NDC 913	https://www.aozora.gr.jp/cards/001154/files/43847_ruby_70385.zip	375
043857	計算は計算	岸田	国士	新字旧仮名	NDC 913	https://www.aozora.gr.jp/cards/001154/files/43857_ruby_72754.zip	402
043858	悪態の心理	岸田	国士	新字旧仮名	NDC 913	https://www.aozora.gr.jp/cards/001154/files/43858_ruby_72061.zip	390
043865	足利時代を論ず	原	勝郎	旧字旧仮名	NDC 210	https://www.aozora.gr.jp/cards/001037/files/43865_txt_37099.zip	0
043866	初雪	秋田	滋	新字新仮名	NDC 953	https://www.aozora.gr.jp/cards/000903/files/43866_ruby_18652.zip	0
043867	おばあさん	ささき	ふさ	旧字旧仮名	NDC 913	https://www.aozora.gr.jp/cards/000911/files/43867_ruby_32196.zip	0
043868	映画と民族性	伊丹	万作	新字新仮名	NDC 778 914	https://www.aozora.gr.jp/cards/000231/files/43868_ruby_27451.zip	0
043873	戦争責任者の問題	伊丹	万作	新字新仮名	NDC 914	https://www.aozora.gr.jp/cards/000231/files/43873_ruby_22753.zip	965
043875	吾妻鏡の性質及其史料としての価値	原	勝郎	旧字旧仮名	NDC 210	https://www.aozora.gr.jp/cards/001037/files/43875_txt_37098.zip	0
043877	美学入門	中井	正一	新字新仮名	NDC 701	https://www.aozora.gr.jp/cards/001166/files/43877_ruby_56286.zip	481
044423	もみの木	アンデルセン	ハンス・クリスチャン	新字新仮名	NDC K949	https://www.aozora.gr.jp/cards/000019/files/44423_ruby_20868.zip	5624
044427	日本史上の奥州	原	勝郎	旧字旧仮名	NDC 210 212	https://www.aozora.gr.jp/cards/001037/files/44427_txt_37100.zip	0
044723	助五郎余罪	牧	逸馬	新字新仮名	NDC 913	https://www.aozora.gr.jp/cards/000304/files/44723_ruby_18795.zip	0
044724	夜汽車	牧	逸馬	新字新仮名	NDC 913	https://www.aozora.gr.jp/cards/000304/files/44724_ruby_18796.zip	0
044904	フランケンシュタイン	シェリー	メアリー・ウォルストンクラフト	新字新仮名	NDC 933	https://www.aozora.gr.jp/cards/001176/files/44904_ruby_35453.zip	10645
044905	狂言綺語	蒲原	有明	旧字旧仮名	NDC 914	https://www.aozora.gr.jp/cards/001055/files/44905_txt_20371.zip	0
044906	長谷川二葉亭	蒲原	有明	旧字旧仮名	NDC 914	https://www.aozora.gr.jp/cards/001055/files/44906_txt_20373.zip	0
044908	支那の古代法律	桑原	隲蔵	旧字旧仮名	NDC 322	https://www.aozora.gr.jp/cards/000372/files/44908_ruby_47928.zip	44
044909	アイヌ神謡集	作者不詳		新字新仮名	NDC 929	https://www.aozora.gr.jp/cards/001529/files/44909_ruby_29000.zip	36908
044910	桜花を詠める句	杉田	久女	新字新仮名	NDC 911	https://www.aozora.gr.jp/cards/000606/files/44910_txt_22300.zip	0
044911	女流俳句を味読す	杉田	久女	新字新仮名	NDC 911	https://www.aozora.gr.jp/cards/000606/files/44911_ruby_22301.zip	0
044912	梟啼く	杉田	久女	新字新仮名	NDC 914	https://www.aozora.gr.jp/cards/000606/files/44912_ruby_22302.zip	0
044913	行乞記	種田	山頭火	新字旧仮名	NDC 915	https://www.aozora.gr.jp/cards/000146/files/44913_ruby_29505.zip	0
044914	四国遍路日記	種田	山頭火	新字新仮名	NDC 915	https://www.aozora.gr.jp/cards/000146/files/44914_ruby_18616.zip	0
044920	〈美しい王子様のおせなかに〉	村山	籌子	新字旧仮名	NDC K911	https://www.aozora.gr.jp/cards/001172/files/44920_ruby_41421.zip	0
044921	コイヌ	村山	籌子	新字旧仮名	NDC K911	https://www.aozora.gr.jp/cards/001172/files/44921_txt_41427.zip	0
044922	〈おかみさん〉	村山	籌子	新字旧仮名	NDC K911	https://www.aozora.gr.jp/cards/001172/files/44922_txt_41422.zip	0
044923	あめやさん	村山	籌子	新字旧仮名	NDC K911	https://www.aozora.gr.jp/cards/001172/files/44923_txt_41420.zip	0
044924	もしも、あめのかはりに	村山	籌子	新字旧仮名	NDC K911	https://www.aozora.gr.jp/cards/001172/files/44924_txt_41431.zip	0
044925	〈あめがふつてくりや〉	村山	籌子	新字旧仮名	NDC K911	https://www.aozora.gr.jp/cards/001172/files/44925_txt_41419.zip	0
044926	〈かみのすくない　カテリーナ〉	村山	籌子	新字旧仮名	NDC K911	https://www.aozora.gr.jp/cards/001172/files/44926_txt_41424.zip	0
044927	〈あかい、やさしい　はなもやうが〉	村山	籌子	新字旧仮名	NDC K911	https://www.aozora.gr.jp/cards/001172/files/44927_txt_41418.zip	0
044928	ポックリ　キノクツ	村山	籌子	新字旧仮名	NDC K911	https://www.aozora.gr.jp/cards/001172/files/44928_txt_41429.zip	0
044929	雪のよる	村山	籌子	新字旧仮名	NDC K911	https://www.aozora.gr.jp/cards/001172/files/44929_txt_41432.zip	0
044930	おまゝごと	村山	籌子	新字旧仮名	NDC K911	https://www.aozora.gr.jp/cards/001172/files/44930_txt_41423.zip	0
044931	一人　二人	村山	籌子	新字旧仮名	NDC K911	https://www.aozora.gr.jp/cards/001172/files/44931_txt_41428.zip	0
044932	きしやのしよくどう	村山	籌子	新字旧仮名	NDC K911	https://www.aozora.gr.jp/cards/001172/files/44932_txt_41425.zip	0
044933	木馬	村山	籌子	新字旧仮名	NDC K911	https://www.aozora.gr.jp/cards/001172/files/44933_txt_41430.zip	0
044934	ギツコン　バツタン	村山	籌子	新字旧仮名	NDC K911	https://www.aozora.gr.jp/cards/001172/files/44934_txt_41426.zip	0
044935	うさぎのくだものや	村山	籌子	新字旧仮名	NDC K911	https://www.aozora.gr.jp/cards/001172/files/44935_ruby_43591.zip	0
044984	お猫さん	古川	アヤ	新字旧仮名	NDC K913	https://www.aozora.gr.jp/cards/001172/files/44984_ruby_44826.zip	0
044985	カハイイ　山羊サン	落合	ユキ子	新字旧仮名	NDC K911	https://www.aozora.gr.jp/cards/001172/files/44985_ruby_42850.zip	0
044986	ミミヅクサン	落合	ユキ子	新字旧仮名	NDC K911	https://www.aozora.gr.jp/cards/001172/files/44986_txt_42851.zip	0
045030	雨の歌	山村	暮鳥	新字旧仮名	NDC K911	https://www.aozora.gr.jp/cards/000136/files/45030_ruby_41657.zip	0
045031	海辺にて	山村	暮鳥	新字旧仮名	NDC K911	https://www.aozora.gr.jp/cards/000136/files/45031_txt_41660.zip	0
045032	葭切鳥	山村	暮鳥	新字旧仮名	NDC K911	https://www.aozora.gr.jp/cards/000136/files/45032_ruby_41665.zip	0
045033	港の唄	山村	暮鳥	新字旧仮名	NDC K911	https://www.aozora.gr.jp/cards/000136/files/45033_txt_41663.zip	0
045034	筏乗り	山村	暮鳥	新字旧仮名	NDC K911	https://www.aozora.gr.jp/cards/000136/files/45034_ruby_41658.zip	0
045035	渚	山村	暮鳥	新字旧仮名	NDC K911	https://www.aozora.gr.jp/cards/000136/files/45035_ruby_41661.zip	0
045036	稲かけ	山村	暮鳥	新字旧仮名	NDC K911	https://www.aozora.gr.jp/cards/000136/files/45036_ruby_41659.zip	0
045037	百舌鳥	山村	暮鳥	新字旧仮名	NDC K911	https://www.aozora.gr.jp/cards/000136/files/45037_ruby_41664.zip	0
045038	雪	山村	暮鳥	新字旧仮名	NDC K911	https://www.aozora.gr.jp/cards/000136/files/45038_txt_41735.zip	0
045039	昔語り	山村	暮鳥	新字旧仮名	NDC K911	https://www.aozora.gr.jp/cards/000136/files/45039_txt_41734.zip	0
045062	シロ・クロ物語	豊島	与志雄	新字旧仮名	NDC K913	https://www.aozora.gr.jp/cards/000906/files/45062_ruby_49633.zip	48
045064	ふしぎな池	豊島	与志雄	新字旧仮名	NDC K913	https://www.aozora.gr.jp/cards/000906/files/45064_ruby_49631.zip	90
045068	北極のアムンセン	豊島	与志雄	新字旧仮名	NDC K297	https://www.aozora.gr.jp/cards/000906/files/45068_ruby_49632.zip	122
045081	鳥右ヱ門諸国をめぐる	新美	南吉	新字旧仮名	NDC K913	https://www.aozora.gr.jp/cards/000121/files/45081_ruby_50519.zip	56
045086	良寛物語　手毬と鉢の子	新美	南吉	新字旧仮名	NDC K913	https://www.aozora.gr.jp/cards/000121/files/45086_ruby_63482.zip	440
045113	ちらちら光れ小い星	テーラー	ジェーン	新字旧仮名	NDC K931	https://www.aozora.gr.jp/cards/001178/files/45113_ruby_41301.zip	0
045117	ゐろりの中の街	スティーブンソン	ロバート・ルイス	新字旧仮名	NDC K931	https://www.aozora.gr.jp/cards/000888/files/45117_ruby_41372.zip	0
045118	誰か	スティーブンソン	ロバート・ルイス	新字旧仮名	NDC K931	https://www.aozora.gr.jp/cards/000888/files/45118_ruby_41374.zip	0
045119	積木の町	スティーブンソン	ロバート・ルイス	新字旧仮名	NDC K931	https://www.aozora.gr.jp/cards/000888/files/45119_txt_41375.zip	0
045120	僕の国	スティーブンソン	ロバート・ルイス	新字旧仮名	NDC K931	https://www.aozora.gr.jp/cards/000888/files/45120_ruby_41373.zip	0
045129	八の字山	土田	耕平	新字旧仮名	NDC K913	https://www.aozora.gr.jp/cards/001179/files/45129_ruby_43601.zip	0
045130	千本木川	土田	耕平	新字旧仮名	NDC K913	https://www.aozora.gr.jp/cards/001179/files/45130_ruby_43602.zip	0
045131	柿	土田	耕平	新字旧仮名	NDC K913	https://www.aozora.gr.jp/cards/001179/files/45131_ruby_43603.zip	0
045132	大寒小寒	土田	耕平	新字旧仮名	NDC K913	https://www.aozora.gr.jp/cards/001179/files/45132_ruby_43605.zip	0
045133	さがしもの	土田	耕平	新字旧仮名	NDC K913	https://www.aozora.gr.jp/cards/001179/files/45133_ruby_43606.zip	0
045134	のぞき眼鏡	土田	耕平	新字旧仮名	NDC K913	https://www.aozora.gr.jp/cards/001179/files/45134_ruby_44727.zip	0
045135	狐に化された話	土田	耕平	新字旧仮名	NDC K913	https://www.aozora.gr.jp/cards/001179/files/45135_ruby_44729.zip	0
045136	私の祖父	土田	耕平	新字旧仮名	NDC K914	https://www.aozora.gr.jp/cards/001179/files/45136_ruby_44728.zip	0
045137	峠	土田	耕平	新字旧仮名	NDC K913	https://www.aozora.gr.jp/cards/001179/files/45137_ruby_51728.zip	0
045138	お母さんの思ひ出	土田	耕平	新字旧仮名	NDC K913	https://www.aozora.gr.jp/cards/001179/files/45138_ruby_51732.zip	0
045139	時男さんのこと	土田	耕平	新字旧仮名	NDC K913	https://www.aozora.gr.jp/cards/001179/files/45139_ruby_51736.zip	0
045140	騎士屋	土田	耕平	新字旧仮名	NDC K913	https://www.aozora.gr.jp/cards/001179/files/45140_ruby_50629.zip	0
045141	海坊主の話	土田	耕平	新字旧仮名	NDC K913	https://www.aozora.gr.jp/cards/001179/files/45141_ruby_51138.zip	199
045142	身代り	土田	耕平	新字旧仮名	NDC K913	https://www.aozora.gr.jp/cards/001179/files/45142_ruby_51140.zip	142
045143	雪に埋れた話	土田	耕平	新字旧仮名	NDC K913	https://www.aozora.gr.jp/cards/001179/files/45143_ruby_50630.zip	0
045154	拾うた冠	宮原	晃一郎	新字旧仮名	NDC K913	https://www.aozora.gr.jp/cards/000809/files/45154_ruby_19242.zip	0
045155	孝行鶉の話	宮原	晃一郎	新字旧仮名	NDC K913	https://www.aozora.gr.jp/cards/000809/files/45155_ruby_18125.zip	0
045156	夢の国	宮原	晃一郎	新字旧仮名	NDC K913	https://www.aozora.gr.jp/cards/000809/files/45156_ruby_18136.zip	0
045157	竜宮の犬	宮原	晃一郎	新字旧仮名	NDC K913	https://www.aozora.gr.jp/cards/000809/files/45157_ruby_18137.zip	0
045158	蛇いちご	宮原	晃一郎	新字旧仮名	NDC K913	https://www.aozora.gr.jp/cards/000809/files/45158_ruby_18132.zip	0
045159	悪魔の尾	宮原	晃一郎	新字旧仮名	NDC K913	https://www.aozora.gr.jp/cards/000809/files/45159_ruby_18120.zip	0
045160	豆小僧の冒険	宮原	晃一郎	新字旧仮名	NDC K913	https://www.aozora.gr.jp/cards/000809/files/45160_ruby_18133.zip	0
045161	幸坊の猫と鶏	宮原	晃一郎	新字旧仮名	NDC K913	https://www.aozora.gr.jp/cards/000809/files/45161_ruby_18126.zip	0
045169	馬鹿七	沖野	岩三郎	新字旧仮名	NDC K913	https://www.aozora.gr.jp/cards/001180/files/45169_ruby_26191.zip	0
045170	熊と猪	沖野	岩三郎	新字旧仮名	NDC K913	https://www.aozora.gr.jp/cards/001180/files/45170_ruby_26187.zip	0
045171	山さち川さち	沖野	岩三郎	新字旧仮名	NDC K913	https://www.aozora.gr.jp/cards/001180/files/45171_ruby_26183.zip	0
045172	蚊帳の釣手	沖野	岩三郎	新字旧仮名	NDC K913	https://www.aozora.gr.jp/cards/001180/files/45172_ruby_26185.zip	0
045173	にらめつくらの鬼瓦	沖野	岩三郎	新字旧仮名	NDC K913	https://www.aozora.gr.jp/cards/001180/files/45173_ruby_26190.zip	0
045174	ばべるの塔	沖野	岩三郎	新字旧仮名	NDC K913	https://www.aozora.gr.jp/cards/001180/files/45174_ruby_26192.zip	0
045175	愚助大和尚	沖野	岩三郎	新字旧仮名	NDC K913	https://www.aozora.gr.jp/cards/001180/files/45175_ruby_26186.zip	0
045176	硯箱と時計	沖野	岩三郎	新字旧仮名	NDC K913	https://www.aozora.gr.jp/cards/001180/files/45176_ruby_26189.zip	0
045177	岩を小くする	沖野	岩三郎	新字旧仮名	NDC K913	https://www.aozora.gr.jp/cards/001180/files/45177_ruby_26184.zip	0
045178	源八栗	沖野	岩三郎	新字旧仮名	NDC K913	https://www.aozora.gr.jp/cards/001180/files/45178_ruby_26188.zip	0
045180	星の女	鈴木	三重吉	新字旧仮名	NDC K913	https://www.aozora.gr.jp/cards/000107/files/45180_ruby_23452.zip	0
045181	湖水の鐘	鈴木	三重吉	新字旧仮名	NDC K913	https://www.aozora.gr.jp/cards/000107/files/45181_ruby_23417.zip	0
045182	ぽつぽのお手帳	鈴木	三重吉	新字旧仮名	NDC K913	https://www.aozora.gr.jp/cards/000107/files/45182_ruby_23418.zip	0
045185	蛇つかひ	鈴木	三重吉	新字旧仮名	NDC K913	https://www.aozora.gr.jp/cards/000107/files/45185_ruby_26072.zip	0
045186	ざんげ	鈴木	三重吉	新字旧仮名	NDC K913	https://www.aozora.gr.jp/cards/000107/files/45186_ruby_23419.zip	0
045187	小犬	鈴木	三重吉	新字旧仮名	NDC K913	https://www.aozora.gr.jp/cards/000107/files/45187_ruby_26074.zip	0
045188	ダマスカスの賢者	鈴木	三重吉	新字旧仮名	NDC K913	https://www.aozora.gr.jp/cards/000107/files/45188_ruby_26071.zip	0
045207	「風博士」	牧野	信一	新字旧仮名	NDC 913	https://www.aozora.gr.jp/cards/000183/files/45207_ruby_28289.zip	0
045208	月世界競争探検	押川	春浪	新字新仮名	NDC K913	https://www.aozora.gr.jp/cards/000077/files/45208_ruby_23514.zip	0
045210	純粋経済学要論	手塚	寿郎	新字新仮名	NDC 331	https://www.aozora.gr.jp/cards/001185/files/45210_ruby_23043.zip	0
045214	吊籠と月光と	牧野	信一	新字新仮名	NDC 913	https://www.aozora.gr.jp/cards/000183/files/45214_ruby_18361.zip	0
045215	役人の頭	末弘	厳太郎	新字新仮名	NDC 320	https://www.aozora.gr.jp/cards/000922/files/45215_txt_18217.zip	0
045216	熱海線私語	牧野	信一	新字旧仮名	NDC 913	https://www.aozora.gr.jp/cards/000183/files/45216_ruby_22268.zip	0
045217	鱗雲	牧野	信一	新字旧仮名	NDC 913	https://www.aozora.gr.jp/cards/000183/files/45217_ruby_22833.zip	0
045218	西部劇通信	牧野	信一	新字旧仮名	NDC 913	https://www.aozora.gr.jp/cards/000183/files/45218_ruby_30423.zip	0
045219	創作生活にて	牧野	信一	新字旧仮名	NDC 913	https://www.aozora.gr.jp/cards/000183/files/45219_ruby_40254.zip	0
045224	雁	森	鴎外	新字新仮名	NDC 913	https://www.aozora.gr.jp/cards/000129/files/45224_ruby_19890.zip	24018
045229	虚妄と真実	蒲原	有明	旧字旧仮名	NDC 914	https://www.aozora.gr.jp/cards/001055/files/45229_txt_20372.zip	0
045244	最後の一句	森	鴎外	新字新仮名	NDC 913	https://www.aozora.gr.jp/cards/000129/files/45244_ruby_21881.zip	948
045245	高瀬舟	森	鴎外	新字新仮名	NDC 913	https://www.aozora.gr.jp/cards/000129/files/45245_ruby_21882.zip	59450
045249	南極の怪事	押川	春浪	新字新仮名	NDC K913	https://www.aozora.gr.jp/cards/000077/files/45249_ruby_34670.zip	0
045250	桃花源記序	狩野	直喜	旧字旧仮名	NDC 924	https://www.aozora.gr.jp/cards/001127/files/45250_ruby_20804.zip	0
045252	有明集	蒲原	有明	旧字旧仮名	NDC 911	https://www.aozora.gr.jp/cards/001055/files/45252_ruby_54017.zip	74
045257	アメリカ独立宣言	ジェファーソン	トマス	新字旧仮名	NDC 312	https://www.aozora.gr.jp/cards/001189/files/45257_ruby_18658.zip	6994
045279	詩集夏花	伊東	静雄	新字旧仮名	NDC 911	https://www.aozora.gr.jp/cards/001197/files/45279_ruby_18467.zip	0
045280	わがひとに与ふる哀歌	伊東	静雄	新字旧仮名	NDC 911	https://www.aozora.gr.jp/cards/001197/files/45280_ruby_18469.zip	0
045305	挿頭花	津村	信夫	新字新仮名	NDC 914	https://www.aozora.gr.jp/cards/000278/files/45305_ruby_18451.zip	0
045306	あしびの花	土田	杏村	新字新仮名	NDC 914	https://www.aozora.gr.jp/cards/000344/files/45306_ruby_18452.zip	0
045338	随筆　藪柑子	土井	八枝	旧字旧仮名	NDC 914	https://www.aozora.gr.jp/cards/001198/files/45338_ruby_60787.zip	147
045340	暗号舞踏人の謎	ドイル	アーサー・コナン	新字新仮名	NDC K933	https://www.aozora.gr.jp/cards/000009/files/45340_ruby_18659.zip	42003
045381	母を尋ねて三千里	アミーチス	エドモンド・デ	新字新仮名	NDC K973	https://www.aozora.gr.jp/cards/001048/files/45381_ruby_18650.zip	17292
045384	一ノ倉沢	松濤	明	新字新仮名	NDC 291 786	https://www.aozora.gr.jp/cards/000307/files/45384_ruby_55287.zip	122
045385	一ノ倉沢南稜	松濤	明	新字新仮名	NDC 291 786	https://www.aozora.gr.jp/cards/000307/files/45385_ruby_55288.zip	0
045386	行乞記	種田	山頭火	新字旧仮名	NDC 915	https://www.aozora.gr.jp/cards/000146/files/45386_ruby_29506.zip	0
045387	行乞記	種田	山頭火	新字旧仮名	NDC 915	https://www.aozora.gr.jp/cards/000146/files/45387_ruby_29567.zip	0
045389	行乞記	種田	山頭火	新字旧仮名	NDC 915	https://www.aozora.gr.jp/cards/000146/files/45389_ruby_29847.zip	0
045390	八ガ岳大門沢	松濤	明	新字新仮名	NDC 291 786	https://www.aozora.gr.jp/cards/000307/files/45390_ruby_55294.zip	0
045397	罪と罰（内田不知庵訳）	北村	透谷	旧字旧仮名	NDC 984	https://www.aozora.gr.jp/cards/000157/files/45397_ruby_19312.zip	24295
045455	人口論	マルサス	トマス・ロバート	新字新仮名	NDC 331 334	https://www.aozora.gr.jp/cards/001149/files/45455_ruby_31024.zip	0
045458	扉は語らず	小舟	勝二	新字新仮名	NDC 913	https://www.aozora.gr.jp/cards/001201/files/45458_ruby_19145.zip	0
045460	足跡	石川	啄木	新字旧仮名	NDC 913	https://www.aozora.gr.jp/cards/000153/files/45460_ruby_32319.zip	3376
045470	二筋の血	石川	啄木	新字旧仮名	NDC 913	https://www.aozora.gr.jp/cards/000153/files/45470_ruby_31249.zip	649
045476	文壇球突物語	南部	修太郎	旧字旧仮名	NDC 794 914	https://www.aozora.gr.jp/cards/000048/files/45476_ruby_58884.zip	86
045513	伊賀国	近松	秋江	旧字旧仮名	NDC 915	https://www.aozora.gr.jp/cards/000275/files/45513_ruby_19303.zip	0
045514	伊賀、伊勢路	近松	秋江	旧字旧仮名	NDC 915	https://www.aozora.gr.jp/cards/000275/files/45514_ruby_19302.zip	0
045515	旱天実景	下村	千秋	旧字旧仮名	NDC 913	https://www.aozora.gr.jp/cards/001205/files/45515_ruby_21015.zip	0
045516	泥の雨	下村	千秋	旧字旧仮名	NDC 913	https://www.aozora.gr.jp/cards/001205/files/45516_ruby_21007.zip	0
045521	瘠我慢の説	石河	幹明	新字新仮名	NDC 121 312	https://www.aozora.gr.jp/cards/001206/files/45521_ruby_24538.zip	0
045522	土民生活	石川	三四郎	新字旧仮名	NDC 121 309	https://www.aozora.gr.jp/cards/001170/files/45522_ruby_25594.zip	0
045545	流転	山下	利三郎	新字新仮名	NDC 913	https://www.aozora.gr.jp/cards/001208/files/45545_ruby_19323.zip	0
045546	あさひの鎧	国枝	史郎	新字新仮名	NDC 913	https://www.aozora.gr.jp/cards/000255/files/45546_ruby_66469.zip	431
045567	南国太平記	直木	三十五	新字新仮名	NDC 913	https://www.aozora.gr.jp/cards/000216/files/45567_ruby_26389.zip	560
045620	泉鏡花作『外科室』	宮崎	湖処子	旧字旧仮名	NDC 913	https://www.aozora.gr.jp/cards/000805/files/45620_ruby_19836.zip	0
045627	北斗帖	違星	北斗	新字新仮名	NDC 911	https://www.aozora.gr.jp/cards/001210/files/45627_ruby_23612.zip	0
045629	我信念	清沢	満之	旧字旧仮名	NDC 188	https://www.aozora.gr.jp/cards/001211/files/45629_ruby_23619.zip	0
045630	〔雨ニモマケズ〕	宮沢	賢治	新字旧仮名	NDC 911 916	https://www.aozora.gr.jp/cards/000081/files/45630_txt_23610.zip	67689
045632	先生の顔	竹久	夢二	新字新仮名	NDC K913	https://www.aozora.gr.jp/cards/000212/files/45632_ruby_19212.zip	112
045633	都の眼	竹久	夢二	新字新仮名	NDC K913	https://www.aozora.gr.jp/cards/000212/files/45633_ruby_19213.zip	0
045641	生々流転	岡本	かの子	新字新仮名	NDC 913	https://www.aozora.gr.jp/cards/000076/files/45641_ruby_63812.zip	540
045642	嘘の効用	末弘	厳太郎	新字新仮名	NDC 320	https://www.aozora.gr.jp/cards/000922/files/45642_txt_28273.zip	0
045644	乳の匂ひ	加能	作次郎	新字旧仮名	NDC 913	https://www.aozora.gr.jp/cards/000247/files/45644_ruby_38703.zip	0
045645	厄年	加能	作次郎	新字旧仮名	NDC 913	https://www.aozora.gr.jp/cards/000247/files/45645_ruby_48568.zip	0
045646	世の中へ	加能	作次郎	新字旧仮名	NDC 913	https://www.aozora.gr.jp/cards/000247/files/45646_ruby_48569.zip	0
045648	田舎医師の子	相馬	泰三	新字新仮名	NDC 913	https://www.aozora.gr.jp/cards/001082/files/45648_ruby_27859.zip	0
045649	放浪記（初出）	林	芙美子	新字新仮名	NDC 913	https://www.aozora.gr.jp/cards/000291/files/45649_ruby_26492.zip	7612
045651	深夜の電話	小酒井	不木	新字新仮名	NDC K913	https://www.aozora.gr.jp/cards/000262/files/45651_ruby_20137.zip	0
045660	若芽	島田	清次郎	新字旧仮名	NDC 913	https://www.aozora.gr.jp/cards/000595/files/45660_ruby_19807.zip	0
045663	龍土会の記	蒲原	有明	旧字旧仮名	NDC 914	https://www.aozora.gr.jp/cards/001055/files/45663_txt_27767.zip	0
045665	新しき声	蒲原	有明	旧字旧仮名	NDC 911 914	https://www.aozora.gr.jp/cards/001055/files/45665_ruby_30727.zip	0
045667	六号室	瀬沼	夏葉	旧字旧仮名	NDC 983	https://www.aozora.gr.jp/cards/001155/files/45667_ruby_23728.zip	0
045670	魔像	林	不忘	新字新仮名	NDC 913	https://www.aozora.gr.jp/cards/000290/files/45670_ruby_31261.zip	0
045680	「あひびき」に就て	蒲原	有明	旧字旧仮名	NDC 914	https://www.aozora.gr.jp/cards/001055/files/45680_txt_27762.zip	0
045681	小山内謝豹	蒲原	有明	旧字旧仮名	NDC 770 914	https://www.aozora.gr.jp/cards/001055/files/45681_txt_27763.zip	0
045684	七月七日	蒲原	有明	旧字旧仮名	NDC 914	https://www.aozora.gr.jp/cards/001055/files/45684_txt_58038.zip	340
045694	日記	知里	幸恵	新字旧仮名	NDC 915	https://www.aozora.gr.jp/cards/000276/files/45694_ruby_23690.zip	0
045754	良夜	饗庭	篁村	新字新仮名	NDC 913	https://www.aozora.gr.jp/cards/000374/files/45754_ruby_23695.zip	0
045757	あたまでっかち	下村	千秋	新字新仮名	NDC K913	https://www.aozora.gr.jp/cards/001205/files/45757_ruby_47134.zip	8
045758	壇ノ浦の鬼火	下村	千秋	新字新仮名	NDC K913	https://www.aozora.gr.jp/cards/001205/files/45758_ruby_29723.zip	0
045791	〔翻訳〕ステファヌ・マラルメ	ヴァレリー	ポール	新字旧仮名	NDC 951	https://www.aozora.gr.jp/cards/001217/files/45791_ruby_40452.zip	0
045820	姦淫に寄す	坂口	安吾	新字旧仮名	NDC 913	https://www.aozora.gr.jp/cards/001095/files/45820_ruby_38353.zip	2143
045885	黒田如水	坂口	安吾	新字旧仮名	NDC 913	https://www.aozora.gr.jp/cards/001095/files/45885_ruby_33220.zip	2969
045958	法句経	荻原	雲来	旧字旧仮名	NDC 183	https://www.aozora.gr.jp/cards/001529/files/45958_ruby_29528.zip	0
045960	幕末維新懐古談	高村	光雲	新字新仮名	NDC 712 914	https://www.aozora.gr.jp/cards/000270/files/45960_ruby_24220.zip	0
045961	幕末維新懐古談	高村	光雲	新字新仮名	NDC 712 914	https://www.aozora.gr.jp/cards/000270/files/45961_ruby_21552.zip	0
045962	幕末維新懐古談	高村	光雲	新字新仮名	NDC 712 914	https://www.aozora.gr.jp/cards/000270/files/45962_ruby_21555.zip	0
045963	幕末維新懐古談	高村	光雲	新字新仮名	NDC 712 914	https://www.aozora.gr.jp/cards/000270/files/45963_ruby_21550.zip	0
045964	幕末維新懐古談	高村	光雲	新字新仮名	NDC 712 914	https://www.aozora.gr.jp/cards/000270/files/45964_ruby_21551.zip	0
045971	深憂大患	竹越	三叉	旧字旧仮名	NDC 310	https://www.aozora.gr.jp/cards/000977/files/45971_txt_30854.zip	0
045972	世界の日本乎、亜細亜の日本乎	竹越	三叉	旧字旧仮名	NDC 310	https://www.aozora.gr.jp/cards/000977/files/45972_txt_30855.zip	0
045973	日本の真の姿	竹越	与三郎	旧字旧仮名	NDC 304	https://www.aozora.gr.jp/cards/000978/files/45973_ruby_38302.zip	0
045988	柳原燁子（白蓮）	長谷川	時雨	新字新仮名	NDC 281 911	https://www.aozora.gr.jp/cards/000726/files/45988_ruby_27536.zip	267
046084	姦（かしまし）	久生	十蘭	新字新仮名	NDC 913	https://www.aozora.gr.jp/cards/001224/files/46084_ruby_70401.zip	628
046085	白雪姫	久生	十蘭	新字新仮名	NDC 913	https://www.aozora.gr.jp/cards/001224/files/46085_ruby_72428.zip	668
046092	ボニン島物語	久生	十蘭	新字新仮名	NDC 913	https://www.aozora.gr.jp/cards/001224/files/46092_ruby_72614.zip	566
046093	無惨やな	久生	十蘭	新字新仮名	NDC 913	https://www.aozora.gr.jp/cards/001224/files/46093_ruby_74168.zip	552
046095	川波	久生	十蘭	新字新仮名	NDC 913	https://www.aozora.gr.jp/cards/001224/files/46095_ruby_72096.zip	752
046096	一の倉沢	久生	十蘭	新字新仮名	NDC 913	https://www.aozora.gr.jp/cards/001224/files/46096_ruby_63219.zip	604
046098	雪間	久生	十蘭	新字新仮名	NDC 913	https://www.aozora.gr.jp/cards/001224/files/46098_ruby_72456.zip	783
046099	雲の小径	久生	十蘭	新字新仮名	NDC 913	https://www.aozora.gr.jp/cards/001224/files/46099_ruby_73167.zip	563
046100	手紙	久生	十蘭	新字新仮名	NDC 913	https://www.aozora.gr.jp/cards/001224/files/46100_ruby_72767.zip	557
046104	呂宋の壺	久生	十蘭	新字新仮名	NDC 913	https://www.aozora.gr.jp/cards/001224/files/46104_ruby_74013.zip	563
046106	ノア	久生	十蘭	新字新仮名	NDC 913	https://www.aozora.gr.jp/cards/001224/files/46106_ruby_71654.zip	690
046110	淪落の皇女の覚書	久生	十蘭	新字新仮名	NDC 913	https://www.aozora.gr.jp/cards/001224/files/46110_ruby_67991.zip	708
046114	海難記	久生	十蘭	新字新仮名	NDC 913	https://www.aozora.gr.jp/cards/001224/files/46114_ruby_72274.zip	603
046116	悪の花束	久生	十蘭	新字新仮名	NDC 913	https://www.aozora.gr.jp/cards/001224/files/46116_ruby_71425.zip	794
046152	『教室の記録』の編集を終えて	村山	俊太郎	新字新仮名	NDC 370	https://www.aozora.gr.jp/cards/001225/files/46152_txt_37458.zip	0
046153	国分一太郎君の仕事	村山	俊太郎	新字新仮名	NDC 370	https://www.aozora.gr.jp/cards/001225/files/46153_txt_37459.zip	0
046154	子どもの世界	村山	俊太郎	新字新仮名	NDC 370	https://www.aozora.gr.jp/cards/001225/files/46154_txt_37461.zip	0
046155	平泉紀行	村山	俊太郎	新字新仮名	NDC 915	https://www.aozora.gr.jp/cards/001225/files/46155_txt_37460.zip	0
046156	幕末維新懐古談	田村	松魚	新字新仮名	NDC 712 914	https://www.aozora.gr.jp/cards/001226/files/46156_ruby_24234.zip	0
046158	天国の記録	下村	千秋	旧字旧仮名	NDC 913	https://www.aozora.gr.jp/cards/001205/files/46158_ruby_47185.zip	0
046160	草わかば	蒲原	有明	旧字旧仮名	NDC 911	https://www.aozora.gr.jp/cards/001055/files/46160_ruby_57969.zip	245
046162	独絃哀歌	蒲原	有明	旧字旧仮名	NDC 911	https://www.aozora.gr.jp/cards/001055/files/46162_ruby_55946.zip	363
046166	地上	島田	清次郎	新字新仮名	NDC 913	https://www.aozora.gr.jp/cards/000595/files/46166_ruby_21877.zip	113
046167	六羽の白鳥	楠山	正雄	新字新仮名	NDC K943	https://www.aozora.gr.jp/cards/001091/files/46167_ruby_47390.zip	1408
046172	浪	石川	三四郎	旧字旧仮名	NDC 121 289	https://www.aozora.gr.jp/cards/001170/files/46172_ruby_25595.zip	0
046174	諏訪湖畔冬の生活	島木	赤彦	新字旧仮名	NDC 914	https://www.aozora.gr.jp/cards/000265/files/46174_ruby_24569.zip	0
046184	探検実記　地中の秘密	江見	水蔭	旧字旧仮名	NDC 913	https://www.aozora.gr.jp/cards/000448/files/46184_ruby_46105.zip	0
046185	探検実記　地中の秘密	江見	水蔭	旧字旧仮名	NDC 913	https://www.aozora.gr.jp/cards/000448/files/46185_ruby_46106.zip	0
046187	奇巌城	菊池	寛	新字新仮名	NDC K953	https://www.aozora.gr.jp/cards/001121/files/46187_ruby_21726.zip	40291
046188	人口論	マルサス	トマス・ロバート	新字新仮名	NDC 331 334	https://www.aozora.gr.jp/cards/001149/files/46188_ruby_38071.zip	0
046190	黙々静観	勝	海舟	新字旧仮名	NDC 210	https://www.aozora.gr.jp/cards/000354/files/46190_txt_21759.zip	0
046191	大勢順応	勝	海舟	新字旧仮名	NDC 210	https://www.aozora.gr.jp/cards/000354/files/46191_txt_21756.zip	0
046192	猟官運動	勝	海舟	新字旧仮名	NDC 210	https://www.aozora.gr.jp/cards/000354/files/46192_txt_21761.zip	0
046196	二・二六事件に就て	河合	栄治郎	新字新仮名	NDC 312	https://www.aozora.gr.jp/cards/000506/files/46196_ruby_24169.zip	0
046208	巡回書庫と町村図書館と	佐野	友三郎	新字新仮名	NDC 011	https://www.aozora.gr.jp/cards/001227/files/46208_txt_28833.zip	0
046209	学校教育における図書館の利用	佐野	友三郎	新字新仮名	NDC 017	https://www.aozora.gr.jp/cards/001227/files/46209_txt_28831.zip	0
046210	公開書架（Open-shelf-system）につきて	佐野	友三郎	新字新仮名	NDC 016	https://www.aozora.gr.jp/cards/001227/files/46210_txt_28832.zip	0
046211	米国巡回文庫起源及び発達	佐野	友三郎	新字新仮名	NDC 010	https://www.aozora.gr.jp/cards/001227/files/46211_ruby_28834.zip	0
046212	解釈学と修辞学	三木	清	新字新仮名	NDC 121	https://www.aozora.gr.jp/cards/000218/files/46212_ruby_44739.zip	0
046213	科学批判の課題	三木	清	新字新仮名	NDC 121	https://www.aozora.gr.jp/cards/000218/files/46213_ruby_44740.zip	0
046214	危機における理論的意識	三木	清	新字新仮名	NDC 121	https://www.aozora.gr.jp/cards/000218/files/46214_ruby_28987.zip	0
046215	思索者の日記	三木	清	新字新仮名	NDC 121 915	https://www.aozora.gr.jp/cards/000218/files/46215_txt_24966.zip	0
046217	自己を中心に	三木	清	新字新仮名	NDC 121 914	https://www.aozora.gr.jp/cards/000218/files/46217_txt_24965.zip	0
046218	政治の論理と人間の論理	三木	清	新字新仮名	NDC 121	https://www.aozora.gr.jp/cards/000218/files/46218_ruby_26067.zip	0
046228	巷説享保図絵	林	不忘	新字新仮名	NDC 913	https://www.aozora.gr.jp/cards/000290/files/46228_ruby_36874.zip	0
046229	つづれ烏羽玉	林	不忘	新字新仮名	NDC 913	https://www.aozora.gr.jp/cards/000290/files/46229_ruby_33753.zip	0
046247	日記	宮本	百合子	新字新仮名	NDC 915	https://www.aozora.gr.jp/cards/000311/files/46247_ruby_58050.zip	166
046248	日記	宮本	百合子	新字新仮名	NDC 915	https://www.aozora.gr.jp/cards/000311/files/46248_ruby_58880.zip	206
046249	日記	宮本	百合子	新字新仮名	NDC 915	https://www.aozora.gr.jp/cards/000311/files/46249_ruby_60779.zip	320
046250	日記	宮本	百合子	新字新仮名	NDC 915	https://www.aozora.gr.jp/cards/000311/files/46250_ruby_61332.zip	289
046251	日記	宮本	百合子	新字新仮名	NDC 915	https://www.aozora.gr.jp/cards/000311/files/46251_ruby_62079.zip	203
046252	日記	宮本	百合子	新字新仮名	NDC 915	https://www.aozora.gr.jp/cards/000311/files/46252_ruby_63805.zip	287
046254	日記	宮本	百合子	新字新仮名	NDC 915	https://www.aozora.gr.jp/cards/000311/files/46254_ruby_65663.zip	352
046255	日記	宮本	百合子	新字新仮名	NDC 915	https://www.aozora.gr.jp/cards/000311/files/46255_ruby_66920.zip	297
046256	日記	宮本	百合子	新字新仮名	NDC 915	https://www.aozora.gr.jp/cards/000311/files/46256_ruby_67387.zip	322
046257	日記	宮本	百合子	新字新仮名	NDC 915	https://www.aozora.gr.jp/cards/000311/files/46257_ruby_68233.zip	273
046258	日記	宮本	百合子	新字新仮名	NDC 915	https://www.aozora.gr.jp/cards/000311/files/46258_ruby_68712.zip	309
046259	日記	宮本	百合子	新字新仮名	NDC 915	https://www.aozora.gr.jp/cards/000311/files/46259_ruby_69063.zip	349
046261	日記	宮本	百合子	新字新仮名	NDC 915	https://www.aozora.gr.jp/cards/000311/files/46261_ruby_69929.zip	134
046262	日記	宮本	百合子	新字新仮名	NDC 915	https://www.aozora.gr.jp/cards/000311/files/46262_txt_70216.zip	428
046263	日記	宮本	百合子	新字新仮名	NDC 915	https://www.aozora.gr.jp/cards/000311/files/46263_txt_72501.zip	314
046264	日記	宮本	百合子	新字新仮名	NDC 915	https://www.aozora.gr.jp/cards/000311/files/46264_txt_72680.zip	417
046265	早春箋	辻村	もと子	新字旧仮名	NDC 915	https://www.aozora.gr.jp/cards/001228/files/46265_txt_26277.zip	0
046285	続狗尾録	狩野	直喜	旧字旧仮名	NDC 122	https://www.aozora.gr.jp/cards/001127/files/46285_txt_41297.zip	0
046287	手数将棋	関根	金次郎	新字旧仮名	NDC 796 914	https://www.aozora.gr.jp/cards/000268/files/46287_ruby_22313.zip	0
046288	教育の目的	新渡戸	稲造	旧字旧仮名	NDC 371	https://www.aozora.gr.jp/cards/000718/files/46288_ruby_25137.zip	2351
046294	アラメダより	沖野	岩三郎	新字新仮名	NDC 295	https://www.aozora.gr.jp/cards/001180/files/46294_ruby_25553.zip	0
046295	バークレーより	沖野	岩三郎	新字新仮名	NDC 295 915	https://www.aozora.gr.jp/cards/001180/files/46295_ruby_25554.zip	0
046296	印度の聖人	松本	文三郎	旧字旧仮名	NDC 162	https://www.aozora.gr.jp/cards/001231/files/46296_txt_35652.zip	0
046297	世界に於ける印度	松本	文三郎	旧字旧仮名	NDC 162	https://www.aozora.gr.jp/cards/001231/files/46297_txt_37292.zip	0
046298	服部先生の思出	狩野	直喜	旧字旧仮名	NDC 122	https://www.aozora.gr.jp/cards/001127/files/46298_txt_42234.zip	0
046322	銀河鉄道の夜	宮沢	賢治	旧字旧仮名	NDC K913	https://www.aozora.gr.jp/cards/000081/files/46322_ruby_23941.zip	44605
046333	誤まれる姓名の逆列	伊東	忠太	旧字旧仮名	NDC 288 914	https://www.aozora.gr.jp/cards/001232/files/46333_ruby_28274.zip	0
046334	建築の本義	伊東	忠太	旧字旧仮名	NDC 520	https://www.aozora.gr.jp/cards/001232/files/46334_ruby_28275.zip	0
046335	国語尊重	伊東	忠太	旧字旧仮名	NDC 914	https://www.aozora.gr.jp/cards/001232/files/46335_ruby_28276.zip	0
046336	日本建築の発達と地震	伊東	忠太	旧字旧仮名	NDC 369 453 524	https://www.aozora.gr.jp/cards/001232/files/46336_ruby_28277.zip	0
046337	妖怪研究	伊東	忠太	旧字旧仮名	NDC 147 387	https://www.aozora.gr.jp/cards/001232/files/46337_ruby_28278.zip	0
046339	反逆の呂律	武田	麟太郎	新字旧仮名	NDC 913	https://www.aozora.gr.jp/cards/000189/files/46339_ruby_23341.zip	0
046340	ファラデーの伝	愛知	敬一	新字新仮名	NDC 289	https://www.aozora.gr.jp/cards/001234/files/46340_ruby_24806.zip	26943
046349	檸檬	梶井	基次郎	旧字旧仮名	NDC 913	https://www.aozora.gr.jp/cards/000074/files/46349_ruby_23599.zip	28555
046361	なよたけ	加藤	道夫	新字新仮名	NDC 912	https://www.aozora.gr.jp/cards/001240/files/46361_ruby_24692.zip	0
046376	智恵子の半生	高村	光太郎	新字新仮名	NDC 914	https://www.aozora.gr.jp/cards/001168/files/46376_ruby_25581.zip	477
046387	春の落葉	辻村	もと子	旧字旧仮名	NDC 913	https://www.aozora.gr.jp/cards/001228/files/46387_txt_34285.zip	0
046403	「香水の表情」に就いて	大手	拓次	新字旧仮名	NDC 576 914	https://www.aozora.gr.jp/cards/000190/files/46403_ruby_23727.zip	0
046405	寡婦	秋田	滋	新字新仮名	NDC 953	https://www.aozora.gr.jp/cards/000903/files/46405_ruby_26844.zip	0
046406	貸家を探す話	高田	保	新字旧仮名	NDC 914	https://www.aozora.gr.jp/cards/001073/files/46406_txt_26026.zip	0
046407	京都人の夜景色	村山	槐多	新字旧仮名	NDC 911	https://www.aozora.gr.jp/cards/000014/files/46407_txt_26278.zip	0
046408	出雲鉄と安来節	田畑	修一郎	新字旧仮名	NDC 564 382	https://www.aozora.gr.jp/cards/000273/files/46408_ruby_27469.zip	0
046409	アリゾナの女虎	牧	逸馬	新字新仮名	NDC 913	https://www.aozora.gr.jp/cards/000304/files/46409_ruby_23557.zip	0
046411	沈黙の水平線	牧	逸馬	新字新仮名	NDC 916	https://www.aozora.gr.jp/cards/000304/files/46411_ruby_23856.zip	0
046417	月世界跋渉記	江見	水蔭	新字新仮名	NDC 913	https://www.aozora.gr.jp/cards/000448/files/46417_ruby_24422.zip	0
046421	クリスマスの贈物	竹久	夢二	新字新仮名	NDC K913	https://www.aozora.gr.jp/cards/000212/files/46421_ruby_23442.zip	0
046425	たどんの与太さん	竹久	夢二	新字新仮名	NDC K913	https://www.aozora.gr.jp/cards/000212/files/46425_ruby_23484.zip	0
046426	誰が・何時・何処で・何をした	竹久	夢二	新字新仮名	NDC K913	https://www.aozora.gr.jp/cards/000212/files/46426_ruby_23485.zip	0
046427	日輪草	竹久	夢二	新字新仮名	NDC K913	https://www.aozora.gr.jp/cards/000212/files/46427_ruby_23486.zip	0
046428	弘法大師と景教との関係	ゴルドン	エリザベス、アンナ	旧字旧仮名	NDC 188	https://www.aozora.gr.jp/cards/001241/files/46428_ruby_67398.zip	518
046430	海	尾崎	放哉	新字旧仮名	NDC 914	https://www.aozora.gr.jp/cards/000195/files/46430_ruby_27446.zip	0
046431	大きな蝙蝠傘	竹久	夢二	新字新仮名	NDC K913	https://www.aozora.gr.jp/cards/000212/files/46431_ruby_23487.zip	0
046432	大きな手	竹久	夢二	新字新仮名	NDC K913	https://www.aozora.gr.jp/cards/000212/files/46432_ruby_23488.zip	0
046433	玩具の汽缶車	竹久	夢二	新字新仮名	NDC K913	https://www.aozora.gr.jp/cards/000212/files/46433_ruby_23507.zip	0
046443	コロボックル風俗考	坪井	正五郎	旧字旧仮名	NDC 210	https://www.aozora.gr.jp/cards/001242/files/46443_ruby_33559.zip	0
046444	コロボックル北海道に住みしなるべし	坪井	正五郎	旧字旧仮名	NDC 210	https://www.aozora.gr.jp/cards/001242/files/46444_txt_33561.zip	0
046445	石器時代総論要領	坪井	正五郎	旧字旧仮名	NDC 210	https://www.aozora.gr.jp/cards/001242/files/46445_txt_32334.zip	0
046449	死剣と生縄	江見	水蔭	新字新仮名	NDC 913	https://www.aozora.gr.jp/cards/000448/files/46449_ruby_24267.zip	0
046454	社会的分業論	石川	三四郎	新字旧仮名	NDC 309	https://www.aozora.gr.jp/cards/001170/files/46454_ruby_25593.zip	0
046455	農本主義と土民思想	石川	三四郎	新字旧仮名	NDC 121 309	https://www.aozora.gr.jp/cards/001170/files/46455_txt_25596.zip	0
046456	半農生活者の群に入るまで	石川	三四郎	新字旧仮名	NDC 121 309	https://www.aozora.gr.jp/cards/001170/files/46456_ruby_25599.zip	0
046457	吾等の使命	石川	三四郎	新字旧仮名	NDC 121 610	https://www.aozora.gr.jp/cards/001170/files/46457_ruby_25601.zip	0
046458	太陽系統の滅亡	木村	小舟	新字新仮名	NDC 913	https://www.aozora.gr.jp/cards/001243/files/46458_ruby_24425.zip	0
046460	ウンベルト夫人の財産	牧	逸馬	新字新仮名		https://www.aozora.gr.jp/cards/000304/files/46460_ruby_78227.zip	0
046461	都会の類人猿	牧	逸馬	新字新仮名		https://www.aozora.gr.jp/cards/000304/files/46461_ruby_77907.zip	0
046462	肉屋に化けた人鬼	牧	逸馬	新字新仮名		https://www.aozora.gr.jp/cards/000304/files/46462_ruby_78113.zip	0
046463	盆踊り	田畑	修一郎	旧字旧仮名	NDC 914	https://www.aozora.gr.jp/cards/000273/files/46463_ruby_23722.zip	0
046470	放浪作家の冒険	西尾	正	新字新仮名	NDC 913	https://www.aozora.gr.jp/cards/001143/files/46470_ruby_24304.zip	0
046471	京鹿子娘道成寺	酒井	嘉七	新字新仮名	NDC 913	https://www.aozora.gr.jp/cards/001142/files/46471_ruby_24305.zip	0
046472	生きている戦死者	牧	逸馬	新字新仮名	NDC 913	https://www.aozora.gr.jp/cards/000304/files/46472_ruby_40502.zip	0
046473	運命のＳＯＳ	牧	逸馬	新字新仮名	NDC 913	https://www.aozora.gr.jp/cards/000304/files/46473_ruby_40503.zip	0
046480	怪異黒姫おろし	江見	水蔭	新字新仮名	NDC 913	https://www.aozora.gr.jp/cards/000448/files/46480_ruby_24265.zip	0
046481	壁の眼の怪	江見	水蔭	新字新仮名	NDC 913	https://www.aozora.gr.jp/cards/000448/files/46481_ruby_24266.zip	0
046482	手紙	知里	幸恵	新字旧仮名	NDC 289	https://www.aozora.gr.jp/cards/000276/files/46482_ruby_23997.zip	0
046483	悪因縁の怨	江見	水蔭	新字新仮名	NDC 913	https://www.aozora.gr.jp/cards/000448/files/46483_ruby_24263.zip	0
046484	抱茗荷の説	山本	禾太郎	新字新仮名	NDC 913	https://www.aozora.gr.jp/cards/000930/files/46484_ruby_29069.zip	0
046488	少年連盟	佐藤	紅緑	新字新仮名	NDC K913	https://www.aozora.gr.jp/cards/000575/files/46488_ruby_29360.zip	0
046489	備前天一坊	江見	水蔭	新字新仮名	NDC 913	https://www.aozora.gr.jp/cards/000448/files/46489_ruby_35921.zip	0
046497	青年実業家	内田	魯庵	新字旧仮名	NDC 914	https://www.aozora.gr.jp/cards/000165/files/46497_ruby_24380.zip	0
046498	フランソア・コッペ訪問記	堀口	九万一	新字旧仮名	NDC 914	https://www.aozora.gr.jp/cards/000302/files/46498_ruby_24426.zip	0
046505	智恵子の紙絵	高村	光太郎	新字旧仮名	NDC 914	https://www.aozora.gr.jp/cards/001168/files/46505_txt_25580.zip	288
046508	沈黙の扉	吉田	絃二郎	新字旧仮名	NDC 914	https://www.aozora.gr.jp/cards/001177/files/46508_ruby_25551.zip	0
046509	八月の星座	吉田	絃二郎	新字旧仮名	NDC 914	https://www.aozora.gr.jp/cards/001177/files/46509_ruby_25552.zip	0
046511	一片の石	会津	八一	新字旧仮名	NDC 914	https://www.aozora.gr.jp/cards/001245/files/46511_ruby_25555.zip	6244
046512	菊の根分をしながら	会津	八一	新字旧仮名	NDC 914	https://www.aozora.gr.jp/cards/001245/files/46512_ruby_25556.zip	0
046513	支那の明器	会津	八一	新字旧仮名	NDC 756 914	https://www.aozora.gr.jp/cards/001245/files/46513_txt_25557.zip	0
046514	拓本の話	会津	八一	旧字旧仮名	NDC 728 914	https://www.aozora.gr.jp/cards/001245/files/46514_ruby_25558.zip	0
046515	書籍の風俗	恩地	孝四郎	新字新仮名	NDC 022 914	https://www.aozora.gr.jp/cards/001246/files/46515_ruby_24694.zip	0
046516	兄の帰朝	小金井	喜美子	新字旧仮名	NDC 910 914	https://www.aozora.gr.jp/cards/001247/files/46516_ruby_25550.zip	0
046521	ばけものばなし	岸田	劉生	新字新仮名	NDC 147 387 388	https://www.aozora.gr.jp/cards/000251/files/46521_ruby_27522.zip	0
046522	想像と装飾の美	岸田	劉生	新字新仮名	NDC 720 914	https://www.aozora.gr.jp/cards/000251/files/46522_ruby_25116.zip	0
046523	「汐くみ」の画に就いて	上村	松園	新字新仮名	NDC 721	https://www.aozora.gr.jp/cards/000355/files/46523_ruby_26622.zip	0
046524	朝顔日記の深雪と淀君	上村	松園	新字新仮名	NDC 721	https://www.aozora.gr.jp/cards/000355/files/46524_ruby_26619.zip	0
046525	あのころ	上村	松園	新字新仮名	NDC 721	https://www.aozora.gr.jp/cards/000355/files/46525_ruby_26618.zip	0
046526	作画について	上村	松園	新字新仮名	NDC 721	https://www.aozora.gr.jp/cards/000355/files/46526_ruby_26620.zip	0
046527	三人の師	上村	松園	新字新仮名	NDC 721	https://www.aozora.gr.jp/cards/000355/files/46527_ruby_26621.zip	0
046528	車中有感	上村	松園	新字新仮名	NDC 721	https://www.aozora.gr.jp/cards/000355/files/46528_ruby_26623.zip	0
046529	好きな髷のことなど	上村	松園	新字新仮名	NDC 383 721	https://www.aozora.gr.jp/cards/000355/files/46529_ruby_26624.zip	0
046530	髷	上村	松園	新字新仮名	NDC 383 721	https://www.aozora.gr.jp/cards/000355/files/46530_txt_26625.zip	0
046534	歌よみに与ふる書	正岡	子規	新字新仮名	NDC 911	https://www.aozora.gr.jp/cards/000305/files/46534_ruby_59598.zip	479
046536	良夜	徳冨	蘆花	新字旧仮名	NDC 914	https://www.aozora.gr.jp/cards/000280/files/46536_ruby_24154.zip	0
046537	花月の夜	徳冨	蘆花	新字旧仮名	NDC 914	https://www.aozora.gr.jp/cards/000280/files/46537_ruby_24155.zip	0
046567	魚美人	佐藤	惣之助	新字旧仮名	NDC 787	https://www.aozora.gr.jp/cards/000577/files/46567_ruby_57521.zip	347
046568	釣心魚心	佐藤	惣之助	新字旧仮名	NDC 787	https://www.aozora.gr.jp/cards/000577/files/46568_ruby_67976.zip	375
046569	釣れない時	佐藤	惣之助	新字旧仮名	NDC 787	https://www.aozora.gr.jp/cards/000577/files/46569_ruby_48037.zip	75
046570	夏と魚	佐藤	惣之助	新字旧仮名	NDC 787	https://www.aozora.gr.jp/cards/000577/files/46570_ruby_48038.zip	0
046571	日本の釣技	佐藤	惣之助	新字旧仮名	NDC 787	https://www.aozora.gr.jp/cards/000577/files/46571_ruby_66468.zip	350
046572	元日の釣	石井	研堂	新字旧仮名	NDC 787	https://www.aozora.gr.jp/cards/001252/files/46572_ruby_24468.zip	0
046573	研堂釣規	石井	研堂	新字旧仮名	NDC 787	https://www.aozora.gr.jp/cards/001252/files/46573_ruby_24469.zip	0
046574	釣好隠居の懺悔	石井	研堂	新字旧仮名	NDC 787	https://www.aozora.gr.jp/cards/001252/files/46574_ruby_24470.zip	0
046575	東京市騒擾中の釣	石井	研堂	新字旧仮名	NDC 787	https://www.aozora.gr.jp/cards/001252/files/46575_ruby_24471.zip	0
046576	昭和遊撃隊	平田	晋策	新字新仮名	NDC K913	https://www.aozora.gr.jp/cards/000748/files/46576_ruby_38774.zip	0
046586	頼襄を論ず	山路	愛山	新字旧仮名	NDC 289	https://www.aozora.gr.jp/cards/000837/files/46586_ruby_32674.zip	0
046587	愛の為めに	甲賀	三郎	新字新仮名	NDC 913	https://www.aozora.gr.jp/cards/000260/files/46587_ruby_24664.zip	0
046589	日蔭の街	松本	泰	新字新仮名	NDC 913	https://www.aozora.gr.jp/cards/000308/files/46589_ruby_24941.zip	0
046590	Ｐ丘の殺人事件	松本	泰	新字新仮名	NDC 913	https://www.aozora.gr.jp/cards/000308/files/46590_ruby_24940.zip	0
046593	歴史哲学	三木	清	旧字旧仮名	NDC 201	https://www.aozora.gr.jp/cards/000218/files/46593_txt_71649.zip	676
046596	茶話	薄田	泣菫	新字旧仮名	NDC 914	https://www.aozora.gr.jp/cards/000150/files/46596_ruby_50369.zip	3
046605	やまなし	宮沢	賢治	新字新仮名	NDC K913	https://www.aozora.gr.jp/cards/000081/files/46605_ruby_29758.zip	40830
046610	馬上三日の記	徳冨	蘆花	新字旧仮名	NDC 292 914	https://www.aozora.gr.jp/cards/000280/files/46610_ruby_25013.zip	0
046613	黄昏の告白	浜尾	四郎	新字新仮名	NDC 913	https://www.aozora.gr.jp/cards/000289/files/46613_ruby_27997.zip	0
046616	茶話	薄田	泣菫	新字旧仮名	NDC 914	https://www.aozora.gr.jp/cards/000150/files/46616_ruby_53776.zip	185
046617	茶話	薄田	泣菫	新字旧仮名	NDC 914	https://www.aozora.gr.jp/cards/000150/files/46617_ruby_53786.zip	76
046619	茶話	薄田	泣菫	新字旧仮名	NDC 914	https://www.aozora.gr.jp/cards/000150/files/46619_ruby_54705.zip	229
046620	茶話	薄田	泣菫	新字旧仮名	NDC 914	https://www.aozora.gr.jp/cards/000150/files/46620_ruby_54709.zip	174
046621	茶話	薄田	泣菫	新字旧仮名	NDC 914	https://www.aozora.gr.jp/cards/000150/files/46621_ruby_54713.zip	169
046622	茶話	薄田	泣菫	新字旧仮名	NDC 914	https://www.aozora.gr.jp/cards/000150/files/46622_ruby_54714.zip	99
046623	茶話	薄田	泣菫	新字旧仮名	NDC 914	https://www.aozora.gr.jp/cards/000150/files/46623_ruby_54718.zip	131
046624	茶話	薄田	泣菫	新字旧仮名	NDC 914	https://www.aozora.gr.jp/cards/000150/files/46624_ruby_54719.zip	130
046625	茶話	薄田	泣菫	新字旧仮名	NDC 914	https://www.aozora.gr.jp/cards/000150/files/46625_ruby_54723.zip	139
046644	序に代えて人生観上の自然主義を論ず	島村	抱月	新字新仮名	NDC 914	https://www.aozora.gr.jp/cards/000599/files/46644_ruby_26375.zip	0
046645	駅夫日記	白柳	秀湖	新字新仮名	NDC 913	https://www.aozora.gr.jp/cards/000956/files/46645_ruby_25778.zip	0
046647	深川女房	小栗	風葉	新字新仮名	NDC 913	https://www.aozora.gr.jp/cards/000241/files/46647_ruby_25780.zip	0
046648	書記官	川上	眉山	新字新仮名	NDC 913	https://www.aozora.gr.jp/cards/000507/files/46648_ruby_26374.zip	0
046649	かくれんぼ	斎藤	緑雨	新字新仮名	NDC 913	https://www.aozora.gr.jp/cards/000565/files/46649_ruby_25779.zip	0
046650	藪の鶯	三宅	花圃	新字新仮名	NDC 913	https://www.aozora.gr.jp/cards/000802/files/46650_ruby_26376.zip	0
046651	空家	宮崎	湖処子	新字新仮名	NDC 913	https://www.aozora.gr.jp/cards/000805/files/46651_ruby_26377.zip	0
046655	宝塚生い立ちの記	小林	一三	新字新仮名	NDC 775	https://www.aozora.gr.jp/cards/001256/files/46655_ruby_29119.zip	0
046656	東京宝塚劇場の再開に憶う	小林	一三	新字新仮名	NDC 775	https://www.aozora.gr.jp/cards/001256/files/46656_txt_29121.zip	0
046657	アーニイ・パイルの前に立ちて	小林	一三	新字新仮名	NDC 775	https://www.aozora.gr.jp/cards/001256/files/46657_txt_29246.zip	0
046658	スリーピー・ホローの伝説	アーヴィング	ワシントン	新字新仮名	NDC 933	https://www.aozora.gr.jp/cards/001257/files/46658_ruby_44679.zip	16731
046659	エスペラントの話	二葉亭	四迷	新字旧仮名	NDC 899	https://www.aozora.gr.jp/cards/000006/files/46659_ruby_25028.zip	0
046660	緑衣の女	松本	泰	新字新仮名	NDC 913	https://www.aozora.gr.jp/cards/000308/files/46660_ruby_27796.zip	0
046668	改暦弁	福沢	諭吉	旧字旧仮名	NDC 449	https://www.aozora.gr.jp/cards/000296/files/46668_ruby_66673.zip	274
046669	智恵子抄	高村	光太郎	新字旧仮名	NDC 911	https://www.aozora.gr.jp/cards/001168/files/46669_ruby_25674.zip	58926
046671	山遊び	木下	利玄	旧字旧仮名	NDC 914	https://www.aozora.gr.jp/cards/000526/files/46671_ruby_39114.zip	0
046684	学問の独立	福沢	諭吉	新字新仮名	NDC 002 371	https://www.aozora.gr.jp/cards/000296/files/46684_ruby_26314.zip	1709
046686	物理学の要用	福沢	諭吉	新字新仮名	NDC 121 420	https://www.aozora.gr.jp/cards/000296/files/46686_ruby_24922.zip	2425
046687	おせん	邦枝	完二	新字新仮名	NDC 913	https://www.aozora.gr.jp/cards/001261/files/46687_ruby_26552.zip	0
046694	きのこ会議	夢野	久作	新字新仮名	NDC K913	https://www.aozora.gr.jp/cards/000096/files/46694_ruby_27636.zip	2024
046695	「生活」＋「戦争」＋「競技」÷０＝能	癋見	鈍太郎	新字新仮名	NDC 914	https://www.aozora.gr.jp/cards/000096/files/46695_ruby_27665.zip	0
046704	豚と猪	土原	耕作	新字新仮名	NDC K913	https://www.aozora.gr.jp/cards/000096/files/46704_txt_27644.zip	0
046711	ビール会社征伐	夢野	久作	新字新仮名	NDC 914	https://www.aozora.gr.jp/cards/000096/files/46711_ruby_27670.zip	651
046712	犬と人形	海若	藍平	新字新仮名	NDC K913	https://www.aozora.gr.jp/cards/000096/files/46712_ruby_27630.zip	0
046713	章魚の足	海若	藍平	新字新仮名	NDC K913	https://www.aozora.gr.jp/cards/000096/files/46713_ruby_27650.zip	0
046714	どろぼう猫	海若	藍平	新字新仮名	NDC 913	https://www.aozora.gr.jp/cards/000096/files/46714_ruby_27640.zip	0
046715	ドン	海若	藍平	新字新仮名	NDC K913	https://www.aozora.gr.jp/cards/000096/files/46715_ruby_27641.zip	0
046716	虻のおれい	香倶土	三鳥	新字新仮名	NDC K913	https://www.aozora.gr.jp/cards/000096/files/46716_ruby_27628.zip	109
046717	医者と病人	香倶土	三鳥	新字新仮名	NDC K913	https://www.aozora.gr.jp/cards/000096/files/46717_txt_27629.zip	195
046718	梅のにおい	香倶土	三鳥	新字新仮名	NDC K913	https://www.aozora.gr.jp/cards/000096/files/46718_ruby_27647.zip	0
046719	鉛筆のシン	香倶土	三鳥	新字新仮名	NDC K913	https://www.aozora.gr.jp/cards/000096/files/46719_txt_27633.zip	0
046720	お金とピストル	香倶土	三鳥	新字新仮名	NDC K913	https://www.aozora.gr.jp/cards/000096/files/46720_ruby_27648.zip	0
046721	がちゃがちゃ	香倶土	三鳥	新字新仮名	NDC K913	https://www.aozora.gr.jp/cards/000096/files/46721_ruby_27635.zip	0
046722	鷹とひらめ	香倶土	三鳥	新字新仮名	NDC K913	https://www.aozora.gr.jp/cards/000096/files/46722_txt_27649.zip	0
046723	狸と与太郎	香倶土	三鳥	新字新仮名	NDC K913	https://www.aozora.gr.jp/cards/000096/files/46723_ruby_27651.zip	0
046724	電信柱と黒雲	香倶土	三鳥	新字新仮名	NDC K913	https://www.aozora.gr.jp/cards/000096/files/46724_txt_27639.zip	0
046725	人形と狼	香倶土	三鳥	新字新仮名	NDC K913	https://www.aozora.gr.jp/cards/000096/files/46725_ruby_27653.zip	0
046726	二つの鞄	香倶土	三鳥	新字新仮名	NDC K913	https://www.aozora.gr.jp/cards/000096/files/46726_ruby_27643.zip	0
046727	二人の男と荷車曳き	香倶土	三鳥	新字新仮名	NDC K913	https://www.aozora.gr.jp/cards/000096/files/46727_ruby_27645.zip	0
046728	森の神	香倶土	三鳥	新字新仮名	NDC K913	https://www.aozora.gr.jp/cards/000096/files/46728_txt_27658.zip	0
046731	蚤と蚊	土原	耕作	新字新仮名	NDC K913	https://www.aozora.gr.jp/cards/000096/files/46731_txt_27655.zip	0
046732	蛇と蛙	土原	耕作	新字新仮名	NDC K913	https://www.aozora.gr.jp/cards/000096/files/46732_txt_27646.zip	0
046733	ペンとインキ	土原	耕作	新字新仮名	NDC K913	https://www.aozora.gr.jp/cards/000096/files/46733_txt_27656.zip	0
046734	教育の目的	福沢	諭吉	新字新仮名	NDC 371	https://www.aozora.gr.jp/cards/000296/files/46734_ruby_25781.zip	5706
046751	利根川の鮎	佐藤	垢石	新字新仮名	NDC 787 914	https://www.aozora.gr.jp/cards/001248/files/46751_ruby_57540.zip	136
046818	笑いの歌	ブレイク	ウィリアム	新字新仮名	NDC 931	https://www.aozora.gr.jp/cards/000115/files/46818_ruby_29306.zip	0
046820	植物一日一題	牧野	富太郎	新字新仮名	NDC 470	https://www.aozora.gr.jp/cards/001266/files/46820_ruby_29304.zip	4269
046821	植物知識	牧野	富太郎	新字新仮名	NDC 470	https://www.aozora.gr.jp/cards/001266/files/46821_ruby_29302.zip	3009
046822	ジャン・クリストフ	豊島	与志雄	新字新仮名	NDC K953	https://www.aozora.gr.jp/cards/001093/files/46822_ruby_28931.zip	13049
046823	懐中時計	土原	耕作	新字新仮名	NDC K913	https://www.aozora.gr.jp/cards/000096/files/46823_txt_27634.zip	29
046824	石をしょわずに	村山	俊太郎	新字新仮名	NDC 370	https://www.aozora.gr.jp/cards/001225/files/46824_txt_37457.zip	0
046827	瘠我慢の説	榎本	武揚	新字新仮名	NDC 121 312	https://www.aozora.gr.jp/cards/000296/files/46827_ruby_24772.zip	0
046828	瘠我慢の説	石河	幹明	新字新仮名	NDC 121 312	https://www.aozora.gr.jp/cards/001206/files/46828_ruby_24774.zip	0
046829	瘠我慢の説	木村	芥舟	新字新仮名	NDC 121 312	https://www.aozora.gr.jp/cards/001207/files/46829_ruby_24776.zip	0
046831	鴎外の思い出	小金井	喜美子	新字新仮名	NDC 910 914	https://www.aozora.gr.jp/cards/001247/files/46831_ruby_28523.zip	0
046832	チチアンの死	木下	杢太郎	新字新仮名	NDC 942	https://www.aozora.gr.jp/cards/001192/files/46832_ruby_27515.zip	0
046833	泉鏡花先生のこと	小村	雪岱	新字新仮名	NDC 914	https://www.aozora.gr.jp/cards/001268/files/46833_ruby_27514.zip	0
046834	命の鍛錬	関	寛	旧字旧仮名	NDC 159 498	https://www.aozora.gr.jp/cards/001026/files/46834_ruby_26979.zip	0
046835	養生心得草	関	寛	旧字旧仮名	NDC 498	https://www.aozora.gr.jp/cards/001026/files/46835_ruby_26980.zip	0
046845	人生論ノート	三木	清	旧字旧仮名	NDC 121	https://www.aozora.gr.jp/cards/000218/files/46845_txt_29042.zip	14565
046860	レ・ミゼラブル	豊島	与志雄	新字新仮名	NDC 914 953 954	https://www.aozora.gr.jp/cards/000906/files/46860_ruby_25025.zip	18782
046861	レ・ミゼラブル	豊島	与志雄	新字新仮名	NDC 914 953 954	https://www.aozora.gr.jp/cards/000906/files/46861_ruby_25026.zip	6252
046886	永遠の夫	神西	清	旧字新仮名	NDC 983	https://www.aozora.gr.jp/cards/000363/files/46886_ruby_62791.zip	844
046888	私の社交ダンス	久米	正雄	新字旧仮名	NDC 799 914	https://www.aozora.gr.jp/cards/001151/files/46888_ruby_27512.zip	0
046889	市街を散歩する人の心持	木下	杢太郎	新字旧仮名	NDC 914	https://www.aozora.gr.jp/cards/000120/files/46889_ruby_27513.zip	0
046893	月日	北条	民雄	新字旧仮名	NDC 913	https://www.aozora.gr.jp/cards/000997/files/46893_ruby_59516.zip	315
046895	童貞記	北条	民雄	新字旧仮名	NDC 913	https://www.aozora.gr.jp/cards/000997/files/46895_txt_60454.zip	992
046896	白痴	北条	民雄	新字旧仮名	NDC 913	https://www.aozora.gr.jp/cards/000997/files/46896_ruby_60455.zip	617
046897	間木老人	北条	民雄	新字旧仮名	NDC 913	https://www.aozora.gr.jp/cards/000997/files/46897_ruby_60838.zip	357
046898	癩を病む青年達	北条	民雄	新字旧仮名	NDC 913	https://www.aozora.gr.jp/cards/000997/files/46898_ruby_60157.zip	294
046905	重病室日誌	北条	民雄	新字新仮名	NDC 915	https://www.aozora.gr.jp/cards/000997/files/46905_txt_59604.zip	588
046930	荘子	岡本	かの子	新字新仮名	NDC 913	https://www.aozora.gr.jp/cards/000076/files/46930_ruby_33250.zip	681
046946	親鸞	三木	清	新字新仮名	NDC 121 188	https://www.aozora.gr.jp/cards/000218/files/46946_ruby_28257.zip	71
046962	万葉集研究	折口	信夫	新字旧仮名	NDC 911	https://www.aozora.gr.jp/cards/000933/files/46962_ruby_28187.zip	559
046963	万葉集の解題	折口	信夫	新字旧仮名	NDC 911	https://www.aozora.gr.jp/cards/000933/files/46963_ruby_26902.zip	412
046964	万葉集のなり立ち	折口	信夫	新字旧仮名	NDC 911	https://www.aozora.gr.jp/cards/000933/files/46964_ruby_28188.zip	415
046968	朝	北条	民雄	新字旧仮名	NDC 913	https://www.aozora.gr.jp/cards/000997/files/46968_txt_63190.zip	417
046969	盂蘭盆	北条	民雄	新字旧仮名	NDC 913	https://www.aozora.gr.jp/cards/000997/files/46969_ruby_62000.zip	388
046970	大阪の一夜	北条	民雄	新字旧仮名	NDC 913	https://www.aozora.gr.jp/cards/000997/files/46970_txt_65667.zip	314
046971	邂逅	北条	民雄	新字旧仮名	NDC 913	https://www.aozora.gr.jp/cards/000997/files/46971_ruby_66470.zip	368
046972	鬼神	北条	民雄	新字旧仮名	NDC 913	https://www.aozora.gr.jp/cards/000997/files/46972_ruby_60426.zip	311
046974	人間再建	北条	民雄	新字旧仮名	NDC 913	https://www.aozora.gr.jp/cards/000997/files/46974_txt_63191.zip	389
046975	無題Ⅰ	北条	民雄	新字旧仮名	NDC 913	https://www.aozora.gr.jp/cards/000997/files/46975_ruby_64884.zip	368
046976	無題Ⅱ	北条	民雄	新字旧仮名	NDC 913	https://www.aozora.gr.jp/cards/000997/files/46976_txt_64885.zip	268
046977	癩者	北条	民雄	新字旧仮名	NDC 913	https://www.aozora.gr.jp/cards/000997/files/46977_ruby_66471.zip	354
046978	キリスト者の告白	北条	民雄	新字旧仮名	NDC 913	https://www.aozora.gr.jp/cards/000997/files/46978_ruby_60837.zip	390
046979	筑波ねのほとり	横瀬	夜雨	旧字旧仮名	NDC 911 914	https://www.aozora.gr.jp/cards/000370/files/46979_ruby_47388.zip	0
046981	日本趣味映画	溝口	健二	新字旧仮名	NDC 778	https://www.aozora.gr.jp/cards/001272/files/46981_ruby_41615.zip	0
046982	くまと車掌	木内	高音	新字新仮名	NDC K913	https://www.aozora.gr.jp/cards/000872/files/46982_ruby_29721.zip	0
046983	水菓子屋の要吉	木内	高音	新字新仮名	NDC K913	https://www.aozora.gr.jp/cards/000872/files/46983_ruby_29722.zip	0
046984	清造と沼	宮島	資夫	新字新仮名	NDC K913	https://www.aozora.gr.jp/cards/000929/files/46984_ruby_29720.zip	0
046985	鬼退治	下村	千秋	新字新仮名	NDC K913	https://www.aozora.gr.jp/cards/001205/files/46985_ruby_47020.zip	0
046986	神様の布団	下村	千秋	新字新仮名	NDC K913	https://www.aozora.gr.jp/cards/001205/files/46986_ruby_47021.zip	72
046987	曲馬団の「トッテンカン」	下村	千秋	新字新仮名	NDC K913	https://www.aozora.gr.jp/cards/001205/files/46987_ruby_47022.zip	0
046988	とんまの六兵衛	下村	千秋	新字新仮名	NDC K913	https://www.aozora.gr.jp/cards/001205/files/46988_ruby_47023.zip	0
046996	イーリアス	土井	晩翠	旧字旧仮名	NDC 991	https://www.aozora.gr.jp/cards/001099/files/46996_ruby_39570.zip	43
047001	恨なき殺人	宮島	資夫	新字新仮名	NDC 913	https://www.aozora.gr.jp/cards/000929/files/47001_ruby_62099.zip	400
047018	劒の教義	ガンジー	マハトマ	旧字旧仮名	NDC 126 225	https://www.aozora.gr.jp/cards/001277/files/47018_txt_26742.zip	0
047019	受動的抵抗の理論と実行	ガンジー	マハトマ	旧字旧仮名	NDC 126 225	https://www.aozora.gr.jp/cards/001277/files/47019_txt_26740.zip	0
047020	スワデシの誓	ガンジー	マハトマ	旧字旧仮名	NDC 126 225	https://www.aozora.gr.jp/cards/001277/files/47020_ruby_26741.zip	0
047021	印度の婦人へ	ガンジー	マハトマ	旧字旧仮名	NDC 126 225	https://www.aozora.gr.jp/cards/001277/files/47021_ruby_26738.zip	0
047024	非暴力	ガンジー	マハトマ	旧字旧仮名	NDC 126 225	https://www.aozora.gr.jp/cards/001277/files/47024_txt_26743.zip	14134
047025	神、国王、国家	ガンジー	マハトマ	旧字旧仮名	NDC 126 225	https://www.aozora.gr.jp/cards/001277/files/47025_txt_26739.zip	0
047032	隅田の春	饗庭	篁村	新字旧仮名	NDC 914	https://www.aozora.gr.jp/cards/000374/files/47032_ruby_31251.zip	0
047042	キリストのヨルカに召された少年	神西	清	新字新仮名	NDC K983	https://www.aozora.gr.jp/cards/000363/files/47042_ruby_34286.zip	453
047043	百姓マレイ	神西	清	新字新仮名	NDC K983	https://www.aozora.gr.jp/cards/000363/files/47043_ruby_34287.zip	141
047052	天衣無縫	織田	作之助	新字新仮名	NDC 913	https://www.aozora.gr.jp/cards/000040/files/47052_ruby_32362.zip	2028
047057	共産党宣言	エンゲルス	フリードリッヒ	旧字旧仮名	NDC 309	https://www.aozora.gr.jp/cards/001138/files/47057_ruby_57449.zip	20020
047058	『人形の家』解説	島村	抱月	旧字旧仮名	NDC 949	https://www.aozora.gr.jp/cards/000599/files/47058_ruby_31736.zip	0
047059	子をつれて	葛西	善蔵	新字新仮名	NDC 913	https://www.aozora.gr.jp/cards/000984/files/47059_ruby_29517.zip	0
047061	学問のすすめ	福沢	諭吉	新字新仮名	NDC 370	https://www.aozora.gr.jp/cards/000296/files/47061_ruby_28378.zip	66553
047063	修身要領	慶應義塾		新字旧仮名	NDC 377	https://www.aozora.gr.jp/cards/000296/files/47063_ruby_32086.zip	47
047064	嫉妬する夫の手記	二葉亭	四迷	新字旧仮名	NDC 914	https://www.aozora.gr.jp/cards/000006/files/47064_txt_31250.zip	0
047065	人形芝居に関するノオト	竹内	勝太郎	新字新仮名	NDC 777 914	https://www.aozora.gr.jp/cards/000636/files/47065_ruby_31216.zip	0
047066	競馬興行と競馬狂の話	桂	小南	新字旧仮名	NDC 788 914	https://www.aozora.gr.jp/cards/001286/files/47066_txt_32183.zip	0
047067	水晶の栓	新青年編輯局		新字新仮名	NDC K953	https://www.aozora.gr.jp/cards/001121/files/47067_ruby_38070.zip	10187
047074	親ごころ	秋田	滋	新字新仮名	NDC 953	https://www.aozora.gr.jp/cards/000903/files/47074_ruby_39140.zip	0
047076	狂人日記	秋田	滋	新字新仮名	NDC 953	https://www.aozora.gr.jp/cards/000903/files/47076_ruby_39141.zip	811
047098	新たに法学部に入学された諸君へ	末弘	厳太郎	新字新仮名	NDC 320	https://www.aozora.gr.jp/cards/000922/files/47098_ruby_29757.zip	0
047099	小知恵にとらわれた現代の法律学	末弘	厳太郎	新字新仮名	NDC 320	https://www.aozora.gr.jp/cards/000922/files/47099_txt_30895.zip	0
047100	法学とは何か	末弘	厳太郎	新字新仮名	NDC 320	https://www.aozora.gr.jp/cards/000922/files/47100_ruby_32181.zip	0
047102	任侠二刀流	国枝	史郎	新字新仮名	NDC 913	https://www.aozora.gr.jp/cards/000255/files/47102_ruby_69270.zip	625
047106	雨夜の駅	宮城	道雄	新字新仮名	NDC 768 914	https://www.aozora.gr.jp/cards/001288/files/47106_txt_28768.zip	0
047107	音の世界に生きる	宮城	道雄	新字新仮名	NDC 768 914	https://www.aozora.gr.jp/cards/001288/files/47107_ruby_28769.zip	0
047108	垣隣り	宮城	道雄	新字新仮名	NDC 768 914	https://www.aozora.gr.jp/cards/001288/files/47108_txt_28770.zip	0
047109	声と食物	宮城	道雄	新字新仮名	NDC 768 914	https://www.aozora.gr.jp/cards/001288/files/47109_ruby_28888.zip	0
047110	声と性格	宮城	道雄	新字新仮名	NDC 768 914	https://www.aozora.gr.jp/cards/001288/files/47110_txt_28889.zip	0
047111	声と人柄	宮城	道雄	新字新仮名	NDC 768 914	https://www.aozora.gr.jp/cards/001288/files/47111_ruby_28890.zip	0
047112	心の調べ	宮城	道雄	新字新仮名	NDC 768 914	https://www.aozora.gr.jp/cards/001288/files/47112_txt_27517.zip	0
047113	五十年をかえりみて	宮城	道雄	新字新仮名	NDC 768 914	https://www.aozora.gr.jp/cards/001288/files/47113_txt_28771.zip	0
047114	純粋の声	宮城	道雄	新字新仮名	NDC 768 914	https://www.aozora.gr.jp/cards/001288/files/47114_txt_28891.zip	0
047115	春雨	宮城	道雄	新字新仮名	NDC 768 914	https://www.aozora.gr.jp/cards/001288/files/47115_txt_28772.zip	0
047116	耳の日記	宮城	道雄	新字新仮名	NDC 768 914	https://www.aozora.gr.jp/cards/001288/files/47116_txt_28892.zip	0
047117	昔の盲人と外国の盲人	宮城	道雄	新字新仮名	NDC 768 914	https://www.aozora.gr.jp/cards/001288/files/47117_ruby_28893.zip	0
047118	山の声	宮城	道雄	新字新仮名	NDC 768 914	https://www.aozora.gr.jp/cards/001288/files/47118_ruby_27518.zip	0
047119	私のすきな人	宮城	道雄	新字新仮名	NDC 768 914	https://www.aozora.gr.jp/cards/001288/files/47119_txt_28894.zip	0
047120	私の若い頃	宮城	道雄	新字新仮名	NDC 768 914	https://www.aozora.gr.jp/cards/001288/files/47120_txt_27519.zip	0
047122	八犬伝談余	内田	魯庵	新字新仮名	NDC 910	https://www.aozora.gr.jp/cards/000165/files/47122_ruby_35714.zip	0
047123	ディカーニカ近郷夜話　前篇	ゴーゴリ	ニコライ	新字旧仮名	NDC 983 984	https://www.aozora.gr.jp/cards/000207/files/47123_ruby_35570.zip	0
047124	ディカーニカ近郷夜話　前篇	ゴーゴリ	ニコライ	新字旧仮名	NDC 983	https://www.aozora.gr.jp/cards/000207/files/47124_ruby_35571.zip	0
047125	ディカーニカ近郷夜話　前篇	ゴーゴリ	ニコライ	新字旧仮名	NDC 983	https://www.aozora.gr.jp/cards/000207/files/47125_ruby_35572.zip	0
047126	ディカーニカ近郷夜話　前篇	ゴーゴリ	ニコライ	新字旧仮名	NDC 983	https://www.aozora.gr.jp/cards/000207/files/47126_ruby_35573.zip	0
047127	ディカーニカ近郷夜話　前篇	ゴーゴリ	ニコライ	新字旧仮名	NDC 983	https://www.aozora.gr.jp/cards/000207/files/47127_ruby_35574.zip	0
047128	ディカーニカ近郷夜話　後篇	ゴーゴリ	ニコライ	新字旧仮名	NDC 983 984	https://www.aozora.gr.jp/cards/000207/files/47128_ruby_35722.zip	0
047129	ディカーニカ近郷夜話　後篇	ゴーゴリ	ニコライ	新字旧仮名	NDC 983	https://www.aozora.gr.jp/cards/000207/files/47129_ruby_35726.zip	0
047130	ディカーニカ近郷夜話　後篇	ゴーゴリ	ニコライ	新字旧仮名	NDC 983	https://www.aozora.gr.jp/cards/000207/files/47130_ruby_35723.zip	0
047131	ディカーニカ近郷夜話　後篇	ゴーゴリ	ニコライ	新字旧仮名	NDC 983	https://www.aozora.gr.jp/cards/000207/files/47131_ruby_35724.zip	0
047132	ディカーニカ近郷夜話　後篇	ゴーゴリ	ニコライ	新字旧仮名	NDC 983	https://www.aozora.gr.jp/cards/000207/files/47132_ruby_35725.zip	0
047137	黄金機会	若松	賤子	新字旧仮名	NDC K913	https://www.aozora.gr.jp/cards/000163/files/47137_ruby_41947.zip	0
047138	鼻で鱒を釣つた話（実事）	若松	賤子	新字旧仮名	NDC K913	https://www.aozora.gr.jp/cards/000163/files/47138_ruby_41946.zip	0
047139	一老人	犬田	卯	新字新仮名	NDC 913	https://www.aozora.gr.jp/cards/001289/files/47139_ruby_29256.zip	0
047140	おびとき	犬田	卯	新字新仮名	NDC 913	https://www.aozora.gr.jp/cards/001289/files/47140_ruby_29294.zip	0
047141	錦紗	犬田	卯	新字新仮名	NDC 913	https://www.aozora.gr.jp/cards/001289/files/47141_ruby_29272.zip	0
047142	競馬	犬田	卯	新字新仮名	NDC 913	https://www.aozora.gr.jp/cards/001289/files/47142_ruby_29268.zip	0
047143	荒蕪地	犬田	卯	新字新仮名	NDC 913	https://www.aozora.gr.jp/cards/001289/files/47143_ruby_29276.zip	0
047144	瘤	犬田	卯	新字新仮名	NDC 913	https://www.aozora.gr.jp/cards/001289/files/47144_ruby_29117.zip	0
047145	米	犬田	卯	新字新仮名	NDC 913	https://www.aozora.gr.jp/cards/001289/files/47145_ruby_29278.zip	0
047146	沼畔小話集	犬田	卯	新字新仮名	NDC 913	https://www.aozora.gr.jp/cards/001289/files/47146_ruby_29300.zip	0
047147	橋の上	犬田	卯	新字新仮名	NDC 913	https://www.aozora.gr.jp/cards/001289/files/47147_ruby_29250.zip	0
047148	『吾輩は猫である』上篇自序	夏目	漱石	新字新仮名	NDC 913 914	https://www.aozora.gr.jp/cards/000148/files/47148_ruby_32216.zip	53284
047154	「みの」の死	平山	千代子	新字旧仮名	NDC 914	https://www.aozora.gr.jp/cards/001292/files/47154_ruby_29380.zip	0
047155	赤ちやん	平山	千代子	新字旧仮名	NDC 914	https://www.aozora.gr.jp/cards/001292/files/47155_ruby_29372.zip	0
047156	石	平山	千代子	新字旧仮名	NDC 914	https://www.aozora.gr.jp/cards/001292/files/47156_txt_29373.zip	0
047157	お泊り	平山	千代子	新字旧仮名	NDC 914	https://www.aozora.gr.jp/cards/001292/files/47157_txt_29374.zip	0
047158	汽車	平山	千代子	新字旧仮名	NDC 914	https://www.aozora.gr.jp/cards/001292/files/47158_txt_29376.zip	0
047159	小説	平山	千代子	新字旧仮名	NDC 914	https://www.aozora.gr.jp/cards/001292/files/47159_txt_29377.zip	0
047160	転校	平山	千代子	新字旧仮名	NDC 914	https://www.aozora.gr.jp/cards/001292/files/47160_ruby_29378.zip	0
047161	カイダイ	平山	千代子	新字旧仮名	NDC 914	https://www.aozora.gr.jp/cards/001292/files/47161_ruby_29375.zip	0
047162	ハナとタマシヒ	平山	千代子	新字旧仮名	NDC 914	https://www.aozora.gr.jp/cards/001292/files/47162_ruby_29379.zip	0
047163	二笑亭綺譚	式場	隆三郎	新字新仮名	NDC 521	https://www.aozora.gr.jp/cards/001862/files/47163_txt_64040.zip	85
047164	音楽界の迷信	兼常	清佐	新字新仮名	NDC 760	https://www.aozora.gr.jp/cards/001294/files/47164_ruby_29137.zip	0
047165	勝太郎	兼常	清佐	新字新仮名	NDC 768	https://www.aozora.gr.jp/cards/001294/files/47165_ruby_29138.zip	0
047166	久野女史をいたむ	兼常	清佐	新字新仮名	NDC 763 914	https://www.aozora.gr.jp/cards/001294/files/47166_txt_29284.zip	0
047167	ニッポン音楽	兼常	清佐	新字新仮名	NDC 768	https://www.aozora.gr.jp/cards/001294/files/47167_ruby_29123.zip	0
047168	流行唄	兼常	清佐	新字新仮名	NDC 767	https://www.aozora.gr.jp/cards/001294/files/47168_ruby_29252.zip	0
047169	レコード蒐集	兼常	清佐	新字新仮名	NDC 760	https://www.aozora.gr.jp/cards/001294/files/47169_txt_29296.zip	0
047173	桑の実	鈴木	三重吉	新字旧仮名	NDC 913	https://www.aozora.gr.jp/cards/000107/files/47173_ruby_61565.zip	355
047208	二人の男	島田	清次郎	新字旧仮名	NDC 913	https://www.aozora.gr.jp/cards/000595/files/47208_ruby_46837.zip	0
047231	秋空晴れて	吉田	甲子太郎	新字新仮名	NDC K913	https://www.aozora.gr.jp/cards/001258/files/47231_ruby_29109.zip	0
047232	負けない少年	吉田	甲子太郎	新字新仮名	NDC K913	https://www.aozora.gr.jp/cards/001258/files/47232_ruby_29286.zip	0
047233	風に飜へる梧桐の実	牧野	富太郎	新字旧仮名	NDC 470	https://www.aozora.gr.jp/cards/001266/files/47233_ruby_29322.zip	0
047234	寒桜の話	牧野	富太郎	新字新仮名	NDC 470	https://www.aozora.gr.jp/cards/001266/files/47234_ruby_29115.zip	0
047235	火の玉を見たこと	牧野	富太郎	新字新仮名	NDC 147 914	https://www.aozora.gr.jp/cards/001266/files/47235_ruby_29254.zip	0
047236	若き日の思い出	牧野	富太郎	新字新仮名	NDC 470	https://www.aozora.gr.jp/cards/001266/files/47236_ruby_29320.zip	0
047237	アケビ	牧野	富太郎	新字新仮名	NDC 470	https://www.aozora.gr.jp/cards/001266/files/47237_ruby_29244.zip	0
047238	カキツバタ一家言	牧野	富太郎	新字新仮名	NDC 470	https://www.aozora.gr.jp/cards/001266/files/47238_ruby_29262.zip	0
047239	ムジナモ発見物語り	牧野	富太郎	新字新仮名	NDC 470	https://www.aozora.gr.jp/cards/001266/files/47239_ruby_29290.zip	0
047285	ニュー・ヨーク　『青春の自画像』より	前田河	広一郎	新字新仮名	NDC 914	https://www.aozora.gr.jp/cards/001297/files/47285_ruby_29125.zip	0
047286	出版の今昔	市島	春城	旧字旧仮名		https://www.aozora.gr.jp/cards/000412/files/47286_txt_77841.zip	0
047289	夜の構図	織田	作之助	新字新仮名	NDC 913	https://www.aozora.gr.jp/cards/000040/files/47289_ruby_51220.zip	98
047291	芸術と数学及び科学	三上	義夫	新字新仮名	NDC 410	https://www.aozora.gr.jp/cards/001017/files/47291_ruby_38775.zip	0
047292	和算の社会的・芸術的特性について	三上	義夫	新字新仮名	NDC 410	https://www.aozora.gr.jp/cards/001017/files/47292_ruby_38766.zip	0
047293	日本男子論	福沢	諭吉	新字新仮名	NDC 367	https://www.aozora.gr.jp/cards/000296/files/47293_ruby_33286.zip	380
047296	ランボオ詩集	中原	中也	新字旧仮名	NDC 951	https://www.aozora.gr.jp/cards/001296/files/47296_ruby_29415.zip	22939
047340	数学史の研究に就きて	三上	義夫	新字新仮名	NDC 410	https://www.aozora.gr.jp/cards/001017/files/47340_ruby_38856.zip	0
047341	文化史上より見たる日本の数学	三上	義夫	新字新仮名	NDC 410	https://www.aozora.gr.jp/cards/001017/files/47341_ruby_39257.zip	0
047342	剣侠受難	国枝	史郎	新字新仮名	NDC 913	https://www.aozora.gr.jp/cards/000255/files/47342_ruby_70688.zip	418
047356	其中日記	種田	山頭火	新字旧仮名	NDC 911 915	https://www.aozora.gr.jp/cards/000146/files/47356_ruby_33287.zip	0
047357	生活の探求	島木	健作	旧字旧仮名	NDC 913	https://www.aozora.gr.jp/cards/000008/files/47357_ruby_65438.zip	266
047361	一過程	島木	健作	旧字旧仮名	NDC 913	https://www.aozora.gr.jp/cards/000008/files/47361_ruby_37823.zip	0
047374	第一義の道	島木	健作	旧字旧仮名	NDC 913	https://www.aozora.gr.jp/cards/000008/files/47374_ruby_39190.zip	0
047382	盲目	島木	健作	旧字旧仮名	NDC 913	https://www.aozora.gr.jp/cards/000008/files/47382_ruby_37824.zip	0
047383	癩	島木	健作	旧字旧仮名	NDC 913	https://www.aozora.gr.jp/cards/000008/files/47383_ruby_37825.zip	0
047384	黎明	島木	健作	旧字旧仮名	NDC 913	https://www.aozora.gr.jp/cards/000008/files/47384_ruby_39191.zip	0
047386	続生活の探求	島木	健作	旧字旧仮名	NDC 913	https://www.aozora.gr.jp/cards/000008/files/47386_ruby_69027.zip	267
047414	奥さんの家出	国枝	史郎	新字新仮名	NDC 913	https://www.aozora.gr.jp/cards/000255/files/47414_ruby_58799.zip	644
047417	越後獅子	羽志	主水	新字新仮名	NDC 913	https://www.aozora.gr.jp/cards/001305/files/47417_ruby_33644.zip	0
047418	監獄部屋	羽志	主水	新字新仮名	NDC 913	https://www.aozora.gr.jp/cards/001305/files/47418_ruby_29113.zip	0
047419	広東葱	国枝	史郎	新字新仮名	NDC 913	https://www.aozora.gr.jp/cards/000255/files/47419_ruby_69545.zip	433
047420	国事犯の行方	国枝	史郎	新字新仮名	NDC 913	https://www.aozora.gr.jp/cards/000255/files/47420_ruby_71256.zip	694
047421	沙漠の歌	国枝	史郎	新字新仮名	NDC K913	https://www.aozora.gr.jp/cards/000255/files/47421_ruby_66707.zip	560
047422	沙漠の美姫	国枝	史郎	新字新仮名	NDC 913	https://www.aozora.gr.jp/cards/000255/files/47422_ruby_72973.zip	427
047424	死の航海	国枝	史郎	新字新仮名	NDC 913	https://www.aozora.gr.jp/cards/000255/files/47424_ruby_71102.zip	688
047425	死の復讐	国枝	史郎	新字新仮名	NDC 913	https://www.aozora.gr.jp/cards/000255/files/47425_ruby_58873.zip	513
047428	畳まれた町	国枝	史郎	新字新仮名	NDC 913	https://www.aozora.gr.jp/cards/000255/files/47428_ruby_71239.zip	488
047430	人間製造	国枝	史郎	新字新仮名	NDC 913	https://www.aozora.gr.jp/cards/000255/files/47430_ruby_72972.zip	542
047432	木乃伊の耳飾	国枝	史郎	新字新仮名	NDC 913	https://www.aozora.gr.jp/cards/000255/files/47432_ruby_70415.zip	459
047433	目撃者	国枝	史郎	新字新仮名	NDC 913	https://www.aozora.gr.jp/cards/000255/files/47433_ruby_70416.zip	522
047438	神楽坂	矢田	津世子	新字新仮名	NDC 913	https://www.aozora.gr.jp/cards/000317/files/47438_ruby_32489.zip	0
047439	痀女抄録	矢田	津世子	新字新仮名	NDC 913	https://www.aozora.gr.jp/cards/000317/files/47439_ruby_31785.zip	0
047440	鴻ノ巣女房	矢田	津世子	新字新仮名	NDC 913	https://www.aozora.gr.jp/cards/000317/files/47440_ruby_31786.zip	0
047441	旅役者の妻より	矢田	津世子	新字新仮名	NDC 913	https://www.aozora.gr.jp/cards/000317/files/47441_ruby_32511.zip	0
047442	父	矢田	津世子	新字新仮名	NDC 913	https://www.aozora.gr.jp/cards/000317/files/47442_ruby_32487.zip	0
047443	茶粥の記	矢田	津世子	新字新仮名	NDC 913	https://www.aozora.gr.jp/cards/000317/files/47443_ruby_32517.zip	0
047444	凍雲	矢田	津世子	新字新仮名	NDC 913	https://www.aozora.gr.jp/cards/000317/files/47444_ruby_32515.zip	0
047445	女心拾遺	矢田	津世子	新字新仮名	NDC 913	https://www.aozora.gr.jp/cards/000317/files/47445_ruby_32513.zip	0
047475	偽刑事	川田	功	新字新仮名	NDC 913	https://www.aozora.gr.jp/cards/001306/files/47475_ruby_33425.zip	0
047507	明治哲学界の回顧	井上	哲次郎	新字新仮名	NDC 121	https://www.aozora.gr.jp/cards/000420/files/47507_ruby_31040.zip	0
047508	教育心理に関する現下の問題二三	久保	良英	旧字旧仮名	NDC 371	https://www.aozora.gr.jp/cards/000537/files/47508_txt_29449.zip	0
047509	乳を刺す	邦枝	完二	新字新仮名	NDC 913	https://www.aozora.gr.jp/cards/001261/files/47509_ruby_37813.zip	0
047513	歌麿懺悔	邦枝	完二	新字新仮名	NDC 913	https://www.aozora.gr.jp/cards/001261/files/47513_ruby_32614.zip	0
047516	曲亭馬琴	邦枝	完二	新字新仮名	NDC 913	https://www.aozora.gr.jp/cards/001261/files/47516_ruby_31054.zip	0
047523	熊	久米	正雄	新字新仮名	NDC 913	https://www.aozora.gr.jp/cards/001151/files/47523_ruby_66291.zip	380
047552	桜の樹の下には	梶井	基次郎	新字旧仮名	NDC 913	https://www.aozora.gr.jp/cards/000074/files/47552_ruby_29364.zip	2187
047570	其中日記	種田	山頭火	新字旧仮名	NDC 911 915	https://www.aozora.gr.jp/cards/000146/files/47570_ruby_33323.zip	0
047592	誘拐者	山下	利三郎	新字新仮名	NDC 913	https://www.aozora.gr.jp/cards/001208/files/47592_ruby_29749.zip	0
047593	真珠塔の秘密	甲賀	三郎	新字新仮名	NDC 913	https://www.aozora.gr.jp/cards/000260/files/47593_ruby_29750.zip	0
047594	「いろは」の五色ガラスについて	木村	荘八	新字旧仮名	NDC 382	https://www.aozora.gr.jp/cards/001312/files/47594_ruby_34079.zip	0
047595	鏑木さん雑感	木村	荘八	新字旧仮名	NDC 382 721	https://www.aozora.gr.jp/cards/001312/files/47595_txt_34101.zip	0
047596	岸田劉生の日本画	木村	荘八	新字旧仮名	NDC 382 721	https://www.aozora.gr.jp/cards/001312/files/47596_txt_34103.zip	0
047597	銀座の柳	木村	荘八	新字旧仮名	NDC 382	https://www.aozora.gr.jp/cards/001312/files/47597_txt_34089.zip	0
047598	大正東京錦絵	正岡	容	新字旧仮名	NDC 911 914	https://www.aozora.gr.jp/cards/001313/files/47598_ruby_58029.zip	358
047599	寄席	正岡	容	新字新仮名	NDC 913	https://www.aozora.gr.jp/cards/001313/files/47599_ruby_58860.zip	470
047600	随筆　寄席囃子	正岡	容	新字新仮名	NDC 779	https://www.aozora.gr.jp/cards/001313/files/47600_ruby_34017.zip	0
047601	小説　円朝	正岡	容	新字新仮名	NDC 913	https://www.aozora.gr.jp/cards/001313/files/47601_ruby_34114.zip	0
047602	滝野川貧寒	正岡	容	新字旧仮名	NDC 914	https://www.aozora.gr.jp/cards/001313/files/47602_ruby_58879.zip	253
047603	両国今昔	木村	荘八	新字旧仮名	NDC 382 788	https://www.aozora.gr.jp/cards/001312/files/47603_ruby_33983.zip	0
047604	夢の如く出現した彼	青柳	喜兵衛	新字新仮名	NDC 910	https://www.aozora.gr.jp/cards/001314/files/47604_ruby_32681.zip	0
047606	小曲	橋本	五郎	新字新仮名	NDC 913	https://www.aozora.gr.jp/cards/000900/files/47606_ruby_29647.zip	0
047607	殺人迷路	橋本	五郎	新字新仮名	NDC 913	https://www.aozora.gr.jp/cards/000900/files/47607_ruby_29703.zip	0
047644	小杉放庵	木村	荘八	新字旧仮名	NDC 723	https://www.aozora.gr.jp/cards/001312/files/47644_txt_34105.zip	0
047645	下谷練塀小路	正岡	容	新字旧仮名	NDC 914	https://www.aozora.gr.jp/cards/001313/files/47645_ruby_58802.zip	111
047646	炎の人――ゴッホ小伝――	三好	十郎	新字新仮名	NDC 912	https://www.aozora.gr.jp/cards/001311/files/47646_txt_34563.zip	0
047647	天狗外伝　斬られの仙太	三好	十郎	新字新仮名	NDC 912	https://www.aozora.gr.jp/cards/001311/files/47647_ruby_40706.zip	0
047680	桜と狆と愛国心	堺	利彦	旧字旧仮名	NDC 309	https://www.aozora.gr.jp/cards/000164/files/47680_ruby_42618.zip	0
047681	ハガキ運動	堺	利彦	旧字旧仮名	NDC 914	https://www.aozora.gr.jp/cards/000164/files/47681_ruby_42619.zip	0
047685	神楽（その一）	折口	信夫	新字旧仮名	NDC 768	https://www.aozora.gr.jp/cards/000933/files/47685_ruby_64547.zip	431
047708	数寄屋橋夜景	木村	荘八	新字旧仮名	NDC 382	https://www.aozora.gr.jp/cards/001312/files/47708_txt_34091.zip	0
047709	洲崎の印象	木村	荘八	新字旧仮名	NDC 382	https://www.aozora.gr.jp/cards/001312/files/47709_txt_34081.zip	0
047710	立見の金網について	木村	荘八	新字旧仮名	NDC 382	https://www.aozora.gr.jp/cards/001312/files/47710_ruby_34083.zip	0
047723	巫女と遊女と	折口	信夫	新字旧仮名	NDC 384	https://www.aozora.gr.jp/cards/000933/files/47723_txt_70432.zip	515
047728	東京の風俗	木村	荘八	新字旧仮名	NDC 382	https://www.aozora.gr.jp/cards/001312/files/47728_ruby_33978.zip	0
047729	東京の風俗　序	木村	荘八	新字旧仮名	NDC 382	https://www.aozora.gr.jp/cards/001312/files/47729_ruby_33963.zip	0
047730	花火の夢	木村	荘八	新字旧仮名	NDC 382	https://www.aozora.gr.jp/cards/001312/files/47730_ruby_34094.zip	0
047731	刎橋の受け台について	木村	荘八	新字旧仮名	NDC 382	https://www.aozora.gr.jp/cards/001312/files/47731_ruby_34085.zip	0
047732	柳橋考	木村	荘八	新字旧仮名	NDC 382	https://www.aozora.gr.jp/cards/001312/files/47732_ruby_33982.zip	0
047733	浴衣	木村	荘八	新字旧仮名	NDC 382 383	https://www.aozora.gr.jp/cards/001312/files/47733_txt_34097.zip	0
047734	浴衣小感	木村	荘八	新字旧仮名	NDC 382 383	https://www.aozora.gr.jp/cards/001312/files/47734_ruby_34099.zip	0
047743	浅草灯籠	正岡	容	新字旧仮名	NDC 914	https://www.aozora.gr.jp/cards/001313/files/47743_ruby_57791.zip	204
047744	異版　浅草灯籠	正岡	容	新字旧仮名	NDC 914	https://www.aozora.gr.jp/cards/001313/files/47744_ruby_57793.zip	0
047745	艶色落語講談鑑賞	正岡	容	新字新仮名	NDC 779	https://www.aozora.gr.jp/cards/001313/files/47745_ruby_34166.zip	0
047758	ながうた勧進帳	酒井	嘉七	新字新仮名	NDC 913	https://www.aozora.gr.jp/cards/001142/files/47758_ruby_32679.zip	0
047762	殺人狂の話	浜尾	四郎	新字新仮名	NDC 368	https://www.aozora.gr.jp/cards/000289/files/47762_ruby_32677.zip	0
047764	殺人迷路	浜尾	四郎	新字新仮名	NDC 913	https://www.aozora.gr.jp/cards/000289/files/47764_ruby_29706.zip	0
047766	J・D・カーの密室犯罪の研究	井上	良夫	新字新仮名	NDC 914 930	https://www.aozora.gr.jp/cards/001315/files/47766_ruby_32683.zip	0
047767	旅客機事件	大庭	武年	新字新仮名	NDC 913	https://www.aozora.gr.jp/cards/001316/files/47767_ruby_32676.zip	0
047768	撞球室の七人	橋本	五郎	新字新仮名	NDC 913	https://www.aozora.gr.jp/cards/000900/files/47768_ruby_32680.zip	0
047770	旧東京と蝙蝠	正岡	容	新字旧仮名	NDC 914	https://www.aozora.gr.jp/cards/001313/files/47770_ruby_58801.zip	171
047772	巣鴨菊	正岡	容	新字旧仮名	NDC 914	https://www.aozora.gr.jp/cards/001313/files/47772_ruby_58878.zip	186
047774	東京万花鏡	正岡	容	新字旧仮名	NDC 911 914	https://www.aozora.gr.jp/cards/001313/files/47774_ruby_58030.zip	353
047776	根津遊草	正岡	容	新字旧仮名	NDC 914	https://www.aozora.gr.jp/cards/001313/files/47776_ruby_58877.zip	227
047778	山の手歳事記	正岡	容	新字旧仮名	NDC 914	https://www.aozora.gr.jp/cards/001313/files/47778_ruby_58803.zip	278
047780	寄席風流	正岡	容	新字旧仮名	NDC 914	https://www.aozora.gr.jp/cards/001313/files/47780_ruby_58861.zip	343
047783	絵画について	三好	十郎	新字新仮名	NDC 723 914	https://www.aozora.gr.jp/cards/001311/files/47783_txt_34126.zip	0
047784	ゴッホについて	三好	十郎	新字新仮名	NDC 912	https://www.aozora.gr.jp/cards/001311/files/47784_txt_34590.zip	0
047788	お岩と与茂七	折口	信夫	新字旧仮名	NDC 774	https://www.aozora.gr.jp/cards/000933/files/47788_txt_71424.zip	602
047799	雑感	折口	信夫	新字旧仮名	NDC 772	https://www.aozora.gr.jp/cards/000933/files/47799_ruby_71230.zip	436
047806	涼み芝居と怪談	折口	信夫	新字旧仮名	NDC 774	https://www.aozora.gr.jp/cards/000933/files/47806_txt_73649.zip	595
047808	玉手御前の恋	折口	信夫	新字旧仮名	NDC 912	https://www.aozora.gr.jp/cards/000933/files/47808_ruby_74006.zip	428
047810	鶴屋団十郎	折口	信夫	新字旧仮名	NDC 772	https://www.aozora.gr.jp/cards/000933/files/47810_ruby_72758.zip	414
047814	夏芝居	折口	信夫	新字旧仮名	NDC 772	https://www.aozora.gr.jp/cards/000933/files/47814_ruby_71423.zip	441
047828	寄席の夕立	折口	信夫	新字旧仮名	NDC 779	https://www.aozora.gr.jp/cards/000933/files/47828_txt_71614.zip	442
047844	明治哲学界の回顧	井上	哲次郎	新字新仮名	NDC 121	https://www.aozora.gr.jp/cards/000420/files/47844_ruby_31041.zip	0
047845	懐疑思潮に付て	朝永	三十郎	旧字旧仮名	NDC 121	https://www.aozora.gr.jp/cards/000923/files/47845_ruby_30946.zip	0
047850	学究漫録	朝永	三十郎	旧字旧仮名	NDC 121	https://www.aozora.gr.jp/cards/000923/files/47850_ruby_30945.zip	0
047851	進化学より見たる哲学	加藤	弘之	旧字旧仮名	NDC 311	https://www.aozora.gr.jp/cards/001317/files/47851_ruby_30947.zip	0
047871	巣立ち	堀	辰雄	旧字旧仮名	NDC 913	https://www.aozora.gr.jp/cards/001030/files/47871_ruby_69712.zip	248
047872	生者と死者	堀	辰雄	旧字旧仮名	NDC 913	https://www.aozora.gr.jp/cards/001030/files/47872_ruby_72284.zip	662
047875	七つの手紙	堀	辰雄	旧字旧仮名	NDC 915	https://www.aozora.gr.jp/cards/001030/files/47875_ruby_70955.zip	378
047876	ふるさとびと	堀	辰雄	旧字旧仮名	NDC 913	https://www.aozora.gr.jp/cards/001030/files/47876_ruby_69711.zip	226
047885	遺訓	西郷	隆盛	旧字旧仮名	NDC 289	https://www.aozora.gr.jp/cards/001320/files/47885_ruby_29759.zip	5569
047898	伊勢物語など	堀	辰雄	旧字旧仮名	NDC 913 914	https://www.aozora.gr.jp/cards/001030/files/47898_ruby_49425.zip	253
047910	更級日記など	堀	辰雄	旧字旧仮名	NDC 914 915	https://www.aozora.gr.jp/cards/001030/files/47910_txt_49251.zip	250
047921	二三の追憶	堀	辰雄	旧字旧仮名	NDC 914	https://www.aozora.gr.jp/cards/001030/files/47921_ruby_67990.zip	302
047923	萩の花	堀	辰雄	旧字旧仮名	NDC 914	https://www.aozora.gr.jp/cards/001030/files/47923_txt_54154.zip	240
047928	日付のない日記	堀	辰雄	旧字旧仮名	NDC 914	https://www.aozora.gr.jp/cards/001030/files/47928_ruby_54155.zip	289
047934	牧歌	堀	辰雄	旧字旧仮名	NDC 914	https://www.aozora.gr.jp/cards/001030/files/47934_ruby_70954.zip	262
047937	水のほとり	堀	辰雄	旧字旧仮名	NDC 914	https://www.aozora.gr.jp/cards/001030/files/47937_ruby_63227.zip	411
047942	捨吉	三好	十郎	旧字新仮名	NDC 911	https://www.aozora.gr.jp/cards/001311/files/47942_ruby_34110.zip	0
047943	詩劇「水仙と木魚」	三好	十郎	新字新仮名	NDC 912	https://www.aozora.gr.jp/cards/001311/files/47943_ruby_33986.zip	0
047944	歩くこと	三好	十郎	新字新仮名	NDC 914	https://www.aozora.gr.jp/cards/001311/files/47944_ruby_33966.zip	0
047945	殺意（ストリップショウ）	三好	十郎	新字新仮名	NDC 912	https://www.aozora.gr.jp/cards/001311/files/47945_ruby_33970.zip	0
047957	ジャム、君の家は	ゲラン	シャルル	旧字旧仮名	NDC 940	https://www.aozora.gr.jp/cards/001769/files/47957_ruby_40644.zip	0
047976	西周伝	榎本	武揚	新字旧仮名	NDC 289	https://www.aozora.gr.jp/cards/001264/files/47976_txt_32213.zip	0
047977	西周伝	加藤	弘之	新字旧仮名	NDC 289	https://www.aozora.gr.jp/cards/001317/files/47977_txt_38443.zip	0
047978	西周伝	津田	真道	新字旧仮名	NDC 289	https://www.aozora.gr.jp/cards/001322/files/47978_ruby_38442.zip	0
047988	釘抜藤吉捕物覚書	林	不忘	新字新仮名	NDC 913	https://www.aozora.gr.jp/cards/000290/files/47988_ruby_31587.zip	0
048008	江戸川乱歩	平林	初之輔	新字新仮名	NDC 910	https://www.aozora.gr.jp/cards/000221/files/48008_ruby_40707.zip	114
048068	血の盃	小酒井	不木	新字新仮名	NDC 913	https://www.aozora.gr.jp/cards/000262/files/48068_ruby_38061.zip	137
048083	犬神	小酒井	不木	新字新仮名	NDC 913	https://www.aozora.gr.jp/cards/000262/files/48083_ruby_37793.zip	89
048122	明治人物月旦（抄）	鳥谷部	春汀	新字旧仮名	NDC 281	https://www.aozora.gr.jp/cards/001161/files/48122_ruby_29543.zip	0
048123	鈴が通る	三好	十郎	新字新仮名	NDC 912	https://www.aozora.gr.jp/cards/001311/files/48123_ruby_33987.zip	0
048124	ぼたもち	三好	十郎	新字新仮名	NDC 912	https://www.aozora.gr.jp/cards/001311/files/48124_ruby_34112.zip	0
048126	「あかい花　他四篇」あとがき	神西	清	新字新仮名	NDC 983 984	https://www.aozora.gr.jp/cards/001157/files/48126_ruby_70395.zip	217
048128	アッタレーア・プリンケプス	ガールシン	フセヴォロド・ミハイロヴィチ	新字新仮名	NDC 983	https://www.aozora.gr.jp/cards/000340/files/48128_ruby_33834.zip	0
048129	夢がたり	ガールシン	フセヴォロド・ミハイロヴィチ	新字新仮名	NDC 983	https://www.aozora.gr.jp/cards/000340/files/48129_ruby_33833.zip	0
048130	遺教	西郷	隆盛	旧字旧仮名	NDC 289	https://www.aozora.gr.jp/cards/001320/files/48130_ruby_29738.zip	5789
048131	其中日記	種田	山頭火	新字旧仮名	NDC 911 915	https://www.aozora.gr.jp/cards/000146/files/48131_ruby_33353.zip	0
048164	A LETTER FROM PRISON	石川	啄木	旧字旧仮名	NDC 915	https://www.aozora.gr.jp/cards/000153/files/48164_txt_47148.zip	307
048167	情智関係論	西	周	旧字旧仮名	NDC 121	https://www.aozora.gr.jp/cards/001323/files/48167_txt_63522.zip	300
048179	佐渡が島のこと	江南	文三	旧字旧仮名	NDC 915	https://www.aozora.gr.jp/cards/001321/files/48179_ruby_34642.zip	0
048180	佐渡が島から	江南	文三	旧字旧仮名	NDC 915	https://www.aozora.gr.jp/cards/001321/files/48180_txt_34641.zip	0
048181	佐渡が島を出て	江南	文三	旧字旧仮名	NDC 768 915	https://www.aozora.gr.jp/cards/001321/files/48181_ruby_35175.zip	0
048182	佐渡が島を出て	江南	文三	旧字旧仮名	NDC 768 915	https://www.aozora.gr.jp/cards/001321/files/48182_ruby_34644.zip	0
048183	相川おけさ	江南	文三	旧字旧仮名	NDC 768	https://www.aozora.gr.jp/cards/001321/files/48183_ruby_34640.zip	0
048188	賢所御神楽の儀	羽田	亨	旧字旧仮名	NDC 210	https://www.aozora.gr.jp/cards/001324/files/48188_txt_70936.zip	259
048191	聚楽廻り	羽田	亨	旧字旧仮名	NDC 914	https://www.aozora.gr.jp/cards/001324/files/48191_txt_70697.zip	288
048204	燕尾服着初めの記	徳冨	蘆花	新字旧仮名	NDC 914	https://www.aozora.gr.jp/cards/000280/files/48204_ruby_35095.zip	0
048205	買ひものをする女	三宅	やす子	新字旧仮名	NDC 914	https://www.aozora.gr.jp/cards/000804/files/48205_ruby_31217.zip	0
048207	幽霊の足	相馬	御風	新字旧仮名	NDC 914	https://www.aozora.gr.jp/cards/000959/files/48207_txt_31050.zip	0
048214	海島冒険奇譚　海底軍艦	上村	経吉	旧字旧仮名	NDC K913 K914	https://www.aozora.gr.jp/cards/001325/files/48214_txt_36108.zip	0
048215	海島冒険奇譚　海底軍艦	小笠原	長生	旧字旧仮名	NDC K913 K914	https://www.aozora.gr.jp/cards/001326/files/48215_txt_33961.zip	0
048216	海島冒険奇譚　海底軍艦	肝付	兼行	旧字旧仮名	NDC K913 K914	https://www.aozora.gr.jp/cards/001327/files/48216_txt_36110.zip	0
048217	海島冒険奇譚　海底軍艦	吉井	幸蔵	旧字旧仮名	NDC K913 K914	https://www.aozora.gr.jp/cards/001328/files/48217_txt_36112.zip	0
048222	銀河鉄道の夜	宮沢	賢治	新字旧仮名	NDC K913	https://www.aozora.gr.jp/cards/000081/files/48222_ruby_59603.zip	18842
048225	教師	長塚	節	旧字旧仮名	NDC 913	https://www.aozora.gr.jp/cards/000118/files/48225_ruby_48065.zip	179
048226	遺篇	西郷	隆盛	旧字旧仮名	NDC 289	https://www.aozora.gr.jp/cards/001320/files/48226_ruby_32092.zip	0
048228	総説　西洋音楽史の時代	乙骨	三郎	新字新仮名	NDC 762	https://www.aozora.gr.jp/cards/000483/files/48228_txt_69045.zip	420
048231	行乞記	種田	山頭火	新字旧仮名	NDC 911 915	https://www.aozora.gr.jp/cards/000146/files/48231_ruby_33354.zip	0
048232	行乞記	種田	山頭火	新字旧仮名	NDC 911 915	https://www.aozora.gr.jp/cards/000146/files/48232_txt_33355.zip	0
048233	『鉢の子』から『其中庵』まで	種田	山頭火	新字新仮名	NDC 911 914	https://www.aozora.gr.jp/cards/000146/files/48233_ruby_31292.zip	0
048234	赤い壺	種田	山頭火	新字新仮名	NDC 914	https://www.aozora.gr.jp/cards/000146/files/48234_ruby_31388.zip	0
048235	赤い壺（三）	種田	山頭火	新字新仮名	NDC 914	https://www.aozora.gr.jp/cards/000146/files/48235_ruby_31387.zip	0
048236	赤い壺（二）	種田	山頭火	新字新仮名	NDC 914	https://www.aozora.gr.jp/cards/000146/files/48236_ruby_31386.zip	0
048249	草木塔	種田	山頭火	新字新仮名	NDC 911 914	https://www.aozora.gr.jp/cards/000146/files/48249_txt_31293.zip	82
048268	遺稿	水上	滝太郎	新字新仮名	NDC 914	https://www.aozora.gr.jp/cards/000800/files/48268_ruby_60865.zip	139
048270	遺牘	西郷	隆盛	旧字旧仮名	NDC 289	https://www.aozora.gr.jp/cards/001320/files/48270_ruby_32094.zip	0
048276	血煙天明陣	国枝	史郎	新字新仮名	NDC 913	https://www.aozora.gr.jp/cards/000255/files/48276_ruby_67667.zip	432
048280	学問ハ淵源ヲ深クスルニ在ルノ論	西	周	旧字旧仮名	NDC 121	https://www.aozora.gr.jp/cards/001323/files/48280_ruby_60919.zip	337
048281	霊魂一元論	西	周	その他	NDC 121	https://www.aozora.gr.jp/cards/001323/files/48281_txt_63523.zip	359
048282	南洲手抄言志録	勝	海舟	旧字旧仮名	NDC 121	https://www.aozora.gr.jp/cards/000354/files/48282_txt_37264.zip	0
048283	南洲手抄言志録	秋月	種樹	旧字旧仮名	NDC 121	https://www.aozora.gr.jp/cards/001331/files/48283_txt_32122.zip	0
048284	南洲手抄言志録	秋月	種樹	旧字旧仮名	NDC 121	https://www.aozora.gr.jp/cards/001331/files/48284_ruby_32145.zip	31
048286	南洲手抄言志録	山田	済斎	旧字旧仮名	NDC 121 289	https://www.aozora.gr.jp/cards/001334/files/48286_txt_32123.zip	0
048287	南洲手抄言志録	山田	済斎	旧字旧仮名	NDC 121 289	https://www.aozora.gr.jp/cards/001334/files/48287_txt_32125.zip	0
048288	飢餓地帯を歩く	下村	千秋	新字新仮名	NDC 916	https://www.aozora.gr.jp/cards/001205/files/48288_ruby_47202.zip	9
048310	竹取物語	和田	万吉	旧字旧仮名	NDC K913	https://www.aozora.gr.jp/cards/001072/files/48310_ruby_42452.zip	8041
048311	父兄の方々に	和田	万吉	旧字旧仮名	NDC 914	https://www.aozora.gr.jp/cards/001072/files/48311_txt_42454.zip	0
048312	墨子	幸田	露伴	旧字旧仮名	NDC 124	https://www.aozora.gr.jp/cards/000051/files/48312_ruby_41628.zip	65
048322	今昔物語	和田	万吉	旧字旧仮名	NDC K913	https://www.aozora.gr.jp/cards/001072/files/48322_ruby_42453.zip	0
048336	烈婦	高田	保	新字新仮名	NDC 914	https://www.aozora.gr.jp/cards/001073/files/48336_ruby_34946.zip	0
048337	翻訳の苦心	幸徳	秋水	新字旧仮名	NDC 801	https://www.aozora.gr.jp/cards/000261/files/48337_txt_37565.zip	0
048340	翻訳製造株式会社	戸川	秋骨	新字旧仮名	NDC 801	https://www.aozora.gr.jp/cards/000669/files/48340_ruby_35071.zip	0
048361	真間名所	阪井	久良伎	旧字旧仮名	NDC 911	https://www.aozora.gr.jp/cards/001337/files/48361_ruby_42322.zip	0
048363	恐怖の季節	三好	十郎	新字新仮名	NDC 914	https://www.aozora.gr.jp/cards/001311/files/48363_ruby_33979.zip	0
048370	女中訓	羽仁	もと子	新字新仮名	NDC 159 366	https://www.aozora.gr.jp/cards/001338/files/48370_ruby_61180.zip	369
048372	枯草	野口	雨情	新字旧仮名	NDC 911	https://www.aozora.gr.jp/cards/000286/files/48372_ruby_37851.zip	0
048374	都会と田園	野口	雨情	新字旧仮名	NDC 911	https://www.aozora.gr.jp/cards/000286/files/48374_ruby_37852.zip	0
048376	鸚鵡	福士	幸次郎	旧字旧仮名	NDC 911	https://www.aozora.gr.jp/cards/000754/files/48376_ruby_31929.zip	0
048377	太陽の子	福士	幸次郎	旧字旧仮名	NDC 911	https://www.aozora.gr.jp/cards/000754/files/48377_ruby_32497.zip	0
048378	地方主義篇	福士	幸次郎	旧字旧仮名	NDC 911	https://www.aozora.gr.jp/cards/000754/files/48378_ruby_31931.zip	0
048379	展望	福士	幸次郎	旧字旧仮名	NDC 911	https://www.aozora.gr.jp/cards/000754/files/48379_ruby_32499.zip	0
048380	自刻木版画に就いて	岡本	帰一	新字旧仮名	NDC 733	https://www.aozora.gr.jp/cards/001339/files/48380_txt_31990.zip	0
048381	ユメノリヨカウ	岡本	帰一	その他	NDC K726 K911	https://www.aozora.gr.jp/cards/001339/files/48381_txt_31991.zip	0
048388	幼い頃の記憶	泉	鏡花	新字新仮名	NDC 914	https://www.aozora.gr.jp/cards/000050/files/48388_ruby_57026.zip	501
048425	宗吾霊堂	大町	桂月	旧字旧仮名	NDC 915	https://www.aozora.gr.jp/cards/000237/files/48425_ruby_71390.zip	346
048506	妙義山の五日	大町	桂月	旧字旧仮名	NDC 915	https://www.aozora.gr.jp/cards/000237/files/48506_txt_71877.zip	321
048568	季節の馬車	佐藤	惣之助	旧字旧仮名	NDC 911	https://www.aozora.gr.jp/cards/000577/files/48568_ruby_32342.zip	0
048569	自分は見た	千家	元麿	旧字旧仮名	NDC 911	https://www.aozora.gr.jp/cards/000617/files/48569_ruby_32343.zip	0
048571	恐妻家庭円満術	小野	佐世男	新字新仮名	NDC 914	https://www.aozora.gr.jp/cards/001293/files/48571_txt_37323.zip	0
048572	花模様女剣戟	小野	佐世男	新字新仮名	NDC 914	https://www.aozora.gr.jp/cards/001293/files/48572_ruby_37325.zip	0
048573	幽霊	小野	佐世男	新字新仮名	NDC 914	https://www.aozora.gr.jp/cards/001293/files/48573_txt_37319.zip	0
048574	私の洋画経歴	小野	佐世男	新字新仮名	NDC 914	https://www.aozora.gr.jp/cards/001293/files/48574_txt_37317.zip	0
048575	エキゾチックな港街	小野	佐世男	新字新仮名	NDC 914	https://www.aozora.gr.jp/cards/001293/files/48575_txt_37321.zip	0
048576	ジャズ狂時代	小野	佐世男	新字新仮名	NDC 914	https://www.aozora.gr.jp/cards/001293/files/48576_txt_37320.zip	0
048577	ストリップ修学旅行	小野	佐世男	新字新仮名	NDC 914	https://www.aozora.gr.jp/cards/001293/files/48577_ruby_37324.zip	3060
048628	追憶	素木	しづ	旧字旧仮名	NDC 913	https://www.aozora.gr.jp/cards/000012/files/48628_ruby_33071.zip	0
048660	今、生まれしみどり児	羽仁	もと子	新字新仮名	NDC 379	https://www.aozora.gr.jp/cards/001338/files/48660_ruby_47414.zip	0
048661	おさなご	羽仁	もと子	新字新仮名	NDC 379	https://www.aozora.gr.jp/cards/001338/files/48661_ruby_47415.zip	0
048667	おさなごを発見せよ	羽仁	もと子	新字新仮名	NDC 379	https://www.aozora.gr.jp/cards/001338/files/48667_ruby_47416.zip	0
048668	親子の愛の完成	羽仁	もと子	新字新仮名	NDC 379	https://www.aozora.gr.jp/cards/001338/files/48668_ruby_47417.zip	0
048669	たましいの教育	羽仁	もと子	新字新仮名	NDC 379	https://www.aozora.gr.jp/cards/001338/files/48669_ruby_47418.zip	0
048670	最も楽しい事業	羽仁	もと子	新字新仮名	NDC 379	https://www.aozora.gr.jp/cards/001338/files/48670_ruby_47419.zip	0
048686	もゝはがき	斎藤	緑雨	新字旧仮名	NDC 914	https://www.aozora.gr.jp/cards/000565/files/48686_ruby_37007.zip	0
048828	伊良湖岬	田山	花袋	新字旧仮名	NDC 915	https://www.aozora.gr.jp/cards/000214/files/48828_ruby_74194.zip	677
048846	「西周哲学著作集」序	井上	哲次郎	旧字旧仮名	NDC 121	https://www.aozora.gr.jp/cards/000420/files/48846_ruby_66473.zip	164
048848	『全輯百間随筆』内容見本「推薦文」	桑木	厳翼	新字旧仮名	NDC 914	https://www.aozora.gr.jp/cards/000542/files/48848_txt_60170.zip	126
048851	ヴィルヘルム・ヴント	川合	貞一	新字新仮名	NDC 140	https://www.aozora.gr.jp/cards/001345/files/48851_txt_68714.zip	227
048857	黒猫	田山	花袋	新字旧仮名	NDC 914	https://www.aozora.gr.jp/cards/000214/files/48857_ruby_73446.zip	697
048858	黒猫	田山	花袋	新字旧仮名	NDC 914	https://www.aozora.gr.jp/cards/000214/files/48858_ruby_72984.zip	664
048866	孤独と法身	田山	花袋	新字旧仮名	NDC 914	https://www.aozora.gr.jp/cards/000214/files/48866_ruby_71416.zip	543
048880	島からの帰途	田山	花袋	新字旧仮名	NDC 913	https://www.aozora.gr.jp/cards/000214/files/48880_ruby_63819.zip	544
048905	水源を思ふ	田山	花袋	新字旧仮名		https://www.aozora.gr.jp/cards/000214/files/48905_ruby_76210.zip	554
048909	存在	田山	花袋	新字旧仮名	NDC 910	https://www.aozora.gr.jp/cards/000214/files/48909_ruby_73845.zip	548
048936	花束	田山	花袋	新字旧仮名	NDC 913	https://www.aozora.gr.jp/cards/000214/files/48936_ruby_63509.zip	580
048951	不思議な鳥	田山	花袋	新字旧仮名	NDC 914	https://www.aozora.gr.jp/cards/000214/files/48951_ruby_63818.zip	622
048963	浴室	田山	花袋	新字旧仮名	NDC 913	https://www.aozora.gr.jp/cards/000214/files/48963_ruby_73166.zip	590
049003	女の温泉	田山	花袋	新字旧仮名	NDC 914	https://www.aozora.gr.jp/cards/000214/files/49003_ruby_74897.zip	532
049009	草津から伊香保まで	田山	花袋	新字旧仮名	NDC 915	https://www.aozora.gr.jp/cards/000214/files/49009_ruby_69931.zip	565
049039	赤い旗	槙本	楠郎	旧字旧仮名	NDC K911	https://www.aozora.gr.jp/cards/001175/files/49039_ruby_41666.zip	0
049068	兵隊さん	槙本	楠郎	旧字旧仮名	NDC K911	https://www.aozora.gr.jp/cards/001175/files/49068_ruby_41667.zip	0
049070	本部の段々で	槙本	楠郎	旧字旧仮名	NDC K911	https://www.aozora.gr.jp/cards/001175/files/49070_ruby_41613.zip	0
049076	プロレタリア童謡の活用に関する覚書	槙本	楠郎	旧字旧仮名	NDC 309	https://www.aozora.gr.jp/cards/001175/files/49076_ruby_41612.zip	0
049078	二十歳のエチュード	原口	統三	新字新仮名	NDC 914	https://www.aozora.gr.jp/cards/000740/files/49078_ruby_39540.zip	0
049092	北京の一夜	田山	花袋	新字旧仮名	NDC 915	https://www.aozora.gr.jp/cards/000214/files/49092_ruby_70712.zip	635
049099	山のホテル	田山	花袋	新字旧仮名	NDC 914	https://www.aozora.gr.jp/cards/000214/files/49099_ruby_72261.zip	732
049137	或る国のこよみ	片山	広子	新字旧仮名	NDC 914	https://www.aozora.gr.jp/cards/001346/files/49137_ruby_33177.zip	0
049138	大へび小へび	片山	広子	新字旧仮名	NDC 914	https://www.aozora.gr.jp/cards/001346/files/49138_ruby_33178.zip	0
049139	季節の変るごとに	片山	広子	新字旧仮名	NDC 914	https://www.aozora.gr.jp/cards/001346/files/49139_txt_33179.zip	0
049140	仔猫の「トラ」	片山	広子	新字旧仮名	NDC 914	https://www.aozora.gr.jp/cards/001346/files/49140_ruby_33180.zip	0
049141	三本の棗	片山	広子	新字旧仮名	NDC 914	https://www.aozora.gr.jp/cards/001346/files/49141_txt_33181.zip	0
049142	灯火節	片山	広子	新字旧仮名	NDC 914	https://www.aozora.gr.jp/cards/001346/files/49142_ruby_33182.zip	0
049143	東北の家	片山	広子	新字旧仮名	NDC 915	https://www.aozora.gr.jp/cards/001346/files/49143_ruby_33183.zip	0
049144	浜田山の話	片山	広子	新字旧仮名	NDC 914	https://www.aozora.gr.jp/cards/001346/files/49144_ruby_33184.zip	0
049145	ばらの花五つ	片山	広子	新字旧仮名	NDC 914	https://www.aozora.gr.jp/cards/001346/files/49145_txt_33185.zip	0
049146	豚肉　桃　りんご	片山	広子	新字旧仮名	NDC 914	https://www.aozora.gr.jp/cards/001346/files/49146_ruby_33186.zip	0
049176	万葉の手古奈とうなひ処女	杉田	久女	新字旧仮名	NDC 911	https://www.aozora.gr.jp/cards/000606/files/49176_ruby_34657.zip	0
049178	未刊童謡	野口	雨情	新字旧仮名	NDC K911	https://www.aozora.gr.jp/cards/000286/files/49178_ruby_58807.zip	117
049179	初期詩篇	原口	統三	新字新仮名	NDC 911	https://www.aozora.gr.jp/cards/000740/files/49179_ruby_39541.zip	0
049181	不在地主	小林	多喜二	新字新仮名	NDC 913	https://www.aozora.gr.jp/cards/000156/files/49181_ruby_34659.zip	0
049186	茶の本	岡倉	由三郎	新字新仮名	NDC 791 914	https://www.aozora.gr.jp/cards/000467/files/49186_ruby_31863.zip	0
049187	茶の本	村岡	博	新字新仮名	NDC 791 914	https://www.aozora.gr.jp/cards/000346/files/49187_ruby_31865.zip	0
049188	茶の本	村岡	博	新字新仮名	NDC 791 914	https://www.aozora.gr.jp/cards/000346/files/49188_ruby_31867.zip	0
049192	この子を残して	永井	隆	新字新仮名	NDC 914 916	https://www.aozora.gr.jp/cards/000924/files/49192_ruby_39847.zip	41
049195	狸問答	鈴木	鼓村	新字新仮名	NDC 914	https://www.aozora.gr.jp/cards/001350/files/49195_ruby_32220.zip	0
049196	二面の箏	鈴木	鼓村	新字新仮名	NDC 914	https://www.aozora.gr.jp/cards/001350/files/49196_ruby_32221.zip	0
049197	雪の透く袖	鈴木	鼓村	新字新仮名	NDC 914	https://www.aozora.gr.jp/cards/001350/files/49197_ruby_32222.zip	0
049198	今戸狐	小山内	薫	新字新仮名	NDC 913	https://www.aozora.gr.jp/cards/000479/files/49198_ruby_32155.zip	0
049199	因果	小山内	薫	新字新仮名	NDC 913	https://www.aozora.gr.jp/cards/000479/files/49199_ruby_32156.zip	0
049200	女の膝	小山内	薫	新字新仮名	NDC 913	https://www.aozora.gr.jp/cards/000479/files/49200_ruby_32157.zip	0
049201	菜の花物語	児玉	花外	新字新仮名	NDC 913	https://www.aozora.gr.jp/cards/000553/files/49201_ruby_32176.zip	0
049202	「ああしんど」	池田	蕉園	新字新仮名	NDC 913	https://www.aozora.gr.jp/cards/001351/files/49202_ruby_32152.zip	4303
049203	夜釣の怪	池田	輝方	新字新仮名	NDC 913	https://www.aozora.gr.jp/cards/001352/files/49203_ruby_32153.zip	0
049204	怪物屋敷	柳川	春葉	新字新仮名	NDC 913	https://www.aozora.gr.jp/cards/000831/files/49204_ruby_32168.zip	0
049205	青銅鬼	柳川	春葉	新字新仮名	NDC 913	https://www.aozora.gr.jp/cards/000831/files/49205_ruby_32167.zip	0
049206	一つ枕	柳川	春葉	新字新仮名	NDC 913	https://www.aozora.gr.jp/cards/000831/files/49206_ruby_32162.zip	0
049207	月夜峠	水野	葉舟	新字新仮名	NDC 913	https://www.aozora.gr.jp/cards/000941/files/49207_ruby_32173.zip	0
049208	取り交ぜて	水野	葉舟	新字新仮名	NDC 913	https://www.aozora.gr.jp/cards/000941/files/49208_ruby_32174.zip	0
049209	テレパシー	水野	葉舟	新字新仮名	NDC 913	https://www.aozora.gr.jp/cards/000941/files/49209_ruby_32175.zip	0
049210	感応	岩村	透	新字新仮名	NDC 913	https://www.aozora.gr.jp/cards/001353/files/49210_ruby_32171.zip	0
049211	死体室	岩村	透	新字新仮名	NDC 913	https://www.aozora.gr.jp/cards/001353/files/49211_ruby_32172.zip	0
049212	大叫喚	岩村	透	新字新仮名	NDC 913	https://www.aozora.gr.jp/cards/001353/files/49212_ruby_32177.zip	0
049213	不吉の音と学士会院の鐘	岩村	透	新字新仮名	NDC 913	https://www.aozora.gr.jp/cards/001353/files/49213_ruby_32178.zip	0
049237	子供の霊	岡崎	雪声	新字新仮名	NDC 913	https://www.aozora.gr.jp/cards/001354/files/49237_ruby_32201.zip	0
049238	死神	岡崎	雪声	新字新仮名	NDC 913	https://www.aozora.gr.jp/cards/001354/files/49238_ruby_32202.zip	0
049239	白い蝶	岡田	三郎助	新字新仮名	NDC 913	https://www.aozora.gr.jp/cards/001355/files/49239_ruby_32154.zip	0
049240	薄どろどろ	尾上	梅幸	新字新仮名	NDC 913	https://www.aozora.gr.jp/cards/001356/files/49240_ruby_32158.zip	0
049241	鬼無菊	北村	四海	新字新仮名	NDC 913	https://www.aozora.gr.jp/cards/001357/files/49241_ruby_32159.zip	0
049242	頭上の響	北村	四海	新字新仮名	NDC 913	https://www.aozora.gr.jp/cards/001357/files/49242_ruby_32163.zip	0
049243	千ヶ寺詣	北村	四海	新字新仮名	NDC 913	https://www.aozora.gr.jp/cards/001357/files/49243_ruby_32160.zip	0
049244	闥の響	北村	四海	新字新仮名	NDC 913	https://www.aozora.gr.jp/cards/001357/files/49244_ruby_32164.zip	0
049253	枯尾花	関根	黙庵	新字新仮名	NDC 913	https://www.aozora.gr.jp/cards/001358/files/49253_ruby_32165.zip	0
049254	暗夜の白髪	沼田	一雅	新字新仮名	NDC 913	https://www.aozora.gr.jp/cards/001359/files/49254_ruby_32203.zip	0
049255	白い光と上野の鐘	沼田	一雅	新字新仮名	NDC 913	https://www.aozora.gr.jp/cards/001359/files/49255_ruby_32204.zip	0
049256	大きな怪物	平井	金三	新字新仮名	NDC 147	https://www.aozora.gr.jp/cards/001360/files/49256_ruby_32166.zip	0
049257	□本居士	本田	親二	新字新仮名	NDC 913	https://www.aozora.gr.jp/cards/001361/files/49257_ruby_32161.zip	0
049259	武士を夷ということの考	喜田	貞吉	新字新仮名	NDC 210	https://www.aozora.gr.jp/cards/001344/files/49259_ruby_50053.zip	159
049262	「黒死館殺人事件」著者之序	小栗	虫太郎	新字新仮名	NDC 913 914	https://www.aozora.gr.jp/cards/000125/files/49262_ruby_45864.zip	258
049263	「黒死館殺人事件」序	甲賀	三郎	新字新仮名	NDC 913 914	https://www.aozora.gr.jp/cards/000260/files/49263_ruby_32128.zip	152
049267	トヨタ電気自動車試作	豊田	喜一郎	旧字旧仮名	NDC 537	https://www.aozora.gr.jp/cards/001362/files/49267_txt_32311.zip	0
049268	甲州郡内妖怪事件取り調べ報告	井上	円了	新字新仮名	NDC 147	https://www.aozora.gr.jp/cards/001021/files/49268_ruby_42046.zip	0
049269	妖怪学	井上	円了	新字新仮名	NDC 147	https://www.aozora.gr.jp/cards/001021/files/49269_ruby_49545.zip	755
049270	妖怪学一斑	井上	円了	新字新仮名	NDC 147	https://www.aozora.gr.jp/cards/001021/files/49270_ruby_41283.zip	0
049271	妖怪研究	井上	円了	新字新仮名	NDC 147	https://www.aozora.gr.jp/cards/001021/files/49271_ruby_34497.zip	95
049273	妖怪談	井上	円了	新字新仮名	NDC 147	https://www.aozora.gr.jp/cards/001021/files/49273_ruby_47992.zip	750
049274	妖怪報告	井上	円了	新字新仮名	NDC 147	https://www.aozora.gr.jp/cards/001021/files/49274_ruby_39348.zip	0
049275	小山内薫先生劇場葬公文	久保	栄	新字新仮名	NDC 772 916	https://www.aozora.gr.jp/cards/001307/files/49275_ruby_33976.zip	0
049276	熱情の人	久保	栄	新字新仮名	NDC 772	https://www.aozora.gr.jp/cards/001307/files/49276_ruby_33977.zip	0
049277	イプセン百年祭講演	久保	栄	新字新仮名	NDC 949	https://www.aozora.gr.jp/cards/001307/files/49277_ruby_33964.zip	0
049279	亜細亜諸国との和戦は我栄辱に関するなきの説	福沢	諭吉	旧字旧仮名	NDC 121 210	https://www.aozora.gr.jp/cards/000296/files/49279_txt_59588.zip	360
049280	父の死	久米	正雄	新字旧仮名	NDC 913	https://www.aozora.gr.jp/cards/001151/files/49280_ruby_34513.zip	0
049283	あまり者	徳永	直	新字新仮名	NDC 913	https://www.aozora.gr.jp/cards/001308/files/49283_ruby_66691.zip	286
049287	工場新聞	徳永	直	新字新仮名	NDC 913	https://www.aozora.gr.jp/cards/001308/files/49287_ruby_70139.zip	265
049288	こんにゃく売り	徳永	直	新字新仮名	NDC 914	https://www.aozora.gr.jp/cards/001308/files/49288_ruby_33965.zip	0
049290	白い道	徳永	直	新字新仮名	NDC 913	https://www.aozora.gr.jp/cards/001308/files/49290_ruby_33975.zip	0
049291	戦争雑記	徳永	直	新字新仮名	NDC 913	https://www.aozora.gr.jp/cards/001308/files/49291_ruby_66926.zip	375
049296	冬枯れ	徳永	直	新字新仮名	NDC 913	https://www.aozora.gr.jp/cards/001308/files/49296_ruby_69927.zip	259
049297	麦の芽	徳永	直	新字新仮名	NDC 913	https://www.aozora.gr.jp/cards/001308/files/49297_ruby_33973.zip	0
049298	眼	徳永	直	新字新仮名	NDC 913	https://www.aozora.gr.jp/cards/001308/files/49298_ruby_33974.zip	0
049303	落語家温泉録	正岡	容	新字旧仮名	NDC 779	https://www.aozora.gr.jp/cards/001313/files/49303_ruby_56304.zip	422
049329	暗黒星	黒岩	涙香	新字新仮名	NDC 933	https://www.aozora.gr.jp/cards/001364/files/49329_ruby_38360.zip	0
049355	おばけの正体	井上	円了	新字新仮名	NDC 147	https://www.aozora.gr.jp/cards/001021/files/49355_ruby_58859.zip	710
049370	通俗講義　霊魂不滅論	井上	円了	新字新仮名	NDC 147	https://www.aozora.gr.jp/cards/001021/files/49370_ruby_61537.zip	412
049373	迷信解	井上	円了	新字新仮名	NDC 147	https://www.aozora.gr.jp/cards/001021/files/49373_ruby_39099.zip	0
049374	迷信と宗教	井上	円了	新字新仮名	NDC 147 387	https://www.aozora.gr.jp/cards/001021/files/49374_ruby_58693.zip	682
049375	妖怪玄談	井上	円了	新字新仮名	NDC 147	https://www.aozora.gr.jp/cards/001021/files/49375_ruby_39262.zip	0
049384	箱根の山	田中	英光	新字新仮名	NDC 913	https://www.aozora.gr.jp/cards/000126/files/49384_ruby_63009.zip	405
049394	一九二八年三月十五日	小林	多喜二	旧字旧仮名	NDC 913	https://www.aozora.gr.jp/cards/000156/files/49394_ruby_33413.zip	0
049430	蒼馬を見たり	石川	三四郎	新字旧仮名	NDC 911 914	https://www.aozora.gr.jp/cards/001170/files/49430_txt_32357.zip	0
049431	蒼馬を見たり	辻	潤	新字旧仮名	NDC 911 914	https://www.aozora.gr.jp/cards/000159/files/49431_txt_32358.zip	0
049433	岩波文庫論	岩波	茂雄	新字新仮名	NDC 023	https://www.aozora.gr.jp/cards/001119/files/49433_txt_34571.zip	0
049434	神田界隈	楠山	正雄	新字新仮名	NDC 023	https://www.aozora.gr.jp/cards/000329/files/49434_ruby_66296.zip	601
049436	日本出版協会論	嶋中	雄作	新字新仮名	NDC 023	https://www.aozora.gr.jp/cards/001367/files/49436_txt_66904.zip	130
049437	十五年	山本	実彦	新字新仮名	NDC 023	https://www.aozora.gr.jp/cards/001368/files/49437_txt_34572.zip	0
049438	斎藤緑雨と内田不知菴	坪内	逍遥	新字旧仮名	NDC 910	https://www.aozora.gr.jp/cards/000141/files/49438_ruby_56256.zip	133
049440	二葉亭余談	内田	魯庵	新字新仮名	NDC 910	https://www.aozora.gr.jp/cards/000165/files/49440_ruby_43370.zip	0
049441	硯友社と文士劇	江見	水蔭	新字旧仮名	NDC 910	https://www.aozora.gr.jp/cards/000448/files/49441_ruby_56294.zip	101
049442	言文一致	水野	葉舟	新字旧仮名	NDC 910	https://www.aozora.gr.jp/cards/000941/files/49442_ruby_40423.zip	0
049496	リラの手紙	豊田	三郎	新字新仮名	NDC 913	https://www.aozora.gr.jp/cards/001370/files/49496_ruby_37635.zip	0
049497	「子猫ノハナシ」	片山	広子	新字旧仮名	NDC 914	https://www.aozora.gr.jp/cards/001346/files/49497_ruby_35751.zip	0
049503	あけび	片山	広子	新字旧仮名	NDC 914	https://www.aozora.gr.jp/cards/001346/files/49503_ruby_35738.zip	0
049504	池を掘る	片山	広子	新字旧仮名	NDC 914	https://www.aozora.gr.jp/cards/001346/files/49504_txt_35736.zip	0
049565	淡島椿岳	内田	魯庵	新字新仮名	NDC 721	https://www.aozora.gr.jp/cards/000165/files/49565_ruby_43376.zip	0
049568	最後の大杉	内田	魯庵	新字新仮名	NDC 910	https://www.aozora.gr.jp/cards/000165/files/49568_ruby_53982.zip	264
049571	美妙斎美妙	内田	魯庵	新字新仮名	NDC 910	https://www.aozora.gr.jp/cards/000165/files/49571_ruby_53978.zip	259
049578	平ヶ岳登攀記	高頭	仁兵衛	新字新仮名	NDC 786	https://www.aozora.gr.jp/cards/001371/files/49578_ruby_37388.zip	0
049579	越中劍岳先登記	柴崎	芳太郎	新字新仮名	NDC 786	https://www.aozora.gr.jp/cards/001372/files/49579_ruby_37387.zip	0
049581	白峰の麓	大下	藤次郎	新字新仮名	NDC 786	https://www.aozora.gr.jp/cards/001374/files/49581_ruby_37383.zip	0
049582	穂高岳槍ヶ岳縦走記	鵜殿	正雄	新字新仮名	NDC 786	https://www.aozora.gr.jp/cards/001375/files/49582_ruby_37382.zip	0
049586	木曽御嶽の両面	吉江	喬松	新字新仮名	NDC 786	https://www.aozora.gr.jp/cards/000220/files/49586_ruby_37392.zip	0
049587	利尻山とその植物	牧野	富太郎	新字新仮名	NDC 470 786	https://www.aozora.gr.jp/cards/001266/files/49587_ruby_37390.zip	0
049588	寒中滞岳記	野中	至	新字新仮名	NDC 786	https://www.aozora.gr.jp/cards/001188/files/49588_ruby_37389.zip	0
049589	案内人風景	黒部	溯郎	新字新仮名	NDC 786	https://www.aozora.gr.jp/cards/001376/files/49589_ruby_35247.zip	0
049590	二つの松川	細井	吉造	新字新仮名	NDC 786	https://www.aozora.gr.jp/cards/001377/files/49590_ruby_35246.zip	0
049591	尾瀬沼の四季	平野	長蔵	新字新仮名	NDC 786	https://www.aozora.gr.jp/cards/001378/files/49591_ruby_35244.zip	0
049592	一ノ倉沢正面の登攀	小川	登喜男	新字新仮名	NDC 915	https://www.aozora.gr.jp/cards/001379/files/49592_ruby_35240.zip	0
049593	可愛い山	石川	欣一	新字新仮名	NDC 291	https://www.aozora.gr.jp/cards/001380/files/49593_ruby_37630.zip	0
049594	雪の武石峠	別所	梅之助	新字新仮名	NDC 915	https://www.aozora.gr.jp/cards/000940/files/49594_ruby_35245.zip	0
049595	涸沢の岩小屋のある夜のこと	大島	亮吉	新字新仮名	NDC 786	https://www.aozora.gr.jp/cards/000863/files/49595_ruby_35238.zip	0
049604	弟を葬る	徳富	蘇峰	新字旧仮名	NDC 910	https://www.aozora.gr.jp/cards/001369/files/49604_txt_55934.zip	422
049616	東洋文化史における仏教の地位	高楠	順次郎	新字新仮名	NDC 180	https://www.aozora.gr.jp/cards/001222/files/49616_ruby_33313.zip	0
049622	将来の日本	徳富	蘇峰	新字新仮名	NDC 304	https://www.aozora.gr.jp/cards/001369/files/49622_ruby_54184.zip	0
049627	斑鳩物語	高浜	虚子	新字旧仮名	NDC 913	https://www.aozora.gr.jp/cards/001310/files/49627_ruby_53297.zip	261
049628	落葉降る下にて	高浜	虚子	新字旧仮名	NDC 913	https://www.aozora.gr.jp/cards/001310/files/49628_ruby_61326.zip	213
049629	進むべき俳句の道	高浜	虚子	新字旧仮名	NDC 911	https://www.aozora.gr.jp/cards/001310/files/49629_txt_61181.zip	332
049630	椿子物語	高浜	虚子	新字旧仮名	NDC 911 914	https://www.aozora.gr.jp/cards/001310/files/49630_ruby_61182.zip	317
049637	大切な雰囲気	谷崎	潤一郎	新字新仮名	NDC 723 914	https://www.aozora.gr.jp/cards/001383/files/49637_txt_58212.zip	3320
049638	大切な雰囲気	石井	柏亭	新字新仮名	NDC 723	https://www.aozora.gr.jp/cards/001381/files/49638_txt_33960.zip	0
049655	途上	嘉村	礒多	新字旧仮名	NDC 913	https://www.aozora.gr.jp/cards/000249/files/49655_ruby_34886.zip	0
049682	飛騨の怪談	岡本	綺堂	新字新仮名	NDC 913	https://www.aozora.gr.jp/cards/000082/files/49682_ruby_51214.zip	744
049686	北京「可園」のスケッチ	小林	古径	旧字旧仮名	NDC 721	https://www.aozora.gr.jp/cards/001385/files/49686_ruby_70680.zip	275
049690	破れわらじ	三好	十郎	新字新仮名	NDC 912	https://www.aozora.gr.jp/cards/001311/files/49690_ruby_34063.zip	0
049691	将来の日本	新島	襄	新字新仮名	NDC 304	https://www.aozora.gr.jp/cards/001388/files/49691_ruby_34382.zip	2122
049692	将来の日本	中江	兆民	新字新仮名	NDC 304	https://www.aozora.gr.jp/cards/001212/files/49692_ruby_34384.zip	17
049693	将来の日本	田口	卯吉	新字新仮名	NDC 304	https://www.aozora.gr.jp/cards/000634/files/49693_ruby_34383.zip	0
049701	仙人掌の花	山本	禾太郎	新字新仮名	NDC 913	https://www.aozora.gr.jp/cards/000930/files/49701_ruby_33412.zip	0
049702	探偵小説思い出話	山本	禾太郎	新字新仮名	NDC 914	https://www.aozora.gr.jp/cards/000930/files/49702_txt_38166.zip	0
049703	浮浪学生の話	上田	敏	新字旧仮名	NDC 953	https://www.aozora.gr.jp/cards/001389/files/49703_ruby_34907.zip	0
049704	法王の祈祷	上田	敏	新字旧仮名	NDC 953	https://www.aozora.gr.jp/cards/001389/files/49704_ruby_34908.zip	0
049705	癩病やみの話	上田	敏	新字旧仮名	NDC 953	https://www.aozora.gr.jp/cards/001389/files/49705_ruby_34909.zip	0
049706	清水幾太郎さんへの手紙	三好	十郎	新字新仮名	NDC 914	https://www.aozora.gr.jp/cards/001311/files/49706_ruby_34053.zip	0
049719	地球儀	牧野	信一	新字新仮名	NDC 913	https://www.aozora.gr.jp/cards/000183/files/49719_ruby_36028.zip	795
049720	能面と松園さんの絵	金剛	巌	新字新仮名	NDC 721 773 914	https://www.aozora.gr.jp/cards/001390/files/49720_ruby_33810.zip	0
049721	松園女史の思い出	金子	薫園	新字新仮名	NDC 721 914	https://www.aozora.gr.jp/cards/000920/files/49721_ruby_33811.zip	0
049748	芥川比呂志	加藤	道夫	旧字旧仮名	NDC 914	https://www.aozora.gr.jp/cards/001240/files/49748_txt_69300.zip	392
049749	美しいだけでは間にあはない	加藤	道夫	旧字旧仮名	NDC 914	https://www.aozora.gr.jp/cards/001240/files/49749_txt_69283.zip	435
049753	目に見えない怪物	加藤	道夫	旧字旧仮名	NDC 773	https://www.aozora.gr.jp/cards/001240/files/49753_ruby_69705.zip	298
049754	遁走	葛西	善蔵	新字新仮名	NDC 913	https://www.aozora.gr.jp/cards/000984/files/49754_ruby_38658.zip	0
049755	贋物	葛西	善蔵	新字新仮名	NDC 913	https://www.aozora.gr.jp/cards/000984/files/49755_ruby_38657.zip	0
049769	記憶のまゝ	長塚	節	旧字旧仮名	NDC 910	https://www.aozora.gr.jp/cards/000118/files/49769_txt_58696.zip	212
049770	草津行	長塚	節	旧字旧仮名	NDC 915	https://www.aozora.gr.jp/cards/000118/files/49770_txt_59436.zip	371
049771	知己の第一人	長塚	節	旧字旧仮名	NDC 910	https://www.aozora.gr.jp/cards/000118/files/49771_ruby_58695.zip	162
049777	「プラーゲ旋風」の話	山下	博章	新字新仮名	NDC 021	https://www.aozora.gr.jp/cards/001391/files/49777_txt_50819.zip	0
049787	夜汽車	尾崎	放哉	新字旧仮名	NDC 914	https://www.aozora.gr.jp/cards/000195/files/49787_ruby_51187.zip	262
049788	「あばた」も「えくぼ」、「えくぼ」も「あばた」	喜田	貞吉	新字新仮名	NDC 210	https://www.aozora.gr.jp/cards/001344/files/49788_txt_73645.zip	421
049789	「鐵」の字の古体と古代の文化	喜田	貞吉	新字新仮名	NDC 210	https://www.aozora.gr.jp/cards/001344/files/49789_ruby_73635.zip	435
049790	石上神宮の神宝七枝刀	喜田	貞吉	新字新仮名	NDC 210	https://www.aozora.gr.jp/cards/001344/files/49790_ruby_71219.zip	420
049791	遺物・遺蹟と歴史研究	喜田	貞吉	新字新仮名	NDC 210	https://www.aozora.gr.jp/cards/001344/files/49791_ruby_73179.zip	200
049792	奥羽北部の石器時代文化における古代シナ文化の影響について	喜田	貞吉	新字新仮名	NDC 210	https://www.aozora.gr.jp/cards/001344/files/49792_ruby_72775.zip	320
049796	日本における史前時代の歴史研究について	喜田	貞吉	新字新仮名	NDC 210	https://www.aozora.gr.jp/cards/001344/files/49796_ruby_73646.zip	430
049798	八坂瓊之曲玉考	喜田	貞吉	新字新仮名	NDC 210	https://www.aozora.gr.jp/cards/001344/files/49798_ruby_71231.zip	289
049800	八月の霧島	吉田	絃二郎	新字旧仮名	NDC 915	https://www.aozora.gr.jp/cards/001177/files/49800_ruby_49040.zip	0
049801	天草の春	長谷	健	新字新仮名	NDC 915	https://www.aozora.gr.jp/cards/001392/files/49801_ruby_34184.zip	0
049809	国号の由来	喜田	貞吉	新字新仮名	NDC 210	https://www.aozora.gr.jp/cards/001344/files/49809_ruby_44381.zip	162
049825	青年の思索のために	下村	湖人	新字新仮名	NDC 914	https://www.aozora.gr.jp/cards/001097/files/49825_ruby_57787.zip	0
049832	御時務の儀に付申上候書付	福沢	諭吉	旧字旧仮名	NDC 121 210	https://www.aozora.gr.jp/cards/000296/files/49832_ruby_59589.zip	222
049836	猫の蚤とり武士	国枝	史郎	新字新仮名	NDC 913	https://www.aozora.gr.jp/cards/000255/files/49836_ruby_71866.zip	643
049850	「孔雀船」解説	中山	省三郎	旧字旧仮名	NDC 911	https://www.aozora.gr.jp/cards/001061/files/49850_ruby_53161.zip	0
049851	孔雀船	伊良子	清白	旧字旧仮名	NDC 911	https://www.aozora.gr.jp/cards/000430/files/49851_ruby_53157.zip	10
049853	愛ちやんの夢物語	キャロル	ルイス	旧字旧仮名	NDC K933	https://www.aozora.gr.jp/cards/001393/files/49853_ruby_65152.zip	676
049858	家長の心配	カフカ	フランツ	新字新仮名	NDC 943	https://www.aozora.gr.jp/cards/001235/files/49858_txt_41874.zip	213
049859	火夫	カフカ	フランツ	新字新仮名	NDC 943	https://www.aozora.gr.jp/cards/001235/files/49859_ruby_41875.zip	0
049860	皇帝の使者	カフカ	フランツ	新字新仮名	NDC 943	https://www.aozora.gr.jp/cards/001235/files/49860_ruby_41876.zip	0
049861	最初の苦悩	カフカ	フランツ	新字新仮名	NDC 943	https://www.aozora.gr.jp/cards/001235/files/49861_ruby_41877.zip	273
049862	城	カフカ	フランツ	新字新仮名	NDC 943	https://www.aozora.gr.jp/cards/001235/files/49862_ruby_45674.zip	40265
049863	審判	カフカ	フランツ	新字新仮名	NDC 943	https://www.aozora.gr.jp/cards/001235/files/49863_ruby_41867.zip	36207
049864	断食芸人	カフカ	フランツ	新字新仮名	NDC 943	https://www.aozora.gr.jp/cards/001235/files/49864_ruby_41883.zip	6742
049865	判決	カフカ	フランツ	新字新仮名	NDC 943	https://www.aozora.gr.jp/cards/001235/files/49865_ruby_41884.zip	2216
049866	変身	カフカ	フランツ	新字新仮名	NDC 943	https://www.aozora.gr.jp/cards/001235/files/49866_ruby_41853.zip	66766
049867	流刑地で	カフカ	フランツ	新字新仮名	NDC 943	https://www.aozora.gr.jp/cards/001235/files/49867_ruby_41885.zip	8923
049868	生不動	橘	外男	新字新仮名	NDC 913	https://www.aozora.gr.jp/cards/001397/files/49868_ruby_37643.zip	0
049869	逗子物語	橘	外男	新字新仮名	NDC 913	https://www.aozora.gr.jp/cards/001397/files/49869_ruby_69271.zip	430
049870	仁王門	橘	外男	新字新仮名	NDC 913	https://www.aozora.gr.jp/cards/001397/files/49870_ruby_71228.zip	445
049871	蒲団	橘	外男	新字新仮名	NDC 913	https://www.aozora.gr.jp/cards/001397/files/49871_ruby_71865.zip	393
049872	亡霊怪猫屋敷	橘	外男	新字新仮名	NDC 913	https://www.aozora.gr.jp/cards/001397/files/49872_ruby_73642.zip	702
049873	「自然」を深めよ	和辻	哲郎	新字新仮名	NDC 121	https://www.aozora.gr.jp/cards/001395/files/49873_ruby_42489.zip	0
049874	『偶像再興』序言	和辻	哲郎	新字新仮名	NDC 121	https://www.aozora.gr.jp/cards/001395/files/49874_ruby_42525.zip	0
049875	『青丘雑記』を読む	和辻	哲郎	新字新仮名	NDC 914	https://www.aozora.gr.jp/cards/001395/files/49875_ruby_45441.zip	0
049881	埋もれた日本	和辻	哲郎	新字新仮名	NDC 121	https://www.aozora.gr.jp/cards/001395/files/49881_ruby_45902.zip	120
049889	偶像崇拝の心理	和辻	哲郎	新字新仮名	NDC 121	https://www.aozora.gr.jp/cards/001395/files/49889_ruby_42526.zip	173
049890	孔子	和辻	哲郎	新字新仮名	NDC 121 124	https://www.aozora.gr.jp/cards/001395/files/49890_ruby_47995.zip	6136
049891	古寺巡礼	和辻	哲郎	新字新仮名	NDC 121 702	https://www.aozora.gr.jp/cards/001395/files/49891_ruby_41858.zip	34138
049898	漱石の人物	和辻	哲郎	新字新仮名	NDC 121 910	https://www.aozora.gr.jp/cards/001395/files/49898_ruby_45865.zip	108
049904	夏目先生の追憶	和辻	哲郎	新字新仮名	NDC 121 910	https://www.aozora.gr.jp/cards/001395/files/49904_ruby_45867.zip	143
049905	日本精神史研究	和辻	哲郎	新字新仮名	NDC 121	https://www.aozora.gr.jp/cards/001395/files/49905_ruby_63224.zip	621
049920	「世界文学大系58　カフカ」解説	原田	義人	新字新仮名	NDC 940	https://www.aozora.gr.jp/cards/001396/files/49920_ruby_42007.zip	0
049921	年譜	原田	義人	新字新仮名	NDC 940	https://www.aozora.gr.jp/cards/001396/files/49921_ruby_42008.zip	0
049922	浅瀬に洗う女	マクラウド	フィオナ	新字新仮名	NDC 993	https://www.aozora.gr.jp/cards/001399/files/49922_ruby_48217.zip	0
049923	海豹	マクラウド	フィオナ	新字新仮名	NDC 993	https://www.aozora.gr.jp/cards/001399/files/49923_ruby_47629.zip	0
049924	魚と蠅の祝日	マクラウド	フィオナ	新字新仮名	NDC 993	https://www.aozora.gr.jp/cards/001399/files/49924_ruby_47791.zip	0
049925	かなしき女王	マクラウド	フィオナ	新字新仮名	NDC 993	https://www.aozora.gr.jp/cards/001399/files/49925_ruby_48352.zip	0
049926	髪あかきダフウト	マクラウド	フィオナ	新字新仮名	NDC 993	https://www.aozora.gr.jp/cards/001399/files/49926_ruby_47773.zip	75
049927	琴	マクラウド	フィオナ	新字新仮名	NDC 993	https://www.aozora.gr.jp/cards/001399/files/49927_ruby_48096.zip	0
049928	精	マクラウド	フィオナ	新字新仮名	NDC 993	https://www.aozora.gr.jp/cards/001399/files/49928_ruby_47991.zip	0
049929	剣のうた	マクラウド	フィオナ	新字新仮名	NDC 993	https://www.aozora.gr.jp/cards/001399/files/49929_ruby_48253.zip	0
049930	女王スカァアの笑い	マクラウド	フィオナ	新字新仮名	NDC 993	https://www.aozora.gr.jp/cards/001399/files/49930_ruby_47633.zip	0
049931	約束	マクラウド	フィオナ	新字新仮名	NDC 993	https://www.aozora.gr.jp/cards/001399/files/49931_ruby_48021.zip	0
049932	漁師	マクラウド	フィオナ	新字新仮名	NDC 993	https://www.aozora.gr.jp/cards/001399/files/49932_ruby_47849.zip	22
049933	ウスナの家	マクラウド	フィオナ	新字新仮名	NDC 993	https://www.aozora.gr.jp/cards/001399/files/49933_ruby_48499.zip	0
049934	お末の死	有島	武郎	新字旧仮名	NDC 913	https://www.aozora.gr.jp/cards/000025/files/49934_ruby_50825.zip	72
049940	新独逸語文法教程解説	関口	存男	旧字旧仮名	NDC 845	https://www.aozora.gr.jp/cards/001402/files/49940_txt_57517.zip	236
049946	移轍（Anakoluth）	関口	存男	新字新仮名	NDC 845	https://www.aozora.gr.jp/cards/001402/files/49946_txt_59449.zip	135
049947	食道楽	村井	弦斎	新字新仮名	NDC 913	https://www.aozora.gr.jp/cards/000810/files/49947_ruby_39182.zip	0
049952	甘鯛の姿焼き	北大路	魯山人	新字新仮名	NDC 596	https://www.aozora.gr.jp/cards/001403/files/49952_ruby_37690.zip	6092
049953	鮎の食い方	北大路	魯山人	新字新仮名	NDC 596	https://www.aozora.gr.jp/cards/001403/files/49953_ruby_37728.zip	15616
049959	鰻の話	北大路	魯山人	新字新仮名	NDC 596	https://www.aozora.gr.jp/cards/001403/files/49959_ruby_37730.zip	11325
049961	美味い豆腐の話	北大路	魯山人	新字新仮名	NDC 596	https://www.aozora.gr.jp/cards/001403/files/49961_ruby_37645.zip	11247
049962	欧米料理と日本	北大路	魯山人	新字新仮名	NDC 596	https://www.aozora.gr.jp/cards/001403/files/49962_ruby_37714.zip	9453
049963	お米の話	北大路	魯山人	新字新仮名	NDC 596	https://www.aozora.gr.jp/cards/001403/files/49963_ruby_37646.zip	12655
049966	チベット旅行記	河口	慧海	新字新仮名	NDC 292	https://www.aozora.gr.jp/cards/001404/files/49966_ruby_44550.zip	17685
049977	材料か料理か	北大路	魯山人	新字新仮名	NDC 596	https://www.aozora.gr.jp/cards/001403/files/49977_ruby_37639.zip	4562
049980	塩昆布の茶漬け	北大路	魯山人	新字新仮名	NDC 596	https://www.aozora.gr.jp/cards/001403/files/49980_ruby_37874.zip	4300
049986	だしの取り方	北大路	魯山人	新字新仮名	NDC 596	https://www.aozora.gr.jp/cards/001403/files/49986_ruby_37649.zip	20662
049989	握り寿司の名人	北大路	魯山人	新字新仮名	NDC 596	https://www.aozora.gr.jp/cards/001403/files/49989_ruby_37731.zip	11743
050009	料理の第一歩	北大路	魯山人	新字新仮名	NDC 596	https://www.aozora.gr.jp/cards/001403/files/50009_ruby_37712.zip	4477
050011	料理メモ	北大路	魯山人	新字新仮名	NDC 596	https://www.aozora.gr.jp/cards/001403/files/50011_ruby_37641.zip	10924
050014	アメリカの牛豚	北大路	魯山人	新字新仮名	NDC 596	https://www.aozora.gr.jp/cards/001403/files/50014_ruby_37713.zip	11070
050015	インチキ鮎	北大路	魯山人	新字新仮名	NDC 596	https://www.aozora.gr.jp/cards/001403/files/50015_ruby_37693.zip	5946
050019	フランス料理について	北大路	魯山人	新字新仮名	NDC 596	https://www.aozora.gr.jp/cards/001403/files/50019_ruby_37721.zip	8457
050020	自力更生より自然力更生へ	三沢	勝衛	新字新仮名	NDC 291	https://www.aozora.gr.jp/cards/000793/files/50020_ruby_35672.zip	0
050024	赤城山	大町	桂月	旧字旧仮名	NDC 915	https://www.aozora.gr.jp/cards/000237/files/50024_ruby_64016.zip	346
050028	碓氷峠	大町	桂月	旧字旧仮名	NDC 915	https://www.aozora.gr.jp/cards/000237/files/50028_ruby_64588.zip	455
050029	沖の小島	大町	桂月	旧字旧仮名	NDC 915	https://www.aozora.gr.jp/cards/000237/files/50029_txt_69509.zip	322
050032	越ヶ谷の半日	大町	桂月	旧字旧仮名	NDC 915	https://www.aozora.gr.jp/cards/000237/files/50032_txt_71089.zip	366
050034	塩原新七不思議	大町	桂月	旧字旧仮名	NDC 915	https://www.aozora.gr.jp/cards/000237/files/50034_txt_68208.zip	370
050036	白河の関	大町	桂月	旧字旧仮名	NDC 915	https://www.aozora.gr.jp/cards/000237/files/50036_txt_64890.zip	338
050038	上州沼田より日光へ	大町	桂月	旧字旧仮名	NDC 915	https://www.aozora.gr.jp/cards/000237/files/50038_ruby_69033.zip	370
050039	多摩川冒険記	大町	桂月	旧字旧仮名	NDC 915	https://www.aozora.gr.jp/cards/000237/files/50039_ruby_70387.zip	404
050041	十和田湖	大町	桂月	旧字旧仮名	NDC 915	https://www.aozora.gr.jp/cards/000237/files/50041_ruby_73420.zip	430
050047	町田村の香雪園	大町	桂月	旧字旧仮名	NDC 915	https://www.aozora.gr.jp/cards/000237/files/50047_txt_72757.zip	380
050049	夜の高尾山	大町	桂月	旧字旧仮名	NDC 915	https://www.aozora.gr.jp/cards/000237/files/50049_ruby_69938.zip	596
050066	光をかかぐる人々	徳永	直	旧字旧仮名	NDC 022 210 913 914	https://www.aozora.gr.jp/cards/001308/files/50066_ruby_37116.zip	0
050070	棚田裁判長の怪死	橘	外男	新字新仮名	NDC 913	https://www.aozora.gr.jp/cards/001397/files/50070_ruby_37689.zip	0
050071	墓が呼んでいる	橘	外男	新字新仮名	NDC 913	https://www.aozora.gr.jp/cards/001397/files/50071_ruby_70104.zip	0
050075	葛根湯	橘	外男	新字新仮名	NDC 913	https://www.aozora.gr.jp/cards/001397/files/50075_ruby_37644.zip	0
050076	雷嫌いの話	橘	外男	新字新仮名	NDC 914	https://www.aozora.gr.jp/cards/001397/files/50076_ruby_37634.zip	0
050105	金時計	泉	鏡花	新字新仮名	NDC 913	https://www.aozora.gr.jp/cards/000050/files/50105_ruby_54181.zip	464
050108	貧民倶楽部	泉	鏡花	新字新仮名	NDC 913	https://www.aozora.gr.jp/cards/000050/files/50108_ruby_72063.zip	468
050112	エリザベスとエセックス	片岡	鉄兵	新字新仮名	NDC 933	https://www.aozora.gr.jp/cards/001407/files/50112_ruby_41726.zip	0
050114	山谿に生くる人々	葉山	嘉樹	新字新仮名	NDC 913	https://www.aozora.gr.jp/cards/000031/files/50114_ruby_65946.zip	287
050117	欧米各国　政教日記	井上	円了	新字新仮名	NDC 192 290	https://www.aozora.gr.jp/cards/001021/files/50117_ruby_48390.zip	0
050118	西航日録	井上	円了	新字新仮名	NDC 290	https://www.aozora.gr.jp/cards/001021/files/50118_ruby_40759.zip	0
050120	妖怪学講義	井上	円了	新字新仮名	NDC 147	https://www.aozora.gr.jp/cards/001021/files/50120_ruby_73415.zip	415
050125	妖怪学講義	井上	円了	新字新仮名	NDC 147	https://www.aozora.gr.jp/cards/001021/files/50125_ruby_73414.zip	431
050130	最後の晩餐	マクラウド	フィオナ	新字新仮名	NDC 993	https://www.aozora.gr.jp/cards/001399/files/50130_ruby_47705.zip	385
050131	アーサー王物語	菅野	徳助	旧字旧仮名	NDC 837 931	https://www.aozora.gr.jp/cards/000140/files/50131_txt_42213.zip	56305
050133	猫八	岩野	泡鳴	新字新仮名	NDC 913	https://www.aozora.gr.jp/cards/000137/files/50133_ruby_56453.zip	248
050161	他計甚麽（竹島）雑誌	松浦	武四郎	旧字旧仮名	NDC 291	https://www.aozora.gr.jp/cards/001408/files/50161_ruby_49459.zip	0
050182	夢	相馬	泰三	新字旧仮名	NDC 913	https://www.aozora.gr.jp/cards/001082/files/50182_ruby_34903.zip	0
050183	新らしき祖先	相馬	泰三	新字旧仮名	NDC 913	https://www.aozora.gr.jp/cards/001082/files/50183_ruby_37474.zip	0
050184	野の哄笑	相馬	泰三	新字旧仮名	NDC 913	https://www.aozora.gr.jp/cards/001082/files/50184_ruby_37473.zip	0
050186	斬られの仙太	三好	十郎	新字新仮名	NDC 912	https://www.aozora.gr.jp/cards/001311/files/50186_ruby_35170.zip	460
050192	おせい	葛西	善蔵	旧字旧仮名	NDC 913	https://www.aozora.gr.jp/cards/000984/files/50192_ruby_36102.zip	0
050193	血を吐く	葛西	善蔵	旧字旧仮名	NDC 913	https://www.aozora.gr.jp/cards/000984/files/50193_ruby_36103.zip	0
050220	六号室	瀬沼	夏葉	新字新仮名	NDC 983	https://www.aozora.gr.jp/cards/001155/files/50220_ruby_41740.zip	0
050236	法窓夜話	穂積	重遠	新字新仮名	NDC 320	https://www.aozora.gr.jp/cards/000927/files/50236_ruby_53999.zip	190
050255	Me Voilà	中原	中也	新字旧仮名	NDC 914	https://www.aozora.gr.jp/cards/000026/files/50255_txt_57359.zip	684
050263	革命の研究	大杉	栄	旧字旧仮名	NDC 309	https://www.aozora.gr.jp/cards/001229/files/50263_ruby_53983.zip	257
050266	〔気品の泉源、智徳の模範〕	福沢	諭吉	新字新仮名	NDC 377	https://www.aozora.gr.jp/cards/000296/files/50266_ruby_69689.zip	296
050268	故社員の一言今尚精神	福沢	諭吉	新字新仮名	NDC 377	https://www.aozora.gr.jp/cards/000296/files/50268_ruby_69910.zip	323
050269	蘭学事始再版之序	福沢	諭吉	新字新仮名	NDC 402	https://www.aozora.gr.jp/cards/000296/files/50269_ruby_72258.zip	318
050270	屍体と民俗	中山	太郎	新字新仮名	NDC 385	https://www.aozora.gr.jp/cards/001420/files/50270_ruby_47195.zip	46
050271	本朝変態葬礼史	中山	太郎	新字新仮名	NDC 385	https://www.aozora.gr.jp/cards/001420/files/50271_ruby_47192.zip	115
050279	帰来	阿部	次郎	新字旧仮名	NDC 914	https://www.aozora.gr.jp/cards/001421/files/50279_txt_37629.zip	0
050295	歩む	戸田	豊子	新字新仮名	NDC 913	https://www.aozora.gr.jp/cards/001422/files/50295_ruby_72977.zip	362
050296	鋳物工場	戸田	豊子	新字新仮名	NDC 913	https://www.aozora.gr.jp/cards/001422/files/50296_ruby_70693.zip	304
050297	人生の楽事	福沢	諭吉	新字新仮名	NDC 370	https://www.aozora.gr.jp/cards/000296/files/50297_ruby_70120.zip	443
050299	探検実記　地中の秘密	江見	水蔭	旧字旧仮名	NDC 913	https://www.aozora.gr.jp/cards/000448/files/50299_ruby_74023.zip	325
050305	風は草木にささやいた	土田	杏村	旧字旧仮名	NDC 911	https://www.aozora.gr.jp/cards/000344/files/50305_ruby_35023.zip	0
050306	桜の実の熟する時	島崎	藤村	新字新仮名	NDC 913	https://www.aozora.gr.jp/cards/000158/files/50306_ruby_75143.zip	764
050321	河原の対面	小寺	菊子	新字旧仮名	NDC 913	https://www.aozora.gr.jp/cards/001425/files/50321_ruby_42583.zip	0
050322	父の帰宅	小寺	菊子	新字旧仮名	NDC 913	https://www.aozora.gr.jp/cards/001425/files/50322_ruby_42586.zip	0
050323	念仏の家	小寺	菊子	新字旧仮名	NDC 913	https://www.aozora.gr.jp/cards/001425/files/50323_ruby_42588.zip	0
050326	雪女	小泉	八雲	新字新仮名	NDC 933	https://www.aozora.gr.jp/cards/000258/files/50326_txt_35450.zip	42611
050327	ろくろ首	小泉	八雲	新字新仮名	NDC 933	https://www.aozora.gr.jp/cards/000258/files/50327_ruby_35451.zip	30331
050328	相対性理論	アインシュタイン	アルベルト	新字新仮名	NDC 421	https://www.aozora.gr.jp/cards/001428/files/50328_txt_64311.zip	25506
050344	日の光を浴びて	水野	仙子	旧字旧仮名	NDC 913	https://www.aozora.gr.jp/cards/000112/files/50344_ruby_42009.zip	0
050346	透明人間	ウェルズ	ハーバート・ジョージ	新字新仮名	NDC K933	https://www.aozora.gr.jp/cards/001430/files/50346_ruby_39142.zip	8106
050351	五重塔	幸田	露伴	新字新仮名	NDC 913	https://www.aozora.gr.jp/cards/000051/files/50351_ruby_36038.zip	16395
050354	鬼桃太郎	尾崎	紅葉	新字新仮名	NDC K913	https://www.aozora.gr.jp/cards/000091/files/50354_ruby_65968.zip	918
050355	鬼桃太郎	尾崎	紅葉	旧字旧仮名	NDC K913	https://www.aozora.gr.jp/cards/000091/files/50355_ruby_66675.zip	585
050356	空罎	服部	之総	新字新仮名	NDC 210	https://www.aozora.gr.jp/cards/001263/files/50356_ruby_38447.zip	0
050357	加波山	服部	之総	新字新仮名	NDC 210	https://www.aozora.gr.jp/cards/001263/files/50357_ruby_39706.zip	0
050358	咸臨丸その他	服部	之総	新字新仮名	NDC 210 683	https://www.aozora.gr.jp/cards/001263/files/50358_ruby_38318.zip	0
050359	汽船が太平洋を横断するまで	服部	之総	新字新仮名	NDC 210 683	https://www.aozora.gr.jp/cards/001263/files/50359_ruby_38319.zip	0
050360	黒田清隆の方針	服部	之総	新字新仮名	NDC 210	https://www.aozora.gr.jp/cards/001263/files/50360_ruby_39707.zip	0
050361	黒船前後	服部	之総	新字新仮名	NDC 552	https://www.aozora.gr.jp/cards/001263/files/50361_ruby_38121.zip	0
050362	黒船来航	服部	之総	新字新仮名	NDC 210	https://www.aozora.gr.jp/cards/001263/files/50362_ruby_38122.zip	0
050363	志士と経済	服部	之総	新字新仮名	NDC 210	https://www.aozora.gr.jp/cards/001263/files/50363_ruby_38982.zip	0
050364	新撰組	服部	之総	新字新仮名	NDC 210	https://www.aozora.gr.jp/cards/001263/files/50364_ruby_38983.zip	1071
050365	せいばい	服部	之総	新字新仮名	NDC 322	https://www.aozora.gr.jp/cards/001263/files/50365_ruby_45863.zip	0
050366	尊攘戦略史	服部	之総	新字新仮名	NDC 210	https://www.aozora.gr.jp/cards/001263/files/50366_ruby_38448.zip	0
050367	撥陵遠征隊	服部	之総	新字新仮名	NDC 221 222	https://www.aozora.gr.jp/cards/001263/files/50367_ruby_38317.zip	0
050368	福沢諭吉	服部	之総	新字新仮名	NDC 289	https://www.aozora.gr.jp/cards/001263/files/50368_ruby_39157.zip	0
050369	武鑑譜	服部	之総	新字新仮名	NDC 210	https://www.aozora.gr.jp/cards/001263/files/50369_ruby_39156.zip	0
050370	望郷	服部	之総	新字新仮名	NDC 211	https://www.aozora.gr.jp/cards/001263/files/50370_ruby_39705.zip	0
050371	明治の五十銭銀貨	服部	之総	新字新仮名	NDC 210	https://www.aozora.gr.jp/cards/001263/files/50371_ruby_39708.zip	0
050374	犬	島崎	藤村	新字旧仮名	NDC 913	https://www.aozora.gr.jp/cards/000158/files/50374_ruby_64046.zip	690
050375	死の床	島崎	藤村	新字旧仮名	NDC 913	https://www.aozora.gr.jp/cards/000158/files/50375_ruby_65444.zip	748
050377	灯火	島崎	藤村	新字旧仮名	NDC 913	https://www.aozora.gr.jp/cards/000158/files/50377_ruby_68722.zip	722
050405	恋	正岡	子規	新字新仮名	NDC 914	https://www.aozora.gr.jp/cards/000305/files/50405_ruby_38323.zip	99
050409	大森彦七と名和長年	松本	幸四郎	新字旧仮名	NDC 774	https://www.aozora.gr.jp/cards/001434/files/50409_txt_43403.zip	0
050410	散文詩	石川	啄木	旧字旧仮名	NDC 911	https://www.aozora.gr.jp/cards/000153/files/50410_ruby_47789.zip	174
050411	唱歌	石川	啄木	旧字旧仮名	NDC 911	https://www.aozora.gr.jp/cards/000153/files/50411_txt_47787.zip	12
050415	伊那紀行	今井	邦子	旧字旧仮名	NDC 915	https://www.aozora.gr.jp/cards/000234/files/50415_txt_47464.zip	0
050416	誠心院の一夜	今井	邦子	旧字旧仮名	NDC 913	https://www.aozora.gr.jp/cards/000234/files/50416_txt_47398.zip	0
050417	滝	今井	邦子	旧字旧仮名	NDC 914	https://www.aozora.gr.jp/cards/000234/files/50417_txt_47465.zip	0
050418	仏法僧	今井	邦子	旧字旧仮名	NDC 914	https://www.aozora.gr.jp/cards/000234/files/50418_txt_47466.zip	0
050419	雪解水	今井	邦子	旧字旧仮名	NDC 914	https://www.aozora.gr.jp/cards/000234/files/50419_txt_47467.zip	0
050421	合本三太郎の日記　序	阿部	次郎	旧字旧仮名	NDC 914	https://www.aozora.gr.jp/cards/001421/files/50421_txt_47119.zip	13
050422	三太郎の日記　第一	阿部	次郎	旧字旧仮名	NDC 914	https://www.aozora.gr.jp/cards/001421/files/50422_ruby_43515.zip	87
050423	三太郎の日記　第三	阿部	次郎	旧字旧仮名	NDC 914	https://www.aozora.gr.jp/cards/001421/files/50423_ruby_46749.zip	0
050424	三太郎の日記　第二	阿部	次郎	旧字旧仮名	NDC 914	https://www.aozora.gr.jp/cards/001421/files/50424_ruby_44375.zip	0
050436	蘭学事始再版序	福沢	諭吉	新字旧仮名	NDC 402	https://www.aozora.gr.jp/cards/000296/files/50436_ruby_69512.zip	355
050461	山を思う	石川	欣一	新字新仮名	NDC 291	https://www.aozora.gr.jp/cards/001380/files/50461_ruby_65420.zip	310
050467	針の木のいけにえ	石川	欣一	新字新仮名	NDC 786	https://www.aozora.gr.jp/cards/001380/files/50467_ruby_59503.zip	283
050475	比島投降記	石川	欣一	新字新仮名	NDC 916	https://www.aozora.gr.jp/cards/001380/files/50475_ruby_60856.zip	658
050479	フランケンシュタイン	宍戸	儀一	新字新仮名	NDC 933 934	https://www.aozora.gr.jp/cards/001186/files/50479_ruby_35863.zip	429
050480	フランケンシュタイン	宍戸	儀一	新字新仮名	NDC 933 934	https://www.aozora.gr.jp/cards/001186/files/50480_txt_35866.zip	263
050508	共産食堂	大杉	栄	新字新仮名	NDC 309	https://www.aozora.gr.jp/cards/001229/files/50508_ruby_53979.zip	285
050510	青年に訴う	大杉	栄	新字新仮名	NDC 309	https://www.aozora.gr.jp/cards/001229/files/50510_txt_53976.zip	188
050529	真の愛国心	新渡戸	稲造	新字新仮名	NDC 154	https://www.aozora.gr.jp/cards/000718/files/50529_ruby_37827.zip	0
050530	武士道の山	新渡戸	稲造	新字新仮名	NDC 156	https://www.aozora.gr.jp/cards/000718/files/50530_ruby_37828.zip	19262
050531	平民道	新渡戸	稲造	新字新仮名	NDC 156 309	https://www.aozora.gr.jp/cards/000718/files/50531_ruby_37829.zip	0
050532	我が教育の欠陥	新渡戸	稲造	新字新仮名	NDC 370	https://www.aozora.gr.jp/cards/000718/files/50532_ruby_37830.zip	0
050533	ある職工の手記	宮地	嘉六	新字旧仮名	NDC 913	https://www.aozora.gr.jp/cards/001446/files/50533_ruby_40151.zip	0
050534	煤煙の匂ひ	宮地	嘉六	新字旧仮名	NDC 913	https://www.aozora.gr.jp/cards/001446/files/50534_ruby_39743.zip	0
050535	如何に読書すべきか	三木	清	新字新仮名	NDC 019	https://www.aozora.gr.jp/cards/000218/files/50535_ruby_36956.zip	132
050540	怪談	平山	蘆江	新字新仮名	NDC 914	https://www.aozora.gr.jp/cards/001132/files/50540_ruby_64310.zip	726
050541	浮舟	泉	鏡花	新字新仮名	NDC 913	https://www.aozora.gr.jp/cards/000050/files/50541_ruby_65937.zip	689
050543	友人一家の死	松崎	天民	新字新仮名	NDC 914	https://www.aozora.gr.jp/cards/001447/files/50543_ruby_64567.zip	295
050549	信濃国	浅井	洌	旧字旧仮名	NDC 911	https://www.aozora.gr.jp/cards/000380/files/50549_ruby_36917.zip	0
050555	県歌　信濃の国	浅井	洌	新字新仮名	NDC 911	https://www.aozora.gr.jp/cards/000380/files/50555_ruby_36916.zip	0
050558	白羊宮	薄田	泣菫	旧字旧仮名	NDC 911	https://www.aozora.gr.jp/cards/000150/files/50558_ruby_61314.zip	122
050572	反古	小山内	薫	旧字旧仮名	NDC 913	https://www.aozora.gr.jp/cards/000479/files/50572_ruby_39716.zip	0
050579	震災後記	喜田	貞吉	新字新仮名	NDC 916	https://www.aozora.gr.jp/cards/001344/files/50579_ruby_71610.zip	375
050580	震災日誌	喜田	貞吉	新字新仮名	NDC 916	https://www.aozora.gr.jp/cards/001344/files/50580_ruby_71611.zip	439
050581	葵原夫人の鯛釣	佐藤	垢石	新字新仮名	NDC 787 914	https://www.aozora.gr.jp/cards/001248/files/50581_ruby_57020.zip	268
050582	青鱚脚立釣	佐藤	垢石	新字新仮名	NDC 787 914	https://www.aozora.gr.jp/cards/001248/files/50582_txt_57021.zip	208
050583	秋の鮎	佐藤	垢石	新字新仮名	NDC 787 914	https://www.aozora.gr.jp/cards/001248/files/50583_ruby_57028.zip	287
050585	蛙を食う岩魚	佐藤	垢石	新字新仮名	NDC 787 914	https://www.aozora.gr.jp/cards/001248/files/50585_ruby_57029.zip	332
050587	河鱸遡上一考	佐藤	垢石	新字新仮名	NDC 787 914	https://www.aozora.gr.jp/cards/001248/files/50587_ruby_57035.zip	61
050588	寒鮠の記	佐藤	垢石	新字旧仮名	NDC 787 914	https://www.aozora.gr.jp/cards/001248/files/50588_ruby_71220.zip	305
050589	鯨を釣る	佐藤	垢石	新字新仮名	NDC 664 914	https://www.aozora.gr.jp/cards/001248/files/50589_ruby_57036.zip	213
050591	小鰺釣	佐藤	垢石	新字新仮名	NDC 787 914	https://www.aozora.gr.jp/cards/001248/files/50591_txt_57044.zip	258
050592	さしみ	佐藤	垢石	新字新仮名	NDC 787 914	https://www.aozora.gr.jp/cards/001248/files/50592_txt_57045.zip	631
050595	戦場ヶ原の渓谷	佐藤	垢石	新字新仮名	NDC 787 914	https://www.aozora.gr.jp/cards/001248/files/50595_ruby_68430.zip	389
050601	釣聖伝	佐藤	垢石	新字新仮名	NDC 787 914	https://www.aozora.gr.jp/cards/001248/files/50601_ruby_57055.zip	205
050603	釣場の研究	佐藤	垢石	新字新仮名	NDC 787 914	https://www.aozora.gr.jp/cards/001248/files/50603_ruby_57054.zip	249
050606	アンコウの味	佐藤	垢石	新字新仮名	NDC 914	https://www.aozora.gr.jp/cards/001248/files/50606_txt_68425.zip	411
050615	夜の黒鯛	佐藤	垢石	新字新仮名	NDC 787 914	https://www.aozora.gr.jp/cards/001248/files/50615_txt_68217.zip	384
050616	ガラガラ釣	佐藤	垢石	新字新仮名	NDC 787 914	https://www.aozora.gr.jp/cards/001248/files/50616_txt_71099.zip	241
050618	快走	岡本	かの子	新字新仮名	NDC 913	https://www.aozora.gr.jp/cards/000076/files/50618_ruby_37415.zip	511
050627	窓	岡本	かの子	新字新仮名	NDC 913	https://www.aozora.gr.jp/cards/000076/files/50627_ruby_58022.zip	509
050630	真夏の幻覚	岡本	かの子	新字新仮名	NDC 913	https://www.aozora.gr.jp/cards/000076/files/50630_ruby_58023.zip	543
050633	押しかけ女房	伊藤	永之介	新字新仮名	NDC 913	https://www.aozora.gr.jp/cards/001454/files/50633_ruby_37631.zip	0
050634	ニイチエ雑観	生田	長江	新字旧仮名	NDC 134 914	https://www.aozora.gr.jp/cards/000393/files/50634_ruby_36883.zip	0
050635	美的生活論とニイチエ	登張	竹風	新字旧仮名	NDC 134 701	https://www.aozora.gr.jp/cards/001455/files/50635_ruby_36882.zip	0
050658	にんじん	岸田	国士	新字新仮名	NDC 953	https://www.aozora.gr.jp/cards/001156/files/50658_ruby_53991.zip	1169
050659	長崎の鐘	永井	隆	新字新仮名	NDC 916	https://www.aozora.gr.jp/cards/000924/files/50659_ruby_42786.zip	665
050670	教育の目的	新渡戸	稲造	新字新仮名	NDC 371	https://www.aozora.gr.jp/cards/000718/files/50670_ruby_37831.zip	0
050682	「ぶどう畑のぶどう作り」後記	岸田	国士	新字新仮名	NDC K953 K954	https://www.aozora.gr.jp/cards/001154/files/50682_ruby_67373.zip	303
050685	大岡政談	尾佐竹	猛	旧字旧仮名	NDC 913	https://www.aozora.gr.jp/cards/001529/files/50685_ruby_67979.zip	750
050686	食道楽	村井	弦斎	新字新仮名	NDC 913	https://www.aozora.gr.jp/cards/000810/files/50686_ruby_42715.zip	21
050702	孔子と管仲	狩野	直喜	旧字旧仮名	NDC 123	https://www.aozora.gr.jp/cards/001127/files/50702_ruby_38441.zip	475
050703	楊雄と法言	狩野	直喜	旧字旧仮名	NDC 123	https://www.aozora.gr.jp/cards/001127/files/50703_ruby_42617.zip	0
050719	国楽を振興すべきの説	神田	孝平	新字新仮名	NDC 760 770	https://www.aozora.gr.jp/cards/001466/files/50719_ruby_71222.zip	181
050722	民選議院の時未だ到らざるの論	神田	孝平	新字新仮名	NDC 314	https://www.aozora.gr.jp/cards/001466/files/50722_ruby_71900.zip	37
050723	ぶどう畑のぶどう作り	岸田	国士	新字新仮名	NDC K953	https://www.aozora.gr.jp/cards/001156/files/50723_ruby_66939.zip	538
050724	奇病患者	葛西	善蔵	旧字旧仮名	NDC 913	https://www.aozora.gr.jp/cards/000984/files/50724_ruby_39849.zip	0
050726	今世風の教育	新渡戸	稲造	新字新仮名	NDC 370	https://www.aozora.gr.jp/cards/000718/files/50726_ruby_38729.zip	0
050727	人格の養成	新渡戸	稲造	新字新仮名	NDC 370	https://www.aozora.gr.jp/cards/000718/files/50727_ruby_38730.zip	0
050728	人格を認知せざる国民	新渡戸	稲造	新字新仮名	NDC 370	https://www.aozora.gr.jp/cards/000718/files/50728_ruby_38731.zip	0
050729	国際聯盟とは如何なものか	新渡戸	稲造	新字新仮名	NDC 319	https://www.aozora.gr.jp/cards/000718/files/50729_ruby_38732.zip	0
050730	教門論疑問	柏原	孝章	新字新仮名	NDC 161	https://www.aozora.gr.jp/cards/001467/files/50730_ruby_70918.zip	0
050733	日曜日之説	柏原	孝章	新字新仮名	NDC 449	https://www.aozora.gr.jp/cards/001467/files/50733_ruby_70690.zip	184
050735	合本三太郎の日記の後に	阿部	次郎	旧字旧仮名	NDC 914	https://www.aozora.gr.jp/cards/001421/files/50735_txt_47120.zip	0
050744	女子教育に就て	新渡戸	稲造	新字新仮名	NDC 370	https://www.aozora.gr.jp/cards/000718/files/50744_ruby_39192.zip	0
050745	東西相触れて	新渡戸	稲造	新字新仮名	NDC 361	https://www.aozora.gr.jp/cards/000718/files/50745_ruby_39193.zip	0
050746	イエスキリストの友誼	新渡戸	稲造	新字新仮名	NDC 190	https://www.aozora.gr.jp/cards/000718/files/50746_ruby_39523.zip	0
050749	死線を越えて	賀川	豊彦	新字旧仮名		https://www.aozora.gr.jp/cards/001468/files/50749_ruby_77147.zip	0
050750	死線を越えて	賀川	豊彦	新字旧仮名	NDC 913	https://www.aozora.gr.jp/cards/001468/files/50750_ruby_75925.zip	447
050752	コロポックル説の誤謬を論ず（下）	河野	常吉	旧字旧仮名	NDC 389	https://www.aozora.gr.jp/cards/001469/files/50752_ruby_65636.zip	222
050753	コロポックル説の誤謬を論ず（上）	河野	常吉	旧字旧仮名	NDC 389	https://www.aozora.gr.jp/cards/001469/files/50753_ruby_65637.zip	359
050754	蝦夷とコロボツクルとの異同を論ず	喜田	貞吉	旧字旧仮名	NDC 211	https://www.aozora.gr.jp/cards/001344/files/50754_ruby_65151.zip	383
050755	しっぺい太郎	楠山	正雄	新字新仮名		https://www.aozora.gr.jp/cards/000329/files/50755_ruby_76474.zip	420
050756	鉢かつぎ	楠山	正雄	新字新仮名		https://www.aozora.gr.jp/cards/000329/files/50756_ruby_76500.zip	737
050761	忘れ難きことども	松井	須磨子	新字旧仮名	NDC 775	https://www.aozora.gr.jp/cards/001472/files/50761_ruby_37844.zip	0
050791	熱海の春	泉	鏡花	旧字旧仮名	NDC 915	https://www.aozora.gr.jp/cards/000050/files/50791_ruby_64302.zip	493
050898	ソクラテス	新渡戸	稲造	新字新仮名	NDC 131	https://www.aozora.gr.jp/cards/000718/files/50898_ruby_41478.zip	159
050900	真珠抄	北原	白秋	新字旧仮名	NDC 911	https://www.aozora.gr.jp/cards/000106/files/50900_ruby_60452.zip	358
050904	固形の論理	丘	浅次郎	新字旧仮名	NDC 401	https://www.aozora.gr.jp/cards/001474/files/50904_txt_73230.zip	350
050907	回顧と展望	高木	貞治	新字新仮名	NDC 289	https://www.aozora.gr.jp/cards/001398/files/50907_ruby_41855.zip	0
050908	ヒルベルト訪問記	高木	貞治	新字新仮名	NDC 410	https://www.aozora.gr.jp/cards/001398/files/50908_ruby_41868.zip	0
050909	ファウスト	ゲーテ	ヨハン・ヴォルフガング・フォン	新字新仮名	NDC 942	https://www.aozora.gr.jp/cards/001025/files/50909_ruby_49057.zip	51954
050912	一人舞台	ストリンドベリ	アウグスト	新字新仮名	NDC 949	https://www.aozora.gr.jp/cards/001062/files/50912_ruby_39237.zip	0
050913	釣	アルテンベルク	ペーター	新字新仮名	NDC 943	https://www.aozora.gr.jp/cards/001190/files/50913_ruby_39172.zip	0
050914	痴人と死と	ホーフマンスタール	フーゴー・フォン	新字新仮名	NDC 942	https://www.aozora.gr.jp/cards/001192/files/50914_ruby_39170.zip	0
050915	女の決闘	オイレンベルク	ヘルベルト	新字新仮名	NDC 943	https://www.aozora.gr.jp/cards/001193/files/50915_ruby_39238.zip	0
050916	鴉	シュミットボン	ウィルヘルム	新字新仮名	NDC 943	https://www.aozora.gr.jp/cards/001194/files/50916_ruby_39174.zip	0
050917	世界漫遊	ダビット	ヤーコプ・ユリウス	新字新仮名	NDC 943	https://www.aozora.gr.jp/cards/001195/files/50917_ruby_39236.zip	0
050918	みれん	シュニッツレル	アルツール	新字新仮名	NDC 943	https://www.aozora.gr.jp/cards/000360/files/50918_ruby_66929.zip	323
050919	罪人	アルチバシェッフ	ミハイル・ペトローヴィチ	新字新仮名	NDC 983	https://www.aozora.gr.jp/cards/000366/files/50919_ruby_39173.zip	0
050924	金山揷話	大鹿	卓	新字新仮名	NDC 913	https://www.aozora.gr.jp/cards/001476/files/50924_ruby_47129.zip	0
050926	魏志倭人伝	陳	寿	その他	NDC 210	https://www.aozora.gr.jp/cards/001477/files/50926_txt_40664.zip	4484
050931	中世の文学伝統	風巻	景次郎	新字新仮名	NDC 911	https://www.aozora.gr.jp/cards/001479/files/50931_ruby_41852.zip	0
051005	赤いろうそくと人魚	小川	未明	新字新仮名	NDC K913	https://www.aozora.gr.jp/cards/001475/files/51005_ruby_46180.zip	14010
051034	野ばら	小川	未明	新字新仮名	NDC K913	https://www.aozora.gr.jp/cards/001475/files/51034_ruby_47929.zip	1934
051134	怪物と飯を食ふ話	岡本	一平	新字旧仮名		https://www.aozora.gr.jp/cards/000239/files/51134_ruby_77286.zip	0
051135	検疫と荷物検査	杉村	楚人冠	新字旧仮名	NDC 914	https://www.aozora.gr.jp/cards/000608/files/51135_ruby_65180.zip	203
051136	愛は、力は土より	中沢	臨川	新字旧仮名	NDC 914	https://www.aozora.gr.jp/cards/000690/files/51136_ruby_43505.zip	0
051137	かたくり	水野	葉舟	新字旧仮名	NDC 914	https://www.aozora.gr.jp/cards/000941/files/51137_ruby_60766.zip	366
051138	道ひらく	相馬	御風	新字旧仮名		https://www.aozora.gr.jp/cards/000959/files/51138_txt_77868.zip	0
051139	初代谷風梶之助	三木	貞一	新字旧仮名	NDC 788	https://www.aozora.gr.jp/cards/001481/files/51139_ruby_43415.zip	0
051147	後漢書倭伝	范	曄	その他	NDC 210	https://www.aozora.gr.jp/cards/000348/files/51147_txt_40665.zip	0
051148	「死」の問題に対して	新渡戸	稲造	新字新仮名	NDC 114	https://www.aozora.gr.jp/cards/000718/files/51148_ruby_41563.zip	121
051153	隋書倭国伝	魏	徴	その他	NDC 210	https://www.aozora.gr.jp/cards/001484/files/51153_txt_40666.zip	0
051154	宋書倭国伝	沈	約	その他	NDC 210	https://www.aozora.gr.jp/cards/001485/files/51154_txt_40667.zip	0
051155	渡良瀬川	大鹿	卓	新字新仮名	NDC 913	https://www.aozora.gr.jp/cards/001476/files/51155_ruby_59525.zip	337
051160	空中征服	賀川	豊彦	新字新仮名	NDC 913	https://www.aozora.gr.jp/cards/001468/files/51160_ruby_41939.zip	0
051161	新アラビヤ夜話　序	佐藤	緑葉	旧字旧仮名	NDC 933 934	https://www.aozora.gr.jp/cards/001486/files/51161_txt_41854.zip	0
051162	医師と旅行鞄の話	佐藤	緑葉	旧字旧仮名	NDC 933	https://www.aozora.gr.jp/cards/000888/files/51162_txt_41859.zip	0
051163	帽子箱の話	佐藤	緑葉	旧字旧仮名	NDC 933	https://www.aozora.gr.jp/cards/000888/files/51163_ruby_66275.zip	424
051164	若い僧侶の話	佐藤	緑葉	旧字旧仮名	NDC 933	https://www.aozora.gr.jp/cards/000888/files/51164_txt_66352.zip	396
051165	浅沼稲次郎の三つの代表的演説	浅沼	稲次郎	新字新仮名	NDC 312	https://www.aozora.gr.jp/cards/001487/files/51165_txt_41865.zip	0
051166	まあまあ居士の弁	浅沼	稲次郎	新字新仮名	NDC 289	https://www.aozora.gr.jp/cards/001487/files/51166_txt_41866.zip	0
051167	私の履歴書	浅沼	稲次郎	新字新仮名	NDC 289	https://www.aozora.gr.jp/cards/001487/files/51167_ruby_41850.zip	3835
051168	糞尿譚	火野	葦平	新字新仮名	NDC 913	https://www.aozora.gr.jp/cards/001488/files/51168_ruby_53797.zip	1087
051170	人間の卵	高田	義一郎	旧字旧仮名		https://www.aozora.gr.jp/cards/001489/files/51170_ruby_78361.zip	0
051172	海潮音	上田	敏	旧字旧仮名	NDC 908 911 931 941 951 959 971	https://www.aozora.gr.jp/cards/000235/files/51172_ruby_41560.zip	0
051173	牧羊神	上田	敏	旧字旧仮名	NDC 908 911 951	https://www.aozora.gr.jp/cards/000235/files/51173_ruby_41630.zip	0
051178	北海道の「俊寛」	小林	多喜二	新字新仮名	NDC 914	https://www.aozora.gr.jp/cards/000156/files/51178_ruby_40239.zip	0
051191	雪をんな	葛西	善蔵	旧字旧仮名	NDC 913	https://www.aozora.gr.jp/cards/000984/files/51191_ruby_66685.zip	439
051192	雪をんな（二）	葛西	善蔵	旧字旧仮名	NDC 913	https://www.aozora.gr.jp/cards/000984/files/51192_ruby_66686.zip	329
051204	吉田松陰	徳富	蘇峰	新字新仮名	NDC 289	https://www.aozora.gr.jp/cards/001369/files/51204_ruby_62107.zip	791
051205	いがみの権太	三木	竹二	新字旧仮名	NDC 774	https://www.aozora.gr.jp/cards/000792/files/51205_ruby_42302.zip	0
051209	明治座評	三木	竹二	新字旧仮名	NDC 774	https://www.aozora.gr.jp/cards/000792/files/51209_ruby_42304.zip	0
051210	両座の「山門」評	三木	竹二	新字旧仮名	NDC 774	https://www.aozora.gr.jp/cards/000792/files/51210_ruby_42306.zip	0
051211	大阪の宿	水上	滝太郎	旧字旧仮名	NDC 913	https://www.aozora.gr.jp/cards/000800/files/51211_ruby_53546.zip	215
051218	蠢く者	葛西	善蔵	旧字旧仮名	NDC 913	https://www.aozora.gr.jp/cards/000984/files/51218_ruby_42641.zip	0
051219	哀しき父	葛西	善蔵	旧字旧仮名	NDC 913	https://www.aozora.gr.jp/cards/000984/files/51219_ruby_42592.zip	0
051220	湖畔手記	葛西	善蔵	旧字旧仮名	NDC 913	https://www.aozora.gr.jp/cards/000984/files/51220_ruby_42593.zip	0
051221	子をつれて	葛西	善蔵	旧字旧仮名	NDC 913	https://www.aozora.gr.jp/cards/000984/files/51221_ruby_42639.zip	0
051226	石川五右衛門の生立	上司	小剣	旧字旧仮名	NDC 913	https://www.aozora.gr.jp/cards/000248/files/51226_ruby_42835.zip	0
051227	ごりがん	上司	小剣	旧字旧仮名	NDC 913	https://www.aozora.gr.jp/cards/000248/files/51227_ruby_42740.zip	0
051228	太政官	上司	小剣	旧字旧仮名	NDC 913	https://www.aozora.gr.jp/cards/000248/files/51228_ruby_42834.zip	0
051229	父の婚礼	上司	小剣	旧字旧仮名	NDC 913	https://www.aozora.gr.jp/cards/000248/files/51229_ruby_42739.zip	0
051230	鱧の皮	上司	小剣	旧字旧仮名	NDC 913	https://www.aozora.gr.jp/cards/000248/files/51230_ruby_42741.zip	0
051231	兵隊の宿	上司	小剣	旧字旧仮名	NDC 913	https://www.aozora.gr.jp/cards/000248/files/51231_ruby_42742.zip	0
051234	ゲテ魚好き	火野	葦平	新字新仮名	NDC 787 914	https://www.aozora.gr.jp/cards/001488/files/51234_ruby_41856.zip	138
051235	逢状	吉井	勇	新字新仮名	NDC 914	https://www.aozora.gr.jp/cards/001497/files/51235_ruby_41860.zip	0
051237	黒足袋	吉井	勇	新字旧仮名	NDC 914	https://www.aozora.gr.jp/cards/001497/files/51237_ruby_41861.zip	0
051238	雑魚寝	吉井	勇	新字新仮名	NDC 914	https://www.aozora.gr.jp/cards/001497/files/51238_ruby_41862.zip	0
051239	酔狂録	吉井	勇	新字旧仮名	NDC 911 914	https://www.aozora.gr.jp/cards/001497/files/51239_ruby_41857.zip	0
051240	青春回顧	吉井	勇	新字旧仮名	NDC 914	https://www.aozora.gr.jp/cards/001497/files/51240_ruby_41863.zip	0
051241	老境なるかな	吉井	勇	新字旧仮名	NDC 914	https://www.aozora.gr.jp/cards/001497/files/51241_ruby_41864.zip	0
051242	或る日の小せん	吉井	勇	新字旧仮名	NDC 779 914	https://www.aozora.gr.jp/cards/001497/files/51242_ruby_54003.zip	55
051243	陰獣トリステサ	橘	外男	新字新仮名	NDC 913	https://www.aozora.gr.jp/cards/001397/files/51243_ruby_65932.zip	707
051246	令嬢エミーラの日記	橘	外男	新字新仮名	NDC 913	https://www.aozora.gr.jp/cards/001397/files/51246_ruby_68432.zip	457
051248	ウニデス潮流の彼方	橘	外男	新字新仮名	NDC 913	https://www.aozora.gr.jp/cards/001397/files/51248_ruby_62764.zip	346
051249	グリュックスブルグ王室異聞	橘	外男	新字新仮名	NDC 913	https://www.aozora.gr.jp/cards/001397/files/51249_ruby_62763.zip	383
051250	ナリン殿下への回想	橘	外男	新字新仮名	NDC 913	https://www.aozora.gr.jp/cards/001397/files/51250_ruby_61980.zip	368
051267	徹底的な浜尾君	甲賀	三郎	新字新仮名	NDC 910	https://www.aozora.gr.jp/cards/000260/files/51267_ruby_49476.zip	62
051270	悪魔の弟子	浜尾	四郎	新字新仮名	NDC 913	https://www.aozora.gr.jp/cards/000289/files/51270_ruby_47852.zip	313
051271	彼が殺したか	浜尾	四郎	新字新仮名	NDC 913	https://www.aozora.gr.jp/cards/000289/files/51271_ruby_47853.zip	297
051272	死者の権利	浜尾	四郎	新字新仮名	NDC 913	https://www.aozora.gr.jp/cards/000289/files/51272_ruby_47857.zip	89
051273	正義	浜尾	四郎	新字新仮名	NDC 913	https://www.aozora.gr.jp/cards/000289/files/51273_ruby_42937.zip	1
051275	俳諧師	高浜	虚子	旧字旧仮名	NDC 913	https://www.aozora.gr.jp/cards/001310/files/51275_ruby_58702.zip	304
051276	日を愛しむ	外村	繁	新字新仮名	NDC 913	https://www.aozora.gr.jp/cards/001499/files/51276_ruby_51551.zip	0
051277	澪標	外村	繁	新字新仮名	NDC 913	https://www.aozora.gr.jp/cards/001499/files/51277_ruby_51543.zip	76
051278	夢幻泡影	外村	繁	新字新仮名	NDC 913	https://www.aozora.gr.jp/cards/001499/files/51278_ruby_51539.zip	127
051279	落日の光景	外村	繁	新字新仮名	NDC 913	https://www.aozora.gr.jp/cards/001499/files/51279_ruby_51547.zip	0
051285	怪談牡丹灯籠	鈴木	行三	新字新仮名	NDC 779 913 914	https://www.aozora.gr.jp/cards/000141/files/51285_ruby_38202.zip	0
051286	怪談牡丹灯籠	鈴木	行三	新字新仮名	NDC 779 913 914	https://www.aozora.gr.jp/cards/001500/files/51286_ruby_38200.zip	0
051287	怪談牡丹灯籠	鈴木	行三	新字新仮名	NDC 779 913 914	https://www.aozora.gr.jp/cards/001501/files/51287_ruby_38203.zip	0
051291	虎	久米	正雄	新字旧仮名	NDC 913	https://www.aozora.gr.jp/cards/001151/files/51291_ruby_56862.zip	86
051295	来訪者のモデル	伊庭	心猿	旧字旧仮名	NDC 914	https://www.aozora.gr.jp/cards/001336/files/51295_txt_69677.zip	322
051296	荷風翁の発句	伊庭	心猿	旧字旧仮名	NDC 911	https://www.aozora.gr.jp/cards/001336/files/51296_ruby_70727.zip	0
051298	九月朔日	伊庭	心猿	旧字旧仮名	NDC 914	https://www.aozora.gr.jp/cards/001336/files/51298_ruby_69018.zip	403
051299	桜もち	伊庭	心猿	旧字旧仮名	NDC 914	https://www.aozora.gr.jp/cards/001336/files/51299_txt_70159.zip	772
051300	露伴忌	伊庭	心猿	旧字旧仮名	NDC 910	https://www.aozora.gr.jp/cards/001336/files/51300_ruby_68463.zip	0
051301	緑雨と一葉	伊庭	心猿	旧字旧仮名	NDC 910	https://www.aozora.gr.jp/cards/001336/files/51301_txt_63040.zip	177
051307	みだれ髪	与謝野	晶子	新字旧仮名	NDC 911	https://www.aozora.gr.jp/cards/000885/files/51307_ruby_47032.zip	42277
051331	星とピエロ	中原	中也	新字旧仮名	NDC 911	https://www.aozora.gr.jp/cards/000026/files/51331_ruby_49444.zip	2063
051339	クロイツェル・ソナタ	米川	正夫	新字新仮名	NDC 983 984	https://www.aozora.gr.jp/cards/001800/files/51339_ruby_69536.zip	232
051359	ロミオとヂュリエット	坪内	逍遥	旧字旧仮名	NDC 932 934	https://www.aozora.gr.jp/cards/000141/files/51359_ruby_61559.zip	496
051361	大利根の大物釣	石井	研堂	新字新仮名	NDC 787	https://www.aozora.gr.jp/cards/001252/files/51361_ruby_38701.zip	0
051364	鎖国	和辻	哲郎	新字新仮名	NDC 210	https://www.aozora.gr.jp/cards/001395/files/51364_ruby_66504.zip	673
051365	ねむい	神西	清	新字新仮名	NDC K983	https://www.aozora.gr.jp/cards/001155/files/51365_ruby_38827.zip	274
051368	植物記	牧野	富太郎	新字新仮名	NDC 470	https://www.aozora.gr.jp/cards/001266/files/51368_ruby_55968.zip	673
051369	続俳諧師	高浜	虚子	旧字旧仮名	NDC 913	https://www.aozora.gr.jp/cards/001310/files/51369_ruby_58785.zip	262
051371	雪	津村	信夫	新字旧仮名	NDC 914	https://www.aozora.gr.jp/cards/000278/files/51371_ruby_39033.zip	0
051377	海援隊約規	坂本	竜馬	新字旧仮名	NDC 210 289	https://www.aozora.gr.jp/cards/000908/files/51377_ruby_38828.zip	3268
051380	実物と模型	相馬	御風	新字旧仮名	NDC 914	https://www.aozora.gr.jp/cards/000959/files/51380_ruby_39034.zip	0
051381	手紙	坂本	竜馬	新字旧仮名	NDC 289	https://www.aozora.gr.jp/cards/000908/files/51381_ruby_40440.zip	0
051382	手紙	坂本	竜馬	新字旧仮名	NDC 289	https://www.aozora.gr.jp/cards/000908/files/51382_ruby_40441.zip	0
051386	手紙	坂本	竜馬	新字旧仮名	NDC 289	https://www.aozora.gr.jp/cards/000908/files/51386_ruby_40442.zip	0
051387	手紙	坂本	竜馬	新字旧仮名	NDC 289	https://www.aozora.gr.jp/cards/000908/files/51387_ruby_40325.zip	0
051388	手紙	坂本	竜馬	新字旧仮名	NDC 289	https://www.aozora.gr.jp/cards/000908/files/51388_txt_39909.zip	0
051391	手紙	坂本	竜馬	新字旧仮名	NDC 289	https://www.aozora.gr.jp/cards/000908/files/51391_ruby_40326.zip	0
051392	手紙	坂本	竜馬	新字旧仮名	NDC 289	https://www.aozora.gr.jp/cards/000908/files/51392_ruby_40461.zip	0
051393	手紙	坂本	竜馬	新字旧仮名	NDC 289	https://www.aozora.gr.jp/cards/000908/files/51393_ruby_39912.zip	0
051395	手紙	坂本	竜馬	新字旧仮名	NDC 289	https://www.aozora.gr.jp/cards/000908/files/51395_ruby_39913.zip	0
051396	手紙	坂本	竜馬	新字旧仮名	NDC 289	https://www.aozora.gr.jp/cards/000908/files/51396_ruby_39914.zip	0
051397	手紙	坂本	竜馬	新字旧仮名	NDC 289	https://www.aozora.gr.jp/cards/000908/files/51397_ruby_40327.zip	0
051398	手紙	坂本	竜馬	新字旧仮名	NDC 289	https://www.aozora.gr.jp/cards/000908/files/51398_ruby_39916.zip	0
051402	チェーホフ序説	神西	清	新字新仮名	NDC 980	https://www.aozora.gr.jp/cards/001157/files/51402_ruby_53995.zip	43
051403	化学改革の大略	清水	卯三郎	新字新仮名	NDC 431	https://www.aozora.gr.jp/cards/001508/files/51403_ruby_72752.zip	250
051404	平仮名の説	清水	卯三郎	新字新仮名	NDC 811	https://www.aozora.gr.jp/cards/001508/files/51404_ruby_72445.zip	267
051405	禾花媒助法之説	津田	仙	新字新仮名	NDC 616	https://www.aozora.gr.jp/cards/001509/files/51405_ruby_75282.zip	262
051406	教育談	箕作	秋坪	新字新仮名	NDC 370	https://www.aozora.gr.jp/cards/001510/files/51406_ruby_72252.zip	158
051407	「ヒリモア」万国公法の内宗教を論ずる章（撮要）	柴田	昌吉	新字新仮名	NDC 329	https://www.aozora.gr.jp/cards/001511/files/51407_ruby_72064.zip	150
051425	明治世相百話	山本	笑月	新字新仮名	NDC 210	https://www.aozora.gr.jp/cards/001513/files/51425_ruby_70925.zip	566
051451	ひとつの道	草野	天平	新字旧仮名	NDC 911	https://www.aozora.gr.jp/cards/001516/files/51451_ruby_40398.zip	0
051493	詩人といふ者	草野	天平	新字旧仮名	NDC 911	https://www.aozora.gr.jp/cards/001516/files/51493_txt_39843.zip	0
051507	海が呼んだ話	小川	未明	新字新仮名	NDC K913	https://www.aozora.gr.jp/cards/001475/files/51507_ruby_59442.zip	844
051523	考えこじき	小川	未明	新字新仮名	NDC K913	https://www.aozora.gr.jp/cards/001475/files/51523_ruby_65959.zip	686
051727	古事記	武田	祐吉	旧字新仮名	NDC 210	https://www.aozora.gr.jp/cards/001349/files/51727_txt_51161.zip	1363
051728	古事記	武田	祐吉	旧字新仮名	NDC 210	https://www.aozora.gr.jp/cards/001349/files/51728_ruby_47206.zip	883
051729	古事記	武田	祐吉	その他	NDC 210	https://www.aozora.gr.jp/cards/001349/files/51729_ruby_50521.zip	52
051730	古事記	武田	祐吉	旧字旧仮名	NDC 210	https://www.aozora.gr.jp/cards/001349/files/51730_txt_41530.zip	0
051731	古事記	太	安万侶	その他	NDC 210	https://www.aozora.gr.jp/cards/001518/files/51731_ruby_50520.zip	24939
051732	古事記	太	安万侶	旧字新仮名	NDC 210	https://www.aozora.gr.jp/cards/001518/files/51732_ruby_44617.zip	54696
051820	手仕事の日本	柳	宗悦	新字新仮名	NDC 750	https://www.aozora.gr.jp/cards/001520/files/51820_ruby_50379.zip	245
051822	ハムレット	久生	十蘭	新字新仮名	NDC 913	https://www.aozora.gr.jp/cards/001224/files/51822_ruby_70683.zip	670
051826	青銅の基督	長与	善郎	新字新仮名	NDC 913	https://www.aozora.gr.jp/cards/001521/files/51826_ruby_74196.zip	650
051828	犬は鎖に繋ぐべからず	岸田	国士	新字旧仮名	NDC 912	https://www.aozora.gr.jp/cards/001154/files/51828_ruby_47049.zip	1
051837	五百句	高浜	虚子	新字旧仮名	NDC 911	https://www.aozora.gr.jp/cards/001310/files/51837_ruby_59424.zip	374
051838	五百五十句	高浜	虚子	新字旧仮名	NDC 911	https://www.aozora.gr.jp/cards/001310/files/51838_ruby_59505.zip	307
051840	六百句	高浜	虚子	新字新仮名	NDC 911	https://www.aozora.gr.jp/cards/001310/files/51840_ruby_59583.zip	374
051847	地底獣国	久生	十蘭	新字新仮名	NDC 913	https://www.aozora.gr.jp/cards/001224/files/51847_ruby_71860.zip	597
051860	かもめ	神西	清	新字新仮名	NDC 982	https://www.aozora.gr.jp/cards/001155/files/51860_ruby_40550.zip	1767
051862	ワーニャ伯父さん	神西	清	新字新仮名	NDC 982	https://www.aozora.gr.jp/cards/001155/files/51862_ruby_40551.zip	3538
051867	泡鳴五部作	岩野	泡鳴	旧字旧仮名	NDC 913	https://www.aozora.gr.jp/cards/000137/files/51867_ruby_60096.zip	120
051868	泡鳴五部作	岩野	泡鳴	旧字旧仮名	NDC 913	https://www.aozora.gr.jp/cards/000137/files/51868_ruby_60192.zip	0
051869	泡鳴五部作	岩野	泡鳴	旧字旧仮名	NDC 913	https://www.aozora.gr.jp/cards/000137/files/51869_ruby_70062.zip	0
051870	泡鳴五部作	岩野	泡鳴	旧字旧仮名	NDC 913	https://www.aozora.gr.jp/cards/000137/files/51870_ruby_59992.zip	263
051894	雨月物語	鵜月	洋	新字新仮名		https://www.aozora.gr.jp/cards/002168/files/51894_ruby_77653.zip	0
051895	雨月物語	鵜月	洋	新字新仮名		https://www.aozora.gr.jp/cards/002168/files/51895_ruby_77655.zip	0
051896	相撲の稽古	岡本	一平	新字旧仮名		https://www.aozora.gr.jp/cards/000239/files/51896_ruby_77609.zip	0
051897	怪物取組画譜	岡本	一平	新字旧仮名		https://www.aozora.gr.jp/cards/000239/files/51897_ruby_76366.zip	398
051918	国訳史記列伝	司馬	遷	旧字旧仮名	NDC 222	https://www.aozora.gr.jp/cards/001524/files/51918_ruby_73651.zip	618
051919	国訳史記列伝	司馬	遷	旧字旧仮名	NDC 222	https://www.aozora.gr.jp/cards/001524/files/51919_ruby_75135.zip	589
051920	国訳史記列伝	司馬	遷	旧字旧仮名	NDC 222	https://www.aozora.gr.jp/cards/001524/files/51920_ruby_75869.zip	620
051921	国訳史記列伝	司馬	遷	旧字旧仮名	NDC 222	https://www.aozora.gr.jp/cards/001524/files/51921_ruby_71238.zip	1231
051922	国訳史記列伝	司馬	遷	旧字旧仮名	NDC 222	https://www.aozora.gr.jp/cards/001524/files/51922_ruby_74895.zip	553
051936	茗荷畠	真山	青果	新字旧仮名	NDC 913	https://www.aozora.gr.jp/cards/000309/files/51936_ruby_65633.zip	317
051937	イーリアス	土井	晩翠	旧字旧仮名	NDC 991	https://www.aozora.gr.jp/cards/001081/files/51937_ruby_40614.zip	0
051946	空手道の起原と其の沿革	島袋	源一郎	新字旧仮名	NDC 789	https://www.aozora.gr.jp/cards/001526/files/51946_ruby_60870.zip	573
051947	津軽地方特有の俚諺	福士	幸次郎	新字旧仮名	NDC 388	https://www.aozora.gr.jp/cards/000754/files/51947_ruby_40191.zip	0
051948	老残	宮地	嘉六	新字旧仮名	NDC 913	https://www.aozora.gr.jp/cards/001446/files/51948_ruby_55257.zip	263
051949	油地獄	斎藤	緑雨	新字新仮名	NDC 913	https://www.aozora.gr.jp/cards/000565/files/51949_ruby_57030.zip	391
052016	濹東綺譚	永井	荷風	新字新仮名	NDC 913	https://www.aozora.gr.jp/cards/001341/files/52016_ruby_41727.zip	40567
052018	峠	土田	耕平	新字新仮名	NDC K913	https://www.aozora.gr.jp/cards/001179/files/52018_txt_68707.zip	288
052021	呑み込み八百長	栗島	山之助	新字旧仮名	NDC 788	https://www.aozora.gr.jp/cards/001527/files/52021_ruby_55297.zip	54
052022	八百長くづれ	栗島	山之助	新字旧仮名	NDC 788	https://www.aozora.gr.jp/cards/001527/files/52022_ruby_55298.zip	0
052041	海と少年	小川	未明	新字新仮名	NDC K913	https://www.aozora.gr.jp/cards/001475/files/52041_ruby_59443.zip	774
052099	ねこ	小川	未明	新字新仮名	NDC K913	https://www.aozora.gr.jp/cards/001475/files/52099_ruby_58781.zip	926
052125	穀神としての牛に関する民俗	中山	太郎	新字新仮名	NDC 387	https://www.aozora.gr.jp/cards/001420/files/52125_ruby_47193.zip	0
052126	獅子舞雑考	中山	太郎	新字新仮名	NDC 386	https://www.aozora.gr.jp/cards/001420/files/52126_ruby_47194.zip	0
052148	坂本竜馬手帳摘要	坂本	竜馬	新字旧仮名	NDC 289	https://www.aozora.gr.jp/cards/000908/files/52148_ruby_40513.zip	26
052157	新しい女	大杉	栄	新字新仮名	NDC 367	https://www.aozora.gr.jp/cards/000169/files/52157_txt_71631.zip	537
052160	お別れ	大杉	栄	新字新仮名		https://www.aozora.gr.jp/cards/000169/files/52160_txt_76207.zip	671
052168	何が新しいんだい	大杉	栄	新字新仮名	NDC 367 914	https://www.aozora.gr.jp/cards/000169/files/52168_txt_74768.zip	576
052171	四つの道徳	大杉	栄	新字新仮名	NDC 914	https://www.aozora.gr.jp/cards/000169/files/52171_ruby_74769.zip	533
052174	坂本竜馬手記	坂本	竜馬	新字旧仮名	NDC 289	https://www.aozora.gr.jp/cards/000908/files/52174_ruby_40617.zip	203
052179	千里駒後日譚	川田	雪山	新字旧仮名	NDC 289	https://www.aozora.gr.jp/cards/001532/files/52179_ruby_43359.zip	0
052180	千里の駒後日譚拾遺	川田	雪山	新字旧仮名	NDC 289	https://www.aozora.gr.jp/cards/001532/files/52180_ruby_43358.zip	0
052181	断腸亭日乗	永井	荷風	新字旧仮名	NDC 915 914	https://www.aozora.gr.jp/cards/001341/files/52181_txt_45747.zip	3000
052182	断腸亭日乗	永井	荷風	新字旧仮名	NDC 915	https://www.aozora.gr.jp/cards/001341/files/52182_txt_45748.zip	2634
052184	打出の小槌	外村	繁	新字旧仮名	NDC 914	https://www.aozora.gr.jp/cards/001499/files/52184_txt_46188.zip	0
052185	将棋の話	外村	繁	新字旧仮名	NDC 796	https://www.aozora.gr.jp/cards/001499/files/52185_txt_56300.zip	369
052188	雑器の美	柳	宗悦	新字旧仮名	NDC 750	https://www.aozora.gr.jp/cards/001520/files/52188_ruby_46192.zip	211
052192	思ひ出すままに	宇野	浩二	新字旧仮名	NDC 070 914	https://www.aozora.gr.jp/cards/001533/files/52192_ruby_46179.zip	0
052193	質屋の小僧	宇野	浩二	新字旧仮名	NDC 914	https://www.aozora.gr.jp/cards/001533/files/52193_ruby_46206.zip	0
052194	質屋の主人	宇野	浩二	新字旧仮名	NDC 914	https://www.aozora.gr.jp/cards/001533/files/52194_txt_46207.zip	0
052195	野の墓	岩本	素白	新字旧仮名	NDC 914	https://www.aozora.gr.jp/cards/001534/files/52195_ruby_46362.zip	0
052196	雨の宿	岩本	素白	新字新仮名	NDC 914	https://www.aozora.gr.jp/cards/001534/files/52196_ruby_46203.zip	0
052197	鰯	岩本	素白	新字新仮名	NDC 914	https://www.aozora.gr.jp/cards/001534/files/52197_ruby_46204.zip	0
052198	菓子の譜	岩本	素白	新字旧仮名	NDC 914	https://www.aozora.gr.jp/cards/001534/files/52198_ruby_46205.zip	0
052199	こがらし	岩本	素白	新字新仮名	NDC 914	https://www.aozora.gr.jp/cards/001534/files/52199_ruby_46360.zip	0
052200	寺町	岩本	素白	新字新仮名	NDC 914	https://www.aozora.gr.jp/cards/001534/files/52200_ruby_46361.zip	0
052201	六日月	岩本	素白	新字新仮名	NDC 914	https://www.aozora.gr.jp/cards/001534/files/52201_ruby_46178.zip	0
052202	歴史とは何か	津田	左右吉	新字旧仮名	NDC 201	https://www.aozora.gr.jp/cards/001535/files/52202_txt_46187.zip	70
052206	麺くひ	桂	三木助	新字新仮名	NDC 596 914	https://www.aozora.gr.jp/cards/001536/files/52206_txt_46183.zip	188
052207	癖	喜多村	緑郎	新字旧仮名	NDC 775	https://www.aozora.gr.jp/cards/001537/files/52207_ruby_46184.zip	0
052208	帝大聖書研究会終講の辞	矢内原	忠雄	新字新仮名	NDC 193	https://www.aozora.gr.jp/cards/001538/files/52208_ruby_46191.zip	0
052211	えぞおばけ列伝	作者不詳		新字新仮名	NDC 147 388	https://www.aozora.gr.jp/cards/001529/files/52211_ruby_46185.zip	97
052212	福沢諭吉	高山	毅	新字新仮名	NDC K289	https://www.aozora.gr.jp/cards/001541/files/52212_ruby_46186.zip	159
052214	百万人のそして唯一人の文学	青野	季吉	新字旧仮名	NDC 910	https://www.aozora.gr.jp/cards/001542/files/52214_ruby_46177.zip	0
052216	青銅の基督	長与	善郎	新字旧仮名	NDC 913	https://www.aozora.gr.jp/cards/001521/files/52216_ruby_46189.zip	0
052218	南京六月祭	犬養	健	新字旧仮名	NDC 913	https://www.aozora.gr.jp/cards/001543/files/52218_ruby_73852.zip	305
052219	亜剌比亜人エルアフイ	犬養	健	新字旧仮名	NDC 913	https://www.aozora.gr.jp/cards/001543/files/52219_ruby_41851.zip	0
052220	朧夜	犬養	健	新字旧仮名	NDC 913	https://www.aozora.gr.jp/cards/001543/files/52220_ruby_73665.zip	225
052221	愚かな父	犬養	健	新字旧仮名	NDC 913	https://www.aozora.gr.jp/cards/001543/files/52221_ruby_68730.zip	327
052222	姉弟と新聞配達	犬養	健	新字旧仮名	NDC 913	https://www.aozora.gr.jp/cards/001543/files/52222_ruby_41869.zip	0
052230	倭女王卑弥呼考	白鳥	庫吉	旧字旧仮名	NDC 210	https://www.aozora.gr.jp/cards/000603/files/52230_ruby_49052.zip	150
052233	地異印象記	和辻	哲郎	新字新仮名	NDC 121	https://www.aozora.gr.jp/cards/001395/files/52233_ruby_50346.zip	132
052236	浮雲	林	芙美子	新字旧仮名	NDC 913	https://www.aozora.gr.jp/cards/000291/files/52236_ruby_58892.zip	2506
052260	水面に浮んだ女	田中	貢太郎	新字新仮名	NDC 913	https://www.aozora.gr.jp/cards/000154/files/52260_ruby_47421.zip	216
052261	雀が森の怪異	田中	貢太郎	新字新仮名	NDC 913	https://www.aozora.gr.jp/cards/000154/files/52261_ruby_47422.zip	134
052265	牡丹灯籠　牡丹灯記	田中	貢太郎	新字新仮名	NDC 913	https://www.aozora.gr.jp/cards/000154/files/52265_ruby_47311.zip	158
052267	港の妖婦	田中	貢太郎	新字新仮名	NDC 913	https://www.aozora.gr.jp/cards/000154/files/52267_ruby_47114.zip	221
052277	警察署長	田中	貢太郎	新字新仮名	NDC 913	https://www.aozora.gr.jp/cards/000154/files/52277_ruby_47315.zip	182
052278	車屋の小供	田中	貢太郎	新字新仮名	NDC 913	https://www.aozora.gr.jp/cards/000154/files/52278_ruby_47343.zip	168
052281	水魔	田中	貢太郎	新字新仮名	NDC 913	https://www.aozora.gr.jp/cards/000154/files/52281_ruby_47420.zip	177
052282	女の首	田中	貢太郎	新字新仮名	NDC 913	https://www.aozora.gr.jp/cards/000154/files/52282_ruby_47113.zip	190
052283	女の怪異	田中	貢太郎	新字新仮名	NDC 913	https://www.aozora.gr.jp/cards/000154/files/52283_ruby_47112.zip	217
052284	追っかけて来る飛行機	田中	貢太郎	新字新仮名	NDC 913	https://www.aozora.gr.jp/cards/000154/files/52284_ruby_47345.zip	239
052285	女の姿	田中	貢太郎	新字新仮名	NDC 913	https://www.aozora.gr.jp/cards/000154/files/52285_ruby_47346.zip	268
052287	宇賀長者物語	田中	貢太郎	新字新仮名	NDC 913	https://www.aozora.gr.jp/cards/000154/files/52287_ruby_47425.zip	202
052288	黄灯	田中	貢太郎	新字新仮名	NDC 913	https://www.aozora.gr.jp/cards/000154/files/52288_ruby_47342.zip	213
052289	唖娘	田中	貢太郎	新字新仮名	NDC 913	https://www.aozora.gr.jp/cards/000154/files/52289_ruby_47347.zip	249
052291	ある神主の話	田中	貢太郎	新字新仮名	NDC 913	https://www.aozora.gr.jp/cards/000154/files/52291_ruby_47310.zip	618
052293	天才	神西	清	新字新仮名	NDC 983	https://www.aozora.gr.jp/cards/001155/files/52293_ruby_41749.zip	6
052313	親方コブセ	金	史良	新字新仮名	NDC 913	https://www.aozora.gr.jp/cards/000252/files/52313_ruby_70381.zip	218
052314	大植物図鑑	本多	静六	旧字旧仮名	NDC 470	https://www.aozora.gr.jp/cards/001555/files/52314_txt_63519.zip	317
052315	大植物図鑑	松村	任三	旧字旧仮名	NDC 470	https://www.aozora.gr.jp/cards/001556/files/52315_txt_63486.zip	401
052316	大植物図鑑	丹波	敬三	旧字旧仮名	NDC 470	https://www.aozora.gr.jp/cards/001557/files/52316_txt_63518.zip	174
052317	想い出	古川	緑波	新字新仮名	NDC 596	https://www.aozora.gr.jp/cards/001558/files/52317_ruby_46364.zip	0
052318	ああ東京は食い倒れ	古川	緑波	新字新仮名	NDC 596	https://www.aozora.gr.jp/cards/001558/files/52318_ruby_46218.zip	3629
052319	浅草を食べる	古川	緑波	新字新仮名	NDC 596	https://www.aozora.gr.jp/cards/001558/files/52319_txt_46219.zip	192
052320	色町洋食	古川	緑波	新字新仮名	NDC 596	https://www.aozora.gr.jp/cards/001558/files/52320_ruby_46220.zip	87
052321	うどんのお化け	古川	緑波	新字新仮名	NDC 596	https://www.aozora.gr.jp/cards/001558/files/52321_ruby_46363.zip	0
052322	甘話休題	古川	緑波	新字新仮名	NDC 596	https://www.aozora.gr.jp/cards/001558/files/52322_ruby_46365.zip	0
052323	牛鍋からすき焼へ	古川	緑波	新字新仮名	NDC 596	https://www.aozora.gr.jp/cards/001558/files/52323_ruby_46374.zip	0
052324	下司味礼賛	古川	緑波	新字新仮名	NDC 596	https://www.aozora.gr.jp/cards/001558/files/52324_ruby_46375.zip	0
052332	富士屋ホテル	古川	緑波	新字新仮名	NDC 596	https://www.aozora.gr.jp/cards/001558/files/52332_ruby_46190.zip	391
052333	大植物図鑑	村越	三千男	旧字旧仮名	NDC 470	https://www.aozora.gr.jp/cards/001559/files/52333_txt_64029.zip	331
052336	随筆　藪柑子	土井	晩翠	旧字旧仮名	NDC 914	https://www.aozora.gr.jp/cards/001081/files/52336_txt_60788.zip	171
052337	随筆　藪柑子	小川	正子	旧字旧仮名	NDC 914	https://www.aozora.gr.jp/cards/000474/files/52337_txt_60789.zip	256
052341	忙ノ説	成島	柳北	新字旧仮名	NDC 914	https://www.aozora.gr.jp/cards/000712/files/52341_txt_42323.zip	0
052349	菜の花月夜	片岡	鉄兵	新字旧仮名	NDC 913	https://www.aozora.gr.jp/cards/000491/files/52349_ruby_41555.zip	0
052355	食道楽	村井	弦斎	新字新仮名	NDC 913	https://www.aozora.gr.jp/cards/000810/files/52355_ruby_50407.zip	266
052358	土城廊	金	史良	新字新仮名	NDC 913	https://www.aozora.gr.jp/cards/000252/files/52358_ruby_70382.zip	290
052359	つゆのあとさき	永井	荷風	新字新仮名	NDC 913	https://www.aozora.gr.jp/cards/001341/files/52359_ruby_47303.zip	748
052360	再び毘沙門に就て	南方	熊楠	旧字旧仮名	NDC 186	https://www.aozora.gr.jp/cards/000093/files/52360_ruby_61191.zip	366
052363	好古小言	成島	柳北	新字旧仮名	NDC 756	https://www.aozora.gr.jp/cards/000712/files/52363_txt_42550.zip	0
052368	熟語本位英和中辞典	斎藤	秀三郎	新字新仮名	NDC 833	https://www.aozora.gr.jp/cards/000564/files/52368_txt_48160.zip	216
052384	リシダス	上田	敏	旧字旧仮名	NDC 931	https://www.aozora.gr.jp/cards/001101/files/52384_ruby_48053.zip	0
052385	さしあげた腕	上田	敏	旧字旧仮名	NDC 951	https://www.aozora.gr.jp/cards/001563/files/52385_ruby_48055.zip	0
052386	落葉	上田	敏	旧字旧仮名	NDC 951	https://www.aozora.gr.jp/cards/001563/files/52386_ruby_48052.zip	0
052387	わるい花	上田	敏	旧字旧仮名	NDC 951	https://www.aozora.gr.jp/cards/001563/files/52387_ruby_48054.zip	0
052395	宮本武蔵	吉川	英治	新字新仮名	NDC 913 914	https://www.aozora.gr.jp/cards/001562/files/52395_ruby_49778.zip	44395
052396	宮本武蔵	吉川	英治	新字新仮名	NDC 913	https://www.aozora.gr.jp/cards/001562/files/52396_ruby_49780.zip	42455
052397	宮本武蔵	吉川	英治	新字新仮名	NDC 913	https://www.aozora.gr.jp/cards/001562/files/52397_ruby_49782.zip	34114
052398	宮本武蔵	吉川	英治	新字新仮名	NDC 913	https://www.aozora.gr.jp/cards/001562/files/52398_ruby_49784.zip	33602
052409	三国志	吉川	英治	新字新仮名	NDC 913 914	https://www.aozora.gr.jp/cards/001562/files/52409_ruby_51058.zip	52384
052410	三国志	吉川	英治	新字新仮名	NDC 913	https://www.aozora.gr.jp/cards/001562/files/52410_ruby_51060.zip	51915
052411	三国志	吉川	英治	新字新仮名	NDC 913	https://www.aozora.gr.jp/cards/001562/files/52411_ruby_50077.zip	48000
052412	三国志	吉川	英治	新字新仮名	NDC 913	https://www.aozora.gr.jp/cards/001562/files/52412_ruby_50316.zip	46430
052413	三国志	吉川	英治	新字新仮名	NDC 913	https://www.aozora.gr.jp/cards/001562/files/52413_ruby_50406.zip	45323
052414	三国志	吉川	英治	新字新仮名	NDC 913	https://www.aozora.gr.jp/cards/001562/files/52414_ruby_50488.zip	45226
052415	三国志	吉川	英治	新字新仮名	NDC 913	https://www.aozora.gr.jp/cards/001562/files/52415_ruby_50559.zip	45094
052416	三国志	吉川	英治	新字新仮名	NDC 913	https://www.aozora.gr.jp/cards/001562/files/52416_ruby_50636.zip	43585
052417	三国志	吉川	英治	新字新仮名	NDC 913	https://www.aozora.gr.jp/cards/001562/files/52417_ruby_50818.zip	43302
052418	三国志	吉川	英治	新字新仮名	NDC 913	https://www.aozora.gr.jp/cards/001562/files/52418_ruby_50895.zip	43094
052419	三国志	吉川	英治	新字新仮名	NDC 913	https://www.aozora.gr.jp/cards/001562/files/52419_ruby_51044.zip	43011
052420	三国志	吉川	英治	新字新仮名	NDC 913	https://www.aozora.gr.jp/cards/001562/files/52420_ruby_51054.zip	42195
052421	私本太平記	吉川	英治	新字新仮名	NDC 913	https://www.aozora.gr.jp/cards/001562/files/52421_ruby_49660.zip	44736
052465	「明治のおもかげ」序にかえて	喜多村	緑郎	新字新仮名	NDC 914	https://www.aozora.gr.jp/cards/001537/files/52465_ruby_50401.zip	0
052467	凍るアラベスク	妹尾	アキ夫	新字新仮名	NDC 913	https://www.aozora.gr.jp/cards/001568/files/52467_ruby_49652.zip	0
052480	和人わ舟お食う	知里	真志保	その他	NDC 829	https://www.aozora.gr.jp/cards/001540/files/52480_txt_50496.zip	0
052504	遠野物語	柳田	国男	新字新仮名	NDC 382	https://www.aozora.gr.jp/cards/001566/files/52504_ruby_49666.zip	55865
052505	山の人生	柳田	国男	新字新仮名	NDC 388	https://www.aozora.gr.jp/cards/001566/files/52505_ruby_50193.zip	5724
052558	青塚ノ説	成島	柳北	新字旧仮名	NDC 289	https://www.aozora.gr.jp/cards/000712/files/52558_ruby_42551.zip	0
052559	土用干ノ記	成島	柳北	新字旧仮名	NDC 756	https://www.aozora.gr.jp/cards/000712/files/52559_ruby_42552.zip	0
052618	美しく生まれたばかりに	小川	未明	新字新仮名	NDC K913	https://www.aozora.gr.jp/cards/001475/files/52618_ruby_69304.zip	852
052633	寒い日のこと	小川	未明	新字新仮名	NDC K913	https://www.aozora.gr.jp/cards/001475/files/52633_ruby_74913.zip	726
052635	死と話した人	小川	未明	新字新仮名	NDC K913	https://www.aozora.gr.jp/cards/001475/files/52635_ruby_75428.zip	713
052642	千羽鶴	小川	未明	新字新仮名	NDC K913	https://www.aozora.gr.jp/cards/001475/files/52642_ruby_75279.zip	719
052677	支那を識るの途	橘	樸	旧字旧仮名	NDC 222	https://www.aozora.gr.jp/cards/001567/files/52677_txt_47184.zip	0
052688	古川ロッパ昭和日記	古川	緑波	新字旧仮名	NDC 775	https://www.aozora.gr.jp/cards/001558/files/52688_ruby_54710.zip	314
052690	古川ロッパ昭和日記	古川	緑波	新字旧仮名	NDC 775	https://www.aozora.gr.jp/cards/001558/files/52690_ruby_47824.zip	317
052691	古川ロッパ昭和日記	古川	緑波	新字旧仮名	NDC 775	https://www.aozora.gr.jp/cards/001558/files/52691_txt_53307.zip	177
052692	古川ロッパ昭和日記	古川	緑波	新字旧仮名	NDC 775	https://www.aozora.gr.jp/cards/001558/files/52692_ruby_50173.zip	216
052693	古川ロッパ昭和日記	古川	緑波	新字旧仮名	NDC 775	https://www.aozora.gr.jp/cards/001558/files/52693_ruby_51534.zip	189
052711	古川ロッパ昭和日記	古川	緑波	新字旧仮名	NDC 775	https://www.aozora.gr.jp/cards/001558/files/52711_ruby_68708.zip	633
052714	韓非子解題	小柳	司気太	旧字旧仮名	NDC 124	https://www.aozora.gr.jp/cards/000488/files/52714_ruby_50324.zip	102
052720	荀子解題	服部	宇之吉	旧字旧仮名	NDC 124	https://www.aozora.gr.jp/cards/001577/files/52720_txt_42517.zip	0
052733	私の変態心理	牧野	信一	新字旧仮名	NDC 914	https://www.aozora.gr.jp/cards/000183/files/52733_txt_42933.zip	72
052919	地球儀	牧野	信一	新字旧仮名	NDC 913	https://www.aozora.gr.jp/cards/000183/files/52919_txt_42404.zip	425
052931	日本改造法案大綱	北	一輝	旧字旧仮名	NDC 311	https://www.aozora.gr.jp/cards/000089/files/52931_ruby_48696.zip	480
052933	火山の話	今村	明恒	旧字旧仮名	NDC K453	https://www.aozora.gr.jp/cards/001578/files/52933_ruby_45705.zip	0
052934	受験生の手記	久米	正雄	旧字旧仮名	NDC 913	https://www.aozora.gr.jp/cards/001151/files/52934_ruby_44906.zip	512
052935	塩に関する迷信	南方	熊楠	旧字旧仮名	NDC 387	https://www.aozora.gr.jp/cards/000093/files/52935_ruby_61312.zip	819
052936	詛言に就て	南方	熊楠	旧字旧仮名	NDC 387	https://www.aozora.gr.jp/cards/000093/files/52936_ruby_61313.zip	320
052937	蓮の花開く音を聴く事	南方	熊楠	旧字旧仮名	NDC 380	https://www.aozora.gr.jp/cards/000093/files/52937_ruby_63228.zip	467
052938	毘沙門の名号に就いて	南方	熊楠	旧字旧仮名	NDC 186	https://www.aozora.gr.jp/cards/000093/files/52938_txt_61446.zip	543
052939	秘魯国に漂著せる日本人	南方	熊楠	旧字旧仮名	NDC 914	https://www.aozora.gr.jp/cards/000093/files/52939_ruby_63229.zip	369
052942	国語の自在性	西田	幾多郎	新字新仮名	NDC 121 810	https://www.aozora.gr.jp/cards/000182/files/52942_ruby_42495.zip	0
052944	他山の石	成島	柳北	新字旧仮名	NDC 914	https://www.aozora.gr.jp/cards/000712/files/52944_txt_42720.zip	0
052947	静かな歩み	酒井	嘉七	新字旧仮名	NDC 913	https://www.aozora.gr.jp/cards/001142/files/52947_txt_42496.zip	0
052954	阿房山賦	成島	柳北	新字旧仮名	NDC 914	https://www.aozora.gr.jp/cards/000712/files/52954_ruby_42596.zip	0
052955	祭舌文	成島	柳北	新字旧仮名	NDC 914	https://www.aozora.gr.jp/cards/000712/files/52955_txt_42598.zip	0
052957	祭活字子文	成島	柳北	新字旧仮名	NDC 914	https://www.aozora.gr.jp/cards/000712/files/52957_ruby_42613.zip	0
052959	失うた帳面を記憶力で書き復した人	南方	熊楠	新字新仮名	NDC 914	https://www.aozora.gr.jp/cards/000093/files/52959_ruby_42754.zip	52
052975	すみれとうぐいすの話	小川	未明	新字新仮名	NDC K913	https://www.aozora.gr.jp/cards/001475/files/52975_ruby_72995.zip	744
052994	かぶと虫	槙本	楠郎	新字旧仮名	NDC K913	https://www.aozora.gr.jp/cards/001175/files/52994_ruby_53777.zip	0
052995	きんまくわ	槙本	楠郎	新字旧仮名	NDC K913	https://www.aozora.gr.jp/cards/001175/files/52995_ruby_53778.zip	0
052996	栗ひろひ週間	槙本	楠郎	新字旧仮名	NDC K913	https://www.aozora.gr.jp/cards/001175/files/52996_ruby_53782.zip	0
052997	黒んぼ会	槙本	楠郎	新字旧仮名	NDC K913	https://www.aozora.gr.jp/cards/001175/files/52997_ruby_53783.zip	0
052998	仔猫の裁判	槙本	楠郎	新字旧仮名	NDC K913	https://www.aozora.gr.jp/cards/001175/files/52998_ruby_53787.zip	12
052999	先生と生徒	槙本	楠郎	新字旧仮名	NDC K913	https://www.aozora.gr.jp/cards/001175/files/52999_ruby_53788.zip	0
053000	掃除当番	槙本	楠郎	新字旧仮名	NDC K913	https://www.aozora.gr.jp/cards/001175/files/53000_ruby_53790.zip	0
053001	月夜のかくれんぼ	槙本	楠郎	新字新仮名	NDC K913	https://www.aozora.gr.jp/cards/001175/files/53001_ruby_53791.zip	0
053002	母の日	槙本	楠郎	新字旧仮名	NDC K913	https://www.aozora.gr.jp/cards/001175/files/53002_ruby_53794.zip	0
053003	原つぱの子供会	槙本	楠郎	新字旧仮名	NDC K913	https://www.aozora.gr.jp/cards/001175/files/53003_ruby_53795.zip	0
053006	プールと犬	槙本	楠郎	新字旧仮名	NDC K913	https://www.aozora.gr.jp/cards/001175/files/53006_ruby_53977.zip	178
053007	北の不思議な話	小川	未明	新字新仮名	NDC K913	https://www.aozora.gr.jp/cards/001475/files/53007_ruby_70948.zip	769
053011	或る少女の死まで	室生	犀星	新字新仮名	NDC 913	https://www.aozora.gr.jp/cards/001579/files/53011_ruby_49717.zip	2671
053012	性に眼覚める頃	室生	犀星	新字新仮名	NDC 913	https://www.aozora.gr.jp/cards/001579/files/53012_ruby_49682.zip	3287
053028	蟻説	高木	貞治	旧字旧仮名	NDC 159	https://www.aozora.gr.jp/cards/001398/files/53028_txt_66947.zip	171
053034	世間師	小栗	風葉	新字新仮名	NDC 913	https://www.aozora.gr.jp/cards/000241/files/53034_ruby_42791.zip	0
053038	雪の日	近松	秋江	新字新仮名	NDC 913	https://www.aozora.gr.jp/cards/000275/files/53038_ruby_50194.zip	49
053047	罪・苦痛・希望・及び真実の道についての考察	カフカ	フランツ	旧字旧仮名	NDC 947	https://www.aozora.gr.jp/cards/001235/files/53047_ruby_42749.zip	1651
053048	地震の話	今村	明恒	旧字旧仮名	NDC K453	https://www.aozora.gr.jp/cards/001578/files/53048_ruby_47387.zip	103
053050	空飛ぶ悪魔	酒井	嘉七	新字新仮名	NDC 913	https://www.aozora.gr.jp/cards/001142/files/53050_ruby_43442.zip	0
053051	松の操美人の生埋	宇田川	文海	新字新仮名	NDC 913 914	https://www.aozora.gr.jp/cards/001582/files/53051_ruby_42680.zip	0
053054	ある完全犯罪人の手記	酒井	嘉七	新字新仮名	NDC 913	https://www.aozora.gr.jp/cards/001142/files/53054_ruby_50514.zip	394
053057	「鱧の皮　他五篇」解説	宇野	浩二	旧字旧仮名	NDC 913 914	https://www.aozora.gr.jp/cards/001533/files/53057_ruby_46208.zip	0
053058	撮影所殺人事件	酒井	嘉七	新字新仮名	NDC 913	https://www.aozora.gr.jp/cards/001142/files/53058_ruby_53772.zip	561
053126	温泉へ出かけたすずめ	小川	未明	新字新仮名	NDC K913	https://www.aozora.gr.jp/cards/001475/files/53126_ruby_73842.zip	695
053135	街の幸福	小川	未明	新字新仮名	NDC K913	https://www.aozora.gr.jp/cards/001475/files/53135_ruby_75443.zip	713
053138	沼津千本松原	若山	牧水	新字旧仮名		https://www.aozora.gr.jp/cards/000162/files/53138_ruby_76040.zip	666
053155	点	小川	未明	新字新仮名	NDC 913	https://www.aozora.gr.jp/cards/001475/files/53155_ruby_71427.zip	693
053156	扉	小川	未明	新字新仮名	NDC 913	https://www.aozora.gr.jp/cards/001475/files/53156_ruby_73656.zip	738
053179	不思議な国の話	室生	犀星	新字新仮名	NDC K913	https://www.aozora.gr.jp/cards/001579/files/53179_ruby_51198.zip	571
053180	不思議な魚	室生	犀星	新字新仮名	NDC 913	https://www.aozora.gr.jp/cards/001579/files/53180_ruby_51200.zip	479
053182	三人の百姓	秋田	雨雀	新字新仮名	NDC K913	https://www.aozora.gr.jp/cards/001584/files/53182_ruby_49658.zip	520
053183	でたらめ経	宇野	浩二	新字新仮名	NDC K913	https://www.aozora.gr.jp/cards/001533/files/53183_ruby_68457.zip	591
053184	寂しき魚	室生	犀星	新字新仮名	NDC K913	https://www.aozora.gr.jp/cards/001579/files/53184_ruby_68690.zip	462
053185	幸福	島崎	藤村	新字新仮名	NDC K913	https://www.aozora.gr.jp/cards/000158/files/53185_ruby_67404.zip	841
053186	大人の眼と子供の眼	水上	滝太郎	新字新仮名	NDC K914	https://www.aozora.gr.jp/cards/000800/files/53186_ruby_70418.zip	177
053187	海阪	北原	白秋	新字旧仮名	NDC 911	https://www.aozora.gr.jp/cards/000106/files/53187_ruby_63008.zip	298
053192	一九三二・二・二六	槙村	浩	新字旧仮名	NDC 911	https://www.aozora.gr.jp/cards/001585/files/53192_ruby_56396.zip	351
053194	はつ恋	神西	清	新字新仮名	NDC 983	https://www.aozora.gr.jp/cards/000005/files/53194_ruby_44732.zip	29474
053242	観相の秋	北原	白秋	新字旧仮名	NDC 911	https://www.aozora.gr.jp/cards/000106/files/53242_ruby_62524.zip	302
053485	ダッタン海峡	槙村	浩	新字新仮名	NDC 911	https://www.aozora.gr.jp/cards/001585/files/53485_ruby_56437.zip	162
053487	婚期はずれ	織田	作之助	新字新仮名	NDC 913	https://www.aozora.gr.jp/cards/000040/files/53487_ruby_44372.zip	203
053488	東光院	上司	小剣	旧字旧仮名	NDC 913	https://www.aozora.gr.jp/cards/000248/files/53488_ruby_45615.zip	0
053495	老いたるえびのうた	室生	犀星	新字新仮名	NDC 911	https://www.aozora.gr.jp/cards/001579/files/53495_ruby_60869.zip	517
053499	陶古の女人	室生	犀星	新字新仮名	NDC 913	https://www.aozora.gr.jp/cards/001579/files/53499_ruby_64048.zip	481
053503	蜜のあわれ	室生	犀星	新字新仮名	NDC 913	https://www.aozora.gr.jp/cards/001579/files/53503_ruby_62101.zip	2302
053505	われはうたえども　やぶれかぶれ	室生	犀星	新字新仮名	NDC 913	https://www.aozora.gr.jp/cards/001579/files/53505_ruby_67408.zip	442
053508	日本大地震	斎藤	茂吉	新字旧仮名	NDC 915	https://www.aozora.gr.jp/cards/001059/files/53508_ruby_47191.zip	1150
053518	プレスの操作に手工業を加味	豊田	喜一郎	旧字旧仮名	NDC 537	https://www.aozora.gr.jp/cards/001362/files/53518_txt_56449.zip	0
053519	ボデー意匠審査会　美術の粋を蒐め独特の形態美へ	豊田	喜一郎	旧字旧仮名	NDC 537	https://www.aozora.gr.jp/cards/001362/files/53519_ruby_56448.zip	0
053520	死刑	上司	小剣	旧字旧仮名	NDC 913	https://www.aozora.gr.jp/cards/000248/files/53520_ruby_48195.zip	280
053529	毛利孟夫に	槙村	浩	新字新仮名	NDC 911	https://www.aozora.gr.jp/cards/001585/files/53529_txt_56575.zip	300
053532	国産自動車と価格の問題	豊田	喜一郎	旧字旧仮名	NDC 537	https://www.aozora.gr.jp/cards/001362/files/53532_txt_56337.zip	375
053533	乗用車発表に際して	豊田	喜一郎	旧字旧仮名	NDC 537	https://www.aozora.gr.jp/cards/001362/files/53533_txt_56394.zip	293
053539	天満宮	上司	小剣	旧字旧仮名	NDC 913	https://www.aozora.gr.jp/cards/000248/files/53539_ruby_47858.zip	38
053658	月産五百台が我社の根本方針	豊田	喜一郎	旧字旧仮名	NDC 537	https://www.aozora.gr.jp/cards/001362/files/53658_txt_56338.zip	0
053664	獄内にてドイツの同志を思う歌	槙村	浩	新字新仮名	NDC 911	https://www.aozora.gr.jp/cards/001585/files/53664_ruby_56339.zip	98
053668	野兎の歌	槙村	浩	新字新仮名	NDC 911	https://www.aozora.gr.jp/cards/001585/files/53668_ruby_56441.zip	134
053670	シュレジェンの織工によせて	槙村	浩	新字新仮名	NDC 911	https://www.aozora.gr.jp/cards/001585/files/53670_ruby_56397.zip	56
053672	探検実記　地中の秘密	江見	水蔭	旧字旧仮名	NDC 913	https://www.aozora.gr.jp/cards/000448/files/53672_ruby_68706.zip	317
053673	探検実記　地中の秘密	江見	水蔭	旧字旧仮名	NDC 913	https://www.aozora.gr.jp/cards/000448/files/53673_ruby_69500.zip	410
053674	探検実記　地中の秘密	江見	水蔭	旧字旧仮名	NDC 913	https://www.aozora.gr.jp/cards/000448/files/53674_ruby_65659.zip	343
053678	準備は出来たトヨタは邁進します	豊田	喜一郎	旧字旧仮名	NDC 537	https://www.aozora.gr.jp/cards/001362/files/53678_txt_56395.zip	331
053679	トヨタ自動車一周年を迎へて	豊田	喜一郎	旧字旧仮名	NDC 537	https://www.aozora.gr.jp/cards/001362/files/53679_txt_56519.zip	503
053680	リップ・ヴァン・ウィンクル	アーヴィング	ワシントン	新字新仮名	NDC 933	https://www.aozora.gr.jp/cards/001257/files/53680_ruby_69540.zip	596
053683	最近欧米に於ける財政経済事情	井上	準之助	新字旧仮名	NDC 332	https://www.aozora.gr.jp/cards/001595/files/53683_txt_44483.zip	0
053696	顔	李	箱	新字旧仮名	NDC 911	https://www.aozora.gr.jp/cards/001597/files/53696_txt_69035.zip	301
053697	興行物天使	李	箱	新字旧仮名	NDC 911	https://www.aozora.gr.jp/cards/001597/files/53697_txt_67685.zip	227
053698	狂女の告白	李	箱	新字旧仮名	NDC 911	https://www.aozora.gr.jp/cards/001597/files/53698_txt_70944.zip	688
053700	空腹――	李	箱	新字旧仮名	NDC 911	https://www.aozora.gr.jp/cards/001597/files/53700_txt_68720.zip	267
053709	ひげ――	李	箱	新字旧仮名	NDC 911	https://www.aozora.gr.jp/cards/001597/files/53709_txt_67683.zip	246
053712	横浜市歌	森	林太郎	新字新仮名	NDC 911	https://www.aozora.gr.jp/cards/000315/files/53712_ruby_60783.zip	359
053717	AU MAGASIN DE NOUVEAUTES	李	箱	新字旧仮名	NDC 911	https://www.aozora.gr.jp/cards/001597/files/53717_ruby_63488.zip	262
053724	〔『支那思想と日本』初版〕まえがき	津田	左右吉	新字新仮名	NDC 121	https://www.aozora.gr.jp/cards/001535/files/53724_ruby_62030.zip	217
053725	学究生活五十年	津田	左右吉	新字新仮名	NDC 289	https://www.aozora.gr.jp/cards/001535/files/53725_ruby_47463.zip	0
053726	建国の事情と万世一系の思想	津田	左右吉	新字新仮名	NDC 210	https://www.aozora.gr.jp/cards/001535/files/53726_ruby_47461.zip	55
053727	偶言	津田	左右吉	新字新仮名	NDC 701	https://www.aozora.gr.jp/cards/001535/files/53727_ruby_47930.zip	0
053728	芸術と国民性	津田	左右吉	新字新仮名	NDC 701	https://www.aozora.gr.jp/cards/001535/files/53728_ruby_46371.zip	0
053729	芸術と社会	津田	左右吉	新字新仮名	NDC 701	https://www.aozora.gr.jp/cards/001535/files/53729_ruby_46372.zip	0
053732	陳言套語	津田	左右吉	新字新仮名	NDC 210	https://www.aozora.gr.jp/cards/001535/files/53732_ruby_62533.zip	295
053733	東洋文化、東洋思想、東洋史	津田	左右吉	新字新仮名	NDC 220	https://www.aozora.gr.jp/cards/001535/files/53733_ruby_62028.zip	355
053734	流れ行く歴史の動力	津田	左右吉	新字新仮名	NDC 210	https://www.aozora.gr.jp/cards/001535/files/53734_ruby_61207.zip	374
053735	日本上代史の研究に関する二、三の傾向について	津田	左右吉	新字新仮名	NDC 210	https://www.aozora.gr.jp/cards/001535/files/53735_ruby_62534.zip	354
053736	日本精神について	津田	左右吉	新字新仮名	NDC 121	https://www.aozora.gr.jp/cards/001535/files/53736_ruby_63044.zip	595
053737	日本に於ける支那学の使命	津田	左右吉	新字新仮名	NDC 222	https://www.aozora.gr.jp/cards/001535/files/53737_ruby_62751.zip	303
053739	日本歴史の特性	津田	左右吉	新字新仮名	NDC 210	https://www.aozora.gr.jp/cards/001535/files/53739_ruby_63043.zip	661
053740	仏教史家に一言す	小竹	主	新字旧仮名	NDC 182	https://www.aozora.gr.jp/cards/001535/files/53740_ruby_46373.zip	0
053741	歴史の学に於ける「人」の回復	津田	左右吉	新字新仮名	NDC 201	https://www.aozora.gr.jp/cards/001535/files/53741_ruby_62752.zip	294
053742	歴史の矛盾性	津田	左右吉	新字新仮名	NDC 201	https://www.aozora.gr.jp/cards/001535/files/53742_ruby_61208.zip	535
053752	『東洋自由新聞』第一号社説	中江	兆民	新字旧仮名	NDC 310	https://www.aozora.gr.jp/cards/001212/files/53752_ruby_66474.zip	290
053761	メメント　モリ	田辺	元	新字新仮名	NDC 121	https://www.aozora.gr.jp/cards/001599/files/53761_ruby_72595.zip	699
053780	日本その日その日	石川	千代松	新字新仮名	NDC 289 291	https://www.aozora.gr.jp/cards/001478/files/53780_ruby_60179.zip	198
053781	日本その日その日	石川	欣一	新字新仮名	NDC 291	https://www.aozora.gr.jp/cards/001380/files/53781_txt_60178.zip	257
053782	朝	李	箱	新字旧仮名	NDC 911	https://www.aozora.gr.jp/cards/001597/files/53782_txt_74372.zip	368
053783	街衢ノ寒サ	李	箱	新字旧仮名	NDC 911	https://www.aozora.gr.jp/cards/001597/files/53783_txt_75617.zip	326
053784	距離	李	箱	新字旧仮名	NDC 911	https://www.aozora.gr.jp/cards/001597/files/53784_txt_74386.zip	304
053785	骨片ニ関スル無題	李	箱	新字旧仮名	NDC 911	https://www.aozora.gr.jp/cards/001597/files/53785_txt_74030.zip	248
053786	最後	李	箱	新字新仮名	NDC 911	https://www.aozora.gr.jp/cards/001597/files/53786_txt_74576.zip	347
053787	囚人の作つた箱庭	李	箱	新字旧仮名	NDC 911	https://www.aozora.gr.jp/cards/001597/files/53787_txt_72987.zip	334
053788	隻脚	李	箱	新字旧仮名	NDC 911	https://www.aozora.gr.jp/cards/001597/files/53788_txt_74008.zip	316
053789	一九三一年　作品　第一番	李	箱	新字旧仮名	NDC 911	https://www.aozora.gr.jp/cards/001597/files/53789_txt_74031.zip	238
053790	月原橙一郎	李	箱	新字旧仮名	NDC 911	https://www.aozora.gr.jp/cards/001597/files/53790_txt_74039.zip	308
053791	内科	李	箱	新字旧仮名	NDC 911	https://www.aozora.gr.jp/cards/001597/files/53791_ruby_72986.zip	233
053792	肉親の章	李	箱	新字旧仮名	NDC 911	https://www.aozora.gr.jp/cards/001597/files/53792_txt_74191.zip	315
053796	愛か	李	光洙	新字新仮名	NDC 913	https://www.aozora.gr.jp/cards/001601/files/53796_ruby_70384.zip	413
053797	合唱について	金	鍾漢	新字旧仮名	NDC 911	https://www.aozora.gr.jp/cards/001602/files/53797_ruby_70163.zip	0
053798	空山明月	金	鍾漢	新字旧仮名	NDC 911	https://www.aozora.gr.jp/cards/001602/files/53798_txt_67966.zip	207
053799	古井戸のある風景	金	鍾漢	新字旧仮名	NDC 911	https://www.aozora.gr.jp/cards/001602/files/53799_ruby_69056.zip	51
053800	一枝について	金	鍾漢	新字旧仮名	NDC 911	https://www.aozora.gr.jp/cards/001602/files/53800_ruby_69057.zip	0
053801	幼年	金	鍾漢	新字旧仮名	NDC 911	https://www.aozora.gr.jp/cards/001602/files/53801_ruby_69058.zip	86
053802	待機	金	鍾漢	新字旧仮名	NDC 911	https://www.aozora.gr.jp/cards/001602/files/53802_txt_70164.zip	0
053803	善夫孤独	金	鍾漢	新字旧仮名	NDC 911	https://www.aozora.gr.jp/cards/001602/files/53803_ruby_67967.zip	350
053805	俗臭	織田	作之助	新字新仮名	NDC 913	https://www.aozora.gr.jp/cards/000040/files/53805_ruby_48196.zip	5
053806	放浪	織田	作之助	新字新仮名	NDC 913	https://www.aozora.gr.jp/cards/000040/files/53806_ruby_50432.zip	265
053808	わが町	織田	作之助	新字新仮名	NDC 913	https://www.aozora.gr.jp/cards/000040/files/53808_ruby_50551.zip	73
053809	こども風土記	柳田	国男	新字新仮名	NDC 384	https://www.aozora.gr.jp/cards/001566/files/53809_ruby_49721.zip	3429
053810	日本の伝説	柳田	国男	新字新仮名	NDC K388	https://www.aozora.gr.jp/cards/001566/files/53810_ruby_50179.zip	26776
053817	東奥異聞	佐々木	喜善	新字新仮名	NDC 388	https://www.aozora.gr.jp/cards/000263/files/53817_ruby_53561.zip	451
053818	峠	桜間	中庸	旧字旧仮名	NDC K911	https://www.aozora.gr.jp/cards/001604/files/53818_txt_45261.zip	0
053826	朝の山道	桜間	中庸	旧字旧仮名	NDC K911	https://www.aozora.gr.jp/cards/001604/files/53826_txt_45228.zip	0
053827	お馬がかへる	桜間	中庸	旧字旧仮名	NDC K911	https://www.aozora.gr.jp/cards/001604/files/53827_ruby_45230.zip	0
053828	蚊遣火	桜間	中庸	旧字旧仮名	NDC K911	https://www.aozora.gr.jp/cards/001604/files/53828_txt_45239.zip	0
053829	蝙蝠	桜間	中庸	旧字旧仮名	NDC K911	https://www.aozora.gr.jp/cards/001604/files/53829_ruby_45242.zip	0
053830	七面鳥のこゑ	桜間	中庸	旧字旧仮名	NDC K911	https://www.aozora.gr.jp/cards/001604/files/53830_txt_45248.zip	0
053831	すかんぽ原	桜間	中庸	旧字旧仮名	NDC K911	https://www.aozora.gr.jp/cards/001604/files/53831_txt_45253.zip	0
053832	ほろほろほろりん	桜間	中庸	旧字旧仮名	NDC K911	https://www.aozora.gr.jp/cards/001604/files/53832_txt_45275.zip	0
053833	山の駅	桜間	中庸	旧字旧仮名	NDC K911	https://www.aozora.gr.jp/cards/001604/files/53833_txt_45284.zip	0
053835	首里城	世礼	国男	新字旧仮名	NDC 911	https://www.aozora.gr.jp/cards/001606/files/53835_ruby_60448.zip	624
053836	夕の賦	末吉	安持	新字旧仮名	NDC 911	https://www.aozora.gr.jp/cards/001607/files/53836_txt_67367.zip	90
053839	青い窓	桜間	中庸	旧字旧仮名	NDC K911	https://www.aozora.gr.jp/cards/001604/files/53839_ruby_45224.zip	0
053840	一番幌馬車	桜間	中庸	旧字旧仮名	NDC K911	https://www.aozora.gr.jp/cards/001604/files/53840_txt_45229.zip	0
053841	お空の川	桜間	中庸	旧字旧仮名	NDC K911	https://www.aozora.gr.jp/cards/001604/files/53841_txt_45231.zip	0
053842	お巡さん	桜間	中庸	旧字旧仮名	NDC K911	https://www.aozora.gr.jp/cards/001604/files/53842_txt_45233.zip	0
053843	開通祝ひ	桜間	中庸	旧字旧仮名	NDC K911	https://www.aozora.gr.jp/cards/001604/files/53843_txt_45235.zip	0
053844	草の実	桜間	中庸	旧字旧仮名	NDC K911	https://www.aozora.gr.jp/cards/001604/files/53844_txt_45241.zip	0
053845	白ホテル	桜間	中庸	旧字旧仮名	NDC K911	https://www.aozora.gr.jp/cards/001604/files/53845_txt_45249.zip	0
053866	三百年後	小倉	金之助	新字新仮名	NDC 914	https://www.aozora.gr.jp/cards/001570/files/53866_txt_49961.zip	3
053868	改善は頭から	丘	浅次郎	新字新仮名	NDC 460	https://www.aozora.gr.jp/cards/001474/files/53868_ruby_57466.zip	351
053869	境界なき差別	丘	浅次郎	新字新仮名	NDC 460	https://www.aozora.gr.jp/cards/001474/files/53869_ruby_57467.zip	201
053870	人間生活の矛盾	丘	浅次郎	新字新仮名	NDC 460	https://www.aozora.gr.jp/cards/001474/files/53870_ruby_57461.zip	419
053885	『愛国心』私はこう思う	知里	真志保	新字新仮名	NDC 829	https://www.aozora.gr.jp/cards/001540/files/53885_txt_56957.zip	271
053886	あの世の入口	知里	真志保	新字新仮名	NDC 387	https://www.aozora.gr.jp/cards/001540/files/53886_ruby_50494.zip	308
053887	生きているコタンの銅像	知里	真志保	新字新仮名	NDC 289	https://www.aozora.gr.jp/cards/001540/files/53887_ruby_56828.zip	373
053888	おば金成マツのこと	知里	真志保	新字新仮名	NDC 829	https://www.aozora.gr.jp/cards/001540/files/53888_txt_56926.zip	0
053889	金成マツとユーカラ	知里	真志保	新字新仮名	NDC 829	https://www.aozora.gr.jp/cards/001540/files/53889_txt_56925.zip	0
053890	学問ある蛙の話	知里	真志保	新字新仮名	NDC 829	https://www.aozora.gr.jp/cards/001540/files/53890_txt_50492.zip	43
053891	言語と文化史	知里	真志保	新字新仮名	NDC 829	https://www.aozora.gr.jp/cards/001540/files/53891_txt_50493.zip	3
053892	性に関するアイヌの習俗	河野	広道	新字新仮名	NDC 384	https://www.aozora.gr.jp/cards/001540/files/53892_txt_51978.zip	4801
053893	洞爺湖の伝説	知里	真志保	新字新仮名	NDC 388	https://www.aozora.gr.jp/cards/001540/files/53893_txt_56958.zip	278
053894	日本語とアイヌ語の関係	知里	真志保	新字新仮名	NDC 829	https://www.aozora.gr.jp/cards/001540/files/53894_txt_57033.zip	765
053896	図書館通い	知里	真志保	新字新仮名	NDC 829	https://www.aozora.gr.jp/cards/001540/files/53896_txt_57034.zip	721
053897	アイヌ語学	知里	真志保	新字新仮名	NDC 829	https://www.aozora.gr.jp/cards/001540/files/53897_ruby_50490.zip	245
053898	アイヌ語のおもしろさ	知里	真志保	新字新仮名	NDC 829	https://www.aozora.gr.jp/cards/001540/files/53898_txt_56827.zip	622
053899	アイヌ宗教成立の史的背景	知里	真志保	新字新仮名	NDC 387	https://www.aozora.gr.jp/cards/001540/files/53899_ruby_50495.zip	110
053900	アイヌ族の俚謡	知里	真志保	新字旧仮名	NDC 388	https://www.aozora.gr.jp/cards/001540/files/53900_ruby_50491.zip	218
053901	ホッキ巻	知里	真志保	新字新仮名	NDC 291	https://www.aozora.gr.jp/cards/001540/files/53901_ruby_57518.zip	328
053937	抒情小曲集	田辺	孝次	新字旧仮名	NDC 911 914	https://www.aozora.gr.jp/cards/001610/files/53937_txt_44985.zip	0
053939	愚かなるものよ	徳永	保之助	新字新仮名	NDC 911	https://www.aozora.gr.jp/cards/001611/files/53939_ruby_65427.zip	246
053940	洪水のように	徳永	保之助	新字新仮名	NDC 911	https://www.aozora.gr.jp/cards/001611/files/53940_ruby_66481.zip	167
053947	愛の詩集	室生	犀星	新字旧仮名	NDC 911	https://www.aozora.gr.jp/cards/001579/files/53947_ruby_53526.zip	576
053950	敗れて帰る俺達	三好	十郎	新字新仮名	NDC 911	https://www.aozora.gr.jp/cards/001311/files/53950_ruby_57545.zip	35
053951	雪と血と煙草の進軍	三好	十郎	新字新仮名	NDC 911	https://www.aozora.gr.jp/cards/001311/files/53951_txt_63207.zip	382
053952	或る淫売婦におくる詩	山村	暮鳥	新字新仮名	NDC 911	https://www.aozora.gr.jp/cards/000136/files/53952_ruby_57528.zip	325
053954	先駆者	中山	啓	新字新仮名	NDC 911	https://www.aozora.gr.jp/cards/001436/files/53954_ruby_62750.zip	370
053955	争議の翌日	賀川	豊彦	新字新仮名	NDC 911	https://www.aozora.gr.jp/cards/001468/files/53955_txt_64319.zip	17
053956	DILEMMA.	佐藤	緑葉	新字新仮名	NDC 911	https://www.aozora.gr.jp/cards/001486/files/53956_txt_65149.zip	284
053959	作業機械	細井	和喜蔵	新字新仮名	NDC 911	https://www.aozora.gr.jp/cards/000371/files/53959_ruby_57550.zip	2
053960	泥沼呪文	細井	和喜蔵	新字新仮名	NDC 911	https://www.aozora.gr.jp/cards/000371/files/53960_ruby_57549.zip	0
053967	破壊	加藤	一夫	新字新仮名	NDC 911	https://www.aozora.gr.jp/cards/000919/files/53967_txt_57885.zip	274
053968	わが児に	加藤	一夫	新字新仮名	NDC 911	https://www.aozora.gr.jp/cards/000919/files/53968_ruby_57881.zip	56
053969	プロパガンダ	加藤	一夫	新字新仮名	NDC 911	https://www.aozora.gr.jp/cards/000919/files/53969_ruby_57886.zip	238
053970	赤兵の歌	江森	盛弥	新字新仮名	NDC 911	https://www.aozora.gr.jp/cards/001612/files/53970_ruby_45596.zip	0
053972	採炭夫の歌	後藤	謙太郎	新字新仮名	NDC 911	https://www.aozora.gr.jp/cards/001613/files/53972_ruby_57871.zip	276
053973	雪の線路を歩いて	後藤	謙太郎	新字新仮名	NDC 911	https://www.aozora.gr.jp/cards/001613/files/53973_txt_57940.zip	258
053974	『戦旗』創刊号巻頭詩	佐藤	武夫	新字新仮名	NDC 911	https://www.aozora.gr.jp/cards/001614/files/53974_txt_57859.zip	190
053975	犬にされたカスペルの話しかけ	佐藤	武夫	新字新仮名	NDC 911	https://www.aozora.gr.jp/cards/001614/files/53975_ruby_57857.zip	241
053976	イリイッチの長靴	佐藤	武夫	新字新仮名	NDC 911	https://www.aozora.gr.jp/cards/001614/files/53976_ruby_57858.zip	156
053977	感謝	下川	儀太郎	新字新仮名	NDC 911	https://www.aozora.gr.jp/cards/001615/files/53977_ruby_57972.zip	259
053978	再び立上がる日の為に	下川	儀太郎	新字新仮名	NDC 911	https://www.aozora.gr.jp/cards/001615/files/53978_ruby_57971.zip	180
053979	彼はいない	下川	儀太郎	新字新仮名	NDC 911	https://www.aozora.gr.jp/cards/001615/files/53979_ruby_57973.zip	172
053981	青い服の列	西村	陽吉	新字新仮名	NDC 911	https://www.aozora.gr.jp/cards/001617/files/53981_ruby_58043.zip	169
053982	遥かなる憧憬	西村	陽吉	新字新仮名	NDC 911	https://www.aozora.gr.jp/cards/001617/files/53982_ruby_58044.zip	0
053983	夕がたの人々	西村	陽吉	新字新仮名	NDC 911	https://www.aozora.gr.jp/cards/001617/files/53983_ruby_58045.zip	0
053999	御国のために	根岸	正吉	新字新仮名	NDC 911	https://www.aozora.gr.jp/cards/001618/files/53999_txt_56929.zip	0
054000	落ちぬ血痕	根岸	正吉	新字新仮名	NDC 911	https://www.aozora.gr.jp/cards/001618/files/54000_txt_56928.zip	0
054001	織工	根岸	正吉	新字新仮名	NDC 911	https://www.aozora.gr.jp/cards/001618/files/54001_ruby_56847.zip	0
054002	場外	根岸	正吉	新字新仮名	NDC 911	https://www.aozora.gr.jp/cards/001618/files/54002_ruby_56846.zip	0
054003	須賀爺	根岸	正吉	新字新仮名	NDC 911	https://www.aozora.gr.jp/cards/001618/files/54003_ruby_56961.zip	0
054004	労働者大会	根岸	正吉	新字新仮名	NDC 911	https://www.aozora.gr.jp/cards/001618/files/54004_ruby_56960.zip	0
054005	我は労働者よ	根岸	正吉	新字新仮名	NDC 911	https://www.aozora.gr.jp/cards/001618/files/54005_ruby_56962.zip	0
054006	調帯	野村	吉哉	新字新仮名	NDC 911	https://www.aozora.gr.jp/cards/001619/files/54006_txt_57515.zip	101
054007	鉄のシャフト	野村	吉哉	新字新仮名	NDC 911	https://www.aozora.gr.jp/cards/001619/files/54007_txt_57516.zip	187
054008	赤い腕章	波立	一	新字新仮名	NDC 911	https://www.aozora.gr.jp/cards/001620/files/54008_txt_56966.zip	0
054009	運勢	波立	一	新字新仮名	NDC 911	https://www.aozora.gr.jp/cards/001620/files/54009_ruby_56968.zip	195
054010	檻の中	波立	一	新字新仮名	NDC 911	https://www.aozora.gr.jp/cards/001620/files/54010_ruby_56933.zip	0
054011	結党の焔	波立	一	新字新仮名	NDC 911	https://www.aozora.gr.jp/cards/001620/files/54011_txt_56839.zip	70
054012	五月一日	波立	一	新字新仮名	NDC 911	https://www.aozora.gr.jp/cards/001620/files/54012_txt_56967.zip	0
054013	動員令	波立	一	新字新仮名	NDC 911	https://www.aozora.gr.jp/cards/001620/files/54013_ruby_56932.zip	0
054014	夜明の集会	波立	一	新字新仮名	NDC 911	https://www.aozora.gr.jp/cards/001620/files/54014_ruby_56840.zip	69
054022	再生の日の海を眺めて	松本	淳三	新字新仮名	NDC 911	https://www.aozora.gr.jp/cards/001622/files/54022_ruby_57353.zip	0
054023	血を越えてゆく	松本	淳三	新字新仮名	NDC 911	https://www.aozora.gr.jp/cards/001622/files/54023_txt_57347.zip	0
054024	労働祭歌（Ⅰ）	松本	淳三	新字新仮名	NDC 911	https://www.aozora.gr.jp/cards/001622/files/54024_txt_57352.zip	0
054025	ガンジよ	松本	淳三	新字新仮名	NDC 911	https://www.aozora.gr.jp/cards/001622/files/54025_ruby_57348.zip	0
054026	君達に送る――新しい民衆の精神	百田	宗治	新字新仮名	NDC 911	https://www.aozora.gr.jp/cards/001623/files/54026_ruby_56944.zip	0
054027	五月祭の朝	百田	宗治	新字新仮名	NDC 911	https://www.aozora.gr.jp/cards/001623/files/54027_ruby_56949.zip	0
054028	騒擾の上に	百田	宗治	新字新仮名	NDC 911	https://www.aozora.gr.jp/cards/001623/files/54028_ruby_56850.zip	0
054029	地を掘る人達に	百田	宗治	新字新仮名	NDC 911	https://www.aozora.gr.jp/cards/001623/files/54029_ruby_56943.zip	0
054030	夕暮の別荘地に歩み入る兵士たち	百田	宗治	新字新仮名	NDC 911	https://www.aozora.gr.jp/cards/001623/files/54030_ruby_56851.zip	87
054031	労働の精神	百田	宗治	新字新仮名	NDC 911	https://www.aozora.gr.jp/cards/001623/files/54031_txt_56950.zip	0
054032	露西亜よ汝は飛ぶ	百田	宗治	新字新仮名	NDC 911	https://www.aozora.gr.jp/cards/001623/files/54032_ruby_56951.zip	0
054035	さらわれた兄よ	槙本	楠郎	新字新仮名	NDC 911	https://www.aozora.gr.jp/cards/001175/files/54035_ruby_53774.zip	4
054036	ある日	陀田	勘助	新字新仮名	NDC 911	https://www.aozora.gr.jp/cards/001624/files/54036_ruby_57876.zip	0
054037	おれの飛行船	陀田	勘助	新字新仮名	NDC 911	https://www.aozora.gr.jp/cards/001624/files/54037_txt_57863.zip	201
054038	全体の一人	陀田	勘助	新字新仮名	NDC 911	https://www.aozora.gr.jp/cards/001624/files/54038_txt_57869.zip	295
054039	たんぽぽとおれの感傷	陀田	勘助	新字新仮名	NDC 911	https://www.aozora.gr.jp/cards/001624/files/54039_txt_57864.zip	53
054040	断片	陀田	勘助	新字新仮名	NDC 911	https://www.aozora.gr.jp/cards/001624/files/54040_ruby_57877.zip	0
054041	手をさし延べよう！	陀田	勘助	新字新仮名	NDC 911	https://www.aozora.gr.jp/cards/001624/files/54041_ruby_57853.zip	116
054042	春がふたたび牢獄にやってきた！	陀田	勘助	新字新仮名	NDC 911	https://www.aozora.gr.jp/cards/001624/files/54042_txt_57868.zip	238
054043	二人の子持ちになった労働者のおッ母あに贈る	陀田	勘助	新字新仮名	NDC 911	https://www.aozora.gr.jp/cards/001624/files/54043_ruby_57852.zip	171
054059	二笑亭綺譚	柳	宗悦	新字新仮名	NDC 521	https://www.aozora.gr.jp/cards/001520/files/54059_txt_64041.zip	295
054060	馬	猪狩	満直	新字新仮名	NDC 911	https://www.aozora.gr.jp/cards/001626/files/54060_txt_58712.zip	219
054061	炭坑長屋物語	猪狩	満直	新字新仮名	NDC 911	https://www.aozora.gr.jp/cards/001626/files/54061_ruby_58711.zip	327
054062	山上の歌	今村	恒夫	新字新仮名	NDC 911	https://www.aozora.gr.jp/cards/001627/files/54062_ruby_53562.zip	0
054063	死ぬる迄土地を守るのだ	今村	恒夫	新字新仮名	NDC 911	https://www.aozora.gr.jp/cards/001627/files/54063_ruby_53563.zip	0
054064	手	今村	恒夫	新字新仮名	NDC 911	https://www.aozora.gr.jp/cards/001627/files/54064_ruby_53567.zip	0
054065	鋼鉄	今村	恒夫	新字新仮名	NDC 911	https://www.aozora.gr.jp/cards/001627/files/54065_ruby_53559.zip	0
054066	歩哨戦	今村	恒夫	新字新仮名	NDC 911	https://www.aozora.gr.jp/cards/001627/files/54066_ruby_53762.zip	266
054067	アンチの闘士	今村	恒夫	新字新仮名	NDC 911	https://www.aozora.gr.jp/cards/001627/files/54067_ruby_53558.zip	0
054068	プチロフ工場	今村	恒夫	新字新仮名	NDC 911	https://www.aozora.gr.jp/cards/001627/files/54068_ruby_53566.zip	0
054069	横顔	上田	進	新字新仮名	NDC 911	https://www.aozora.gr.jp/cards/001628/files/54069_ruby_63820.zip	0
054073	天瓜粉	榎南	謙一	新字新仮名	NDC 911	https://www.aozora.gr.jp/cards/001630/files/54073_ruby_57861.zip	64
054074	農村から	榎南	謙一	新字新仮名	NDC 911	https://www.aozora.gr.jp/cards/001630/files/54074_ruby_57879.zip	0
054075	無念女工	榎南	謙一	新字新仮名	NDC 911	https://www.aozora.gr.jp/cards/001630/files/54075_ruby_57878.zip	101
054076	夜雲の下	榎南	謙一	新字新仮名	NDC 911	https://www.aozora.gr.jp/cards/001630/files/54076_ruby_57862.zip	20
054077	嵐の中で	大石	喜幸	新字新仮名	NDC 911	https://www.aozora.gr.jp/cards/001631/files/54077_txt_64893.zip	361
054078	河の上の職場	大江	鉄麿	新字新仮名	NDC 911	https://www.aozora.gr.jp/cards/001632/files/54078_ruby_57050.zip	0
054079	職場の歌	大江	鉄麿	新字新仮名	NDC 911	https://www.aozora.gr.jp/cards/001632/files/54079_txt_57051.zip	0
054080	市立共同宿泊所	大江	鉄麿	新字新仮名	NDC 911	https://www.aozora.gr.jp/cards/001632/files/54080_ruby_57057.zip	337
054081	懐	大江	鉄麿	新字新仮名	NDC 911	https://www.aozora.gr.jp/cards/001632/files/54081_ruby_57056.zip	211
054082	死の凱旋兵	国見	善弘	新字新仮名	NDC 911	https://www.aozora.gr.jp/cards/001633/files/54082_txt_64886.zip	353
054083	育て力づよく	田村	乙彦	新字新仮名	NDC 911	https://www.aozora.gr.jp/cards/001634/files/54083_ruby_63198.zip	255
054084	工女の歌	丹沢	明	新字新仮名	NDC 911	https://www.aozora.gr.jp/cards/001635/files/54084_ruby_64540.zip	233
054085	千住大橋	丹沢	明	新字新仮名	NDC 911	https://www.aozora.gr.jp/cards/001635/files/54085_ruby_64541.zip	306
054086	馬鈴薯階級の詩	中島	葉那子	新字新仮名	NDC 911	https://www.aozora.gr.jp/cards/001636/files/54086_ruby_50747.zip	0
054093	朝へ行く	平林	彪吾	新字新仮名	NDC 911	https://www.aozora.gr.jp/cards/001638/files/54093_ruby_64327.zip	81
054094	拡大されゆく国道前線	広海	大治	新字新仮名	NDC 911	https://www.aozora.gr.jp/cards/001639/files/54094_ruby_57534.zip	0
054095	章魚人夫	広海	大治	新字新仮名	NDC 911	https://www.aozora.gr.jp/cards/001639/files/54095_ruby_57536.zip	0
054096	サガレンの浮浪者	広海	大治	新字新仮名	NDC 911	https://www.aozora.gr.jp/cards/001639/files/54096_ruby_57535.zip	0
054097	保護職工	森	竹夫	新字新仮名	NDC 911	https://www.aozora.gr.jp/cards/001640/files/54097_ruby_64905.zip	0
054098	休日に	藪田	忠夫	新字新仮名	NDC 911	https://www.aozora.gr.jp/cards/001641/files/54098_ruby_63797.zip	387
054099	冬のしぶき	伊藤	信二	新字新仮名	NDC 911	https://www.aozora.gr.jp/cards/001642/files/54099_ruby_65432.zip	192
054100	落葉	木村	好子	新字新仮名	NDC 911	https://www.aozora.gr.jp/cards/001643/files/54100_ruby_56935.zip	0
054101	極めて家庭的に	木村	好子	新字新仮名	NDC 911	https://www.aozora.gr.jp/cards/001643/files/54101_txt_57372.zip	448
054102	洗濯デー	木村	好子	新字新仮名	NDC 911	https://www.aozora.gr.jp/cards/001643/files/54102_ruby_57374.zip	350
054103	兄ちゃん	木村	好子	新字新仮名	NDC 911	https://www.aozora.gr.jp/cards/001643/files/54103_ruby_56934.zip	0
054104	メーデーを待つ	木村	好子	新字新仮名	NDC 911	https://www.aozora.gr.jp/cards/001643/files/54104_ruby_57373.zip	0
054110	身体検査日	倉橋	潤一郎	新字新仮名	NDC 911	https://www.aozora.gr.jp/cards/001645/files/54110_txt_53769.zip	167
054111	みんな悲しげにそう思う	倉橋	潤一郎	新字新仮名	NDC 911	https://www.aozora.gr.jp/cards/001645/files/54111_txt_53770.zip	0
054113	海から昇る太陽	三好	達治	旧字旧仮名	NDC 911	https://www.aozora.gr.jp/cards/001749/files/54113_ruby_72263.zip	350
054115	森の生活――ウォールデン――	神吉	三郎	新字新仮名	NDC 934	https://www.aozora.gr.jp/cards/001070/files/54115_ruby_68436.zip	365
054116	五階の窓	小酒井	不木	新字新仮名	NDC 913	https://www.aozora.gr.jp/cards/000262/files/54116_ruby_68191.zip	426
054136	私の子供時分	伊波	普猷	新字新仮名	NDC 289	https://www.aozora.gr.jp/cards/000232/files/54136_ruby_53765.zip	235
054137	ユタの歴史的研究	伊波	普猷	新字新仮名	NDC 387	https://www.aozora.gr.jp/cards/000232/files/54137_ruby_53290.zip	289
054138	呪咀	土谷	麓	新字新仮名	NDC 911	https://www.aozora.gr.jp/cards/001648/files/54138_ruby_49662.zip	69
054139	海よ	三好	達治	旧字旧仮名	NDC 911	https://www.aozora.gr.jp/cards/001749/files/54139_ruby_66932.zip	427
054142	老いらくの身をはるばると	三好	達治	旧字旧仮名	NDC 911	https://www.aozora.gr.jp/cards/001749/files/54142_ruby_68228.zip	468
054166	赤いねこ	沖野	岩三郎	新字旧仮名	NDC K913	https://www.aozora.gr.jp/cards/001180/files/54166_ruby_51222.zip	0
054189	森の生活――ウォールデン――	神吉	三郎	新字新仮名	NDC 934	https://www.aozora.gr.jp/cards/001209/files/54189_ruby_68437.zip	765
054219	犬の一年	槙村	浩	新字旧仮名	NDC K911	https://www.aozora.gr.jp/cards/001585/files/54219_txt_54004.zip	42
054221	英雄ナポレオン	槙村	浩	新字旧仮名	NDC 911	https://www.aozora.gr.jp/cards/001585/files/54221_ruby_54009.zip	86
054225	おどり子の出世	槙村	浩	新字旧仮名	NDC K913	https://www.aozora.gr.jp/cards/001585/files/54225_txt_54148.zip	79
054228	華厳経と法華経	槙村	浩	新字旧仮名	NDC 914	https://www.aozora.gr.jp/cards/001585/files/54228_txt_56340.zip	523
054232	世界大戦の後	槙村	浩	新字旧仮名	NDC 914	https://www.aozora.gr.jp/cards/001585/files/54232_txt_54162.zip	218
054237	電灯と浦島	槙村	浩	新字旧仮名	NDC K911	https://www.aozora.gr.jp/cards/001585/files/54237_txt_54474.zip	31
054239	入所時感想録	槙村	浩	新字旧仮名	NDC 914	https://www.aozora.gr.jp/cards/001585/files/54239_txt_69020.zip	382
054246	私は紙である	槙村	浩	新字旧仮名	NDC K913	https://www.aozora.gr.jp/cards/001585/files/54246_txt_54168.zip	41
054247	我々は牢獄で何をなすべきか	槙村	浩	新字新仮名	NDC 914	https://www.aozora.gr.jp/cards/001585/files/54247_txt_54172.zip	106
054250	ハイカラさんとムカシさん	槙村	浩	新字旧仮名	NDC K911	https://www.aozora.gr.jp/cards/001585/files/54250_txt_54478.zip	144
054251	ハンニバル雪のアルプ越	槙村	浩	新字旧仮名	NDC K911	https://www.aozora.gr.jp/cards/001585/files/54251_ruby_54483.zip	17
054254	幸福	加藤	一夫	新字新仮名	NDC 911	https://www.aozora.gr.jp/cards/000919/files/54254_ruby_57880.zip	353
054259	冬・断章	森川	義信	新字旧仮名	NDC 911	https://www.aozora.gr.jp/cards/001652/files/54259_txt_66463.zip	288
054260	冬	森川	義信	新字旧仮名	NDC 911	https://www.aozora.gr.jp/cards/001652/files/54260_txt_66465.zip	266
054261	蕎麦の花の頃	李	孝石	新字新仮名	NDC 913	https://www.aozora.gr.jp/cards/001653/files/54261_ruby_70155.zip	197
054262	うし	濤音		新字旧仮名	NDC 911	https://www.aozora.gr.jp/cards/001654/files/54262_ruby_69531.zip	134
054263	かめ	濤音		新字旧仮名	NDC 911	https://www.aozora.gr.jp/cards/001654/files/54263_ruby_66290.zip	202
054264	親父の言葉	長沢	佑	新字新仮名	NDC 911	https://www.aozora.gr.jp/cards/001655/files/54264_ruby_57982.zip	446
054265	白い魔の手	長沢	佑	新字新仮名	NDC 911	https://www.aozora.gr.jp/cards/001655/files/54265_ruby_57867.zip	263
054266	母へ	長沢	佑	新字新仮名	NDC 911	https://www.aozora.gr.jp/cards/001655/files/54266_ruby_57981.zip	435
054267	貧農のうたえる詩	長沢	佑	新字新仮名	NDC 911	https://www.aozora.gr.jp/cards/001655/files/54267_ruby_57866.zip	0
054268	蕗のとうを摘む子供等	長沢	佑	新字新仮名	NDC 911	https://www.aozora.gr.jp/cards/001655/files/54268_ruby_57883.zip	0
054269	レポーター	長沢	佑	新字新仮名	NDC 911	https://www.aozora.gr.jp/cards/001655/files/54269_ruby_57884.zip	0
054270	心理学	矢田部	達郎	旧字新仮名	NDC 140	https://www.aozora.gr.jp/cards/001656/files/54270_txt_53293.zip	430
054328	アインシュタイン博士のこと	長岡	半太郎	旧字旧仮名	NDC 289	https://www.aozora.gr.jp/cards/001153/files/54328_ruby_53129.zip	348
054330	原子力の管理	仁科	芳雄	新字新仮名	NDC 319	https://www.aozora.gr.jp/cards/001163/files/54330_ruby_57376.zip	486
054331	海上の道	柳田	国男	新字新仮名	NDC 380	https://www.aozora.gr.jp/cards/001566/files/54331_ruby_53540.zip	1035
054335	舟夫	渡久山	水鳴	新字旧仮名	NDC 911	https://www.aozora.gr.jp/cards/001658/files/54335_ruby_65158.zip	44
054336	都の話	渡久山	水鳴	新字旧仮名	NDC 911	https://www.aozora.gr.jp/cards/001658/files/54336_ruby_64054.zip	0
054337	人妻	渡久山	水鳴	新字旧仮名	NDC 911	https://www.aozora.gr.jp/cards/001658/files/54337_ruby_66302.zip	399
054338	室内	渡久山	水鳴	新字旧仮名	NDC 911	https://www.aozora.gr.jp/cards/001658/files/54338_ruby_64904.zip	0
054339	馬車	渡久山	水鳴	新字旧仮名	NDC 911	https://www.aozora.gr.jp/cards/001658/files/54339_txt_64053.zip	0
054340	蠅	渡久山	水鳴	新字旧仮名	NDC 911	https://www.aozora.gr.jp/cards/001658/files/54340_ruby_64903.zip	0
054341	囚人	渡久山	水鳴	新字旧仮名	NDC 911	https://www.aozora.gr.jp/cards/001658/files/54341_ruby_65159.zip	253
054342	はめつ	渡久山	水鳴	新字旧仮名	NDC 911	https://www.aozora.gr.jp/cards/001658/files/54342_ruby_66301.zip	146
054343	お蝶夫人	三浦	環	新字新仮名	NDC 766	https://www.aozora.gr.jp/cards/000788/files/54343_ruby_57554.zip	486
054344	哀歌	森川	義信	新字旧仮名	NDC 911	https://www.aozora.gr.jp/cards/001652/files/54344_txt_62117.zip	266
054347	あるるかんの死	森川	義信	新字旧仮名	NDC 911	https://www.aozora.gr.jp/cards/001652/files/54347_txt_62765.zip	337
054350	冬の夜の歌	森川	義信	新字旧仮名	NDC 911	https://www.aozora.gr.jp/cards/001652/files/54350_txt_63213.zip	327
054354	春	森川	義信	新字旧仮名	NDC 911	https://www.aozora.gr.jp/cards/001652/files/54354_txt_64322.zip	263
054356	壁	森川	義信	新字旧仮名	NDC 911	https://www.aozora.gr.jp/cards/001652/files/54356_txt_65425.zip	392
054359	勾配	森川	義信	新字旧仮名	NDC 911	https://www.aozora.gr.jp/cards/001652/files/54359_txt_62119.zip	314
054362	虚しい街	森川	義信	新字旧仮名	NDC 911	https://www.aozora.gr.jp/cards/001652/files/54362_txt_65426.zip	330
054365	歌のない歌	森川	義信	新字旧仮名	NDC 911	https://www.aozora.gr.jp/cards/001652/files/54365_txt_65431.zip	395
054366	巽軒先生喜寿の祝辞	中島	徳蔵	旧字旧仮名	NDC 121	https://www.aozora.gr.jp/cards/001660/files/54366_txt_67995.zip	0
054367	知的作用と感情と	増田	惟茂	旧字旧仮名	NDC 141	https://www.aozora.gr.jp/cards/001661/files/54367_ruby_68698.zip	395
054368	井上先生	西田	幾多郎	旧字旧仮名	NDC 121	https://www.aozora.gr.jp/cards/000182/files/54368_txt_68203.zip	401
054369	哲学と哲学史	桑木	厳翼	旧字旧仮名	NDC 121	https://www.aozora.gr.jp/cards/000542/files/54369_txt_68227.zip	392
054372	赤い蝋燭と人魚	小川	未明	新字新仮名	NDC K913	https://www.aozora.gr.jp/cards/001475/files/54372_ruby_46181.zip	4265
054373	ベートーヴェンの生涯	片山	敏彦	新字新仮名	NDC 762	https://www.aozora.gr.jp/cards/001539/files/54373_ruby_46387.zip	179
054374	ベートーヴェンの生涯	片山	敏彦	新字新仮名	NDC 762	https://www.aozora.gr.jp/cards/001539/files/54374_ruby_46182.zip	48
054383	ジンタ	森川	義信	新字旧仮名	NDC 911	https://www.aozora.gr.jp/cards/001652/files/54383_ruby_68200.zip	276
054386	帰村	森川	義信	新字旧仮名	NDC 911	https://www.aozora.gr.jp/cards/001652/files/54386_ruby_68201.zip	249
054390	残像	森川	義信	新字旧仮名	NDC 911	https://www.aozora.gr.jp/cards/001652/files/54390_txt_71411.zip	364
054391	（上等兵安藤孝雄を憶ふ）	森川	義信	新字旧仮名	NDC 911	https://www.aozora.gr.jp/cards/001652/files/54391_txt_62121.zip	269
054394	旅人の唄	森川	義信	新字旧仮名	NDC 911	https://www.aozora.gr.jp/cards/001652/files/54394_ruby_71409.zip	250
054396	高館	森川	義信	新字旧仮名	NDC 911	https://www.aozora.gr.jp/cards/001652/files/54396_txt_68202.zip	323
054397	孤閨瞋火	山口	芳光	新字旧仮名	NDC 911	https://www.aozora.gr.jp/cards/001662/files/54397_ruby_65921.zip	341
054398	街のシルヱット	山口	芳光	新字旧仮名	NDC 911	https://www.aozora.gr.jp/cards/001662/files/54398_ruby_64052.zip	316
054399	寧日	山口	芳光	新字旧仮名	NDC 911	https://www.aozora.gr.jp/cards/001662/files/54399_ruby_64317.zip	166
054400	さびし	山口	芳光	新字旧仮名	NDC 911	https://www.aozora.gr.jp/cards/001662/files/54400_ruby_64051.zip	0
054401	春愁	山口	芳光	新字旧仮名	NDC 911	https://www.aozora.gr.jp/cards/001662/files/54401_ruby_64318.zip	63
054402	愁思	山口	芳光	新字旧仮名	NDC 911	https://www.aozora.gr.jp/cards/001662/files/54402_txt_65922.zip	248
054403	雪国の春	柳田	国男	新字新仮名	NDC 382	https://www.aozora.gr.jp/cards/001566/files/54403_ruby_54178.zip	630
054405	傾ける殿堂	上里	春生	新字旧仮名	NDC 911	https://www.aozora.gr.jp/cards/001663/files/54405_ruby_68193.zip	238
054406	サガニー耕地より	上里	春生	新字旧仮名	NDC 911	https://www.aozora.gr.jp/cards/001663/files/54406_txt_68194.zip	271
054407	或る月夜に	上里	春生	新字旧仮名	NDC 911	https://www.aozora.gr.jp/cards/001663/files/54407_txt_68192.zip	345
054414	旅	森川	義信	新字旧仮名	NDC 911	https://www.aozora.gr.jp/cards/001652/files/54414_txt_68434.zip	247
054415	アコウの木	泉	芳朗	新字旧仮名	NDC 911	https://www.aozora.gr.jp/cards/001665/files/54415_txt_64036.zip	250
054416	生地売り	泉	芳朗	新字旧仮名	NDC 911	https://www.aozora.gr.jp/cards/001665/files/54416_txt_64555.zip	199
054417	十二月の島だより	泉	芳朗	新字旧仮名	NDC 911	https://www.aozora.gr.jp/cards/001665/files/54417_txt_64297.zip	102
054424	白い独楽	仲村	渠	新字旧仮名	NDC 911	https://www.aozora.gr.jp/cards/001667/files/54424_ruby_60845.zip	292
054425	森の石松	山中	貞雄	新字新仮名	NDC 912	https://www.aozora.gr.jp/cards/000072/files/54425_ruby_48557.zip	0
054429	特殊部落の言語	喜田	貞吉	新字新仮名	NDC 361	https://www.aozora.gr.jp/cards/001344/files/54429_ruby_49213.zip	235
054436	エタと非人と普通人	喜田	貞吉	新字新仮名	NDC 361	https://www.aozora.gr.jp/cards/001344/files/54436_ruby_49130.zip	472
054439	「特殊部落」と云う名称について	喜田	貞吉	新字新仮名	NDC 361	https://www.aozora.gr.jp/cards/001344/files/54439_ruby_49318.zip	116
054443	恋と十手と巾着切	山中	貞雄	新字新仮名	NDC 912	https://www.aozora.gr.jp/cards/000072/files/54443_ruby_48504.zip	0
054444	中村仲蔵	山中	貞雄	新字新仮名	NDC 912	https://www.aozora.gr.jp/cards/000072/files/54444_ruby_54185.zip	67
054445	なりひら小僧	山中	貞雄	新字新仮名	NDC 912	https://www.aozora.gr.jp/cards/000072/files/54445_ruby_48503.zip	0
054447	原子核探求の思い出	長岡	半太郎	旧字旧仮名	NDC 420	https://www.aozora.gr.jp/cards/001153/files/54447_ruby_51719.zip	247
054449	湯川博士の受賞を祝す	長岡	半太郎	旧字旧仮名	NDC 420	https://www.aozora.gr.jp/cards/001153/files/54449_txt_51727.zip	10
054450	ノーベル小伝とノーベル賞	長岡	半太郎	旧字旧仮名	NDC 289 377	https://www.aozora.gr.jp/cards/001153/files/54450_ruby_51723.zip	177
054457	秋の暮	西東	三鬼	新字旧仮名	NDC 914	https://www.aozora.gr.jp/cards/001668/files/54457_txt_49648.zip	0
054458	女靴下の話	西東	三鬼	新字新仮名	NDC 914	https://www.aozora.gr.jp/cards/001668/files/54458_txt_49686.zip	0
054459	美女	西東	三鬼	新字旧仮名	NDC 914	https://www.aozora.gr.jp/cards/001668/files/54459_txt_49688.zip	0
054460	青い風呂敷包	大倉	燁子	新字新仮名	NDC 913	https://www.aozora.gr.jp/cards/001669/files/54460_ruby_48842.zip	0
054461	あの顔	大倉	燁子	新字新仮名	NDC 913	https://www.aozora.gr.jp/cards/001669/files/54461_ruby_48841.zip	0
054462	蘭郁二郎氏の処女作	大倉	燁子	新字新仮名	NDC 914	https://www.aozora.gr.jp/cards/001669/files/54462_txt_49047.zip	0
054463	妖影	大倉	燁子	新字新仮名	NDC 913	https://www.aozora.gr.jp/cards/001669/files/54463_ruby_47825.zip	52
054464	魔性の女	大倉	燁子	新字新仮名	NDC 913	https://www.aozora.gr.jp/cards/001669/files/54464_ruby_49044.zip	281
054465	アンケート	大倉	燁子	新字新仮名	NDC 914	https://www.aozora.gr.jp/cards/001669/files/54465_txt_48840.zip	0
054466	鉄の処女	大倉	燁子	新字新仮名	NDC 913	https://www.aozora.gr.jp/cards/001669/files/54466_ruby_49069.zip	208
054467	和製椿姫	大倉	燁子	新字新仮名	NDC 913	https://www.aozora.gr.jp/cards/001669/files/54467_txt_49070.zip	0
054468	むかでの跫音	大倉	燁子	新字新仮名	NDC 913	https://www.aozora.gr.jp/cards/001669/files/54468_ruby_49046.zip	0
054469	耳香水	大倉	燁子	新字新仮名	NDC 913	https://www.aozora.gr.jp/cards/001669/files/54469_ruby_49045.zip	0
054470	梟の眼	大倉	燁子	新字新仮名	NDC 913	https://www.aozora.gr.jp/cards/001669/files/54470_ruby_48844.zip	0
054471	素晴しい記念品	大倉	燁子	新字新仮名	NDC 913	https://www.aozora.gr.jp/cards/001669/files/54471_ruby_49067.zip	0
054472	美人鷹匠	大倉	燁子	新字新仮名	NDC 913	https://www.aozora.gr.jp/cards/001669/files/54472_ruby_48843.zip	0
054473	鳩つかひ	大倉	燁子	新字新仮名	NDC 913	https://www.aozora.gr.jp/cards/001669/files/54473_ruby_48845.zip	0
054483	恐怖の幻兵団員	大倉	燁子	新字新仮名	NDC 913	https://www.aozora.gr.jp/cards/001669/files/54483_ruby_49041.zip	66
054485	消えた霊媒女	大倉	燁子	新字新仮名	NDC 913	https://www.aozora.gr.jp/cards/001669/files/54485_ruby_48987.zip	252
054488	武蔵旅日記	山中	貞雄	新字新仮名	NDC 912	https://www.aozora.gr.jp/cards/000072/files/54488_ruby_48558.zip	0
054490	上方者の啖呵	村上	浪六	新字旧仮名	NDC 914	https://www.aozora.gr.jp/cards/000815/files/54490_ruby_63184.zip	364
054492	信濃の山女魚の魅力	葉山	嘉樹	新字新仮名	NDC 787 914	https://www.aozora.gr.jp/cards/000031/files/54492_txt_58870.zip	369
054493	哀音	末吉	安持	新字旧仮名	NDC 911	https://www.aozora.gr.jp/cards/001607/files/54493_ruby_63823.zip	121
054494	秋の一夕	末吉	安持	新字旧仮名	NDC 911	https://www.aozora.gr.jp/cards/001607/files/54494_ruby_65677.zip	69
054495	悪夢	末吉	安持	新字旧仮名	NDC 911	https://www.aozora.gr.jp/cards/001607/files/54495_ruby_64878.zip	297
054496	茴香	末吉	安持	新字旧仮名	NDC 911	https://www.aozora.gr.jp/cards/001607/files/54496_ruby_64879.zip	195
054498	夕	末吉	安持	新字旧仮名	NDC 911	https://www.aozora.gr.jp/cards/001607/files/54498_ruby_66265.zip	17
054499	おもひで	末吉	安持	新字旧仮名	NDC 911	https://www.aozora.gr.jp/cards/001607/files/54499_ruby_66264.zip	238
054501	信姫	末吉	安持	新字旧仮名	NDC 911	https://www.aozora.gr.jp/cards/001607/files/54501_ruby_64309.zip	231
054502	焔の后	末吉	安持	新字旧仮名	NDC 911	https://www.aozora.gr.jp/cards/001607/files/54502_ruby_64307.zip	51
054503	かさぬ宿	末吉	安持	新字旧仮名	NDC 911	https://www.aozora.gr.jp/cards/001607/files/54503_ruby_66682.zip	65
054504	文月のひと日	末吉	安持	新字旧仮名	NDC 911	https://www.aozora.gr.jp/cards/001607/files/54504_ruby_65183.zip	254
054505	ねたみ	末吉	安持	新字旧仮名	NDC 911	https://www.aozora.gr.jp/cards/001607/files/54505_ruby_67366.zip	262
054506	如是	末吉	安持	新字旧仮名	NDC 911	https://www.aozora.gr.jp/cards/001607/files/54506_ruby_66263.zip	146
054507	夏の日	末吉	安持	新字旧仮名	NDC 911	https://www.aozora.gr.jp/cards/001607/files/54507_ruby_65184.zip	504
054510	騎士と姫	末吉	安持	新字旧仮名	NDC 911	https://www.aozora.gr.jp/cards/001607/files/54510_ruby_64308.zip	253
054512	坂	末吉	安持	新字旧仮名	NDC 911	https://www.aozora.gr.jp/cards/001607/files/54512_ruby_64918.zip	140
054514	亜米利加	今野	大力	新字新仮名	NDC 911	https://www.aozora.gr.jp/cards/001471/files/54514_ruby_55272.zip	185
054516	童話	今野	大力	新字新仮名	NDC 911	https://www.aozora.gr.jp/cards/001471/files/54516_ruby_57440.zip	244
054519	丘陵風景	今野	大力	新字新仮名	NDC 911	https://www.aozora.gr.jp/cards/001471/files/54519_ruby_57344.zip	317
054520	楔を打つ男	今野	大力	新字新仮名	NDC 911	https://www.aozora.gr.jp/cards/001471/files/54520_txt_57343.zip	184
054527	未婚婦人	今野	大力	新字新仮名	NDC 911	https://www.aozora.gr.jp/cards/001471/files/54527_ruby_57441.zip	325
054536	玉盃の曲	漢那	浪笛	新字旧仮名	NDC 911	https://www.aozora.gr.jp/cards/001666/files/54536_ruby_59430.zip	243
054540	恋しき最後の丘	漢那	浪笛	新字旧仮名	NDC 911	https://www.aozora.gr.jp/cards/001666/files/54540_ruby_62159.zip	299
054545	砂上の低唱	漢那	浪笛	新字旧仮名	NDC 911	https://www.aozora.gr.jp/cards/001666/files/54545_ruby_59431.zip	188
054547	わなゝき	末吉	安持	新字旧仮名	NDC 911	https://www.aozora.gr.jp/cards/001607/files/54547_ruby_67368.zip	292
054558	銭形平次捕物控	野村	胡堂	旧字旧仮名	NDC 913	https://www.aozora.gr.jp/cards/001670/files/54558_ruby_56289.zip	921
054622	銭形平次捕物控	野村	胡堂	旧字旧仮名	NDC 913	https://www.aozora.gr.jp/cards/001670/files/54622_ruby_53160.zip	1092
054692	銭形平次捕物控	野村	胡堂	旧字旧仮名	NDC 913	https://www.aozora.gr.jp/cards/001670/files/54692_ruby_52010.zip	1813
054693	銭形平次捕物控	野村	胡堂	旧字旧仮名	NDC 913	https://www.aozora.gr.jp/cards/001670/files/54693_ruby_51998.zip	1408
054694	銭形平次捕物控	野村	胡堂	旧字旧仮名	NDC 913	https://www.aozora.gr.jp/cards/001670/files/54694_ruby_52003.zip	1211
054695	銭形平次捕物控	野村	胡堂	旧字旧仮名	NDC 913	https://www.aozora.gr.jp/cards/001670/files/54695_ruby_51984.zip	11609
054761	銭形平次捕物控	野村	胡堂	旧字旧仮名	NDC 913	https://www.aozora.gr.jp/cards/001670/files/54761_ruby_62790.zip	813
054771	村へ行く	鶴	彬	新字新仮名	NDC 911	https://www.aozora.gr.jp/cards/001674/files/54771_txt_51260.zip	0
054772	日本が見えない	竹内	浩三	新字新仮名	NDC 911	https://www.aozora.gr.jp/cards/001675/files/54772_ruby_53988.zip	245
054773	ある夜	竹内	浩三	新字新仮名	NDC 911	https://www.aozora.gr.jp/cards/001675/files/54773_txt_53980.zip	138
054774	ぼくもいくさに征くのだけれど	竹内	浩三	新字新仮名	NDC 911	https://www.aozora.gr.jp/cards/001675/files/54774_txt_54744.zip	0
054775	望郷	竹内	浩三	新字新仮名	NDC 911	https://www.aozora.gr.jp/cards/001675/files/54775_txt_54745.zip	0
054776	鈍走記	竹内	浩三	新字新仮名	NDC 917	https://www.aozora.gr.jp/cards/001675/files/54776_txt_54962.zip	0
054777	あきらめろと云うが	竹内	浩三	新字新仮名	NDC 911	https://www.aozora.gr.jp/cards/001675/files/54777_ruby_54707.zip	65
054778	色のない旗	竹内	浩三	新字新仮名	NDC 911	https://www.aozora.gr.jp/cards/001675/files/54778_ruby_54711.zip	0
054782	夜通し風がふいていた	竹内	浩三	新字新仮名	NDC 911	https://www.aozora.gr.jp/cards/001675/files/54782_ruby_55259.zip	171
054784	しかられて	竹内	浩三	新字新仮名	NDC 911	https://www.aozora.gr.jp/cards/001675/files/54784_ruby_53985.zip	108
054788	横町の食堂で	竹内	浩三	新字新仮名	NDC 911	https://www.aozora.gr.jp/cards/001675/files/54788_ruby_55260.zip	339
054789	おもちゃの汽車	竹内	浩三	新字新仮名	NDC 911	https://www.aozora.gr.jp/cards/001675/files/54789_txt_53981.zip	130
054797	雨	竹内	浩三	新字新仮名	NDC 911	https://www.aozora.gr.jp/cards/001675/files/54797_txt_54708.zip	20
054810	よく生きてきたと思う	竹内	浩三	新字新仮名	NDC 911	https://www.aozora.gr.jp/cards/001675/files/54810_txt_53996.zip	105
054814	骨のうたう（原型）	竹内	浩三	新字新仮名	NDC 911	https://www.aozora.gr.jp/cards/001675/files/54814_txt_53992.zip	27
054818	東京	竹内	浩三	新字新仮名	NDC 911	https://www.aozora.gr.jp/cards/001675/files/54818_txt_53989.zip	241
054820	雲	竹内	浩三	新字新仮名	NDC 911	https://www.aozora.gr.jp/cards/001675/files/54820_ruby_53984.zip	100
054826	尚白箚記	西	周	旧字旧仮名	NDC 121	https://www.aozora.gr.jp/cards/001323/files/54826_ruby_64018.zip	282
054827	人智論	西	周	旧字旧仮名	NDC 121	https://www.aozora.gr.jp/cards/001323/files/54827_ruby_63480.zip	338
054828	健康を釣る	正木	不如丘	新字旧仮名	NDC 787	https://www.aozora.gr.jp/cards/001676/files/54828_ruby_49650.zip	0
054833	釣十二ヶ月	正木	不如丘	新字旧仮名	NDC 787	https://www.aozora.gr.jp/cards/001676/files/54833_ruby_49696.zip	0
054846	森林と樹木と動物	本多	静六	旧字旧仮名	NDC K650	https://www.aozora.gr.jp/cards/001555/files/54846_ruby_57887.zip	248
054866	黒板は何処から来たのか	小倉	金之助	新字新仮名	NDC 372	https://www.aozora.gr.jp/cards/001570/files/54866_ruby_49654.zip	27
054870	ロザリオの鎖	永井	隆	新字新仮名	NDC 914	https://www.aozora.gr.jp/cards/000924/files/54870_ruby_47859.zip	0
054888	紫式部	長谷川	時雨	新字新仮名	NDC 914	https://www.aozora.gr.jp/cards/000726/files/54888_ruby_50837.zip	20
054899	鶴彬全川柳	鶴	彬	新字旧仮名	NDC 911	https://www.aozora.gr.jp/cards/001674/files/54899_ruby_71629.zip	339
054902	私の履歴書	井上	貞治郎	新字新仮名	NDC 585	https://www.aozora.gr.jp/cards/001685/files/54902_ruby_51982.zip	292
054903	家を持つといふこと	柳田	国男	新字旧仮名	NDC 380	https://www.aozora.gr.jp/cards/001566/files/54903_ruby_49737.zip	4407
054905	どら猫観察記	柳田	国男	新字新仮名	NDC 380	https://www.aozora.gr.jp/cards/001566/files/54905_ruby_49755.zip	2047
054908	金解禁前後の経済事情	井上	準之助	旧字旧仮名	NDC 337	https://www.aozora.gr.jp/cards/001595/files/54908_ruby_53793.zip	0
054931	ベートーヴェンの生涯	片山	敏彦	新字新仮名	NDC 762	https://www.aozora.gr.jp/cards/001093/files/54931_ruby_47255.zip	329
054932	ベートーヴェンの生涯	片山	敏彦	新字新仮名	NDC 762	https://www.aozora.gr.jp/cards/001093/files/54932_ruby_47257.zip	335
054933	ベートーヴェンの生涯	ヴェーゲラー	フランツ・ゲルハルト	新字新仮名	NDC 762	https://www.aozora.gr.jp/cards/001093/files/54933_ruby_47259.zip	178
054934	ベートーヴェンの生涯	片山	敏彦	新字新仮名	NDC 762	https://www.aozora.gr.jp/cards/001093/files/54934_ruby_47261.zip	0
054935	ベートーヴェンの生涯	片山	敏彦	新字新仮名	NDC 762	https://www.aozora.gr.jp/cards/001093/files/54935_ruby_47263.zip	0
054936	ベートーヴェンの生涯	片山	敏彦	新字新仮名	NDC 762	https://www.aozora.gr.jp/cards/001702/files/54936_ruby_47265.zip	0
054937	ベートーヴェンの生涯	片山	敏彦	新字新仮名	NDC 762	https://www.aozora.gr.jp/cards/001093/files/54937_ruby_47267.zip	31
054957	工芸の道	柳	宗悦	新字新仮名	NDC 750	https://www.aozora.gr.jp/cards/001520/files/54957_ruby_54016.zip	212
054961	お茶漬けの味	北大路	魯山人	新字新仮名	NDC 596	https://www.aozora.gr.jp/cards/001403/files/54961_txt_48502.zip	6369
054962	家庭料理の話	北大路	魯山人	新字新仮名	NDC 596	https://www.aozora.gr.jp/cards/001403/files/54962_ruby_48833.zip	4518
054993	芳賀君を悼みて	上田	万年	旧字旧仮名	NDC 911	https://www.aozora.gr.jp/cards/000435/files/54993_txt_65961.zip	0
054994	奉悼歌	芳賀	矢一	旧字旧仮名	NDC 911	https://www.aozora.gr.jp/cards/000723/files/54994_ruby_66911.zip	54
054996	芳賀先生と日本主義	高橋	竜雄	旧字旧仮名	NDC 289	https://www.aozora.gr.jp/cards/001690/files/54996_txt_66909.zip	145
054997	芳賀博士	佐佐木	信綱	旧字旧仮名	NDC 910	https://www.aozora.gr.jp/cards/001691/files/54997_txt_51980.zip	9
055010	気象台風景	仲村	渠	新字旧仮名	NDC 911	https://www.aozora.gr.jp/cards/001667/files/55010_ruby_59966.zip	260
055011	港に沈んだ鉄片の希望	仲村	渠	新字旧仮名	NDC 911	https://www.aozora.gr.jp/cards/001667/files/55011_ruby_60154.zip	224
055014	詩と詩集	仲村	渠	新字旧仮名	NDC 911	https://www.aozora.gr.jp/cards/001667/files/55014_txt_59968.zip	257
055015	明るすぎる月	仲村	渠	新字旧仮名	NDC 911	https://www.aozora.gr.jp/cards/001667/files/55015_ruby_61321.zip	389
055017	夜	仲村	渠	新字旧仮名	NDC 911	https://www.aozora.gr.jp/cards/001667/files/55017_txt_60846.zip	238
055018	睡眠	仲村	渠	新字旧仮名	NDC 911	https://www.aozora.gr.jp/cards/001667/files/55018_ruby_61204.zip	313
055019	伏兵	仲村	渠	新字旧仮名	NDC 911	https://www.aozora.gr.jp/cards/001667/files/55019_txt_60844.zip	262
055021	五月よ	仲村	渠	新字旧仮名	NDC 911	https://www.aozora.gr.jp/cards/001667/files/55021_txt_61309.zip	221
055023	頂上	仲村	渠	新字旧仮名	NDC 911	https://www.aozora.gr.jp/cards/001667/files/55023_txt_62139.zip	228
055025	月あかり	仲村	渠	新字旧仮名	NDC 911	https://www.aozora.gr.jp/cards/001667/files/55025_txt_62531.zip	323
055026	贈物	仲村	渠	新字旧仮名	NDC 911	https://www.aozora.gr.jp/cards/001667/files/55026_ruby_63221.zip	257
055027	果物屋の広告文	仲村	渠	新字旧仮名	NDC 911	https://www.aozora.gr.jp/cards/001667/files/55027_ruby_61546.zip	377
055029	沈め	仲村	渠	新字旧仮名	NDC 911	https://www.aozora.gr.jp/cards/001667/files/55029_ruby_63189.zip	284
055032	最後の手紙	仲村	渠	新字旧仮名	NDC 911	https://www.aozora.gr.jp/cards/001667/files/55032_txt_60155.zip	328
055037	銭湯より帰る	仲村	渠	新字旧仮名	NDC 911	https://www.aozora.gr.jp/cards/001667/files/55037_ruby_63018.zip	284
055039	無機物地帯	仲村	渠	新字旧仮名	NDC 911	https://www.aozora.gr.jp/cards/001667/files/55039_ruby_63188.zip	228
055043	三の酉	久保田	万太郎	新字新仮名	NDC 913	https://www.aozora.gr.jp/cards/001692/files/55043_ruby_51996.zip	166
055044	春泥	久保田	万太郎	新字新仮名	NDC 913	https://www.aozora.gr.jp/cards/001692/files/55044_ruby_51974.zip	231
055053	山之口貘詩集	山之口	貘	旧字旧仮名	NDC 911	https://www.aozora.gr.jp/cards/001693/files/55053_ruby_71241.zip	319
055088	楽聖物語	野村	あらえびす	新字新仮名	NDC 762	https://www.aozora.gr.jp/cards/001670/files/55088_ruby_55289.zip	681
055094	非名誉教授の弁	和辻	哲郎	新字新仮名	NDC 121	https://www.aozora.gr.jp/cards/001395/files/55094_txt_67364.zip	330
055102	猿の演説	山本	宣治	新字新仮名	NDC 314	https://www.aozora.gr.jp/cards/000319/files/55102_txt_72755.zip	413
055131	秋風	飯田	蛇笏	新字旧仮名	NDC 914	https://www.aozora.gr.jp/cards/001695/files/55131_ruby_49646.zip	0
055132	茸をたずねる	飯田	蛇笏	新字新仮名	NDC 914	https://www.aozora.gr.jp/cards/001695/files/55132_ruby_49676.zip	0
055133	薄暮の貌	飯田	蛇笏	新字旧仮名	NDC 914	https://www.aozora.gr.jp/cards/001695/files/55133_ruby_49678.zip	0
055134	三浦環のプロフィール	吉本	明光	新字新仮名	NDC 766	https://www.aozora.gr.jp/cards/001659/files/55134_ruby_57555.zip	0
055137	艶容万年若衆	三上	於菟吉	新字新仮名	NDC 913	https://www.aozora.gr.jp/cards/000310/files/55137_ruby_53542.zip	254
055153	小島の春	下村	海南	新字新仮名	NDC 914 915	https://www.aozora.gr.jp/cards/001696/files/55153_txt_55265.zip	352
055154	小島の春	高野	六郎	新字新仮名	NDC 914 915	https://www.aozora.gr.jp/cards/001697/files/55154_ruby_55261.zip	148
055155	小島の春	光田	健輔	新字新仮名	NDC 914 915	https://www.aozora.gr.jp/cards/001698/files/55155_txt_55498.zip	0
055156	お母さん達	新美	南吉	旧字旧仮名	NDC K913	https://www.aozora.gr.jp/cards/000121/files/55156_ruby_47833.zip	111
055158	母と子	正宗	白鳥	旧字旧仮名	NDC 913	https://www.aozora.gr.jp/cards/001581/files/55158_ruby_55258.zip	317
055163	墓場	西尾	正	新字新仮名	NDC 913	https://www.aozora.gr.jp/cards/001143/files/55163_ruby_48046.zip	0
055171	池袋の店	山之口	貘	新字新仮名	NDC 914	https://www.aozora.gr.jp/cards/001693/files/55171_ruby_52008.zip	24
055175	詩とはなにか	山之口	貘	新字新仮名	NDC 911	https://www.aozora.gr.jp/cards/001693/files/55175_ruby_51972.zip	164
055178	つまり詩は亡びる	山之口	貘	新字新仮名	NDC 911	https://www.aozora.gr.jp/cards/001693/files/55178_txt_52711.zip	22
055179	夏向きの一夜	山之口	貘	新字新仮名	NDC 914	https://www.aozora.gr.jp/cards/001693/files/55179_txt_52712.zip	45
055180	野宿	山之口	貘	新字新仮名	NDC 914	https://www.aozora.gr.jp/cards/001693/files/55180_ruby_52720.zip	81
055183	ダルマ船日記	山之口	貘	新字新仮名	NDC 915	https://www.aozora.gr.jp/cards/001693/files/55183_ruby_52002.zip	172
055191	花より団子	正宗	白鳥	新字旧仮名	NDC 914	https://www.aozora.gr.jp/cards/001581/files/55191_txt_49731.zip	413
055195	不可能	上田	敏	旧字旧仮名	NDC 951	https://www.aozora.gr.jp/cards/001705/files/55195_ruby_48812.zip	0
055196	母	上田	敏	旧字旧仮名	NDC 971	https://www.aozora.gr.jp/cards/001706/files/55196_ruby_48815.zip	0
055197	椰子の樹	上田	敏	旧字旧仮名	NDC 951	https://www.aozora.gr.jp/cards/001707/files/55197_ruby_48804.zip	0
055198	カンタタ	上田	敏	旧字旧仮名	NDC 951	https://www.aozora.gr.jp/cards/001707/files/55198_ruby_48813.zip	0
055239	川端茅舎句集	川端	茅舎	新字旧仮名	NDC 911	https://www.aozora.gr.jp/cards/000369/files/55239_ruby_65169.zip	275
055240	不器男句集	芝	不器男	新字旧仮名	NDC 911	https://www.aozora.gr.jp/cards/000594/files/55240_ruby_66943.zip	202
055242	天の狼	富沢	赤黄男	新字旧仮名	NDC 911	https://www.aozora.gr.jp/cards/001715/files/55242_ruby_59438.zip	318
055243	「黒瞳」より	アラルコン	ペドロ・アントニオ	旧字旧仮名	NDC 961	https://www.aozora.gr.jp/cards/001716/files/55243_ruby_48803.zip	0
055253	今日	西東	三鬼	新字旧仮名	NDC 911	https://www.aozora.gr.jp/cards/001668/files/55253_ruby_64284.zip	310
055258	普羅句集	前田	普羅	新字旧仮名	NDC 911	https://www.aozora.gr.jp/cards/001719/files/55258_ruby_64312.zip	43
055259	松本たかし句集	松本	たかし	新字旧仮名	NDC 911	https://www.aozora.gr.jp/cards/001720/files/55259_ruby_66667.zip	319
055276	比較神話学	高木	敏雄	新字新仮名	NDC 164	https://www.aozora.gr.jp/cards/001191/files/55276_ruby_59506.zip	535
055279	人馬のにひ妻	ダンセイニ	ロード	新字新仮名	NDC 933	https://www.aozora.gr.jp/cards/001722/files/55279_ruby_65179.zip	554
055288	唯物論とファッシズム	戸坂	潤	新字新仮名	NDC 111	https://www.aozora.gr.jp/cards/000281/files/55288_txt_48246.zip	74
055290	日本文化の特殊性	戸坂	潤	新字新仮名	NDC 361	https://www.aozora.gr.jp/cards/000281/files/55290_txt_48234.zip	55
055292	獄中通信	戸坂	潤	新字新仮名	NDC 121	https://www.aozora.gr.jp/cards/000281/files/55292_ruby_48228.zip	48
055300	白紙	立原	道造	旧字旧仮名	NDC 913	https://www.aozora.gr.jp/cards/000011/files/55300_ruby_70429.zip	491
055301	夜に就て	立原	道造	旧字旧仮名	NDC 913	https://www.aozora.gr.jp/cards/000011/files/55301_txt_68465.zip	208
055306	復讐	徳田	秋声	新字旧仮名		https://www.aozora.gr.jp/cards/000023/files/55306_ruby_76491.zip	667
055307	ジェミイの冐険	片山	広子	新字新仮名	NDC K913	https://www.aozora.gr.jp/cards/001346/files/55307_ruby_64038.zip	424
055317	鮪に鰯	山之口	貘	新字新仮名	NDC 911	https://www.aozora.gr.jp/cards/001693/files/55317_ruby_71624.zip	386
055325	余震の一夜	徳田	秋声	新字旧仮名	NDC 913	https://www.aozora.gr.jp/cards/000023/files/55325_ruby_70119.zip	392
055326	籠の小鳥	徳田	秋声	新字旧仮名	NDC 913	https://www.aozora.gr.jp/cards/000023/files/55326_ruby_66902.zip	350
055342	名曲決定盤	野村	あらえびす	新字新仮名	NDC 760	https://www.aozora.gr.jp/cards/001670/files/55342_ruby_75272.zip	715
055344	ダンセニーの脚本及短篇	片山	広子	新字新仮名	NDC 930	https://www.aozora.gr.jp/cards/001346/files/55344_ruby_58891.zip	20
055361	二人の病人	徳田	秋声	新字旧仮名	NDC 913	https://www.aozora.gr.jp/cards/000023/files/55361_ruby_74585.zip	436
055366	閾	徳田	秋声	新字旧仮名		https://www.aozora.gr.jp/cards/000023/files/55366_ruby_76738.zip	388
055367	倒れた花瓶	徳田	秋声	新字旧仮名	NDC 913	https://www.aozora.gr.jp/cards/000023/files/55367_ruby_74887.zip	419
055368	彼女の周囲	徳田	秋声	新字旧仮名	NDC 913	https://www.aozora.gr.jp/cards/000023/files/55368_ruby_74886.zip	421
055380	水ぎわの家	徳田	秋声	新字旧仮名	NDC 913	https://www.aozora.gr.jp/cards/000023/files/55380_ruby_66903.zip	400
055383	女流作家	徳田	秋声	新字旧仮名	NDC 913	https://www.aozora.gr.jp/cards/000023/files/55383_ruby_74384.zip	410
055385	老苦	徳田	秋声	新字旧仮名	NDC 913	https://www.aozora.gr.jp/cards/000023/files/55385_ruby_66495.zip	424
055395	青い風	徳田	秋声	新字旧仮名		https://www.aozora.gr.jp/cards/000023/files/55395_ruby_76737.zip	405
055396	草いきれ	徳田	秋声	新字旧仮名	NDC 913	https://www.aozora.gr.jp/cards/000023/files/55396_ruby_72593.zip	360
055402	歯痛	徳田	秋声	新字旧仮名	NDC 913	https://www.aozora.gr.jp/cards/000023/files/55402_ruby_72085.zip	417
055404	微笑の渦	徳田	秋声	新字旧仮名	NDC 913	https://www.aozora.gr.jp/cards/000023/files/55404_ruby_72592.zip	374
055414	夢の国	片山	広子	新字旧仮名	NDC 911	https://www.aozora.gr.jp/cards/001346/files/55414_ruby_59531.zip	447
055415	安達ヶ原の鬼婆々（余白録）	喜田	貞吉	旧字旧仮名	NDC 388	https://www.aozora.gr.jp/cards/001344/files/55415_txt_68424.zip	377
055416	〔喜田申す〕	喜田	貞吉	旧字旧仮名	NDC 388	https://www.aozora.gr.jp/cards/001344/files/55416_txt_68435.zip	101
055417	安達ヶ原の鬼婆々異考	中山	太郎	旧字旧仮名	NDC 388	https://www.aozora.gr.jp/cards/001420/files/55417_txt_68212.zip	460
055427	海蛍の話	神田	左京	旧字旧仮名	NDC 485	https://www.aozora.gr.jp/cards/001731/files/55427_ruby_53288.zip	168
055428	光る生物	神田	左京	旧字旧仮名	NDC 468	https://www.aozora.gr.jp/cards/001731/files/55428_ruby_53287.zip	215
055432	汽車で逢つた女	室生	犀星	旧字旧仮名	NDC 913	https://www.aozora.gr.jp/cards/001579/files/55432_ruby_67406.zip	657
055437	背負揚	徳田	秋声	新字旧仮名		https://www.aozora.gr.jp/cards/000023/files/55437_ruby_76492.zip	384
055441	ANY WHERE OUT OF THE WORLD	富永	太郎	新字旧仮名	NDC 951	https://www.aozora.gr.jp/cards/001732/files/55441_ruby_49277.zip	0
055442	或るまどんなに	富永	太郎	新字旧仮名	NDC 951	https://www.aozora.gr.jp/cards/001732/files/55442_ruby_49276.zip	0
055443	計画	富永	太郎	新字旧仮名	NDC 951	https://www.aozora.gr.jp/cards/001732/files/55443_ruby_49278.zip	0
055444	芸術家の告白祈祷	富永	太郎	新字旧仮名	NDC 951	https://www.aozora.gr.jp/cards/001732/files/55444_ruby_49275.zip	0
055445	午前一時に	富永	太郎	新字旧仮名	NDC 951	https://www.aozora.gr.jp/cards/001732/files/55445_ruby_49279.zip	0
055446	射的場と墓地	富永	太郎	新字旧仮名	NDC 951	https://www.aozora.gr.jp/cards/001732/files/55446_ruby_49280.zip	0
055447	人工天国	富永	太郎	新字旧仮名	NDC 951	https://www.aozora.gr.jp/cards/001732/files/55447_ruby_49274.zip	0
055448	道化とヸナス	富永	太郎	新字旧仮名	NDC 951	https://www.aozora.gr.jp/cards/001732/files/55448_ruby_49281.zip	0
055449	窓	富永	太郎	新字旧仮名	NDC 951	https://www.aozora.gr.jp/cards/001732/files/55449_ruby_49282.zip	0
055450	港	富永	太郎	新字旧仮名	NDC 951	https://www.aozora.gr.jp/cards/001732/files/55450_ruby_49283.zip	0
055451	酔へ！	富永	太郎	新字旧仮名	NDC 951	https://www.aozora.gr.jp/cards/001732/files/55451_ruby_49284.zip	0
055453	「ソーンダイク博士」序文	妹尾	アキ夫	新字新仮名	NDC 933 934	https://www.aozora.gr.jp/cards/001733/files/55453_ruby_75277.zip	472
055455	歌う白骨	妹尾	アキ夫	新字新仮名	NDC 933	https://www.aozora.gr.jp/cards/001733/files/55455_txt_51327.zip	253
055458	予謀殺人	妹尾	アキ夫	新字新仮名	NDC 933	https://www.aozora.gr.jp/cards/001733/files/55458_ruby_51523.zip	352
055460	オスカー・ブロズキー事件	妹尾	アキ夫	新字新仮名	NDC 933	https://www.aozora.gr.jp/cards/001733/files/55460_txt_51489.zip	315
055463	COLLOQUE MOQUEUR	富永	太郎	新字旧仮名	NDC 911	https://www.aozora.gr.jp/cards/000678/files/55463_ruby_53008.zip	0
055464	PANTOMIME	富永	太郎	新字旧仮名	NDC 911	https://www.aozora.gr.jp/cards/000678/files/55464_txt_53009.zip	0
055465	AU RIMBAUD	富永	太郎	その他	NDC 951	https://www.aozora.gr.jp/cards/000678/files/55465_txt_53012.zip	107
055466	秋の悲歎	富永	太郎	新字旧仮名	NDC 911	https://www.aozora.gr.jp/cards/000678/files/55466_ruby_51527.zip	0
055500	百鬼園讃	百田	宗治	新字旧仮名	NDC 914	https://www.aozora.gr.jp/cards/001623/files/55500_txt_60166.zip	357
055502	人生・文章習練の書	恩地	孝四郎	新字旧仮名	NDC 914	https://www.aozora.gr.jp/cards/001246/files/55502_txt_59420.zip	348
055507	基督信徒のなぐさめ	内村	鑑三	新字新仮名	NDC 198	https://www.aozora.gr.jp/cards/000034/files/55507_ruby_72607.zip	336
055509	俳句とはどんなものか	高浜	虚子	新字新仮名	NDC 911	https://www.aozora.gr.jp/cards/001310/files/55509_ruby_53142.zip	125
055518	娘	今野	大力	新字新仮名	NDC 911	https://www.aozora.gr.jp/cards/001471/files/55518_txt_56474.zip	327
055528	俺達の農民組合	今野	大力	新字新仮名	NDC 911	https://www.aozora.gr.jp/cards/001471/files/55528_txt_55570.zip	273
055531	我が愛する詩人の伝記	室生	犀星	新字新仮名	NDC 911	https://www.aozora.gr.jp/cards/001579/files/55531_ruby_75146.zip	583
055541	醜面女人	今野	大力	新字新仮名	NDC 911	https://www.aozora.gr.jp/cards/001471/files/55541_ruby_55940.zip	269
055547	学校	今野	大力	新字新仮名	NDC 911	https://www.aozora.gr.jp/cards/001471/files/55547_ruby_55575.zip	285
055550	少女受胎	今野	大力	新字新仮名	NDC 911	https://www.aozora.gr.jp/cards/001471/files/55550_ruby_55948.zip	434
055561	写真（北満の土産）その一	今野	大力	新字新仮名	NDC 911	https://www.aozora.gr.jp/cards/001471/files/55561_ruby_55943.zip	365
055562	泣きながら眠った子	今野	大力	新字新仮名	NDC 911	https://www.aozora.gr.jp/cards/001471/files/55562_txt_56301.zip	238
055563	白光礼讃	今野	大力	新字新仮名	NDC 911	https://www.aozora.gr.jp/cards/001471/files/55563_txt_56310.zip	348
055570	墓場が用意された！	今野	大力	新字新仮名	NDC 911	https://www.aozora.gr.jp/cards/001471/files/55570_ruby_56311.zip	344
055573	もうおそい	今野	大力	新字新仮名	NDC 911	https://www.aozora.gr.jp/cards/001471/files/55573_txt_56836.zip	196
055587	徒弟	今野	大力	新字新仮名	NDC 911	https://www.aozora.gr.jp/cards/001471/files/55587_ruby_56297.zip	310
055592	東方の窓辺にて	今野	大力	新字新仮名	NDC 911	https://www.aozora.gr.jp/cards/001471/files/55592_txt_56298.zip	201
055609	俳句への道	高浜	虚子	新字新仮名	NDC 911	https://www.aozora.gr.jp/cards/001310/files/55609_ruby_53015.zip	58
055610	「白秋詩集」序	北原	白秋	新字旧仮名	NDC 911 914	https://www.aozora.gr.jp/cards/000106/files/55610_txt_61193.zip	258
055611	「白秋詩集」第一巻解題	北原	白秋	新字旧仮名	NDC 911	https://www.aozora.gr.jp/cards/000106/files/55611_txt_61316.zip	347
055613	神のない子	室生	犀星	旧字旧仮名	NDC 913	https://www.aozora.gr.jp/cards/001579/files/55613_ruby_72791.zip	750
055622	夢	和辻	哲郎	新字新仮名	NDC 121	https://www.aozora.gr.jp/cards/001395/files/55622_txt_60186.zip	515
055635	戦争史大観	石原	莞爾	新字新仮名	NDC 391	https://www.aozora.gr.jp/cards/000230/files/55635_ruby_49036.zip	45
055650	早稲田神楽坂	加能	作次郎	新字新仮名	NDC 915	https://www.aozora.gr.jp/cards/000247/files/55650_ruby_51171.zip	2
055651	芝、麻布	小山内	薫	新字新仮名	NDC 915	https://www.aozora.gr.jp/cards/000479/files/55651_ruby_51169.zip	0
055652	四谷、赤坂	宮島	資夫	新字新仮名	NDC 915	https://www.aozora.gr.jp/cards/000929/files/55652_ruby_51175.zip	0
055663	花ごもり	樋口	一葉	旧字旧仮名	NDC 913	https://www.aozora.gr.jp/cards/000064/files/55663_ruby_60092.zip	507
055664	五月雨	樋口	一葉	旧字旧仮名	NDC 913	https://www.aozora.gr.jp/cards/000064/files/55664_ruby_70911.zip	370
055668	大つごもり	樋口	一葉	旧字旧仮名	NDC 913	https://www.aozora.gr.jp/cards/000064/files/55668_ruby_72089.zip	746
055670	十三夜	樋口	一葉	旧字旧仮名	NDC 913	https://www.aozora.gr.jp/cards/000064/files/55670_ruby_57509.zip	403
055671	たけくらべ	樋口	一葉	旧字旧仮名	NDC 913	https://www.aozora.gr.jp/cards/000064/files/55671_ruby_64542.zip	672
055672	にごりえ	樋口	一葉	旧字旧仮名	NDC 913	https://www.aozora.gr.jp/cards/000064/files/55672_ruby_58768.zip	891
055673	暗夜	樋口	一葉	旧字旧仮名	NDC 913	https://www.aozora.gr.jp/cards/000064/files/55673_ruby_67954.zip	434
055674	ゆく雲	樋口	一葉	旧字旧仮名	NDC 913	https://www.aozora.gr.jp/cards/000064/files/55674_ruby_66292.zip	513
055675	われから	樋口	一葉	旧字旧仮名	NDC 913	https://www.aozora.gr.jp/cards/000064/files/55675_ruby_69532.zip	320
055682	銭形平次捕物控	野村	胡堂	旧字旧仮名	NDC 913	https://www.aozora.gr.jp/cards/001670/files/55682_ruby_52740.zip	1761
055719	雷門以北	久保田	万太郎	新字新仮名	NDC 915	https://www.aozora.gr.jp/cards/001692/files/55719_ruby_52004.zip	0
055720	新古細句銀座通	岸田	劉生	新字新仮名	NDC 915	https://www.aozora.gr.jp/cards/000251/files/55720_ruby_51173.zip	0
055725	果物の木の在所	津村	信夫	新字旧仮名		https://www.aozora.gr.jp/cards/000278/files/55725_ruby_76828.zip	0
055726	故郷に帰りゆくこころ	嘉村	礒多	新字旧仮名		https://www.aozora.gr.jp/cards/000249/files/55726_ruby_76505.zip	391
055727	探検実記　地中の秘密	江見	水蔭	旧字旧仮名	NDC 913	https://www.aozora.gr.jp/cards/000448/files/55727_ruby_73835.zip	358
055728	探検実記　地中の秘密	江見	水蔭	旧字旧仮名	NDC 913	https://www.aozora.gr.jp/cards/000448/files/55728_ruby_73834.zip	397
055729	探検実記　地中の秘密	江見	水蔭	旧字旧仮名	NDC 913	https://www.aozora.gr.jp/cards/000448/files/55729_ruby_74022.zip	326
055738	宮沢賢治の世界	中原	中也	新字旧仮名	NDC 911	https://www.aozora.gr.jp/cards/000026/files/55738_txt_57360.zip	751
055742	故郷七十年	柳田	国男	新字新仮名	NDC 289	https://www.aozora.gr.jp/cards/001566/files/55742_ruby_65191.zip	769
055743	三島由紀夫	神西	清	旧字旧仮名	NDC 914	https://www.aozora.gr.jp/cards/001157/files/55743_ruby_72438.zip	796
055748	吉田松陰より某へ	吉田	松陰	新字新仮名	NDC 289	https://www.aozora.gr.jp/cards/001741/files/55748_ruby_62786.zip	569
055749	留魂録	吉田	松陰	新字旧仮名	NDC 289	https://www.aozora.gr.jp/cards/001741/files/55749_ruby_62787.zip	597
055750	日本文化と科学的思想	石原	純	新字新仮名	NDC 404	https://www.aozora.gr.jp/cards/001429/files/55750_ruby_59451.zip	272
055751	色盲検査表の話	石原	忍	新字新仮名	NDC 496	https://www.aozora.gr.jp/cards/001742/files/55751_txt_51970.zip	244
055752	緑の種子	北原	白秋	新字旧仮名	NDC 911	https://www.aozora.gr.jp/cards/000106/files/55752_ruby_61570.zip	294
055755	浅草哀歌	北原	白秋	新字旧仮名	NDC 911	https://www.aozora.gr.jp/cards/000106/files/55755_ruby_60852.zip	450
055757	庭園の雨	北原	白秋	新字旧仮名	NDC 911	https://www.aozora.gr.jp/cards/000106/files/55757_ruby_60076.zip	324
055761	西の京の思ひ出	和辻	哲郎	新字旧仮名	NDC 121 702	https://www.aozora.gr.jp/cards/001395/files/55761_txt_70379.zip	408
055762	四十年前のエキスカージョン	和辻	哲郎	新字新仮名	NDC 121	https://www.aozora.gr.jp/cards/001395/files/55762_txt_57789.zip	245
055763	大和ぶり	佐佐木	信綱	新字旧仮名	NDC 911	https://www.aozora.gr.jp/cards/001691/files/55763_ruby_71079.zip	393
055767	真実	北原	白秋	新字旧仮名	NDC 911	https://www.aozora.gr.jp/cards/000106/files/55767_ruby_62525.zip	264
055768	疲レ	北原	白秋	新字旧仮名	NDC 911	https://www.aozora.gr.jp/cards/000106/files/55768_ruby_62145.zip	345
055769	夏	北原	白秋	新字旧仮名	NDC 911	https://www.aozora.gr.jp/cards/000106/files/55769_ruby_61968.zip	595
055770	光ノミ	北原	白秋	新字旧仮名	NDC 911	https://www.aozora.gr.jp/cards/000106/files/55770_ruby_61970.zip	281
055771	マルクス主義は科学にあらず	山川	健次郎	新字新仮名	NDC 309	https://www.aozora.gr.jp/cards/001744/files/55771_ruby_75640.zip	601
055779	夏の夜の話	中原	中也	新字旧仮名	NDC 913	https://www.aozora.gr.jp/cards/000026/files/55779_ruby_65442.zip	802
055780	引越し	中原	中也	新字旧仮名	NDC 914	https://www.aozora.gr.jp/cards/000026/files/55780_txt_64910.zip	628
055782	古本屋	中原	中也	新字旧仮名	NDC 913	https://www.aozora.gr.jp/cards/000026/files/55782_ruby_64909.zip	842
055786	私の信条	小倉	金之助	新字新仮名		https://www.aozora.gr.jp/cards/001570/files/55786_txt_77618.zip	0
055787	とんぼの眼玉	北原	白秋	新字旧仮名	NDC K911	https://www.aozora.gr.jp/cards/000106/files/55787_ruby_74780.zip	691
055789	牧野富太郎自叙伝	牧野	富太郎	新字新仮名	NDC 289	https://www.aozora.gr.jp/cards/001266/files/55789_ruby_52745.zip	0
055790	私の信条	牧野	富太郎	新字新仮名		https://www.aozora.gr.jp/cards/001266/files/55790_txt_76864.zip	0
055793	討たせてやらぬ敵討	長谷川	伸	新字新仮名	NDC 913	https://www.aozora.gr.jp/cards/001726/files/55793_ruby_57354.zip	342
055796	地震なまず	武者	金吉	新字新仮名	NDC 453	https://www.aozora.gr.jp/cards/001748/files/55796_ruby_69505.zip	386
055797	測量船	三好	達治	新字旧仮名	NDC 911	https://www.aozora.gr.jp/cards/001749/files/55797_ruby_55504.zip	1218
055798	測量船拾遺	三好	達治	新字旧仮名	NDC 911	https://www.aozora.gr.jp/cards/001749/files/55798_ruby_55569.zip	344
055802	ある温泉の由来	佐々木	邦	新字新仮名	NDC 913	https://www.aozora.gr.jp/cards/001750/files/55802_ruby_72435.zip	458
055809	髪の毛	佐々木	邦	新字新仮名	NDC 913	https://www.aozora.gr.jp/cards/001750/files/55809_ruby_72454.zip	545
055812	好人物	佐々木	邦	新字新仮名	NDC 913	https://www.aozora.gr.jp/cards/001750/files/55812_ruby_72772.zip	448
055814	四十不惑	佐々木	邦	新字新仮名	NDC 913	https://www.aozora.gr.jp/cards/001750/files/55814_ruby_72998.zip	536
055815	社長秘書	佐々木	邦	新字新仮名	NDC 913	https://www.aozora.gr.jp/cards/001750/files/55815_ruby_73171.zip	627
055817	首席と末席	佐々木	邦	新字新仮名	NDC 913	https://www.aozora.gr.jp/cards/001750/files/55817_ruby_73430.zip	579
055819	小問題大問題	佐々木	邦	新字新仮名	NDC 913	https://www.aozora.gr.jp/cards/001750/files/55819_ruby_73445.zip	508
055824	妻の秘密筥	佐々木	邦	新字新仮名	NDC 913	https://www.aozora.gr.jp/cards/001750/files/55824_ruby_72980.zip	559
055826	変人伝	佐々木	邦	新字新仮名	NDC 913	https://www.aozora.gr.jp/cards/001750/files/55826_ruby_73837.zip	647
055831	ロマンスと縁談	佐々木	邦	新字新仮名	NDC 913	https://www.aozora.gr.jp/cards/001750/files/55831_ruby_73850.zip	670
055832	或る別れ	北尾	亀男	新字新仮名	NDC 912	https://www.aozora.gr.jp/cards/001751/files/55832_ruby_56956.zip	0
055833	鳴雪句集	内藤	鳴雪	新字旧仮名	NDC 911	https://www.aozora.gr.jp/cards/000684/files/55833_txt_63814.zip	95
055835	奇術考案業	長谷川	伸	新字新仮名	NDC 914	https://www.aozora.gr.jp/cards/001726/files/55835_ruby_53780.zip	231
055836	身の上や	長谷川	伸	新字新仮名	NDC 911 914	https://www.aozora.gr.jp/cards/001726/files/55836_txt_51990.zip	65
055837	幽霊を見る人を見る	長谷川	伸	新字新仮名	NDC 914	https://www.aozora.gr.jp/cards/001726/files/55837_ruby_53781.zip	564
055838	椎の実	橋本	多佳子	新字旧仮名	NDC 914	https://www.aozora.gr.jp/cards/001752/files/55838_ruby_51968.zip	33
055839	麦刈	橋本	多佳子	新字旧仮名	NDC 911 914	https://www.aozora.gr.jp/cards/001752/files/55839_ruby_51999.zip	0
055861	一点鐘	三好	達治	旧字旧仮名	NDC 911	https://www.aozora.gr.jp/cards/001749/files/55861_ruby_70682.zip	351
055863	閒花集	三好	達治	旧字旧仮名	NDC 911	https://www.aozora.gr.jp/cards/001749/files/55863_ruby_65445.zip	346
055868	五階の窓	平林	初之輔	新字新仮名	NDC 913	https://www.aozora.gr.jp/cards/000221/files/55868_ruby_67963.zip	429
055870	南窗集	三好	達治	旧字旧仮名	NDC 911	https://www.aozora.gr.jp/cards/001749/files/55870_ruby_62749.zip	371
055891	ヴェニスに死す	実吉	捷郎	新字新仮名	NDC 943	https://www.aozora.gr.jp/cards/001758/files/55891_ruby_56940.zip	1146
055897	初夏	中原	中也	新字旧仮名	NDC 911	https://www.aozora.gr.jp/cards/000026/files/55897_txt_68211.zip	739
055902	初恋	中原	中也	新字旧仮名	NDC 911	https://www.aozora.gr.jp/cards/000026/files/55902_txt_69291.zip	669
055910	（女）	中原	中也	新字旧仮名	NDC 911	https://www.aozora.gr.jp/cards/000026/files/55910_txt_62024.zip	659
055916	（酒）	中原	中也	新字旧仮名	NDC 911	https://www.aozora.gr.jp/cards/000026/files/55916_txt_70723.zip	642
055917	（題を附けるのが無理です）	中原	中也	新字旧仮名	NDC 911	https://www.aozora.gr.jp/cards/000026/files/55917_txt_67700.zip	666
055927	（最も純粋に意地悪い奴）	中原	中也	新字旧仮名	NDC 911	https://www.aozora.gr.jp/cards/000026/files/55927_txt_67383.zip	721
055934	夜汽車の食堂	中原	中也	新字旧仮名	NDC 913	https://www.aozora.gr.jp/cards/000026/files/55934_txt_55970.zip	851
055937	トニオ・クレエゲル	実吉	捷郎	新字新仮名	NDC 943	https://www.aozora.gr.jp/cards/001758/files/55937_ruby_58862.zip	551
055947	横山	高浜	虚子	旧字旧仮名	NDC 915	https://www.aozora.gr.jp/cards/001310/files/55947_ruby_66940.zip	261
055948	丸之内点景	小津	安二郎	新字旧仮名	NDC 778 915	https://www.aozora.gr.jp/cards/001761/files/55948_ruby_51988.zip	334
055949	ここが楢山	小津	安二郎	新字新仮名	NDC 778	https://www.aozora.gr.jp/cards/001761/files/55949_txt_51966.zip	291
055950	車中も亦愉し	小津	安二郎	新字旧仮名	NDC 778 915	https://www.aozora.gr.jp/cards/001761/files/55950_ruby_51986.zip	317
055954	人魚	火野	葦平	新字新仮名	NDC 913	https://www.aozora.gr.jp/cards/001488/files/55954_ruby_54957.zip	0
055955	茂吉の一面	宇野	浩二	新字新仮名	NDC 911	https://www.aozora.gr.jp/cards/001533/files/55955_ruby_50810.zip	0
055956	読書と著書	矢内原	忠雄	新字新仮名	NDC 019	https://www.aozora.gr.jp/cards/001538/files/55956_ruby_50809.zip	0
055959	春水と三馬	桑木	厳翼	新字新仮名	NDC 022 913	https://www.aozora.gr.jp/cards/000542/files/55959_ruby_50811.zip	0
055961	魯迅さん	内山	完造	新字新仮名	NDC 920	https://www.aozora.gr.jp/cards/001762/files/55961_ruby_51159.zip	201
055962	ある幸福	実吉	捷郎	新字新仮名	NDC 943	https://www.aozora.gr.jp/cards/001758/files/55962_ruby_56328.zip	545
055963	衣裳戸棚	実吉	捷郎	新字新仮名	NDC 943	https://www.aozora.gr.jp/cards/001758/files/55963_ruby_56308.zip	337
055964	餓えた人々	実吉	捷郎	新字新仮名	NDC 943	https://www.aozora.gr.jp/cards/001758/files/55964_ruby_56309.zip	362
055965	神の剣	実吉	捷郎	新字新仮名	NDC 943	https://www.aozora.gr.jp/cards/001758/files/55965_ruby_56313.zip	268
055966	幻滅	実吉	捷郎	新字新仮名	NDC 943	https://www.aozora.gr.jp/cards/001758/files/55966_ruby_53551.zip	179
055967	幸福への意志	実吉	捷郎	新字新仮名	NDC 943	https://www.aozora.gr.jp/cards/001758/files/55967_ruby_56268.zip	388
055968	小フリイデマン氏	実吉	捷郎	新字新仮名	NDC 943	https://www.aozora.gr.jp/cards/001758/files/55968_ruby_56269.zip	180
055969	神童	実吉	捷郎	新字新仮名	NDC 943	https://www.aozora.gr.jp/cards/001758/files/55969_ruby_56314.zip	243
055970	鉄道事故	実吉	捷郎	新字新仮名	NDC 943	https://www.aozora.gr.jp/cards/001758/files/55970_ruby_56319.zip	270
055971	道化者	実吉	捷郎	新字新仮名	NDC 943	https://www.aozora.gr.jp/cards/001758/files/55971_ruby_56273.zip	359
055972	なぐり合い	実吉	捷郎	新字新仮名	NDC 943	https://www.aozora.gr.jp/cards/001758/files/55972_ruby_56318.zip	173
055974	墓地へゆく道	実吉	捷郎	新字新仮名	NDC 943	https://www.aozora.gr.jp/cards/001758/files/55974_ruby_53550.zip	178
055975	予言者の家で	実吉	捷郎	新字新仮名	NDC 943	https://www.aozora.gr.jp/cards/001758/files/55975_ruby_56324.zip	166
055976	トビアス・ミンデルニッケル	実吉	捷郎	新字新仮名	NDC 943	https://www.aozora.gr.jp/cards/001758/files/55976_ruby_56274.zip	165
055977	トリスタン	実吉	捷郎	新字新仮名	NDC 943	https://www.aozora.gr.jp/cards/001758/files/55977_ruby_56278.zip	439
055983	利根川水源地の山々	木暮	理太郎	新字新仮名	NDC 291 786	https://www.aozora.gr.jp/cards/001373/files/55983_ruby_53761.zip	254
055988	忠僕	池谷	信三郎	新字新仮名	NDC 913	https://www.aozora.gr.jp/cards/000398/files/55988_ruby_55574.zip	187
055990	日本その日その日	石川	欣一	新字新仮名	NDC 291	https://www.aozora.gr.jp/cards/001764/files/55990_ruby_60177.zip	310
055993	木曽駒と甲斐駒	木暮	理太郎	新字新仮名	NDC 291 786	https://www.aozora.gr.jp/cards/001373/files/55993_ruby_53291.zip	269
056000	浅草の喰べもの	久保田	万太郎	新字旧仮名	NDC 915	https://www.aozora.gr.jp/cards/001692/files/56000_txt_52005.zip	185
056001	一葉の日記	久保田	万太郎	新字旧仮名	NDC 910	https://www.aozora.gr.jp/cards/001692/files/56001_ruby_52011.zip	0
056002	角力	久保田	万太郎	新字旧仮名	NDC 788 914	https://www.aozora.gr.jp/cards/001692/files/56002_ruby_56260.zip	296
056003	萩	久保田	万太郎	新字旧仮名	NDC 914	https://www.aozora.gr.jp/cards/001692/files/56003_ruby_56443.zip	362
056004	文字に対する敏感	久保田	万太郎	新字旧仮名	NDC 914	https://www.aozora.gr.jp/cards/001692/files/56004_txt_52012.zip	0
056014	木曽道中記	饗庭	篁村	旧字旧仮名	NDC 915	https://www.aozora.gr.jp/cards/000374/files/56014_ruby_68219.zip	393
056025	うもれ木	田辺	竜子	旧字旧仮名	NDC 913 914	https://www.aozora.gr.jp/cards/001765/files/56025_ruby_68445.zip	384
056027	第三者	サキ		新字新仮名	NDC 933	https://www.aozora.gr.jp/cards/001767/files/56027_txt_58027.zip	745
056030	にはかへんろ記	久保田	万太郎	新字旧仮名	NDC 915	https://www.aozora.gr.jp/cards/001692/files/56030_ruby_56290.zip	252
056031	「ザイルの三人」訳者あとがき	妹尾	アキ夫	新字新仮名	NDC 933 934	https://www.aozora.gr.jp/cards/001568/files/56031_txt_60839.zip	247
056033	クリスマス・イーヴ	アーヴィング	ワシントン	旧字旧仮名	NDC 933	https://www.aozora.gr.jp/cards/001257/files/56033_ruby_50649.zip	1351
056034	マカーガー峡谷の秘密	妹尾	アキ夫	新字新仮名	NDC 933	https://www.aozora.gr.jp/cards/001066/files/56034_txt_58714.zip	670
056039	大つごもり	樋口	一葉	新字旧仮名	NDC 913	https://www.aozora.gr.jp/cards/000064/files/56039_ruby_55938.zip	463
056040	十三夜	樋口	一葉	新字旧仮名	NDC 913	https://www.aozora.gr.jp/cards/000064/files/56040_ruby_57511.zip	331
056041	たけくらべ	樋口	一葉	新字旧仮名	NDC 913	https://www.aozora.gr.jp/cards/000064/files/56041_ruby_54720.zip	33653
056042	にごりえ	樋口	一葉	新字旧仮名	NDC 913	https://www.aozora.gr.jp/cards/000064/files/56042_ruby_54937.zip	1194
056044	平凡な女	林	芙美子	新字新仮名	NDC 914	https://www.aozora.gr.jp/cards/000291/files/56044_ruby_50563.zip	242
056078	駅伝馬車	アーヴィング	ワシントン	旧字旧仮名	NDC 933	https://www.aozora.gr.jp/cards/001257/files/56078_ruby_51155.zip	13327
056081	一本刀土俵入　二幕五場	長谷川	伸	新字新仮名	NDC 912	https://www.aozora.gr.jp/cards/001726/files/56081_ruby_64032.zip	393
056083	沓掛時次郎　三幕十場	長谷川	伸	新字新仮名	NDC 912	https://www.aozora.gr.jp/cards/001726/files/56083_ruby_68209.zip	403
056085	中山七里　二幕五場	長谷川	伸	新字新仮名	NDC 912	https://www.aozora.gr.jp/cards/001726/files/56085_ruby_70403.zip	288
056089	瞼の母	長谷川	伸	新字新仮名	NDC 912	https://www.aozora.gr.jp/cards/001726/files/56089_ruby_54150.zip	336
056099	新奇談クラブ	野村	胡堂	新字新仮名	NDC 913	https://www.aozora.gr.jp/cards/001670/files/56099_ruby_67678.zip	935
056110	奇談クラブ〔戦後版〕	野村	胡堂	新字新仮名	NDC 913	https://www.aozora.gr.jp/cards/001670/files/56110_ruby_55937.zip	2513
056117	奇談クラブ〔戦後版〕	野村	胡堂	新字新仮名	NDC 913	https://www.aozora.gr.jp/cards/001670/files/56117_ruby_55971.zip	809
056122	奇談クラブ〔戦後版〕	野村	胡堂	新字新仮名	NDC 913	https://www.aozora.gr.jp/cards/001670/files/56122_ruby_56263.zip	905
056125	奇談クラブ〔戦後版〕	野村	胡堂	新字新仮名	NDC 913	https://www.aozora.gr.jp/cards/001670/files/56125_ruby_56277.zip	828
056141	名なし指物語	新美	南吉	新字新仮名	NDC K913	https://www.aozora.gr.jp/cards/000121/files/56141_ruby_60864.zip	428
056143	それから	夏目	漱石	新字新仮名	NDC 913	https://www.aozora.gr.jp/cards/000148/files/56143_ruby_50824.zip	47786
056149	誰？	田中	早苗	新字新仮名	NDC 953	https://www.aozora.gr.jp/cards/000326/files/56149_ruby_67985.zip	804
056160	影を踏まれた女	岡本	綺堂	新字新仮名	NDC 913	https://www.aozora.gr.jp/cards/000082/files/56160_ruby_62769.zip	794
056161	河鹿	岡本	綺堂	新字新仮名		https://www.aozora.gr.jp/cards/000082/files/56161_ruby_76372.zip	675
056169	人妻	永井	荷風	新字旧仮名	NDC 913	https://www.aozora.gr.jp/cards/001341/files/56169_ruby_72424.zip	712
056170	蕗の下の神様	宇野	浩二	新字新仮名		https://www.aozora.gr.jp/cards/001533/files/56170_ruby_77518.zip	0
056171	希臘十字	高祖	保	新字旧仮名	NDC 911	https://www.aozora.gr.jp/cards/001774/files/56171_ruby_53103.zip	32
056172	独楽	高祖	保	新字旧仮名	NDC 911	https://www.aozora.gr.jp/cards/001774/files/56172_ruby_53532.zip	11
056173	雪	高祖	保	新字旧仮名	NDC 911	https://www.aozora.gr.jp/cards/001774/files/56173_ruby_53533.zip	76
056176	秋場所から	平野	零児	新字新仮名		https://www.aozora.gr.jp/cards/001714/files/56176_txt_77452.zip	0
056178	寡作流行作家	平野	零児	新字新仮名		https://www.aozora.gr.jp/cards/001714/files/56178_txt_77430.zip	0
056180	芸術は短く貧乏は長し	平野	零児	新字新仮名		https://www.aozora.gr.jp/cards/001714/files/56180_txt_77746.zip	0
056184	丹波篠山	平野	零児	新字新仮名		https://www.aozora.gr.jp/cards/001714/files/56184_txt_76042.zip	707
056190	百まで踊る下中翁	平野	零児	新字新仮名		https://www.aozora.gr.jp/cards/001714/files/56190_txt_77970.zip	0
056192	無情な今年の二月	平野	零児	新字新仮名		https://www.aozora.gr.jp/cards/001714/files/56192_txt_77520.zip	0
056195	雪解けにすべった丁玲女史	平野	零児	新字新仮名		https://www.aozora.gr.jp/cards/001714/files/56195_txt_77611.zip	0
056196	吉川さんの声と眼	平野	零児	新字新仮名		https://www.aozora.gr.jp/cards/001714/files/56196_txt_76198.zip	420
056217	銭形平次捕物控	野村	胡堂	新字新仮名	NDC 913	https://www.aozora.gr.jp/cards/001670/files/56217_ruby_63028.zip	824
056224	花と龍	火野	葦平	新字新仮名	NDC 913	https://www.aozora.gr.jp/cards/001488/files/56224_ruby_63512.zip	1097
056238	私の歩んだ道	蜷川	新	新字新仮名	NDC 289	https://www.aozora.gr.jp/cards/001776/files/56238_ruby_54724.zip	36
056239	天皇	蜷川	新	新字新仮名	NDC 313	https://www.aozora.gr.jp/cards/001776/files/56239_ruby_56945.zip	346
056242	章魚木の下で	中島	敦	新字新仮名	NDC 914	https://www.aozora.gr.jp/cards/000119/files/56242_ruby_53019.zip	146
056243	妖氛録	中島	敦	新字新仮名	NDC 913	https://www.aozora.gr.jp/cards/000119/files/56243_ruby_53023.zip	343
056245	空気ポンプ	新美	南吉	新字新仮名		https://www.aozora.gr.jp/cards/000121/files/56245_ruby_75884.zip	493
056247	狐憑	中島	敦	新字新仮名	NDC 913	https://www.aozora.gr.jp/cards/000119/files/56247_ruby_72246.zip	721
056248	木乃伊	中島	敦	新字新仮名	NDC 913	https://www.aozora.gr.jp/cards/000119/files/56248_ruby_73153.zip	656
056252	けすとえくえろ	妹尾	アキ夫	新字新仮名		https://www.aozora.gr.jp/cards/001568/files/56252_ruby_77796.zip	0
056254	小さい太郎の悲しみ	新美	南吉	新字新仮名	NDC K913	https://www.aozora.gr.jp/cards/000121/files/56254_ruby_64042.zip	477
056258	雨の玉川心中	山崎	富栄	新字新仮名	NDC 289 915	https://www.aozora.gr.jp/cards/001777/files/56258_ruby_61556.zip	677
056261	越中劒岳	木暮	理太郎	新字新仮名	NDC 291 786	https://www.aozora.gr.jp/cards/001373/files/56261_ruby_53760.zip	303
056263	尾瀬の昔と今	木暮	理太郎	新字新仮名	NDC 291 786	https://www.aozora.gr.jp/cards/001373/files/56263_ruby_57850.zip	277
056265	黒部峡谷	木暮	理太郎	新字新仮名	NDC 291 786	https://www.aozora.gr.jp/cards/001373/files/56265_ruby_53779.zip	322
056267	上州の古図と山名	木暮	理太郎	新字新仮名	NDC 291	https://www.aozora.gr.jp/cards/001373/files/56267_ruby_53785.zip	211
056270	望岳都東京	木暮	理太郎	新字新仮名	NDC 291 786	https://www.aozora.gr.jp/cards/001373/files/56270_ruby_53771.zip	203
056328	赤い杭	岡本	綺堂	新字旧仮名	NDC 913	https://www.aozora.gr.jp/cards/000082/files/56328_ruby_72079.zip	628
056329	雨夜の怪談	岡本	綺堂	新字旧仮名	NDC 913	https://www.aozora.gr.jp/cards/000082/files/56329_ruby_69517.zip	802
056330	ジェンナー伝	小酒井	不木	新字新仮名	NDC K289	https://www.aozora.gr.jp/cards/000262/files/56330_ruby_61311.zip	377
056331	動物物語　狼の王ロボ	シートン	アーネスト・トンプソン	新字新仮名	NDC K933	https://www.aozora.gr.jp/cards/001925/files/56331_ruby_62075.zip	948
056339	銭形平次捕物控	野村	胡堂	新字新仮名	NDC 913	https://www.aozora.gr.jp/cards/001670/files/56339_ruby_71650.zip	826
056353	銭形平次捕物控	野村	胡堂	新字新仮名	NDC 913	https://www.aozora.gr.jp/cards/001670/files/56353_ruby_71428.zip	807
056369	銭形平次捕物控	野村	胡堂	新字新仮名	NDC 913	https://www.aozora.gr.jp/cards/001670/files/56369_ruby_72093.zip	815
056412	日の出	国木田	独歩	旧字旧仮名	NDC 913	https://www.aozora.gr.jp/cards/000038/files/56412_ruby_55284.zip	174
056415	飛鳥山遠足	大町	桂月	旧字旧仮名	NDC 915	https://www.aozora.gr.jp/cards/000237/files/56415_txt_68207.zip	359
056420	狭山紀行	大町	桂月	旧字旧仮名	NDC 915	https://www.aozora.gr.jp/cards/000237/files/56420_txt_69034.zip	409
056462	怪談一夜草紙	岡本	綺堂	新字新仮名	NDC 913	https://www.aozora.gr.jp/cards/000082/files/56462_ruby_69280.zip	753
056463	深川の老漁夫	岡本	綺堂	新字新仮名	NDC 913	https://www.aozora.gr.jp/cards/000082/files/56463_ruby_69518.zip	689
056465	井上正夫におくる手紙	久保田	万太郎	新字旧仮名	NDC 914	https://www.aozora.gr.jp/cards/001692/files/56465_ruby_56444.zip	146
056466	可哀想な彼女	久保田	万太郎	新字旧仮名	NDC 914	https://www.aozora.gr.jp/cards/001692/files/56466_ruby_52019.zip	53
056467	還暦反逆	久保田	万太郎	新字旧仮名	NDC 914	https://www.aozora.gr.jp/cards/001692/files/56467_txt_52725.zip	2
056468	七代目坂東三津五郎	久保田	万太郎	新字旧仮名	NDC 774	https://www.aozora.gr.jp/cards/001692/files/56468_ruby_56264.zip	229
056469	夜店ばなし	久保田	万太郎	新字旧仮名	NDC 914	https://www.aozora.gr.jp/cards/001692/files/56469_txt_52726.zip	164
056501	かたわ者	有島	武郎	新字新仮名	NDC K913	https://www.aozora.gr.jp/cards/000025/files/56501_ruby_70383.zip	455
056502	小さき良心	梶井	基次郎	新字新仮名	NDC 913	https://www.aozora.gr.jp/cards/000074/files/56502_ruby_55279.zip	139
056503	フランセスの顔	有島	武郎	新字新仮名	NDC 913	https://www.aozora.gr.jp/cards/000025/files/56503_ruby_67372.zip	343
056504	詩二つ	梶井	基次郎	新字新仮名	NDC 911	https://www.aozora.gr.jp/cards/000074/files/56504_ruby_55271.zip	222
056505	不幸	梶井	基次郎	新字新仮名	NDC 913	https://www.aozora.gr.jp/cards/000074/files/56505_ruby_55280.zip	202
056508	『グリム童話集』序	金田	鬼一	新字新仮名	NDC K943 K944	https://www.aozora.gr.jp/cards/001781/files/56508_ruby_66257.zip	798
056509	饑餓の饗宴	富永	太郎	新字旧仮名	NDC 951	https://www.aozora.gr.jp/cards/001296/files/56509_ruby_54179.zip	127
056513	乗合自動車	川田	功	新字新仮名	NDC 913	https://www.aozora.gr.jp/cards/001306/files/56513_ruby_64883.zip	413
056514	青バスの女	辰野	九紫	新字新仮名	NDC 913	https://www.aozora.gr.jp/cards/001782/files/56514_ruby_65168.zip	587
056515	しめしあわせ	佐々木	直次郎	新字新仮名	NDC 933	https://www.aozora.gr.jp/cards/000094/files/56515_ruby_69926.zip	716
056517	ペスト王	佐々木	直次郎	新字新仮名	NDC 933	https://www.aozora.gr.jp/cards/000094/files/56517_ruby_74169.zip	727
056519	国際射的大競技	小酒井	不木	新字新仮名	NDC K913	https://www.aozora.gr.jp/cards/000262/files/56519_ruby_61172.zip	378
056521	解説　趣味を通じての先生	額田	六福	新字新仮名	NDC 910	https://www.aozora.gr.jp/cards/001490/files/56521_ruby_69256.zip	199
056528	札幌の印象	岩野	泡鳴	新字旧仮名	NDC 911	https://www.aozora.gr.jp/cards/000137/files/56528_ruby_67965.zip	395
056529	鎌倉大仏論	大町	桂月	新字旧仮名	NDC 718 914	https://www.aozora.gr.jp/cards/000237/files/56529_ruby_75623.zip	457
056531	坊つちやん「遺蹟めぐり」	岡本	一平	新字旧仮名		https://www.aozora.gr.jp/cards/000239/files/56531_ruby_77748.zip	0
056532	新万葉物語	伊藤	左千夫	新字新仮名	NDC 913	https://www.aozora.gr.jp/cards/000058/files/56532_ruby_67953.zip	464
056533	水籠	伊藤	左千夫	新字新仮名	NDC 913	https://www.aozora.gr.jp/cards/000058/files/56533_ruby_69042.zip	334
056535	群集の人	佐々木	直次郎	新字新仮名	NDC 933	https://www.aozora.gr.jp/cards/000094/files/56535_ruby_69925.zip	974
056536	鐘塔の悪魔	佐々木	直次郎	新字新仮名	NDC 933	https://www.aozora.gr.jp/cards/000094/files/56536_ruby_69264.zip	738
056537	沈黙	佐々木	直次郎	新字新仮名	NDC 933	https://www.aozora.gr.jp/cards/000094/files/56537_ruby_70425.zip	980
056539	告げ人	伊藤	左千夫	新字新仮名	NDC 913	https://www.aozora.gr.jp/cards/000058/files/56539_ruby_59519.zip	345
056540	廃める	伊藤	左千夫	新字新仮名	NDC 913	https://www.aozora.gr.jp/cards/000058/files/56540_ruby_71634.zip	398
056541	急行十三時間	甲賀	三郎	新字新仮名	NDC 913	https://www.aozora.gr.jp/cards/000260/files/56541_ruby_65926.zip	448
056544	木曾御岳の話	木暮	理太郎	新字新仮名	NDC 291 786	https://www.aozora.gr.jp/cards/001373/files/56544_ruby_55567.zip	364
056545	金峰山	木暮	理太郎	新字新仮名	NDC 291 786	https://www.aozora.gr.jp/cards/001373/files/56545_ruby_55568.zip	277
056547	紙魚こぼれ	木暮	理太郎	新字新仮名	NDC 291	https://www.aozora.gr.jp/cards/001373/files/56547_ruby_69811.zip	214
056549	秩父のおもいで	木暮	理太郎	新字新仮名	NDC 291 786	https://www.aozora.gr.jp/cards/001373/files/56549_ruby_55573.zip	266
056552	南北アルプス通説	木暮	理太郎	新字新仮名	NDC 291	https://www.aozora.gr.jp/cards/001373/files/56552_ruby_56467.zip	181
056554	初旅の大菩薩連嶺	木暮	理太郎	新字新仮名	NDC 291 786	https://www.aozora.gr.jp/cards/001373/files/56554_ruby_55577.zip	329
056555	山と村	木暮	理太郎	新字新仮名	NDC 291	https://www.aozora.gr.jp/cards/001373/files/56555_ruby_55578.zip	310
056561	箸	伊藤	左千夫	新字新仮名	NDC 913	https://www.aozora.gr.jp/cards/000058/files/56561_ruby_59599.zip	312
056564	秘められたる挿話	松本	泰	新字新仮名	NDC 913	https://www.aozora.gr.jp/cards/000308/files/56564_ruby_64313.zip	374
056566	仙台の夏	石川	善助	新字旧仮名	NDC 915	https://www.aozora.gr.jp/cards/001787/files/56566_ruby_75641.zip	574
056567	日本推理小説の曲り角	十返	肇	新字新仮名	NDC 910	https://www.aozora.gr.jp/cards/001788/files/56567_txt_60868.zip	499
056569	老獣医	伊藤	左千夫	新字新仮名	NDC 913	https://www.aozora.gr.jp/cards/000058/files/56569_ruby_59600.zip	322
056573	流儀の定め	観世	左近　二十四世	旧字旧仮名	NDC 773	https://www.aozora.gr.jp/cards/000938/files/56573_txt_70414.zip	34
056574	三両清兵衛と名馬朝月	安藤	盛	新字新仮名	NDC K913	https://www.aozora.gr.jp/cards/001791/files/56574_ruby_73434.zip	607
056600	物貰ひの話	三田村	鳶魚	旧字旧仮名	NDC 210	https://www.aozora.gr.jp/cards/001133/files/56600_ruby_55283.zip	223
056601	カン	長谷川	伸	新字新仮名	NDC 914	https://www.aozora.gr.jp/cards/001726/files/56601_ruby_51964.zip	160
056602	母	長谷川	伸	新字新仮名	NDC 911 914	https://www.aozora.gr.jp/cards/001726/files/56602_txt_51992.zip	182
056605	女順禮	三田村	鳶魚	旧字旧仮名	NDC 210	https://www.aozora.gr.jp/cards/001133/files/56605_ruby_55274.zip	244
056606	女順禮	南方	熊楠	旧字旧仮名	NDC 210	https://www.aozora.gr.jp/cards/000093/files/56606_ruby_55275.zip	303
056614	新憲法に関する演説草稿	幣原	喜重郎	新字新仮名	NDC 323	https://www.aozora.gr.jp/cards/001794/files/56614_ruby_57436.zip	302
056627	芸術統制是非	辰野	隆	新字新仮名	NDC 914	https://www.aozora.gr.jp/cards/001796/files/56627_txt_57994.zip	0
056628	私が張作霖を殺した	河本	大作	新字新仮名	NDC 210	https://www.aozora.gr.jp/cards/001797/files/56628_ruby_57513.zip	567
056634	幻化	梅崎	春生	新字新仮名	NDC 913	https://www.aozora.gr.jp/cards/001798/files/56634_ruby_58202.zip	440
056635	桜島	梅崎	春生	新字新仮名	NDC 913	https://www.aozora.gr.jp/cards/001798/files/56635_ruby_58170.zip	798
056636	日の果て	梅崎	春生	新字新仮名	NDC 913	https://www.aozora.gr.jp/cards/001798/files/56636_ruby_58229.zip	371
056637	風宴	梅崎	春生	新字新仮名	NDC 913	https://www.aozora.gr.jp/cards/001798/files/56637_ruby_58239.zip	395
056638	銀の匙	中	勘助	新字旧仮名	NDC 913	https://www.aozora.gr.jp/cards/001799/files/56638_ruby_61292.zip	12164
056641	刺青	谷崎	潤一郎	新字新仮名	NDC 913	https://www.aozora.gr.jp/cards/001383/files/56641_ruby_59456.zip	29150
056642	陰翳礼讃	谷崎	潤一郎	新字新仮名	NDC 914	https://www.aozora.gr.jp/cards/001383/files/56642_ruby_59574.zip	28094
056643	少年	谷崎	潤一郎	新字新仮名	NDC 913	https://www.aozora.gr.jp/cards/001383/files/56643_ruby_58889.zip	5604
056645	押絵と旅する男	江戸川	乱歩	新字新仮名	NDC 913	https://www.aozora.gr.jp/cards/001779/files/56645_ruby_58194.zip	37601
056646	心理試験	江戸川	乱歩	新字新仮名	NDC 913	https://www.aozora.gr.jp/cards/001779/files/56646_ruby_58227.zip	37206
056647	二銭銅貨	江戸川	乱歩	新字新仮名	NDC 913	https://www.aozora.gr.jp/cards/001779/files/56647_ruby_58166.zip	35040
056648	人間椅子	江戸川	乱歩	新字新仮名	NDC 913	https://www.aozora.gr.jp/cards/001779/files/56648_ruby_58198.zip	40393
056649	屋根裏の散歩者	江戸川	乱歩	新字新仮名	NDC 913	https://www.aozora.gr.jp/cards/001779/files/56649_ruby_59454.zip	28571
056650	Ｄ坂の殺人事件	江戸川	乱歩	新字新仮名	NDC 913	https://www.aozora.gr.jp/cards/001779/files/56650_ruby_58200.zip	39769
056651	パノラマ島綺譚	江戸川	乱歩	新字新仮名	NDC 913	https://www.aozora.gr.jp/cards/001779/files/56651_ruby_58728.zip	35655
056654	身体検査	ソログープ	フョードル	新字新仮名	NDC K983	https://www.aozora.gr.jp/cards/001199/files/56654_ruby_58180.zip	678
056655	箱の中のあなた	山川	方夫	新字新仮名	NDC 913	https://www.aozora.gr.jp/cards/001801/files/56655_ruby_66935.zip	935
056656	罪と罰	ドストエフスキー	フィヨードル・ミハイロヴィチ	新字新仮名	NDC 983	https://www.aozora.gr.jp/cards/000363/files/56656_ruby_74439.zip	6659
056660	上野界隈	久保田	万太郎	新字新仮名	NDC 914	https://www.aozora.gr.jp/cards/001692/files/56660_ruby_54496.zip	21
056662	雨あがり	山之口	貘	新字新仮名	NDC 914	https://www.aozora.gr.jp/cards/001693/files/56662_txt_54159.zip	259
056663	酒友列伝	山之口	貘	新字新仮名	NDC 914	https://www.aozora.gr.jp/cards/001693/files/56663_ruby_55942.zip	353
056664	宝くじ・その後	山之口	貘	新字新仮名	NDC 914	https://www.aozora.gr.jp/cards/001693/files/56664_txt_54165.zip	185
056665	梯梧の花	山之口	貘	新字新仮名	NDC 914	https://www.aozora.gr.jp/cards/001693/files/56665_ruby_54170.zip	78
056666	初恋のやり直し	山之口	貘	新字新仮名	NDC 914	https://www.aozora.gr.jp/cards/001693/files/56666_txt_54160.zip	238
056667	貧乏を売る	山之口	貘	新字新仮名	NDC 914	https://www.aozora.gr.jp/cards/001693/files/56667_txt_54164.zip	255
056668	楽になったという話	山之口	貘	新字新仮名	NDC 914	https://www.aozora.gr.jp/cards/001693/files/56668_txt_54169.zip	219
056669	少年探偵団	江戸川	乱歩	新字新仮名	NDC K913	https://www.aozora.gr.jp/cards/001779/files/56669_ruby_58718.zip	37609
056673	怪奇四十面相	江戸川	乱歩	新字新仮名	NDC K913	https://www.aozora.gr.jp/cards/001779/files/56673_ruby_58784.zip	23065
056694	ぼろぼろな駝鳥	高村	光太郎	新字旧仮名	NDC 911	https://www.aozora.gr.jp/cards/001168/files/56694_ruby_55299.zip	311
056695	牧野富太郎自叙伝	牧野	富太郎	新字新仮名	NDC 289 470	https://www.aozora.gr.jp/cards/001266/files/56695_ruby_52792.zip	0
056696	僕は精神が好きだ	大杉	栄	新字新仮名	NDC 914	https://www.aozora.gr.jp/cards/000169/files/56696_ruby_55959.zip	242
056698	細雪	谷崎	潤一郎	新字新仮名	NDC 913	https://www.aozora.gr.jp/cards/001383/files/56698_ruby_59448.zip	32459
056723	永久凍土地帯	中谷	宇吉郎	新字新仮名		https://www.aozora.gr.jp/cards/001569/files/56723_ruby_76037.zip	672
056728	満洲通信	中谷	宇吉郎	新字新仮名	NDC 451	https://www.aozora.gr.jp/cards/001569/files/56728_ruby_75446.zip	758
056736	雲石紀行	柳	宗悦	新字新仮名	NDC 751	https://www.aozora.gr.jp/cards/001520/files/56736_ruby_68196.zip	328
056737	沖縄の思い出	柳	宗悦	新字新仮名	NDC 750	https://www.aozora.gr.jp/cards/001520/files/56737_ruby_68224.zip	471
056738	思い出す職人	柳	宗悦	新字新仮名	NDC 750	https://www.aozora.gr.jp/cards/001520/files/56738_ruby_70413.zip	195
056739	樺細工の道	柳	宗悦	新字新仮名	NDC 754	https://www.aozora.gr.jp/cards/001520/files/56739_ruby_68195.zip	303
056740	北九州の窯	柳	宗悦	新字新仮名	NDC 751	https://www.aozora.gr.jp/cards/001520/files/56740_ruby_69276.zip	300
056741	現在の日本民窯	柳	宗悦	新字新仮名	NDC 751	https://www.aozora.gr.jp/cards/001520/files/56741_ruby_67397.zip	283
056743	全羅紀行	柳	宗悦	新字新仮名	NDC 750	https://www.aozora.gr.jp/cards/001520/files/56743_ruby_70913.zip	245
056744	台湾の民芸について	柳	宗悦	新字新仮名	NDC 750	https://www.aozora.gr.jp/cards/001520/files/56744_ruby_70716.zip	387
056745	多々良の雑器	柳	宗悦	新字新仮名	NDC 751	https://www.aozora.gr.jp/cards/001520/files/56745_ruby_69277.zip	304
056746	地方の民芸	柳	宗悦	新字新仮名	NDC 750	https://www.aozora.gr.jp/cards/001520/files/56746_ruby_67955.zip	386
056747	苗代川の黒物	柳	宗悦	新字新仮名	NDC 751	https://www.aozora.gr.jp/cards/001520/files/56747_ruby_70715.zip	238
056749	北支の民芸（放送講演）	柳	宗悦	新字新仮名	NDC 750	https://www.aozora.gr.jp/cards/001520/files/56749_ruby_72782.zip	345
056753	陸中雑記	柳	宗悦	新字新仮名	NDC 750	https://www.aozora.gr.jp/cards/001520/files/56753_ruby_70952.zip	259
056763	雨の日	辰野	隆	新字新仮名	NDC 914	https://www.aozora.gr.jp/cards/001796/files/56763_ruby_55612.zip	357
056764	水墨	小杉	放庵	新字新仮名	NDC 722	https://www.aozora.gr.jp/cards/001803/files/56764_ruby_55502.zip	136
056765	啄木とデカルト命題	三枝	博音	新字新仮名	NDC 121	https://www.aozora.gr.jp/cards/001804/files/56765_ruby_54477.zip	60
056766	符牒の語源	三遊亭	金馬	新字新仮名	NDC 779	https://www.aozora.gr.jp/cards/001805/files/56766_ruby_55508.zip	559
056771	瘋癲老人日記	谷崎	潤一郎	新字新仮名	NDC 915	https://www.aozora.gr.jp/cards/001383/files/56771_ruby_60190.zip	6252
056772	Ｓの背中	梅崎	春生	新字新仮名	NDC 913	https://www.aozora.gr.jp/cards/001798/files/56772_ruby_58723.zip	485
056773	黄色い日日	梅崎	春生	新字新仮名	NDC 913	https://www.aozora.gr.jp/cards/001798/files/56773_ruby_58724.zip	362
056774	記憶	梅崎	春生	新字新仮名	NDC 913	https://www.aozora.gr.jp/cards/001798/files/56774_ruby_58806.zip	500
056775	狂い凧	梅崎	春生	新字新仮名	NDC 913	https://www.aozora.gr.jp/cards/001798/files/56775_ruby_58197.zip	478
056776	蜆	梅崎	春生	新字新仮名	NDC 913	https://www.aozora.gr.jp/cards/001798/files/56776_ruby_58887.zip	359
056777	庭の眺め	梅崎	春生	新字新仮名	NDC 913	https://www.aozora.gr.jp/cards/001798/files/56777_ruby_58886.zip	410
056778	凡人凡語	梅崎	春生	新字新仮名	NDC 913	https://www.aozora.gr.jp/cards/001798/files/56778_ruby_58805.zip	395
056779	ボロ家の春秋	梅崎	春生	新字新仮名	NDC 913	https://www.aozora.gr.jp/cards/001798/files/56779_ruby_58199.zip	586
056789	万葉集の恋歌に就て	三好	達治	新字旧仮名	NDC 911 914	https://www.aozora.gr.jp/cards/001749/files/56789_ruby_55661.zip	707
056792	女性史研究の立場から	高群	逸枝	新字新仮名	NDC 367	https://www.aozora.gr.jp/cards/001780/files/56792_txt_55500.zip	210
056793	犬	三遊亭	金馬	新字新仮名	NDC 779	https://www.aozora.gr.jp/cards/001805/files/56793_ruby_55604.zip	694
056794	昔の言葉と悪口	三遊亭	金馬	新字新仮名	NDC 779	https://www.aozora.gr.jp/cards/001805/files/56794_ruby_55599.zip	561
056795	私の飼った犬	斉藤	弘吉	新字新仮名	NDC 645	https://www.aozora.gr.jp/cards/001806/files/56795_ruby_55510.zip	330
056814	堕落論〔続堕落論〕	坂口	安吾	新字新仮名	NDC 914	https://www.aozora.gr.jp/cards/001095/files/56814_ruby_57983.zip	3382
056824	噺家の着物	三遊亭	金馬	新字新仮名	NDC 779	https://www.aozora.gr.jp/cards/001805/files/56824_ruby_55589.zip	671
056827	銷夏漫筆	辰野	隆	新字新仮名	NDC 914	https://www.aozora.gr.jp/cards/001796/files/56827_ruby_55613.zip	42
056828	英米笑話秀逸	佐々木	邦	新字新仮名	NDC 913	https://www.aozora.gr.jp/cards/001750/files/56828_ruby_55609.zip	523
056829	旧友の死	辰野	隆	新字旧仮名	NDC 914	https://www.aozora.gr.jp/cards/001796/files/56829_ruby_55603.zip	0
056830	書狼書豚	辰野	隆	新字旧仮名	NDC 024	https://www.aozora.gr.jp/cards/001796/files/56830_ruby_55584.zip	248
056833	遺産	水上	滝太郎	新字新仮名	NDC 913	https://www.aozora.gr.jp/cards/000800/files/56833_ruby_67401.zip	244
056834	果樹	水上	滝太郎	新字新仮名	NDC 913	https://www.aozora.gr.jp/cards/000800/files/56834_ruby_69680.zip	344
056836	九月一日	水上	滝太郎	新字新仮名	NDC 913	https://www.aozora.gr.jp/cards/000800/files/56836_ruby_69019.zip	391
056844	世界記録と私	人見	絹枝	新字新仮名	NDC 782	https://www.aozora.gr.jp/cards/001809/files/56844_ruby_65417.zip	442
056846	鍵	谷崎	潤一郎	新字新仮名	NDC 913	https://www.aozora.gr.jp/cards/001383/files/56846_ruby_58857.zip	16737
056847	少将滋幹の母	谷崎	潤一郎	新字新仮名	NDC 913	https://www.aozora.gr.jp/cards/001383/files/56847_ruby_58228.zip	3064
056848	島守	中	勘助	新字新仮名	NDC 915	https://www.aozora.gr.jp/cards/001799/files/56848_ruby_58174.zip	582
056858	雲母集	北原	白秋	新字旧仮名	NDC 911	https://www.aozora.gr.jp/cards/000106/files/56858_ruby_54472.zip	278
056859	愛書癖	辰野	隆	新字新仮名	NDC 024	https://www.aozora.gr.jp/cards/001796/files/56859_ruby_55492.zip	311
056860	感傷主義	辰野	隆	新字新仮名	NDC 914	https://www.aozora.gr.jp/cards/001796/files/56860_ruby_55585.zip	245
056861	記憶ちがい	辰野	隆	新字新仮名	NDC 914	https://www.aozora.gr.jp/cards/001796/files/56861_txt_55594.zip	63
056862	汝自身を知れ	辰野	隆	新字新仮名	NDC 914	https://www.aozora.gr.jp/cards/001796/files/56862_ruby_55663.zip	0
056863	浜尾新先生	辰野	隆	新字旧仮名	NDC 914	https://www.aozora.gr.jp/cards/001796/files/56863_ruby_55602.zip	0
056864	二人のセルヴィヤ人	辰野	隆	新字新仮名	NDC 914	https://www.aozora.gr.jp/cards/001796/files/56864_ruby_55607.zip	65
056865	パリの散策	辰野	隆	新字新仮名	NDC 914	https://www.aozora.gr.jp/cards/001796/files/56865_ruby_55608.zip	255
056866	春琴抄	谷崎	潤一郎	新字新仮名	NDC 913	https://www.aozora.gr.jp/cards/001383/files/56866_ruby_58168.zip	38569
056867	吉野葛	谷崎	潤一郎	新字新仮名	NDC 913	https://www.aozora.gr.jp/cards/001383/files/56867_ruby_58196.zip	10431
056868	盲目物語	谷崎	潤一郎	新字新仮名	NDC 913	https://www.aozora.gr.jp/cards/001383/files/56868_ruby_58707.zip	8710
056871	ふしぎな岩	林	芙美子	新字新仮名	NDC K913	https://www.aozora.gr.jp/cards/000291/files/56871_ruby_55262.zip	412
056873	卍	谷崎	潤一郎	新字新仮名	NDC 913	https://www.aozora.gr.jp/cards/001383/files/56873_ruby_62034.zip	19168
056875	蘆刈	谷崎	潤一郎	新字新仮名	NDC 913	https://www.aozora.gr.jp/cards/001383/files/56875_ruby_58201.zip	6711
056879	種紙の青む頃	前田	夕暮	新字新仮名	NDC 914	https://www.aozora.gr.jp/cards/000928/files/56879_ruby_54739.zip	0
056880	うつせみ	樋口	一葉	新字旧仮名	NDC 913	https://www.aozora.gr.jp/cards/000064/files/56880_ruby_59989.zip	651
056884	つゆじも	斎藤	茂吉	新字旧仮名	NDC 911	https://www.aozora.gr.jp/cards/001059/files/56884_ruby_63821.zip	188
056886	我が一九二二年	生田	長江	新字旧仮名	NDC 911 914	https://www.aozora.gr.jp/cards/000393/files/56886_ruby_58716.zip	336
056889	わかれ道	樋口	一葉	新字旧仮名	NDC 913	https://www.aozora.gr.jp/cards/000064/files/56889_ruby_61291.zip	417
056891	小桜姫物語	浅野	正恭	新字新仮名	NDC 147	https://www.aozora.gr.jp/cards/001816/files/56891_txt_53714.zip	0
056892	小桜姫物語	土井	晩翠	新字新仮名	NDC 147	https://www.aozora.gr.jp/cards/001081/files/56892_txt_53716.zip	0
056895	春の遠山入り	松濤	明	新字新仮名	NDC 786	https://www.aozora.gr.jp/cards/000307/files/56895_ruby_55954.zip	24
056896	槍ガ岳	松濤	明	新字新仮名	NDC 786	https://www.aozora.gr.jp/cards/000307/files/56896_ruby_55955.zip	356
056908	ヨブ記講演	内村	鑑三	新字新仮名	NDC 193	https://www.aozora.gr.jp/cards/000034/files/56908_ruby_64050.zip	581
056914	諜報中継局	海野	十三	新字新仮名	NDC 913	https://www.aozora.gr.jp/cards/000160/files/56914_ruby_55270.zip	538
056928	凡人伝	佐々木	邦	新字新仮名	NDC 913	https://www.aozora.gr.jp/cards/001750/files/56928_ruby_69050.zip	502
056933	みなかみ紀行	若山	牧水	新字新仮名	NDC 915	https://www.aozora.gr.jp/cards/000162/files/56933_ruby_62143.zip	597
056936	北京と巴里（覚書）	横光	利一	新字新仮名	NDC 915	https://www.aozora.gr.jp/cards/000168/files/56936_ruby_57024.zip	376
056938	スフィンクス（覚書）	横光	利一	新字新仮名	NDC 915	https://www.aozora.gr.jp/cards/000168/files/56938_ruby_57025.zip	334
056942	創始期の詩壇	蒲原	有明	旧字旧仮名	NDC 911	https://www.aozora.gr.jp/cards/001055/files/56942_txt_58039.zip	32
056953	自然の復讐	丘	浅次郎	新字旧仮名	NDC 460	https://www.aozora.gr.jp/cards/001474/files/56953_txt_69522.zip	305
056962	新らしき婦人の男性観	伊藤	野枝	新字旧仮名	NDC 367 914	https://www.aozora.gr.jp/cards/000416/files/56962_ruby_69038.zip	331
056967	女絵師毒絵具を仰ぐ	伊藤	野枝	新字旧仮名	NDC 914	https://www.aozora.gr.jp/cards/000416/files/56967_ruby_65657.zip	330
056971	九州より	伊藤	野枝	新字旧仮名	NDC 914	https://www.aozora.gr.jp/cards/000416/files/56971_ruby_69682.zip	317
056980	秋	蔵原	伸二郎	新字新仮名	NDC 911	https://www.aozora.gr.jp/cards/001821/files/56980_txt_58234.zip	580
056981	自序にかえて	蔵原	伸二郎	新字新仮名	NDC 911 914	https://www.aozora.gr.jp/cards/001821/files/56981_txt_58230.zip	0
056982	五月の雉	蔵原	伸二郎	新字新仮名	NDC 911	https://www.aozora.gr.jp/cards/001821/files/56982_txt_58236.zip	258
056983	狐	蔵原	伸二郎	新字新仮名	NDC 911	https://www.aozora.gr.jp/cards/001821/files/56983_txt_58232.zip	248
056984	岸辺	蔵原	伸二郎	新字新仮名	NDC 911	https://www.aozora.gr.jp/cards/001821/files/56984_txt_58231.zip	140
056985	岩魚	蔵原	伸二郎	新字新仮名	NDC 911	https://www.aozora.gr.jp/cards/001821/files/56985_txt_58176.zip	367
056986	足跡	蔵原	伸二郎	新字新仮名	NDC 911	https://www.aozora.gr.jp/cards/001821/files/56986_txt_58235.zip	171
056997	消息	伊藤	野枝	新字旧仮名	NDC 915	https://www.aozora.gr.jp/cards/000416/files/56997_ruby_67692.zip	380
057002	書簡　大杉栄宛	伊藤	野枝	新字旧仮名	NDC 915	https://www.aozora.gr.jp/cards/000416/files/57002_txt_57988.zip	302
057007	紙幣鶴	斎藤	茂吉	新字新仮名	NDC 914	https://www.aozora.gr.jp/cards/001059/files/57007_ruby_64561.zip	341
057008	玉菜ぐるま	斎藤	茂吉	新字新仮名	NDC 914	https://www.aozora.gr.jp/cards/001059/files/57008_ruby_64562.zip	246
057009	妻	斎藤	茂吉	新字新仮名	NDC 914	https://www.aozora.gr.jp/cards/001059/files/57009_ruby_66945.zip	676
057020	悪夢	中村	地平	新字旧仮名	NDC 913	https://www.aozora.gr.jp/cards/001822/files/57020_ruby_60796.zip	549
057021	霧の蕃社	中村	地平	新字新仮名	NDC 913	https://www.aozora.gr.jp/cards/001822/files/57021_ruby_60797.zip	229
057022	南方郵信	中村	地平	新字新仮名	NDC 913	https://www.aozora.gr.jp/cards/001822/files/57022_ruby_60771.zip	334
057023	如何なる星の下に	高見	順	新字新仮名	NDC 913	https://www.aozora.gr.jp/cards/001823/files/57023_ruby_59517.zip	530
057024	死の淵より	高見	順	新字新仮名	NDC 911	https://www.aozora.gr.jp/cards/001823/files/57024_ruby_58172.zip	857
057027	奥秩父	木暮	理太郎	新字新仮名	NDC 291 786	https://www.aozora.gr.jp/cards/001373/files/57027_ruby_57523.zip	357
057029	鹿の印象	木暮	理太郎	新字新仮名	NDC 786	https://www.aozora.gr.jp/cards/001373/files/57029_ruby_70267.zip	272
057033	初めて秩父に入った頃	木暮	理太郎	新字新仮名	NDC 291 786	https://www.aozora.gr.jp/cards/001373/files/57033_ruby_57522.zip	318
057049	新刊紹介	伊藤	野枝	新字旧仮名	NDC 164	https://www.aozora.gr.jp/cards/000416/files/57049_ruby_75150.zip	257
057053	女教員の縊死	伊藤	野枝	新字旧仮名	NDC 914	https://www.aozora.gr.jp/cards/000416/files/57053_ruby_65658.zip	575
057054	「現代と婦人の生活」序に代へて	伊藤	野枝	新字旧仮名	NDC 367	https://www.aozora.gr.jp/cards/000416/files/57054_ruby_74774.zip	281
057057	宮崎の町	中村	地平	新字新仮名	NDC 915	https://www.aozora.gr.jp/cards/001822/files/57057_ruby_70125.zip	446
057067	浴槽	大坪	砂男	新字新仮名	NDC 913	https://www.aozora.gr.jp/cards/001824/files/57067_ruby_58184.zip	391
057105	赤いカブトムシ	江戸川	乱歩	新字新仮名	NDC K913	https://www.aozora.gr.jp/cards/001779/files/57105_ruby_59617.zip	27535
057110	別府温泉	高浜	虚子	新字新仮名	NDC 915	https://www.aozora.gr.jp/cards/001310/files/57110_ruby_64296.zip	416
057112	貞操に就いての雑感	伊藤	野枝	新字旧仮名	NDC 367	https://www.aozora.gr.jp/cards/000416/files/57112_ruby_71632.zip	592
057113	読者諸氏に	伊藤	野枝	新字旧仮名	NDC 914	https://www.aozora.gr.jp/cards/000416/files/57113_ruby_74021.zip	282
057117	人間と云ふ意識	伊藤	野枝	新字旧仮名	NDC 914	https://www.aozora.gr.jp/cards/000416/files/57117_ruby_69039.zip	266
057122	夫婦喧嘩の功過と責任の所在（アンケート回答）	伊藤	野枝	新字旧仮名	NDC 367	https://www.aozora.gr.jp/cards/000416/files/57122_ruby_74775.zip	459
057123	福岡の女	伊藤	野枝	新字旧仮名	NDC 914	https://www.aozora.gr.jp/cards/000416/files/57123_ruby_69928.zip	350
057147	嫁泥棒譚	伊藤	野枝	新字旧仮名	NDC 914	https://www.aozora.gr.jp/cards/000416/files/57147_ruby_69930.zip	463
057154	妾の会つた男の人人	伊藤	野枝	新字旧仮名	NDC 910	https://www.aozora.gr.jp/cards/000416/files/57154_ruby_63205.zip	346
057155	ウォーレン夫人とその娘	伊藤	野枝	新字旧仮名	NDC 932	https://www.aozora.gr.jp/cards/000416/files/57155_ruby_71255.zip	559
057158	雲仙岳	菊池	幽芳	新字新仮名	NDC 915	https://www.aozora.gr.jp/cards/000514/files/57158_ruby_60001.zip	385
057162	芸術としての哲学	丘	浅次郎	新字旧仮名	NDC 104	https://www.aozora.gr.jp/cards/001474/files/57162_ruby_74383.zip	355
057164	理科教育の根底	丘	浅次郎	新字旧仮名	NDC 375	https://www.aozora.gr.jp/cards/001474/files/57164_ruby_72289.zip	257
057172	魚の餌	梅崎	春生	新字新仮名	NDC 913	https://www.aozora.gr.jp/cards/001798/files/57172_ruby_58240.zip	501
057173	三十六年前	森下	雨村	新字新仮名	NDC 914	https://www.aozora.gr.jp/cards/001826/files/57173_txt_58182.zip	322
057179	古句を観る	柴田	宵曲	新字新仮名	NDC 911	https://www.aozora.gr.jp/cards/001832/files/57179_ruby_60630.zip	325
057180	負けない男	佐々木	邦	新字新仮名	NDC 913	https://www.aozora.gr.jp/cards/001750/files/57180_ruby_72070.zip	454
057181	赤い部屋	江戸川	乱歩	新字新仮名	NDC 913	https://www.aozora.gr.jp/cards/001779/files/57181_ruby_59529.zip	29260
057190	日記帳	江戸川	乱歩	新字新仮名	NDC 914	https://www.aozora.gr.jp/cards/001779/files/57190_ruby_58233.zip	29845
057192	白昼夢	江戸川	乱歩	新字新仮名	NDC 913	https://www.aozora.gr.jp/cards/001779/files/57192_ruby_59533.zip	20542
057197	指環	江戸川	乱歩	新字新仮名	NDC 913	https://www.aozora.gr.jp/cards/001779/files/57197_ruby_58710.zip	27841
057228	怪人二十面相	江戸川	乱歩	新字新仮名	NDC K913	https://www.aozora.gr.jp/cards/001779/files/57228_ruby_58697.zip	39595
057234	備後より	中村	憲吉	新字旧仮名	NDC 914	https://www.aozora.gr.jp/cards/000702/files/57234_ruby_61303.zip	295
057235	三次の鵜飼	中村	憲吉	新字旧仮名	NDC 914	https://www.aozora.gr.jp/cards/000702/files/57235_ruby_61304.zip	226
057236	頼杏坪先生	中村	憲吉	新字旧仮名	NDC 914	https://www.aozora.gr.jp/cards/000702/files/57236_ruby_61305.zip	92
057240	悪魔の紋章	江戸川	乱歩	新字新仮名	NDC 913	https://www.aozora.gr.jp/cards/001779/files/57240_ruby_60876.zip	20999
057257	桜島噴火の概況	石川	成章	旧字旧仮名	NDC 453	https://www.aozora.gr.jp/cards/001835/files/57257_ruby_61558.zip	318
057275	北海道開発に消えた八百億円	中谷	宇吉郎	新字新仮名	NDC 601	https://www.aozora.gr.jp/cards/001569/files/57275_ruby_61561.zip	664
057280	ピーター・パン	中谷	宇吉郎	新字新仮名	NDC 914	https://www.aozora.gr.jp/cards/001569/files/57280_ruby_61299.zip	748
057298	勝ち運負け運	佐々木	邦	新字新仮名	NDC 913	https://www.aozora.gr.jp/cards/001750/files/57298_ruby_71642.zip	465
057299	脱線息子	佐々木	邦	新字新仮名	NDC 913	https://www.aozora.gr.jp/cards/001750/files/57299_ruby_71641.zip	570
057309	天地創造の話	中谷	宇吉郎	新字新仮名	NDC 453	https://www.aozora.gr.jp/cards/001569/files/57309_ruby_59610.zip	631
057315	大岡越前の独立	直木	三十五	新字新仮名	NDC 913	https://www.aozora.gr.jp/cards/000216/files/57315_ruby_57990.zip	787
057335	浅草詣	伊藤	左千夫	新字新仮名	NDC 914	https://www.aozora.gr.jp/cards/000058/files/57335_ruby_67658.zip	385
057339	この頃の皇太子殿下	小泉	信三	新字新仮名	NDC 288	https://www.aozora.gr.jp/cards/001846/files/57339_ruby_60633.zip	400
057349	秘密	谷崎	潤一郎	新字新仮名	NDC 913	https://www.aozora.gr.jp/cards/001383/files/57349_ruby_59987.zip	12474
057350	俳諧大要	正岡	子規	新字旧仮名	NDC 911	https://www.aozora.gr.jp/cards/000305/files/57350_ruby_59983.zip	327
057351	俳句の初歩	正岡	子規	新字旧仮名	NDC 911	https://www.aozora.gr.jp/cards/000305/files/57351_ruby_59984.zip	582
057354	可愛い山	石川	欣一	新字新仮名	NDC 291	https://www.aozora.gr.jp/cards/001380/files/57354_ruby_58040.zip	271
057357	雪割草の花	石川	欣一	新字新仮名	NDC 914	https://www.aozora.gr.jp/cards/001380/files/57357_ruby_59502.zip	257
057360	「俳諧大要」解説	柴田	宵曲	新字新仮名	NDC 911	https://www.aozora.gr.jp/cards/001832/files/57360_ruby_68723.zip	141
057361	俳句上の京と江戸	正岡	子規	新字新仮名	NDC 911	https://www.aozora.gr.jp/cards/000305/files/57361_ruby_60185.zip	270
057362	俳人蕪村	正岡	子規	新字旧仮名	NDC 911	https://www.aozora.gr.jp/cards/000305/files/57362_ruby_60184.zip	189
057363	古池の句の弁	正岡	子規	新字旧仮名	NDC 911	https://www.aozora.gr.jp/cards/000305/files/57363_ruby_59601.zip	334
057368	ぐうたら道中記	佐々木	邦	新字新仮名	NDC 913	https://www.aozora.gr.jp/cards/001750/files/57368_ruby_74029.zip	778
057369	雪の町	林	芙美子	旧字旧仮名	NDC 913	https://www.aozora.gr.jp/cards/000291/files/57369_ruby_60775.zip	527
057374	あひびき	林	芙美子	旧字旧仮名	NDC 913	https://www.aozora.gr.jp/cards/000291/files/57374_txt_60432.zip	609
057375	ボルネオ　ダイヤ	林	芙美子	旧字旧仮名	NDC 913	https://www.aozora.gr.jp/cards/000291/files/57375_ruby_60774.zip	336
057376	伊豆伊東	木下	杢太郎	新字旧仮名		https://www.aozora.gr.jp/cards/000120/files/57376_ruby_76371.zip	423
057378	横浜及び異人館情調	木下	杢太郎	新字旧仮名		https://www.aozora.gr.jp/cards/000120/files/57378_ruby_77949.zip	0
057379	われ等の開港記念会館	山本	和久三	新字旧仮名		https://www.aozora.gr.jp/cards/001858/files/57379_txt_78349.zip	0
057382	三渓園	山本	和久三	新字旧仮名		https://www.aozora.gr.jp/cards/001858/files/57382_txt_78383.zip	0
057383	本覚寺の山門に立ちて	山本	和久三	新字旧仮名		https://www.aozora.gr.jp/cards/001858/files/57383_txt_78456.zip	0
057384	山下海岸……水の公園	山本	和久三	新字旧仮名		https://www.aozora.gr.jp/cards/001858/files/57384_txt_78273.zip	0
057385	山手公園の感触	山本	和久三	新字旧仮名		https://www.aozora.gr.jp/cards/001858/files/57385_txt_78668.zip	0
057386	生麦事変の趾	山本	和久三	新字旧仮名		https://www.aozora.gr.jp/cards/001858/files/57386_txt_78408.zip	0
057389	「君死にたまふことなかれ」	武田	麟太郎	新字旧仮名		https://www.aozora.gr.jp/cards/000189/files/57389_txt_77878.zip	0
057391	鎌倉	芳賀	矢一	新字新仮名	NDC 911	https://www.aozora.gr.jp/cards/000723/files/57391_ruby_75629.zip	620
057392	田園の憂欝	佐藤	春夫	新字旧仮名	NDC 913	https://www.aozora.gr.jp/cards/001763/files/57392_ruby_64382.zip	574
057393	地下生活者の手記	ドストエフスキー	フィヨードル・ミハイロヴィチ	新字新仮名	NDC 983	https://www.aozora.gr.jp/cards/000363/files/57393_ruby_66273.zip	11219
057394	細雪	谷崎	潤一郎	新字新仮名	NDC 913	https://www.aozora.gr.jp/cards/001383/files/57394_ruby_73659.zip	5650
057403	人類の生存競争	丘	浅次郎	新字新仮名	NDC 460	https://www.aozora.gr.jp/cards/001474/files/57403_ruby_62040.zip	374
057405	黒蜥蜴	江戸川	乱歩	新字新仮名	NDC 913	https://www.aozora.gr.jp/cards/001779/files/57405_ruby_59991.zip	26256
057409	山の宿海の宿	河井	酔茗	新字旧仮名	NDC 911	https://www.aozora.gr.jp/cards/001861/files/57409_ruby_58776.zip	351
057410	発端・電話事件	式場	隆三郎	新字新仮名	NDC 521	https://www.aozora.gr.jp/cards/001862/files/57410_txt_58192.zip	384
057411	折紙	中	勘助	新字新仮名	NDC 914	https://www.aozora.gr.jp/cards/001799/files/57411_ruby_58769.zip	479
057412	きもの	中	勘助	新字旧仮名	NDC 914	https://www.aozora.gr.jp/cards/001799/files/57412_ruby_58795.zip	526
057415	大雨の前日	伊藤	左千夫	新字新仮名	NDC 913	https://www.aozora.gr.jp/cards/000058/files/57415_ruby_59518.zip	388
057416	細雪	谷崎	潤一郎	新字新仮名	NDC 913	https://www.aozora.gr.jp/cards/001383/files/57416_ruby_71251.zip	8963
057417	師を失いたる吾々	伊藤	左千夫	新字新仮名	NDC 911	https://www.aozora.gr.jp/cards/000058/files/57417_ruby_69044.zip	394
057420	人道の正体	丘	浅次郎	新字新仮名	NDC 460	https://www.aozora.gr.jp/cards/001474/files/57420_ruby_60427.zip	315
057423	戦争と平和	丘	浅次郎	新字新仮名	NDC 460	https://www.aozora.gr.jp/cards/001474/files/57423_ruby_60428.zip	380
057424	動物界における善と悪	丘	浅次郎	新字新仮名	NDC 460	https://www.aozora.gr.jp/cards/001474/files/57424_ruby_61200.zip	584
057425	脳髄の進化	丘	浅次郎	新字新仮名	NDC 481	https://www.aozora.gr.jp/cards/001474/files/57425_ruby_62526.zip	270
057426	民族の発展と理科	丘	浅次郎	新字新仮名	NDC 460	https://www.aozora.gr.jp/cards/001474/files/57426_ruby_63015.zip	239
057427	理想的団体生活	丘	浅次郎	新字新仮名	NDC 460	https://www.aozora.gr.jp/cards/001474/files/57427_ruby_61201.zip	273
057428	堺へ帰らう	河井	酔茗	新字旧仮名	NDC 911	https://www.aozora.gr.jp/cards/001861/files/57428_ruby_58875.zip	201
057429	春の詩集	河井	酔茗	新字旧仮名	NDC 911	https://www.aozora.gr.jp/cards/001861/files/57429_ruby_58706.zip	318
057430	山の歓喜	河井	酔茗	新字旧仮名	NDC 911	https://www.aozora.gr.jp/cards/001861/files/57430_ruby_58775.zip	264
057431	ゆづり葉	河井	酔茗	新字旧仮名	NDC 911	https://www.aozora.gr.jp/cards/001861/files/57431_ruby_58186.zip	350
057432	老境	河井	酔茗	新字旧仮名	NDC 911	https://www.aozora.gr.jp/cards/001861/files/57432_ruby_58874.zip	224
057433	大阪の朝	安西	冬衛	新字新仮名	NDC 911	https://www.aozora.gr.jp/cards/001863/files/57433_ruby_58855.zip	383
057434	堺水族館の歌	安西	冬衛	新字旧仮名	NDC 911	https://www.aozora.gr.jp/cards/001863/files/57434_txt_58856.zip	236
057435	大大阪のれいめい	安西	冬衛	新字新仮名	NDC 911	https://www.aozora.gr.jp/cards/001863/files/57435_ruby_58188.zip	317
057436	水の上	安西	冬衛	新字新仮名	NDC 911	https://www.aozora.gr.jp/cards/001863/files/57436_ruby_58854.zip	263
057438	神経質に対する余の特殊療法	森田	正馬	旧字旧仮名	NDC 493	https://www.aozora.gr.jp/cards/001864/files/57438_txt_59457.zip	411
057440	正岡子規君	伊藤	左千夫	新字新仮名	NDC 911	https://www.aozora.gr.jp/cards/000058/files/57440_ruby_69279.zip	353
057441	絶対的人格	伊藤	左千夫	新字新仮名	NDC 911	https://www.aozora.gr.jp/cards/000058/files/57441_ruby_69041.zip	347
057444	井戸	伊藤	左千夫	新字新仮名	NDC 914	https://www.aozora.gr.jp/cards/000058/files/57444_ruby_61330.zip	386
057445	簡易銷夏法	長塚	節	旧字旧仮名	NDC 914	https://www.aozora.gr.jp/cards/000118/files/57445_txt_59572.zip	290
057446	写生断片	長塚	節	旧字旧仮名	NDC 914	https://www.aozora.gr.jp/cards/000118/files/57446_txt_59508.zip	228
057447	竹の里人〔一〕	長塚	節	旧字旧仮名	NDC 911 914	https://www.aozora.gr.jp/cards/000118/files/57447_ruby_59612.zip	374
057448	旅行に就いて	長塚	節	旧字旧仮名	NDC 914	https://www.aozora.gr.jp/cards/000118/files/57448_txt_59437.zip	392
057495	青べか物語	山本	周五郎	新字新仮名	NDC 913	https://www.aozora.gr.jp/cards/001869/files/57495_ruby_65434.zip	6805
057496	大和古寺風物誌	亀井	勝一郎	新字新仮名	NDC 702	https://www.aozora.gr.jp/cards/001870/files/57496_ruby_60770.zip	906
057499	雪	楠田	匡介	新字新仮名	NDC 913	https://www.aozora.gr.jp/cards/001866/files/57499_ruby_60656.zip	294
057501	乱歩分析	大下	宇陀児	新字新仮名	NDC 910	https://www.aozora.gr.jp/cards/001872/files/57501_ruby_63027.zip	528
057530	府中のけやき	中	勘助	新字旧仮名	NDC 914	https://www.aozora.gr.jp/cards/001799/files/57530_ruby_61318.zip	389
057542	赤ひげ診療譚	山本	周五郎	新字新仮名	NDC 913	https://www.aozora.gr.jp/cards/001869/files/57542_ruby_66487.zip	4188
057543	いさましい話	山本	周五郎	新字新仮名	NDC 913	https://www.aozora.gr.jp/cards/001869/files/57543_ruby_69254.zip	3500
057544	赤ひげ診療譚	山本	周五郎	新字新仮名	NDC 913	https://www.aozora.gr.jp/cards/001869/files/57544_ruby_65443.zip	5446
057574	青べか物語	山本	周五郎	新字新仮名	NDC 913	https://www.aozora.gr.jp/cards/001869/files/57574_ruby_63586.zip	4592
057583	雨あがる	山本	周五郎	新字新仮名	NDC 913	https://www.aozora.gr.jp/cards/001869/files/57583_ruby_66921.zip	11623
057624	さぶ	山本	周五郎	新字新仮名	NDC 913	https://www.aozora.gr.jp/cards/001869/files/57624_ruby_69914.zip	8160
057625	五瓣の椿	山本	周五郎	新字新仮名	NDC 913	https://www.aozora.gr.jp/cards/001869/files/57625_ruby_64326.zip	7058
057785	樅ノ木は残った	山本	周五郎	新字新仮名	NDC 913	https://www.aozora.gr.jp/cards/001869/files/57785_ruby_64027.zip	5589
057786	樅ノ木は残った	山本	周五郎	新字新仮名	NDC 913	https://www.aozora.gr.jp/cards/001869/files/57786_ruby_64314.zip	4646
057787	樅ノ木は残った	山本	周五郎	新字新仮名	NDC 913	https://www.aozora.gr.jp/cards/001869/files/57787_ruby_64306.zip	4577
057788	樅ノ木は残った	山本	周五郎	新字新仮名	NDC 913	https://www.aozora.gr.jp/cards/001869/files/57788_ruby_63806.zip	17680
057822	季節のない街	山本	周五郎	新字新仮名	NDC 913	https://www.aozora.gr.jp/cards/001869/files/57822_ruby_65942.zip	4883
057838	赤ひげ診療譚	山本	周五郎	新字新仮名	NDC 913	https://www.aozora.gr.jp/cards/001869/files/57838_ruby_65958.zip	2599
057840	赤ひげ診療譚	山本	周五郎	新字新仮名	NDC 913	https://www.aozora.gr.jp/cards/001869/files/57840_ruby_65268.zip	5344
057841	赤ひげ診療譚	山本	周五郎	新字新仮名	NDC 913	https://www.aozora.gr.jp/cards/001869/files/57841_ruby_64906.zip	14441
057842	赤ひげ診療譚	山本	周五郎	新字新仮名	NDC 913	https://www.aozora.gr.jp/cards/001869/files/57842_ruby_65668.zip	2612
057856	二十四の瞳	壺井	栄	新字新仮名	NDC 913	https://www.aozora.gr.jp/cards/001875/files/57856_ruby_63623.zip	6112
057857	海からきた卵	塚原	健二郎	新字新仮名	NDC K913	https://www.aozora.gr.jp/cards/001876/files/57857_ruby_62109.zip	392
057865	米粒の中の仏様	中谷	宇吉郎	新字新仮名	NDC 914	https://www.aozora.gr.jp/cards/001569/files/57865_ruby_61323.zip	603
057876	あきまろに答ふ	正岡	子規	新字新仮名	NDC 911	https://www.aozora.gr.jp/cards/000305/files/57876_ruby_69278.zip	339
057880	自然界の虚偽	丘	浅次郎	新字新仮名	NDC 460	https://www.aozora.gr.jp/cards/001474/files/57880_ruby_64571.zip	234
057881	進化論と衛生	丘	浅次郎	新字新仮名	NDC 467	https://www.aozora.gr.jp/cards/001474/files/57881_ruby_64901.zip	294
057885	我らの哲学	丘	浅次郎	新字新仮名	NDC 401	https://www.aozora.gr.jp/cards/001474/files/57885_ruby_63016.zip	305
057890	擬似新年	大下	宇陀児	新字新仮名	NDC 914	https://www.aozora.gr.jp/cards/001872/files/57890_txt_60626.zip	324
057898	旅人	林	芙美子	旧字旧仮名	NDC 913	https://www.aozora.gr.jp/cards/000291/files/57898_ruby_66281.zip	524
057901	金魚は死んでいた	大下	宇陀児	新字新仮名	NDC 913	https://www.aozora.gr.jp/cards/001872/files/57901_ruby_62115.zip	619
057903	名字の話	柳田	国男	新字新仮名	NDC 288	https://www.aozora.gr.jp/cards/001566/files/57903_ruby_65424.zip	1039
057907	“指揮権発動”を書かざるの記	犬養	健	新字新仮名	NDC 312	https://www.aozora.gr.jp/cards/001543/files/57907_ruby_65453.zip	45
057965	校歌「都の西北」と私	相馬	御風	旧字旧仮名	NDC 914	https://www.aozora.gr.jp/cards/000959/files/57965_txt_61298.zip	276
057966	坪内先生を憶ふ	相馬	御風	旧字旧仮名	NDC 914	https://www.aozora.gr.jp/cards/000959/files/57966_txt_60799.zip	102
057970	八幡の森	伊藤	左千夫	新字新仮名	NDC 914	https://www.aozora.gr.jp/cards/000058/files/57970_ruby_67659.zip	390
057971	帰依と復活	亀井	勝一郎	新字旧仮名	NDC 702	https://www.aozora.gr.jp/cards/001870/files/57971_ruby_63025.zip	300
057972	君臣相念	亀井	勝一郎	新字旧仮名	NDC 914	https://www.aozora.gr.jp/cards/001870/files/57972_ruby_63796.zip	380
057975	音楽に就いて	会津	八一	旧字旧仮名	NDC 914	https://www.aozora.gr.jp/cards/001245/files/57975_txt_63036.zip	238
057976	学規	会津	八一	旧字旧仮名	NDC 914	https://www.aozora.gr.jp/cards/001245/files/57976_txt_61953.zip	348
057977	趣味の向上	会津	八一	旧字旧仮名	NDC 914	https://www.aozora.gr.jp/cards/001245/files/57977_txt_63037.zip	132
057978	少年少女におくる言葉	会津	八一	旧字旧仮名	NDC K914	https://www.aozora.gr.jp/cards/001245/files/57978_txt_61951.zip	416
057979	家の話	柳田	国男	新字新仮名	NDC 361	https://www.aozora.gr.jp/cards/001566/files/57979_ruby_62050.zip	709
057980	学問の独立	正宗	白鳥	旧字旧仮名	NDC 914	https://www.aozora.gr.jp/cards/001581/files/57980_txt_60002.zip	546
057981	学校の今昔	正宗	白鳥	旧字旧仮名	NDC 914	https://www.aozora.gr.jp/cards/001581/files/57981_ruby_60057.zip	331
057982	語学修業	正宗	白鳥	旧字旧仮名	NDC 914	https://www.aozora.gr.jp/cards/001581/files/57982_txt_60058.zip	307
057985	外交の方針	大隈	重信	新字新仮名	NDC 319	https://www.aozora.gr.jp/cards/001879/files/57985_ruby_65641.zip	277
057989	明治文明史上に於ける福沢翁	大隈	重信	新字新仮名	NDC 370	https://www.aozora.gr.jp/cards/001879/files/57989_ruby_63792.zip	358
057991	滝見の旅	伊藤	左千夫	新字新仮名	NDC 915	https://www.aozora.gr.jp/cards/000058/files/57991_ruby_65661.zip	331
057996	荒野の呼び声	山本	政喜	新字新仮名	NDC 933	https://www.aozora.gr.jp/cards/001770/files/57996_ruby_72088.zip	753
057997	忘られぬお国言葉	池田	亀鑑	新字旧仮名	NDC 914	https://www.aozora.gr.jp/cards/001413/files/57997_ruby_63212.zip	341
058003	嫁取婿取	佐々木	邦	新字新仮名	NDC 913	https://www.aozora.gr.jp/cards/001750/files/58003_ruby_74387.zip	573
058005	アインシュタイン教授をわが国に迎えて	石原	純	新字新仮名	NDC 289	https://www.aozora.gr.jp/cards/001429/files/58005_ruby_67386.zip	341
058006	触覚について	宮城	道雄	新字新仮名	NDC 914	https://www.aozora.gr.jp/cards/001288/files/58006_ruby_61563.zip	535
058007	春深く	久保田	万太郎	新字新仮名	NDC 914	https://www.aozora.gr.jp/cards/001692/files/58007_ruby_61295.zip	345
058008	ガリレオ・ガリレイ	石原	純	新字新仮名	NDC K289	https://www.aozora.gr.jp/cards/001429/files/58008_ruby_66923.zip	484
058010	知られざる漱石	小宮	豊隆	旧字旧仮名	NDC 910	https://www.aozora.gr.jp/cards/001884/files/58010_ruby_60642.zip	401
058013	祝東京専門学校之開校	小野	梓	新字新仮名	NDC 377	https://www.aozora.gr.jp/cards/001887/files/58013_ruby_65952.zip	0
058014	十年	中島	敦	新字新仮名	NDC 914	https://www.aozora.gr.jp/cards/000119/files/58014_ruby_61294.zip	758
058020	チャールズ・ダーウィン	石原	純	新字新仮名	NDC K289	https://www.aozora.gr.jp/cards/001429/files/58020_ruby_66919.zip	401
058021	ニュートン	石原	純	新字新仮名	NDC K289	https://www.aozora.gr.jp/cards/001429/files/58021_ruby_66496.zip	445
058022	ラヴォアジエ	石原	純	新字新仮名	NDC K289	https://www.aozora.gr.jp/cards/001429/files/58022_ruby_65450.zip	332
058023	ロバート・ボイル	石原	純	新字新仮名	NDC K289	https://www.aozora.gr.jp/cards/001429/files/58023_ruby_66702.zip	278
058030	小指一本の大試合	山中	峯太郎	新字新仮名	NDC K913	https://www.aozora.gr.jp/cards/001889/files/58030_ruby_60635.zip	304
058036	狸とムジナ	柳田	国男	新字新仮名		https://www.aozora.gr.jp/cards/001566/files/58036_ruby_76024.zip	685
058045	キュリー夫人	石原	純	新字新仮名	NDC K289	https://www.aozora.gr.jp/cards/001429/files/58045_ruby_66266.zip	465
058046	グレゴール・メンデル	石原	純	新字新仮名	NDC K289	https://www.aozora.gr.jp/cards/001429/files/58046_ruby_65173.zip	353
058047	ヘルムホルツ	石原	純	新字新仮名	NDC K289	https://www.aozora.gr.jp/cards/001429/files/58047_ruby_65458.zip	365
058049	メンデレーエフ	石原	純	新字新仮名	NDC K289	https://www.aozora.gr.jp/cards/001429/files/58049_ruby_66913.zip	382
058050	「ニールスのふしぎな旅　上」まえがき	矢崎	源九郎	新字新仮名	NDC K949	https://www.aozora.gr.jp/cards/001891/files/58050_ruby_69526.zip	467
058051	「ニールスのふしぎな旅　下」まえがき	矢崎	源九郎	新字新仮名	NDC K949	https://www.aozora.gr.jp/cards/001891/files/58051_ruby_69525.zip	314
058052	ニールスのふしぎな旅	矢崎	源九郎	新字新仮名	NDC K949	https://www.aozora.gr.jp/cards/001892/files/58052_ruby_69527.zip	1090
058055	雲南守備兵	木村	荘十	新字新仮名	NDC 913	https://www.aozora.gr.jp/cards/001894/files/58055_ruby_63590.zip	386
058057	洪川禅師のことども	鈴木	大拙	新字新仮名	NDC 188	https://www.aozora.gr.jp/cards/001833/files/58057_ruby_63022.zip	392
058058	釈宗演師を語る	鈴木	大拙	新字新仮名	NDC 188	https://www.aozora.gr.jp/cards/001833/files/58058_ruby_65164.zip	310
058059	僧堂教育論	鈴木	大拙	新字新仮名	NDC 188	https://www.aozora.gr.jp/cards/001833/files/58059_ruby_61997.zip	330
058060	楞迦窟老大師の一年忌に当りて	鈴木	大拙	新字新仮名	NDC 188	https://www.aozora.gr.jp/cards/001833/files/58060_ruby_65945.zip	168
058061	鹿山庵居	鈴木	大拙	新字新仮名	NDC 188	https://www.aozora.gr.jp/cards/001833/files/58061_ruby_62773.zip	307
058065	夕張の宿	小山	清	新字新仮名	NDC 913	https://www.aozora.gr.jp/cards/001867/files/58065_ruby_62509.zip	379
058067	遊びの芸術	相馬	御風	旧字旧仮名	NDC 914	https://www.aozora.gr.jp/cards/000959/files/58067_txt_61297.zip	332
058068	孤座	相馬	御風	旧字旧仮名	NDC 914	https://www.aozora.gr.jp/cards/000959/files/58068_txt_61976.zip	313
058069	独愁	相馬	御風	旧字旧仮名	NDC 914	https://www.aozora.gr.jp/cards/000959/files/58069_txt_61978.zip	241
058083	福沢先生の処世主義と我輩の処世主義	大隈	重信	新字新仮名	NDC 159	https://www.aozora.gr.jp/cards/001879/files/58083_ruby_63791.zip	362
058085	余が平和主義の立脚点	大隈	重信	新字新仮名	NDC 319	https://www.aozora.gr.jp/cards/001879/files/58085_ruby_63487.zip	325
058086	我輩の智識吸収法	大隈	重信	新字新仮名	NDC 159	https://www.aozora.gr.jp/cards/001879/files/58086_ruby_64026.zip	436
058087	我輩は何故いつまでもすべてに於て衰えぬか	大隈	重信	新字新仮名	NDC 159	https://www.aozora.gr.jp/cards/001879/files/58087_ruby_63809.zip	360
058088	ユダヤ人のブナの木	ドロステ＝ヒュルスホフ	アネッテ・フォン	旧字新仮名	NDC 943	https://www.aozora.gr.jp/cards/001900/files/58088_ruby_60659.zip	295
058089	怒れる高村軍曹	新井	紀一	新字旧仮名	NDC 913	https://www.aozora.gr.jp/cards/001902/files/58089_txt_60622.zip	285
058090	指導物語	上田	広	新字新仮名	NDC 913	https://www.aozora.gr.jp/cards/001903/files/58090_ruby_60637.zip	272
058091	ある死、次の死	佐佐木	茂索	新字旧仮名	NDC 913	https://www.aozora.gr.jp/cards/001904/files/58091_ruby_60620.zip	291
058092	第四階級の文学	中野	秀人	新字新仮名	NDC 914	https://www.aozora.gr.jp/cards/001905/files/58092_ruby_60645.zip	92
058093	痴人の愛	谷崎	潤一郎	新字新仮名	NDC 913	https://www.aozora.gr.jp/cards/001383/files/58093_ruby_62048.zip	30479
058094	雑草雑語	河井	寛次郎	新字旧仮名	NDC 914	https://www.aozora.gr.jp/cards/001906/files/58094_ruby_63031.zip	352
058095	花	窪田	空穂	新字新仮名	NDC 914	https://www.aozora.gr.jp/cards/001907/files/58095_ruby_63625.zip	392
058096	馬鈴薯の花	亀井	勝一郎	新字新仮名	NDC 914	https://www.aozora.gr.jp/cards/001870/files/58096_ruby_60652.zip	381
058097	物語の絵画化についてなど	亀井	勝一郎	新字旧仮名	NDC 702	https://www.aozora.gr.jp/cards/001870/files/58097_ruby_63026.zip	271
058098	社日桜	河井	寛次郎	新字新仮名	NDC 914	https://www.aozora.gr.jp/cards/001906/files/58098_txt_60640.zip	240
058099	立春開門	河井	寛次郎	新字新仮名	NDC 914	https://www.aozora.gr.jp/cards/001906/files/58099_ruby_60768.zip	371
058101	運動	大隈	重信	新字新仮名	NDC 159	https://www.aozora.gr.jp/cards/001879/files/58101_ruby_64582.zip	348
058102	永久平和の先決問題	大隈	重信	新字新仮名	NDC 319	https://www.aozora.gr.jp/cards/001879/files/58102_ruby_69908.zip	373
058103	現代学生立身方法	大隈	重信	新字新仮名	NDC 159	https://www.aozora.gr.jp/cards/001879/files/58103_ruby_63202.zip	342
058106	青年の元気で奮闘する我輩の一日	大隈	重信	新字新仮名	NDC 159	https://www.aozora.gr.jp/cards/001879/files/58106_ruby_64025.zip	323
058109	大戦乱後の国際平和	大隈	重信	新字新仮名	NDC 319	https://www.aozora.gr.jp/cards/001879/files/58109_ruby_68718.zip	310
058111	日本の文明	大隈	重信	新字新仮名	NDC 210	https://www.aozora.gr.jp/cards/001879/files/58111_ruby_66674.zip	348
058113	文明史上の一新紀元	大隈	重信	新字新仮名	NDC 319	https://www.aozora.gr.jp/cards/001879/files/58113_ruby_63201.zip	239
058115	列強環視の中心に在る日本	大隈	重信	新字新仮名	NDC 319	https://www.aozora.gr.jp/cards/001879/files/58115_ruby_71120.zip	367
058117	始業式訓示	大隈	重信	新字新仮名	NDC 377	https://www.aozora.gr.jp/cards/001879/files/58117_ruby_64287.zip	327
058119	女子教育の目的	大隈	重信	新字新仮名	NDC 370	https://www.aozora.gr.jp/cards/001879/files/58119_ruby_70141.zip	268
058124	夫婦共稼ぎと女子の学問	大隈	重信	新字新仮名	NDC 367	https://www.aozora.gr.jp/cards/001879/files/58124_ruby_71646.zip	506
058126	舞姫	森	鴎外	新字新仮名	NDC 913	https://www.aozora.gr.jp/cards/000129/files/58126_ruby_73643.zip	6191
058130	妹の死	中	勘助	新字新仮名	NDC 914	https://www.aozora.gr.jp/cards/001799/files/58130_ruby_63046.zip	532
058131	能の見はじめ	中	勘助	新字旧仮名	NDC 914	https://www.aozora.gr.jp/cards/001799/files/58131_ruby_61319.zip	297
058132	独り碁	中	勘助	新字新仮名	NDC 914	https://www.aozora.gr.jp/cards/001799/files/58132_ruby_63045.zip	453
058133	かなしみ	高見	順	新字旧仮名	NDC 914	https://www.aozora.gr.jp/cards/001823/files/58133_txt_62127.zip	553
058135	生霊	久生	十蘭	新字新仮名	NDC 913	https://www.aozora.gr.jp/cards/001224/files/58135_ruby_62756.zip	562
058136	初旅の残像	安倍	能成	新字旧仮名	NDC 915	https://www.aozora.gr.jp/cards/001909/files/58136_ruby_60649.zip	160
058137	かき・みかん・かに	中島	哀浪	新字新仮名	NDC 911	https://www.aozora.gr.jp/cards/001910/files/58137_ruby_60624.zip	256
058138	枕物狂	川田	順	新字旧仮名	NDC 914	https://www.aozora.gr.jp/cards/001911/files/58138_ruby_60654.zip	229
058139	時の流れ	鈴木	大拙	新字旧仮名	NDC 180	https://www.aozora.gr.jp/cards/001833/files/58139_txt_60647.zip	539
058140	百済観音と夢殿観音と中宮寺弥勒	野間	清六	新字新仮名	NDC 718	https://www.aozora.gr.jp/cards/001912/files/58140_txt_60628.zip	341
058141	福翁自伝	石河	幹明	新字新仮名	NDC 289	https://www.aozora.gr.jp/cards/001206/files/58141_ruby_61550.zip	304
058142	二つの絵	小穴	隆一	旧字旧仮名	NDC 910	https://www.aozora.gr.jp/cards/001908/files/58142_ruby_62063.zip	411
058143	悦しき知識	深瀬	基寛	新字新仮名	NDC 930	https://www.aozora.gr.jp/cards/001913/files/58143_ruby_60661.zip	155
058144	曠日	佐佐木	茂索	新字旧仮名		https://www.aozora.gr.jp/cards/001904/files/58144_ruby_77665.zip	0
058149	結婚	中	勘助	新字新仮名	NDC 914	https://www.aozora.gr.jp/cards/001799/files/58149_ruby_64575.zip	640
058155	永遠の感覚	高村	光太郎	新字新仮名	NDC 701	https://www.aozora.gr.jp/cards/001168/files/58155_ruby_70399.zip	437
058158	奥常念岳の絶巓に立つ記	小島	烏水	新字新仮名	NDC 291 915	https://www.aozora.gr.jp/cards/000027/files/58158_ruby_69691.zip	265
058160	ジェームズ・ワット	石原	純	新字新仮名	NDC K289	https://www.aozora.gr.jp/cards/001429/files/58160_ruby_65449.zip	391
058161	トーマス・エディソン	石原	純	新字新仮名	NDC K289	https://www.aozora.gr.jp/cards/001429/files/58161_ruby_66918.zip	383
058165	絵のない絵本	アンデルセン	ハンス・クリスチャン	新字新仮名	NDC K949	https://www.aozora.gr.jp/cards/000019/files/58165_ruby_64285.zip	2269
058166	絵のない絵本	矢崎	源九郎	新字新仮名	NDC K949	https://www.aozora.gr.jp/cards/001891/files/58166_ruby_63592.zip	418
058168	石の信仰とさえの神と	折口	信夫	新字新仮名	NDC 387	https://www.aozora.gr.jp/cards/000933/files/58168_ruby_62504.zip	423
058178	書の深淵	高村	光太郎	旧字旧仮名	NDC 728	https://www.aozora.gr.jp/cards/001168/files/58178_txt_70678.zip	316
058179	書をみるたのしさ	高村	光太郎	旧字旧仮名	NDC 728	https://www.aozora.gr.jp/cards/001168/files/58179_txt_67385.zip	392
058182	唐招提寺木彫如来形像	高村	光太郎	旧字旧仮名	NDC 718	https://www.aozora.gr.jp/cards/001168/files/58182_txt_72964.zip	439
058184	美	高村	光太郎	旧字旧仮名	NDC 701	https://www.aozora.gr.jp/cards/001168/files/58184_txt_67656.zip	312
058185	生い立ちの記	小山	清	新字新仮名	NDC 914	https://www.aozora.gr.jp/cards/001867/files/58185_ruby_62754.zip	348
058186	桜林	小山	清	新字新仮名	NDC 913	https://www.aozora.gr.jp/cards/001867/files/58186_ruby_62508.zip	331
058187	落穂拾い	小山	清	新字新仮名	NDC 914	https://www.aozora.gr.jp/cards/001867/files/58187_ruby_62753.zip	375
058189	聖アンデルセン	小山	清	新字新仮名	NDC K913	https://www.aozora.gr.jp/cards/001867/files/58189_ruby_69259.zip	389
058191	早春	小山	清	新字新仮名	NDC 913	https://www.aozora.gr.jp/cards/001867/files/58191_ruby_64017.zip	364
058195	安い頭	小山	清	新字新仮名	NDC 913	https://www.aozora.gr.jp/cards/001867/files/58195_ruby_66681.zip	367
058197	メフィスト	小山	清	新字新仮名	NDC 913	https://www.aozora.gr.jp/cards/001867/files/58197_ruby_71101.zip	595
058199	クロイツェル・ソナタ	トルストイ	レオ	新字新仮名	NDC 983	https://www.aozora.gr.jp/cards/000361/files/58199_ruby_69535.zip	660
058202	一顆の栗一顆の小なし	小穴	隆一	新字旧仮名	NDC 914	https://www.aozora.gr.jp/cards/001908/files/58202_txt_61205.zip	152
058204	美	高村	光太郎	旧字新仮名	NDC 701	https://www.aozora.gr.jp/cards/001168/files/58204_txt_67655.zip	374
058205	正と譎と	高村	光太郎	旧字旧仮名	NDC 723	https://www.aozora.gr.jp/cards/001168/files/58205_txt_72770.zip	366
058216	美の影響力	高村	光太郎	旧字旧仮名	NDC 701	https://www.aozora.gr.jp/cards/001168/files/58216_txt_70677.zip	366
058230	私は隠居ではない	吉田	茂	新字新仮名	NDC 310	https://www.aozora.gr.jp/cards/001924/files/58230_ruby_63641.zip	444
058231	雨	林	芙美子	旧字旧仮名	NDC 913	https://www.aozora.gr.jp/cards/000291/files/58231_ruby_66503.zip	574
058232	うき草	林	芙美子	旧字旧仮名	NDC 913	https://www.aozora.gr.jp/cards/000291/files/58232_ruby_64915.zip	663
058233	暗い花	林	芙美子	旧字旧仮名	NDC 913	https://www.aozora.gr.jp/cards/000291/files/58233_ruby_64914.zip	478
058234	なぐさめ	林	芙美子	旧字旧仮名	NDC 913	https://www.aozora.gr.jp/cards/000291/files/58234_ruby_66280.zip	346
058235	風媒	林	芙美子	旧字旧仮名	NDC 913	https://www.aozora.gr.jp/cards/000291/files/58235_txt_68232.zip	603
058239	蝶が飛ぶ　葉っぱが飛ぶ	河井	寛次郎	新字新仮名	NDC 914	https://www.aozora.gr.jp/cards/001906/files/58239_ruby_61535.zip	385
058286	雛祭りとお彼岸	折口	信夫	新字新仮名	NDC 386	https://www.aozora.gr.jp/cards/000933/files/58286_ruby_67370.zip	435
058287	既成宗教の外	与謝野	晶子	新字新仮名	NDC 914	https://www.aozora.gr.jp/cards/000885/files/58287_ruby_63194.zip	311
058306	貧富幸不幸	幸田	露伴	新字新仮名	NDC 914	https://www.aozora.gr.jp/cards/000051/files/58306_ruby_68451.zip	474
058307	地蔵尊	徳冨	蘆花	新字新仮名	NDC 914	https://www.aozora.gr.jp/cards/000280/files/58307_ruby_65660.zip	347
058308	念仏と生活	倉田	百三	新字新仮名	NDC 914	https://www.aozora.gr.jp/cards/000256/files/58308_ruby_63804.zip	451
058310	仏像とパゴダ	高見	順	新字新仮名	NDC 718 914	https://www.aozora.gr.jp/cards/001823/files/58310_ruby_65436.zip	321
058311	現代と浄土宗	佐藤	春夫	新字新仮名	NDC 914	https://www.aozora.gr.jp/cards/001763/files/58311_ruby_63798.zip	559
058312	青年僧と叡山の老爺	若山	牧水	新字新仮名	NDC 914	https://www.aozora.gr.jp/cards/000162/files/58312_ruby_68725.zip	601
058313	冬の法隆寺詣で	正宗	白鳥	新字新仮名	NDC 914	https://www.aozora.gr.jp/cards/001581/files/58313_ruby_65963.zip	319
058314	本邦肖像彫刻技法の推移	高村	光太郎	新字新仮名	NDC 712 718	https://www.aozora.gr.jp/cards/001168/files/58314_ruby_64028.zip	246
058315	西行の眼	下村	湖人	新字新仮名	NDC 914	https://www.aozora.gr.jp/cards/001097/files/58315_ruby_63810.zip	676
058325	おじさんの話	小山	清	新字新仮名	NDC 913	https://www.aozora.gr.jp/cards/001867/files/58325_ruby_69685.zip	353
058327	聖家族	小山	清	新字新仮名	NDC 913	https://www.aozora.gr.jp/cards/001867/files/58327_ruby_71857.zip	404
058328	日日の麺麭	小山	清	新字新仮名	NDC 913	https://www.aozora.gr.jp/cards/001867/files/58328_ruby_70386.zip	370
058329	風貌	小山	清	新字新仮名	NDC 910	https://www.aozora.gr.jp/cards/001867/files/58329_ruby_68218.zip	632
058330	老人と孤独な娘	小山	清	新字新仮名	NDC 913	https://www.aozora.gr.jp/cards/001867/files/58330_ruby_67673.zip	419
058331	老人と鳩	小山	清	新字新仮名	NDC 913	https://www.aozora.gr.jp/cards/001867/files/58331_ruby_67672.zip	403
058336	又三郎の学校	小穴	隆一	新字旧仮名	NDC 914	https://www.aozora.gr.jp/cards/001908/files/58336_ruby_62077.zip	561
058337	いやな感じ	高見	順	新字新仮名	NDC 913	https://www.aozora.gr.jp/cards/001823/files/58337_ruby_69948.zip	865
058341	マロニエの花	岡本	かの子	新字新仮名	NDC 913	https://www.aozora.gr.jp/cards/000076/files/58341_ruby_74908.zip	667
058345	オペラの帰途	岡本	かの子	新字新仮名	NDC 913	https://www.aozora.gr.jp/cards/000076/files/58345_ruby_74770.zip	516
058349	餅	岡本	かの子	新字新仮名	NDC 913	https://www.aozora.gr.jp/cards/000076/files/58349_ruby_75442.zip	825
058362	ひばりの子	岡本	かの子	新字新仮名	NDC K913	https://www.aozora.gr.jp/cards/000076/files/58362_ruby_75634.zip	624
058363	花子	岡本	かの子	新字新仮名		https://www.aozora.gr.jp/cards/000076/files/58363_ruby_76044.zip	650
058364	橋	岡本	かの子	新字新仮名	NDC 914	https://www.aozora.gr.jp/cards/000076/files/58364_ruby_75285.zip	649
058395	動かぬ女	岡本	かの子	新字新仮名	NDC 913	https://www.aozora.gr.jp/cards/000076/files/58395_ruby_74909.zip	764
058396	ある日の蓮月尼	岡本	かの子	新字新仮名	NDC 912	https://www.aozora.gr.jp/cards/000076/files/58396_ruby_72617.zip	494
058400	北越雪譜	岡田	武松	新字旧仮名	NDC 914	https://www.aozora.gr.jp/cards/001930/files/58400_ruby_69156.zip	599
058401	北越雪譜	岡田	武松	新字旧仮名	NDC 914	https://www.aozora.gr.jp/cards/001930/files/58401_ruby_70228.zip	481
058413	私の思い出	柳原	白蓮	新字新仮名	NDC 914	https://www.aozora.gr.jp/cards/001934/files/58413_ruby_63639.zip	434
058428	みちのく	岡本	かの子	新字新仮名	NDC 913	https://www.aozora.gr.jp/cards/000076/files/58428_ruby_71890.zip	507
058454	今の写生文	島村	抱月	旧字旧仮名	NDC 914	https://www.aozora.gr.jp/cards/000599/files/58454_ruby_69834.zip	258
058455	現代の文脈	島村	抱月	旧字旧仮名	NDC 914	https://www.aozora.gr.jp/cards/000599/files/58455_txt_69909.zip	273
058459	あじさい	佐藤	春夫	新字新仮名	NDC 913	https://www.aozora.gr.jp/cards/001763/files/58459_txt_62514.zip	971
058490	デモクラシーのいろいろ	笠	信太郎	旧字旧仮名	NDC 310	https://www.aozora.gr.jp/cards/001937/files/58490_ruby_63619.zip	260
058491	文学史の第一着は出たり	北村	透谷	旧字旧仮名	NDC 910	https://www.aozora.gr.jp/cards/000157/files/58491_ruby_67977.zip	278
058496	『言苑』跋	新村	出	新字新仮名	NDC 813	https://www.aozora.gr.jp/cards/001938/files/58496_txt_68230.zip	0
058497	『広辞苑』自序	新村	出	新字新仮名	NDC 813	https://www.aozora.gr.jp/cards/001938/files/58497_txt_63603.zip	355
058498	『広辞苑』後記	新村	出	新字新仮名	NDC 813	https://www.aozora.gr.jp/cards/001938/files/58498_txt_65437.zip	273
058500	『言林』跋	新村	出	新字新仮名	NDC 813	https://www.aozora.gr.jp/cards/001938/files/58500_txt_68231.zip	0
058501	『言林』改訂版の序	新村	出	新字新仮名	NDC 813	https://www.aozora.gr.jp/cards/001938/files/58501_txt_67993.zip	0
058502	『言林』新版序	新村	出	新字新仮名	NDC 813	https://www.aozora.gr.jp/cards/001938/files/58502_txt_67994.zip	0
058505	『小言林』あとがき	新村	出	新字新仮名	NDC 813	https://www.aozora.gr.jp/cards/001938/files/58505_txt_67400.zip	0
058506	『新辞泉』序文	新村	出	新字新仮名	NDC 813	https://www.aozora.gr.jp/cards/001938/files/58506_txt_67399.zip	0
058508	『辞苑』跋	新村	出	新字旧仮名	NDC 813	https://www.aozora.gr.jp/cards/001938/files/58508_txt_65924.zip	175
058535	学生時代の菊池寛	恒藤	恭	旧字旧仮名	NDC 910	https://www.aozora.gr.jp/cards/001939/files/58535_txt_63596.zip	334
058540	西班牙犬の家	佐藤	春夫	新字新仮名	NDC 913	https://www.aozora.gr.jp/cards/001763/files/58540_ruby_62515.zip	495
058544	地名の研究	柳田	国男	新字新仮名	NDC 291	https://www.aozora.gr.jp/cards/001566/files/58544_ruby_68700.zip	967
058549	伊能忠敬	石原	純	新字新仮名	NDC K289	https://www.aozora.gr.jp/cards/001429/files/58549_ruby_66677.zip	710
058550	杉田玄白	石原	純	新字新仮名	NDC K289	https://www.aozora.gr.jp/cards/001429/files/58550_ruby_69513.zip	433
058551	関孝和	石原	純	新字新仮名	NDC K289	https://www.aozora.gr.jp/cards/001429/files/58551_ruby_69295.zip	636
058552	平賀源内	石原	純	新字新仮名	NDC K289	https://www.aozora.gr.jp/cards/001429/files/58552_ruby_69698.zip	589
058553	裸体美に就て	小倉	右一郎	旧字旧仮名	NDC 701	https://www.aozora.gr.jp/cards/001940/files/58553_ruby_68206.zip	442
058565	「の」の字の世界	佐藤	春夫	新字新仮名	NDC K913	https://www.aozora.gr.jp/cards/001763/files/58565_ruby_62792.zip	484
058566	稀有の文才	佐藤	春夫	新字旧仮名	NDC 910	https://www.aozora.gr.jp/cards/001763/files/58566_ruby_63502.zip	466
058573	蛾はどこにでもゐる	横光	利一	旧字旧仮名	NDC 913	https://www.aozora.gr.jp/cards/000168/files/58573_ruby_62517.zip	365
058575	プウルの傍で	中島	敦	新字新仮名	NDC 913	https://www.aozora.gr.jp/cards/000119/files/58575_ruby_64549.zip	424
058576	妻	横光	利一	旧字旧仮名	NDC 913	https://www.aozora.gr.jp/cards/000168/files/58576_ruby_63230.zip	309
058579	ラヂオ閑話	成沢	玲川	旧字旧仮名	NDC 699	https://www.aozora.gr.jp/cards/001943/files/58579_txt_66482.zip	401
058583	梅雨	横光	利一	旧字旧仮名	NDC 914	https://www.aozora.gr.jp/cards/000168/files/58583_txt_64035.zip	354
058592	小泉八雲に就てのノート	佐藤	春夫	新字旧仮名	NDC 930	https://www.aozora.gr.jp/cards/001763/files/58592_txt_64913.zip	551
058593	尊重すべき困つた代物	佐藤	春夫	新字旧仮名	NDC 914	https://www.aozora.gr.jp/cards/001763/files/58593_txt_64894.zip	622
058598	一家	中野	鈴子	新字新仮名	NDC 911	https://www.aozora.gr.jp/cards/001637/files/58598_txt_65933.zip	282
058599	小林多喜二のお母さん	中野	鈴子	新字新仮名	NDC 911	https://www.aozora.gr.jp/cards/001637/files/58599_txt_63815.zip	607
058600	母の手紙	中野	鈴子	新字新仮名	NDC 911	https://www.aozora.gr.jp/cards/001637/files/58600_ruby_68221.zip	451
058601	大根の葉	壺井	栄	新字新仮名	NDC 913	https://www.aozora.gr.jp/cards/001875/files/58601_ruby_71106.zip	658
058602	柿の木のある家	壺井	栄	新字新仮名	NDC K913	https://www.aozora.gr.jp/cards/001875/files/58602_ruby_71394.zip	584
058605	帝室論	福沢	諭吉	旧字旧仮名	NDC 288	https://www.aozora.gr.jp/cards/000296/files/58605_ruby_72434.zip	315
058607	立秋	三好	達治	旧字旧仮名	NDC 911	https://www.aozora.gr.jp/cards/001749/files/58607_ruby_68701.zip	370
058611	江戸推理川柳抄	海野	十三	新字新仮名	NDC 911	https://www.aozora.gr.jp/cards/000160/files/58611_ruby_64565.zip	577
058612	探偵会話　下駄を探せ	海野	十三	新字新仮名	NDC 914	https://www.aozora.gr.jp/cards/000160/files/58612_ruby_64566.zip	669
058613	探偵小説と犯罪事件	海野	十三	新字新仮名	NDC 914	https://www.aozora.gr.jp/cards/000160/files/58613_ruby_66497.zip	701
058620	早稲田大学	尾崎	士郎	新字新仮名		https://www.aozora.gr.jp/cards/001753/files/58620_ruby_76380.zip	532
058660	作文三篇	南方	熊楠	旧字旧仮名	NDC 289	https://www.aozora.gr.jp/cards/000093/files/58660_txt_64305.zip	378
058663	趣味の修養	会津	八一	旧字旧仮名	NDC 914	https://www.aozora.gr.jp/cards/001245/files/58663_txt_66288.zip	265
058664	綜合大学の図書	会津	八一	旧字旧仮名	NDC 914	https://www.aozora.gr.jp/cards/001245/files/58664_txt_68691.zip	321
058665	綜合大学を迎へて	会津	八一	旧字旧仮名	NDC 377 914	https://www.aozora.gr.jp/cards/001245/files/58665_txt_69529.zip	210
058666	大学とその総長	会津	八一	旧字旧仮名	NDC 377 914	https://www.aozora.gr.jp/cards/001245/files/58666_txt_69528.zip	278
058678	夏	中原	中也	新字旧仮名	NDC 914	https://www.aozora.gr.jp/cards/000026/files/58678_txt_65441.zip	720
058686	革命を待つ心	鮎川	義介	旧字旧仮名	NDC 304	https://www.aozora.gr.jp/cards/001948/files/58686_txt_63599.zip	353
058687	老人退場説	山浦	貫一	旧字旧仮名	NDC 367	https://www.aozora.gr.jp/cards/001949/files/58687_txt_63637.zip	314
058704	ある偃松の独白	中村	清太郎	新字新仮名	NDC 291	https://www.aozora.gr.jp/cards/001954/files/58704_ruby_70724.zip	0
058705	心のゆくところ（一幕）	イエイツ	ウィリアム・バトラー	新字新仮名	NDC 932	https://www.aozora.gr.jp/cards/001085/files/58705_ruby_66916.zip	202
058706	鷹の井戸（一幕）	イエイツ	ウィリアム・バトラー	新字旧仮名	NDC 932	https://www.aozora.gr.jp/cards/001085/files/58706_ruby_66708.zip	166
058707	カスリイン・ニ・フウリハン（一幕）	イエイツ	ウィリアム・バトラー	新字新仮名	NDC 932	https://www.aozora.gr.jp/cards/001085/files/58707_ruby_67394.zip	186
058709	風を喜ぶ	前田	夕暮	新字旧仮名		https://www.aozora.gr.jp/cards/000928/files/58709_txt_77145.zip	0
058710	風に吹かれる木の葉	前田	夕暮	新字旧仮名		https://www.aozora.gr.jp/cards/000928/files/58710_txt_77932.zip	0
058711	木枯	前田	夕暮	新字旧仮名		https://www.aozora.gr.jp/cards/000928/files/58711_ruby_78291.zip	0
058712	風波の日	前田	夕暮	新字旧仮名		https://www.aozora.gr.jp/cards/000928/files/58712_ruby_77834.zip	0
058734	雪	三好	達治	旧字旧仮名	NDC 911	https://www.aozora.gr.jp/cards/001749/files/58734_txt_63800.zip	363
058741	檸檬忌	三好	達治	旧字旧仮名	NDC 911	https://www.aozora.gr.jp/cards/001749/files/58741_txt_64045.zip	562
058745	雪夜　一	三好	達治	旧字旧仮名	NDC 911	https://www.aozora.gr.jp/cards/001749/files/58745_txt_64021.zip	412
058751	五階の窓	甲賀	三郎	新字新仮名	NDC 913	https://www.aozora.gr.jp/cards/000260/files/58751_ruby_67980.zip	472
058752	五階の窓	森下	雨村	新字新仮名	NDC 913	https://www.aozora.gr.jp/cards/001826/files/58752_ruby_67971.zip	391
058753	五階の窓	国枝	史郎	新字新仮名	NDC 913	https://www.aozora.gr.jp/cards/000255/files/58753_ruby_67986.zip	527
058759	産婆を意味する方言	柳田	国男	旧字旧仮名		https://www.aozora.gr.jp/cards/001566/files/58759_txt_76374.zip	617
058762	私生児を意味する方言	柳田	国男	旧字旧仮名		https://www.aozora.gr.jp/cards/001566/files/58762_txt_76499.zip	820
058793	芥川賞の人々	佐藤	春夫	新字旧仮名	NDC 910	https://www.aozora.gr.jp/cards/001763/files/58793_ruby_63501.zip	623
058798	歓喜	中野	鈴子	新字新仮名	NDC 911	https://www.aozora.gr.jp/cards/001637/files/58798_txt_66475.zip	305
058799	飢餓の中から	中野	鈴子	新字新仮名	NDC 911	https://www.aozora.gr.jp/cards/001637/files/58799_ruby_66476.zip	355
058800	月は中天に	中野	鈴子	新字新仮名	NDC 911	https://www.aozora.gr.jp/cards/001637/files/58800_txt_65934.zip	174
058801	途中で	中野	鈴子	新字新仮名	NDC 911	https://www.aozora.gr.jp/cards/001637/files/58801_ruby_66701.zip	98
058802	母の叫び	中野	鈴子	新字新仮名	NDC 911	https://www.aozora.gr.jp/cards/001637/files/58802_txt_65433.zip	227
058803	方向	中野	鈴子	新字新仮名	NDC 911	https://www.aozora.gr.jp/cards/001637/files/58803_txt_66700.zip	137
058804	わたしの正月	中野	鈴子	新字新仮名	NDC 911	https://www.aozora.gr.jp/cards/001637/files/58804_ruby_66669.zip	412
058808	素人図書館人の手記	金森	徳次郎	旧字新仮名	NDC 010	https://www.aozora.gr.jp/cards/001956/files/58808_txt_67391.zip	328
058810	未亡人と人道問題	二葉亭	四迷	新字旧仮名	NDC 367	https://www.aozora.gr.jp/cards/000006/files/58810_ruby_70926.zip	321
058812	刺青	富田	常雄	新字新仮名	NDC 913	https://www.aozora.gr.jp/cards/001958/files/58812_ruby_69282.zip	444
058813	面	富田	常雄	新字新仮名	NDC 913	https://www.aozora.gr.jp/cards/001958/files/58813_ruby_69897.zip	427
058819	露都雑記	二葉亭	四迷	新字旧仮名	NDC 914	https://www.aozora.gr.jp/cards/000006/files/58819_ruby_70681.zip	391
058820	椋のミハイロ	二葉亭	四迷	新字旧仮名	NDC 989	https://www.aozora.gr.jp/cards/001959/files/58820_ruby_70941.zip	320
058832	父八雲を語る	稲垣	巌	新字新仮名	NDC 930	https://www.aozora.gr.jp/cards/001961/files/58832_ruby_65673.zip	443
058834	江戸前の釣り	三遊亭	金馬	新字新仮名	NDC 787	https://www.aozora.gr.jp/cards/001805/files/58834_ruby_71891.zip	736
058844	井伏鱒二は悪人なるの説	佐藤	春夫	新字旧仮名	NDC 910	https://www.aozora.gr.jp/cards/001763/files/58844_txt_63807.zip	650
058848	人魚の姫	アンデルセン	ハンス・クリスチャン	新字新仮名	NDC K949	https://www.aozora.gr.jp/cards/000019/files/58848_ruby_67657.zip	1087
058849	ナイチンゲール	アンデルセン	ハンス・クリスチャン	新字新仮名	NDC K949	https://www.aozora.gr.jp/cards/000019/files/58849_ruby_66942.zip	965
058851	芥川竜之介を憶ふ	佐藤	春夫	新字旧仮名	NDC 910	https://www.aozora.gr.jp/cards/001763/files/58851_ruby_65177.zip	574
058853	歌詞とその曲	信時	潔	新字新仮名	NDC 767	https://www.aozora.gr.jp/cards/001963/files/58853_ruby_69713.zip	161
058854	望ましい音楽	信時	潔	新字新仮名	NDC 760	https://www.aozora.gr.jp/cards/001963/files/58854_ruby_68689.zip	413
058856	永井荷風といふ男	生田	葵山	旧字旧仮名	NDC 910	https://www.aozora.gr.jp/cards/000392/files/58856_ruby_66467.zip	391
058860	川端茅舎句集	高浜	虚子	新字旧仮名	NDC 911 914	https://www.aozora.gr.jp/cards/001310/files/58860_txt_65170.zip	59
058862	残雪の幻像	中村	清太郎	新字新仮名	NDC 291	https://www.aozora.gr.jp/cards/001954/files/58862_ruby_63609.zip	248
058873	絶望を与へたる者	横光	利一	新字旧仮名	NDC 914	https://www.aozora.gr.jp/cards/000168/files/58873_txt_64148.zip	445
058875	みにくいアヒルの子	アンデルセン	ハンス・クリスチャン	新字新仮名	NDC K949	https://www.aozora.gr.jp/cards/000019/files/58875_ruby_69707.zip	723
058876	天川恵三郎手記	天川	恵三郎	新字旧仮名	NDC 316	https://www.aozora.gr.jp/cards/001964/files/58876_txt_67661.zip	144
058880	国語学と国語教育	時枝	誠記	新字旧仮名	NDC 810	https://www.aozora.gr.jp/cards/001968/files/58880_txt_63605.zip	311
058881	国語学と国語教育との交渉	時枝	誠記	新字旧仮名	NDC 810	https://www.aozora.gr.jp/cards/001968/files/58881_txt_65962.zip	0
058883	政治学入門	矢部	貞治	新字新仮名	NDC 311	https://www.aozora.gr.jp/cards/001969/files/58883_ruby_63617.zip	356
058884	遺愛集	窪田	空穂	新字新仮名	NDC 911 914	https://www.aozora.gr.jp/cards/001907/files/58884_txt_69618.zip	265
058885	遺愛集	島	秋人	新字新仮名	NDC 911	https://www.aozora.gr.jp/cards/001970/files/58885_ruby_69619.zip	338
058903	新憲法の解説	吉田	茂	旧字旧仮名	NDC 323	https://www.aozora.gr.jp/cards/001924/files/58903_txt_64543.zip	402
058904	新憲法の解説	金森	徳次郎	旧字旧仮名	NDC 323	https://www.aozora.gr.jp/cards/001956/files/58904_txt_64544.zip	276
058905	新憲法の解説	林	譲治	旧字旧仮名	NDC 323	https://www.aozora.gr.jp/cards/001972/files/58905_txt_64545.zip	208
058915	ひとの不幸をともにかなしむ	吉野	秀雄	新字旧仮名	NDC 914	https://www.aozora.gr.jp/cards/001974/files/58915_ruby_68438.zip	323
058916	北のはての地に	風巻	景次郎	新字新仮名	NDC 914	https://www.aozora.gr.jp/cards/001479/files/58916_txt_66666.zip	338
058917	あとの祭り	山之口	貘	新字新仮名	NDC 914	https://www.aozora.gr.jp/cards/001693/files/58917_txt_65235.zip	566
058919	家族といふもの	亀井	勝一郎	新字旧仮名	NDC 914	https://www.aozora.gr.jp/cards/001870/files/58919_txt_66277.zip	393
058920	函館八景	亀井	勝一郎	新字旧仮名	NDC 914	https://www.aozora.gr.jp/cards/001870/files/58920_ruby_66910.zip	421
058921	一つ身の着物	壺井	栄	新字新仮名	NDC 914	https://www.aozora.gr.jp/cards/001875/files/58921_ruby_64907.zip	517
058922	忘れえぬ風景	島木	健作	新字旧仮名	NDC 914	https://www.aozora.gr.jp/cards/000008/files/58922_txt_68716.zip	315
058924	トラピスト天使園の童貞	三木	露風	新字旧仮名	NDC 914	https://www.aozora.gr.jp/cards/001976/files/58924_ruby_68225.zip	522
058926	放心教授	森	於菟	新字新仮名	NDC 490	https://www.aozora.gr.jp/cards/001977/files/58926_ruby_63631.zip	301
058929	貸借	柴田	宵曲	新字旧仮名	NDC 020	https://www.aozora.gr.jp/cards/001832/files/58929_txt_65446.zip	275
058930	中村梅玉論	三宅	周太郎	新字旧仮名	NDC 774	https://www.aozora.gr.jp/cards/001871/files/58930_ruby_63621.zip	278
058931	吉右衛門の第一印象	小宮	豊隆	新字旧仮名	NDC 774	https://www.aozora.gr.jp/cards/001884/files/58931_ruby_65640.zip	354
058932	本因坊秀哉	野上	彰	新字新仮名	NDC 795	https://www.aozora.gr.jp/cards/001927/files/58932_ruby_63635.zip	326
058934	鴨川を愛して	新村	出	新字新仮名	NDC 914	https://www.aozora.gr.jp/cards/001938/files/58934_ruby_68715.zip	359
058935	柔道と拳闘の転がり試合	富田	常雄	新字新仮名	NDC K913	https://www.aozora.gr.jp/cards/001958/files/58935_ruby_63607.zip	330
058936	秋艸道人の書について	吉野	秀雄	新字旧仮名	NDC 728	https://www.aozora.gr.jp/cards/001974/files/58936_ruby_63613.zip	133
058937	長谷川等伯の「松林図屏風」	吉野	秀雄	新字旧仮名	NDC 721	https://www.aozora.gr.jp/cards/001974/files/58937_ruby_65165.zip	415
058939	骨董品化した古珍書	宮武	外骨	新字旧仮名	NDC 024	https://www.aozora.gr.jp/cards/000063/files/58939_txt_65236.zip	376
058941	カフェー	勝本	清一郎	新字新仮名	NDC 914	https://www.aozora.gr.jp/cards/001978/files/58941_ruby_63601.zip	344
058943	山岳美観	藤原	咲平	旧字旧仮名	NDC 290 786	https://www.aozora.gr.jp/cards/002086/files/58943_txt_69051.zip	0
058947	屍体異変	森	於菟	新字新仮名	NDC 490	https://www.aozora.gr.jp/cards/001977/files/58947_txt_65776.zip	501
058949	秋の第一日	窪田	空穂	新字旧仮名	NDC 914	https://www.aozora.gr.jp/cards/001907/files/58949_ruby_68204.zip	341
058950	冬至の南瓜	窪田	空穂	新字旧仮名	NDC 914	https://www.aozora.gr.jp/cards/001907/files/58950_ruby_66494.zip	349
058951	遺愛集	島	秋人	新字新仮名	NDC 911	https://www.aozora.gr.jp/cards/001970/files/58951_ruby_63588.zip	148
058952	再びこの人を見よ	菱山	修三	新字旧仮名	NDC 910	https://www.aozora.gr.jp/cards/001979/files/58952_ruby_63629.zip	204
058954	思ひ出づるまゝに	淀野	隆三	新字旧仮名	NDC 914	https://www.aozora.gr.jp/cards/001983/files/58954_txt_63594.zip	156
058955	横光さんと梶井君	淀野	隆三	新字旧仮名	NDC 914	https://www.aozora.gr.jp/cards/001983/files/58955_ruby_67392.zip	300
058956	『辞林』緒言	金沢	庄三郎	旧字旧仮名	NDC 813	https://www.aozora.gr.jp/cards/001984/files/58956_txt_63615.zip	163
058957	広島という名の由来	薄田	太郎	新字新仮名	NDC 217	https://www.aozora.gr.jp/cards/001985/files/58957_ruby_63627.zip	365
058958	字幕閑話	秘田	余四郎	旧字旧仮名	NDC 778	https://www.aozora.gr.jp/cards/001986/files/58958_txt_63611.zip	202
058959	新しくもならぬ人生	正宗	白鳥	旧字旧仮名	NDC 914	https://www.aozora.gr.jp/cards/001581/files/58959_ruby_67369.zip	400
058960	編集者今昔	正宗	白鳥	旧字旧仮名	NDC 910	https://www.aozora.gr.jp/cards/001581/files/58960_txt_70380.zip	319
058961	回想	正宗	白鳥	旧字旧仮名	NDC 914	https://www.aozora.gr.jp/cards/001581/files/58961_txt_67371.zip	377
058963	今日は無事	正宗	白鳥	旧字旧仮名	NDC 914	https://www.aozora.gr.jp/cards/001581/files/58963_ruby_69301.zip	643
058982	金貨	森	鴎外	新字旧仮名	NDC 913	https://www.aozora.gr.jp/cards/000129/files/58982_ruby_72616.zip	630
058983	魔睡	森	鴎外	新字旧仮名	NDC 913	https://www.aozora.gr.jp/cards/000129/files/58983_ruby_72444.zip	772
059002	小品四つ	中	勘助	新字新仮名	NDC 914	https://www.aozora.gr.jp/cards/001799/files/59002_ruby_67956.zip	430
059003	母の死	中	勘助	新字新仮名	NDC 914	https://www.aozora.gr.jp/cards/001799/files/59003_ruby_64574.zip	458
059004	山岳浄土	中村	清太郎	新字新仮名	NDC 786	https://www.aozora.gr.jp/cards/001954/files/59004_ruby_66491.zip	269
059005	穂高岳屏風岩にて	早川	鮎子	新字新仮名	NDC 786	https://www.aozora.gr.jp/cards/001989/files/59005_txt_63633.zip	295
059015	胆石	中	勘助	新字新仮名	NDC 914	https://www.aozora.gr.jp/cards/001799/files/59015_ruby_67983.zip	279
059016	現代作家は古典をどうみるか	芥川	紗織	新字新仮名	NDC 723	https://www.aozora.gr.jp/cards/001990/files/59016_txt_64577.zip	280
059020	和紙	東野辺	薫	新字新仮名		https://www.aozora.gr.jp/cards/001991/files/59020_ruby_77303.zip	0
059021	三度会った巡査	森	律子	新字新仮名	NDC 775	https://www.aozora.gr.jp/cards/001992/files/59021_txt_68450.zip	492
059022	民芸品の部屋で	芥川	紗織	新字新仮名	NDC 723	https://www.aozora.gr.jp/cards/001990/files/59022_txt_64578.zip	87
059024	悲しみの代価	横光	利一	旧字旧仮名	NDC 913	https://www.aozora.gr.jp/cards/000168/files/59024_ruby_72776.zip	449
059028	運命について	尾崎	士郎	新字新仮名	NDC 913	https://www.aozora.gr.jp/cards/001753/files/59028_ruby_72597.zip	461
059033	十三夜	尾崎	士郎	新字新仮名	NDC 913	https://www.aozora.gr.jp/cards/001753/files/59033_ruby_70148.zip	489
059038	叛骨・中野正剛	尾崎	士郎	新字新仮名		https://www.aozora.gr.jp/cards/001753/files/59038_ruby_76386.zip	491
059047	秘密礼拝式	ブラックウッド	アルジャーノン	新字新仮名	NDC 933	https://www.aozora.gr.jp/cards/001951/files/59047_ruby_66477.zip	552
059048	井戸	ジェイコブス	ウイリアム・ワイマーク	新字新仮名	NDC 933	https://www.aozora.gr.jp/cards/001995/files/59048_ruby_65645.zip	416
059054	あつき手を挙ぐ	中野	鈴子	新字新仮名	NDC 911	https://www.aozora.gr.jp/cards/001637/files/59054_txt_68220.zip	122
059055	ある日	中野	鈴子	新字新仮名	NDC 911	https://www.aozora.gr.jp/cards/001637/files/59055_ruby_69901.zip	380
059056	お前は此の頃よくねむる	中野	鈴子	新字新仮名	NDC 911	https://www.aozora.gr.jp/cards/001637/files/59056_txt_69903.zip	407
059057	ふしあわせ者のうた	中野	鈴子	新字新仮名	NDC 911	https://www.aozora.gr.jp/cards/001637/files/59057_txt_69936.zip	586
059058	スペインの女	中野	鈴子	新字新仮名	NDC 911	https://www.aozora.gr.jp/cards/001637/files/59058_txt_69937.zip	472
059064	「絵画の見かた」あとがき	中村	研一	旧字新仮名	NDC 720	https://www.aozora.gr.jp/cards/001996/files/59064_txt_65452.zip	150
059065	ロマンチツクな絵本	三岸	好太郎	新字旧仮名	NDC 911	https://www.aozora.gr.jp/cards/001997/files/59065_txt_67686.zip	613
059068	外交の後援	大石	誠之助	新字旧仮名		https://www.aozora.gr.jp/cards/001998/files/59068_ruby_76839.zip	0
059069	文明の強売	大石	誠之助	新字旧仮名		https://www.aozora.gr.jp/cards/001998/files/59069_ruby_76504.zip	273
059071	氷島の漁夫	吉江	喬松	旧字旧仮名	NDC 953	https://www.aozora.gr.jp/cards/001411/files/59071_ruby_69918.zip	274
059075	二百二十日	高浜	虚子	旧字旧仮名	NDC 914	https://www.aozora.gr.jp/cards/001310/files/59075_txt_72625.zip	352
059076	月見草	山之口	貘	新字新仮名	NDC 914	https://www.aozora.gr.jp/cards/001693/files/59076_txt_73653.zip	689
059077	滝しぶき	吉野	秀雄	新字新仮名	NDC 914	https://www.aozora.gr.jp/cards/001974/files/59077_ruby_73647.zip	396
059078	画界漫言	菱田	春草	新字旧仮名	NDC 721	https://www.aozora.gr.jp/cards/001999/files/59078_txt_69049.zip	0
059080	連翹の花	新村	出	新字旧仮名	NDC 914	https://www.aozora.gr.jp/cards/001938/files/59080_txt_69260.zip	322
059081	蕗の薹	新村	出	新字旧仮名	NDC 914	https://www.aozora.gr.jp/cards/001938/files/59081_txt_71414.zip	360
059086	呪はれた手	葛西	善蔵	新字旧仮名		https://www.aozora.gr.jp/cards/000984/files/59086_txt_75875.zip	681
059087	ゆふすげびと	立原	道造	新字旧仮名		https://www.aozora.gr.jp/cards/000011/files/59087_txt_77126.zip	0
059088	牡丹句録	正岡	子規	新字旧仮名		https://www.aozora.gr.jp/cards/000305/files/59088_ruby_76370.zip	530
059112	北越雪譜	岡田	武松	新字旧仮名	NDC 914	https://www.aozora.gr.jp/cards/001931/files/59112_ruby_65669.zip	363
059113	北越雪譜	岡田	武松	新字旧仮名	NDC 914	https://www.aozora.gr.jp/cards/001932/files/59113_ruby_65670.zip	478
059114	北越雪譜	岡田	武松	新字旧仮名	NDC 914	https://www.aozora.gr.jp/cards/001932/files/59114_ruby_69943.zip	196
059115	北越雪譜	岡田	武松	新字旧仮名	NDC 914	https://www.aozora.gr.jp/cards/001932/files/59115_ruby_69944.zip	287
059116	北越雪譜	岡田	武松	新字旧仮名	NDC 914	https://www.aozora.gr.jp/cards/001931/files/59116_ruby_71413.zip	206
059117	北越雪譜	岡田	武松	新字旧仮名	NDC 914	https://www.aozora.gr.jp/cards/001931/files/59117_ruby_71612.zip	326
059133	山岳美観	吉江	喬松	旧字旧仮名	NDC 290 786	https://www.aozora.gr.jp/cards/000220/files/59133_ruby_69022.zip	408
059134	紅葉	伊藤	左千夫	旧字旧仮名	NDC 911 915	https://www.aozora.gr.jp/cards/000058/files/59134_ruby_69043.zip	415
059135	新憲法の解説	山浦	貫一	旧字旧仮名	NDC 323	https://www.aozora.gr.jp/cards/001949/files/59135_txt_70912.zip	181
059136	新憲法の解説	日本国		旧字旧仮名	NDC 323	https://www.aozora.gr.jp/cards/001528/files/59136_txt_69501.zip	451
059137	日本国憲法	日本国		旧字旧仮名	NDC 323	https://www.aozora.gr.jp/cards/001528/files/59137_txt_66259.zip	742
059145	巌頭の感	藤村	操	新字新仮名	NDC 289	https://www.aozora.gr.jp/cards/002003/files/59145_ruby_67982.zip	289
059147	火の点いた煙草	横光	利一	新字旧仮名	NDC 913	https://www.aozora.gr.jp/cards/000168/files/59147_ruby_66502.zip	309
059150	そぞろごと	与謝野	晶子	旧字旧仮名	NDC 911	https://www.aozora.gr.jp/cards/000885/files/59150_ruby_67992.zip	436
059164	南嶋を思いて	新村	出	新字新仮名	NDC 219	https://www.aozora.gr.jp/cards/001938/files/59164_ruby_71858.zip	247
059165	「私」小説と「心境」小説	久米	正雄	新字旧仮名	NDC 913	https://www.aozora.gr.jp/cards/001151/files/59165_ruby_74391.zip	393
059172	戦争医学の汚辱にふれて	平光	吾一	新字新仮名	NDC 915	https://www.aozora.gr.jp/cards/002008/files/59172_txt_67978.zip	766
059185	道程	高村	光太郎	旧字旧仮名	NDC 911	https://www.aozora.gr.jp/cards/001168/files/59185_ruby_75130.zip	934
059186	無法な火葬	小泉	八雲	旧字旧仮名		https://www.aozora.gr.jp/cards/000258/files/59186_ruby_76218.zip	825
059189	鉛筆のしん	中谷	宇吉郎	新字新仮名	NDC 914	https://www.aozora.gr.jp/cards/001569/files/59189_txt_70939.zip	670
059197	捨てる文化	中谷	宇吉郎	新字新仮名	NDC 914	https://www.aozora.gr.jp/cards/001569/files/59197_ruby_71092.zip	711
059226	不器男句集	吉岡	禅寺洞	新字旧仮名	NDC 911 914	https://www.aozora.gr.jp/cards/002013/files/59226_txt_67390.zip	263
059227	氷島の漁夫	吉江	喬松	旧字旧仮名	NDC 953 954	https://www.aozora.gr.jp/cards/000220/files/59227_ruby_69919.zip	61
059235	生涯の垣根	室生	犀星	新字新仮名	NDC 913	https://www.aozora.gr.jp/cards/001579/files/59235_ruby_67407.zip	441
059236	漁師の娘	徳冨	蘆花	新字新仮名	NDC 913	https://www.aozora.gr.jp/cards/000280/files/59236_ruby_69683.zip	446
059261	雪の女王	アンデルセン	ハンス・クリスチャン	新字新仮名	NDC K949	https://www.aozora.gr.jp/cards/000019/files/59261_ruby_72279.zip	800
059303	小泉八雲の家庭生活	萩原	朔太郎	新字新仮名	NDC 930	https://www.aozora.gr.jp/cards/000067/files/59303_ruby_73444.zip	689
059311	谷崎文学の代表作「細雪」	佐藤	春夫	新字旧仮名	NDC 914	https://www.aozora.gr.jp/cards/001763/files/59311_txt_71252.zip	697
059317	梶井君	三好	達治	旧字旧仮名	NDC 911	https://www.aozora.gr.jp/cards/001749/files/59317_ruby_67403.zip	413
059318	白根山	三好	達治	旧字旧仮名	NDC 911	https://www.aozora.gr.jp/cards/001749/files/59318_ruby_68229.zip	407
059326	芥川君との交際について	萩原	朔太郎	旧字旧仮名	NDC 914	https://www.aozora.gr.jp/cards/000067/files/59326_ruby_68453.zip	747
059327	芥川竜之介の死	萩原	朔太郎	旧字旧仮名	NDC 914	https://www.aozora.gr.jp/cards/000067/files/59327_ruby_71250.zip	837
059328	永遠の詩人	萩原	朔太郎	旧字旧仮名	NDC 911	https://www.aozora.gr.jp/cards/000067/files/59328_txt_72790.zip	507
059332	所得人　室生犀星	萩原	朔太郎	旧字旧仮名	NDC 914	https://www.aozora.gr.jp/cards/000067/files/59332_txt_72793.zip	468
059333	中原中也君の印象	萩原	朔太郎	旧字旧仮名	NDC 914	https://www.aozora.gr.jp/cards/000067/files/59333_txt_69292.zip	637
059346	映画『新・平家物語』	溝口	健二	新字新仮名	NDC 778	https://www.aozora.gr.jp/cards/001272/files/59346_txt_70937.zip	668
059347	政府を拘束しない	池田	勇人	新字新仮名		https://www.aozora.gr.jp/cards/002023/files/59347_txt_76716.zip	429
059352	亡鏡花君を語る	徳田	秋声	新字旧仮名	NDC 910	https://www.aozora.gr.jp/cards/000023/files/59352_ruby_71618.zip	351
059354	黄色い鋼鉄船	三岸	好太郎	新字旧仮名	NDC 911	https://www.aozora.gr.jp/cards/001997/files/59354_txt_70706.zip	297
059355	上海の絵本	三岸	好太郎	新字旧仮名	NDC 911	https://www.aozora.gr.jp/cards/001997/files/59355_ruby_68421.zip	391
059356	赤い駱駝	梅崎	春生	新字新仮名	NDC 913	https://www.aozora.gr.jp/cards/001798/files/59356_txt_71240.zip	373
059357	悲しめる顔	横光	利一	新字旧仮名	NDC 913	https://www.aozora.gr.jp/cards/000168/files/59357_ruby_70406.zip	423
059364	晩菊	林	芙美子	新字新仮名	NDC 913	https://www.aozora.gr.jp/cards/000291/files/59364_ruby_69715.zip	442
059373	お墓の中の坊や	アンデルセン	ハンス・クリスチャン	新字新仮名	NDC K949	https://www.aozora.gr.jp/cards/000019/files/59373_ruby_70154.zip	704
059379	訪西行庵記	島崎	藤村	旧字旧仮名	NDC 914	https://www.aozora.gr.jp/cards/000158/files/59379_txt_74905.zip	516
059380	山家ものがたり	島崎	藤村	旧字旧仮名	NDC 913	https://www.aozora.gr.jp/cards/000158/files/59380_ruby_73846.zip	731
059381	ラクダイ横町	岡本	良雄	新字新仮名		https://www.aozora.gr.jp/cards/002026/files/59381_ruby_77284.zip	0
059384	三人兄弟	菊池	寛	新字新仮名	NDC K913	https://www.aozora.gr.jp/cards/000083/files/59384_ruby_69709.zip	671
059386	涙をもつて正義をささえる	金森	徳次郎	新字新仮名	NDC 327	https://www.aozora.gr.jp/cards/001956/files/59386_txt_68216.zip	269
059393	「ぴ・い・ぷ・る」	芥川	紗織	新字新仮名	NDC 723	https://www.aozora.gr.jp/cards/001990/files/59393_txt_75444.zip	681
059401	身上話	森	鴎外	旧字旧仮名	NDC 913	https://www.aozora.gr.jp/cards/000129/files/59401_txt_70144.zip	610
059403	黒岩山を探る	沼井	鉄太郎	旧字旧仮名	NDC 291	https://www.aozora.gr.jp/cards/002032/files/59403_ruby_73634.zip	382
059412	登山趣味	正宗	白鳥	新字新仮名	NDC 786	https://www.aozora.gr.jp/cards/001581/files/59412_ruby_71895.zip	359
059413	富士登山	高浜	虚子	新字新仮名	NDC 915	https://www.aozora.gr.jp/cards/001310/files/59413_ruby_70153.zip	555
059415	八ガ岳に追いかえされる	梅崎	春生	新字新仮名	NDC 915	https://www.aozora.gr.jp/cards/001798/files/59415_ruby_70140.zip	302
059416	武甲山に登る	河井	酔茗	新字新仮名	NDC 915	https://www.aozora.gr.jp/cards/001861/files/59416_ruby_69923.zip	247
059417	八※［＃小書き片仮名ガ］岳登山記	亀井	勝一郎	新字新仮名	NDC 291 915	https://www.aozora.gr.jp/cards/001870/files/59417_ruby_69516.zip	274
059418	烏帽子岳の頂上	窪田	空穂	新字新仮名	NDC 915	https://www.aozora.gr.jp/cards/001907/files/59418_ruby_71085.zip	371
059419	穂高岳	幸田	露伴	新字新仮名	NDC 915	https://www.aozora.gr.jp/cards/000051/files/59419_ruby_71261.zip	345
059420	それからそれ	宇野	浩二	新字新仮名	NDC 914	https://www.aozora.gr.jp/cards/001533/files/59420_ruby_71254.zip	406
059421	女子霧ヶ峰登山記	島木	赤彦	新字新仮名	NDC 915	https://www.aozora.gr.jp/cards/000265/files/59421_ruby_70427.zip	229
059422	登山は冒険なり	河東	碧梧桐	新字新仮名	NDC 915	https://www.aozora.gr.jp/cards/000510/files/59422_ruby_70161.zip	746
059423	高きへ憧れる心	与謝野	晶子	新字新仮名	NDC 914	https://www.aozora.gr.jp/cards/000885/files/59423_ruby_70956.zip	545
059424	生霊	小泉	八雲	新字新仮名	NDC 933	https://www.aozora.gr.jp/cards/000258/files/59424_ruby_71647.zip	1111
059425	おかめのはなし	小泉	八雲	新字新仮名	NDC 933	https://www.aozora.gr.jp/cards/000258/files/59425_ruby_71116.zip	758
059426	雉子のはなし	小泉	八雲	新字新仮名	NDC 933	https://www.aozora.gr.jp/cards/000258/files/59426_ruby_71648.zip	852
059427	死霊	小泉	八雲	新字新仮名	NDC 933	https://www.aozora.gr.jp/cards/000258/files/59427_ruby_69700.zip	970
059428	常識	小泉	八雲	新字新仮名	NDC 933	https://www.aozora.gr.jp/cards/000258/files/59428_ruby_69286.zip	778
059429	茶碗の中	小泉	八雲	新字新仮名	NDC 933	https://www.aozora.gr.jp/cards/000258/files/59429_ruby_69699.zip	855
059430	忠五郎のはなし	小泉	八雲	新字新仮名	NDC 933	https://www.aozora.gr.jp/cards/000258/files/59430_ruby_71117.zip	737
059431	蠅のはなし	大谷	正信	新字新仮名	NDC 933	https://www.aozora.gr.jp/cards/000258/files/59431_ruby_69520.zip	745
059432	幽霊滝の伝説	小泉	八雲	新字新仮名	NDC 933	https://www.aozora.gr.jp/cards/000258/files/59432_ruby_69220.zip	965
059433	故郷	佐藤	春夫	新字新仮名	NDC 923	https://www.aozora.gr.jp/cards/001124/files/59433_ruby_73154.zip	761
059434	吸血鬼	佐藤	春夫	新字旧仮名		https://www.aozora.gr.jp/cards/002039/files/59434_ruby_76391.zip	793
059435	兎と亀	菊池	寛	新字新仮名	NDC K933	https://www.aozora.gr.jp/cards/001722/files/59435_ruby_73660.zip	802
059437	徹した個人主義	佐藤	春夫	新字新仮名	NDC 910	https://www.aozora.gr.jp/cards/001763/files/59437_ruby_75288.zip	497
059445	スウィス日記	辻村	伊助	新字新仮名	NDC 293	https://www.aozora.gr.jp/cards/000277/files/59445_ruby_74003.zip	396
059446	続スウィス日記（千九百二十三年稿）	辻村	伊助	新字新仮名	NDC 293	https://www.aozora.gr.jp/cards/000277/files/59446_ruby_75280.zip	336
059448	歪んだ窓	山川	方夫	新字新仮名	NDC 913	https://www.aozora.gr.jp/cards/001801/files/59448_ruby_70152.zip	594
059449	予感	山川	方夫	新字新仮名	NDC 913	https://www.aozora.gr.jp/cards/001801/files/59449_txt_71094.zip	1563
059453	国語科学習指導要領試案（文法編）	時枝	誠記	新字旧仮名	NDC 375	https://www.aozora.gr.jp/cards/001968/files/59453_txt_74566.zip	414
059458	文学教育と言語教育	時枝	誠記	新字旧仮名		https://www.aozora.gr.jp/cards/001968/files/59458_txt_76720.zip	361
059471	憲政の本義を説いてその有終の美を済すの途を論ず	吉野	作造	新字新仮名		https://www.aozora.gr.jp/cards/000323/files/59471_ruby_77802.zip	0
059473	月に吠える	北原	白秋	新字旧仮名	NDC 911 914	https://www.aozora.gr.jp/cards/000106/files/59473_ruby_67970.zip	564
059477	水車のある教会	オー・ヘンリー		旧字旧仮名	NDC 933	https://www.aozora.gr.jp/cards/000097/files/59477_ruby_71081.zip	2036
059480	性格と表情	小津	安二郎	新字新仮名	NDC 778	https://www.aozora.gr.jp/cards/001761/files/59480_txt_69690.zip	702
059491	乞食	田中	早苗	新字新仮名	NDC 953	https://www.aozora.gr.jp/cards/000326/files/59491_ruby_71878.zip	712
059492	自責	田中	早苗	新字新仮名	NDC 953	https://www.aozora.gr.jp/cards/000326/files/59492_ruby_72092.zip	646
059493	十時五十分の急行	田中	早苗	新字新仮名	NDC 953	https://www.aozora.gr.jp/cards/000326/files/59493_ruby_70701.zip	640
059494	ふみたば	田中	早苗	新字新仮名	NDC 953	https://www.aozora.gr.jp/cards/000326/files/59494_ruby_68732.zip	621
059495	碧眼	田中	早苗	新字新仮名	NDC 953	https://www.aozora.gr.jp/cards/000326/files/59495_ruby_72269.zip	569
059496	無駄骨	田中	早苗	新字新仮名	NDC 953	https://www.aozora.gr.jp/cards/000326/files/59496_ruby_72442.zip	566
059497	ペルゴレーズ街の殺人事件	田中	早苗	新字新仮名	NDC 953	https://www.aozora.gr.jp/cards/000326/files/59497_ruby_68733.zip	862
059498	カエルの王さま	グリム	ヴィルヘルム・カール	新字新仮名	NDC K943	https://www.aozora.gr.jp/cards/001091/files/59498_ruby_71637.zip	654
059500	海潮の響	吉江	喬松	新字旧仮名		https://www.aozora.gr.jp/cards/000220/files/59500_ruby_76195.zip	395
059502	美容院にのぞむこと	芥川	紗織	旧字新仮名	NDC 595	https://www.aozora.gr.jp/cards/001990/files/59502_ruby_74786.zip	422
059504	同居人荷風	小西	茂也	新字新仮名	NDC 915	https://www.aozora.gr.jp/cards/002048/files/59504_ruby_69922.zip	277
059507	琉球史の趨勢	伊波	普猷	新字新仮名	NDC 219	https://www.aozora.gr.jp/cards/000232/files/59507_ruby_71408.zip	363
059518	うまい商売	グリム	ヴィルヘルム・カール	新字新仮名	NDC K943	https://www.aozora.gr.jp/cards/001091/files/59518_ruby_70156.zip	692
059519	こわいことを知りたくて旅にでかけた男の話	グリム	ヴィルヘルム・カール	新字新仮名	NDC K943	https://www.aozora.gr.jp/cards/001091/files/59519_ruby_69696.zip	790
059521	オオカミと七ひきの子ヤギ	グリム	ヴィルヘルム・カール	新字新仮名	NDC K943	https://www.aozora.gr.jp/cards/001091/files/59521_ruby_71638.zip	660
059527	お茶好き小話	吉野	秀雄	新字旧仮名		https://www.aozora.gr.jp/cards/001974/files/59527_ruby_77325.zip	0
059531	お守り	山川	方夫	新字新仮名	NDC 913	https://www.aozora.gr.jp/cards/001801/files/59531_ruby_72621.zip	585
059532	夏の葬列	山川	方夫	新字新仮名	NDC 913	https://www.aozora.gr.jp/cards/001801/files/59532_ruby_70151.zip	1239
059536	かわいそうな粉ひきの若いものと小猫	金田	鬼一	新字新仮名	NDC K943	https://www.aozora.gr.jp/cards/001091/files/59536_ruby_69497.zip	455
059537	窓	古賀	春江	新字新仮名	NDC 911	https://www.aozora.gr.jp/cards/002050/files/59537_txt_69032.zip	377
059538	天に続く道	松本	竣介	新字新仮名	NDC 911	https://www.aozora.gr.jp/cards/002051/files/59538_txt_68205.zip	357
059539	「古琉球」改版に際して	伊波	普猷	新字新仮名	NDC 219	https://www.aozora.gr.jp/cards/000232/files/59539_ruby_72774.zip	118
059540	「古琉球」自序	伊波	普猷	新字新仮名	NDC 219	https://www.aozora.gr.jp/cards/000232/files/59540_ruby_70402.zip	252
059589	字の書き方	中谷	宇吉郎	新字新仮名	NDC 728	https://www.aozora.gr.jp/cards/001569/files/59589_txt_72612.zip	650
059602	弓と鉄砲	中谷	宇吉郎	新字新仮名	NDC 914	https://www.aozora.gr.jp/cards/001569/files/59602_ruby_73169.zip	624
059610	空家	田中	早苗	新字新仮名	NDC 953	https://www.aozora.gr.jp/cards/000326/files/59610_ruby_74581.zip	645
059611	暗中の接吻	田中	早苗	新字新仮名	NDC 953	https://www.aozora.gr.jp/cards/000326/files/59611_ruby_74593.zip	690
059613	孤独	田中	早苗	新字新仮名	NDC 953	https://www.aozora.gr.jp/cards/000326/files/59613_ruby_74568.zip	674
059614	誤診	田中	早苗	新字新仮名	NDC 953	https://www.aozora.gr.jp/cards/000326/files/59614_ruby_74392.zip	820
059617	小さきもの	田中	早苗	新字新仮名	NDC 953	https://www.aozora.gr.jp/cards/000326/files/59617_ruby_74771.zip	692
059623	麦畑	田中	早苗	新字新仮名	NDC 953	https://www.aozora.gr.jp/cards/000326/files/59623_ruby_75138.zip	749
059625	老嬢と猫	田中	早苗	新字新仮名	NDC 953	https://www.aozora.gr.jp/cards/000326/files/59625_ruby_75151.zip	789
059627	フェリシテ	田中	早苗	新字新仮名	NDC 953	https://www.aozora.gr.jp/cards/000326/files/59627_ruby_75276.zip	636
059628	ラ・ベル・フィユ号の奇妙な航海	田中	早苗	新字新仮名	NDC 953	https://www.aozora.gr.jp/cards/000326/files/59628_ruby_75286.zip	804
059640	ラプンツェル	グリム	ヴィルヘルム・カール	新字新仮名	NDC K943	https://www.aozora.gr.jp/cards/001091/files/59640_ruby_72265.zip	904
059684	初めて鏡花先生に御目にかゝつた時	小村	雪岱	新字旧仮名	NDC 914	https://www.aozora.gr.jp/cards/001268/files/59684_txt_69502.zip	445
059689	冬彦抄	横光	利一	新字旧仮名	NDC 914	https://www.aozora.gr.jp/cards/000168/files/59689_txt_70696.zip	359
059721	夜間教育の振興	嘉納	治五郎	旧字旧仮名	NDC 376	https://www.aozora.gr.jp/cards/002083/files/59721_txt_71896.zip	180
059722	表紙絵について	芥川	紗織	新字新仮名	NDC 723	https://www.aozora.gr.jp/cards/001990/files/59722_txt_73178.zip	193
059723	“青い顔”	間所	紗織	新字新仮名	NDC 723	https://www.aozora.gr.jp/cards/002085/files/59723_txt_69949.zip	453
059724	青君の追跡	チェスタートン	ギルバート・キース	新字新仮名	NDC 933	https://www.aozora.gr.jp/cards/001123/files/59724_ruby_75448.zip	688
059725	共産主義者の犯罪	チェスタートン	ギルバート・キース	新字新仮名	NDC 933	https://www.aozora.gr.jp/cards/001123/files/59725_ruby_75627.zip	678
059726	古書の呪い	チェスタートン	ギルバート・キース	新字新仮名	NDC 933	https://www.aozora.gr.jp/cards/001123/files/59726_ruby_73425.zip	761
059727	手早い奴	チェスタートン	ギルバート・キース	新字新仮名	NDC 933	https://www.aozora.gr.jp/cards/001123/files/59727_ruby_73186.zip	716
059728	とけない問題	チェスタートン	ギルバート・キース	新字新仮名	NDC 933	https://www.aozora.gr.jp/cards/001123/files/59728_ruby_73426.zip	776
059729	緑色の人	チェスタートン	ギルバート・キース	新字新仮名	NDC 933	https://www.aozora.gr.jp/cards/001123/files/59729_txt_74171.zip	585
059730	村の吸血鬼	チェスタートン	ギルバート・キース	新字新仮名	NDC 933	https://www.aozora.gr.jp/cards/001123/files/59730_ruby_75419.zip	684
059731	ピンの先き	チェスタートン	ギルバート・キース	新字新仮名	NDC 933	https://www.aozora.gr.jp/cards/001123/files/59731_ruby_75274.zip	525
059732	ブラウン神父の醜聞	チェスタートン	ギルバート・キース	新字新仮名	NDC 933	https://www.aozora.gr.jp/cards/001123/files/59732_ruby_73185.zip	1066
059734	おしどり	小泉	八雲	新字新仮名		https://www.aozora.gr.jp/cards/000258/files/59734_ruby_76205.zip	711
059735	お貞のはなし	小泉	八雲	新字新仮名		https://www.aozora.gr.jp/cards/000258/files/59735_txt_76734.zip	447
059738	術数	小泉	八雲	新字新仮名		https://www.aozora.gr.jp/cards/000258/files/59738_ruby_76217.zip	786
059741	「四季」緒言	滝	廉太郎	新字旧仮名	NDC 767	https://www.aozora.gr.jp/cards/000633/files/59741_ruby_73848.zip	581
059744	白ヘビ	グリム	ヴィルヘルム・カール	新字新仮名	NDC K943	https://www.aozora.gr.jp/cards/001091/files/59744_ruby_71410.zip	659
059745	灰かぶり	グリム	ヴィルヘルム・カール	新字新仮名	NDC K943	https://www.aozora.gr.jp/cards/001091/files/59745_ruby_74079.zip	790
059746	漁師とそのおかみさんの話	グリム	ヴィルヘルム・カール	新字新仮名	NDC K943	https://www.aozora.gr.jp/cards/001091/files/59746_ruby_72086.zip	676
059748	ヘンゼルとグレーテル	グリム	ヴィルヘルム・カール	新字新仮名	NDC K943	https://www.aozora.gr.jp/cards/001091/files/59748_ruby_74027.zip	959
059749	軽井沢より	正宗	白鳥	旧字旧仮名	NDC 915	https://www.aozora.gr.jp/cards/001581/files/59749_ruby_70686.zip	300
059760	「悪魔の足跡」	中谷	宇吉郎	新字新仮名	NDC 914	https://www.aozora.gr.jp/cards/001569/files/59760_txt_73438.zip	727
059770	紙の行方	中谷	宇吉郎	新字新仮名		https://www.aozora.gr.jp/cards/001569/files/59770_ruby_76383.zip	633
059775	果物の天国	中谷	宇吉郎	新字新仮名	NDC 914	https://www.aozora.gr.jp/cards/001569/files/59775_txt_73439.zip	722
059777	校正の話	中谷	宇吉郎	新字新仮名		https://www.aozora.gr.jp/cards/001569/files/59777_ruby_75879.zip	673
059780	御馳走の話	中谷	宇吉郎	新字新仮名	NDC 596	https://www.aozora.gr.jp/cards/001569/files/59780_ruby_75639.zip	787
059781	『死者の書』	中谷	宇吉郎	新字新仮名	NDC 913	https://www.aozora.gr.jp/cards/001569/files/59781_ruby_74896.zip	726
059799	ものは考えよう	中谷	宇吉郎	新字新仮名	NDC 914	https://www.aozora.gr.jp/cards/001569/files/59799_txt_73839.zip	749
059819	寝たらぬ日記	横光	利一	旧字旧仮名	NDC 915	https://www.aozora.gr.jp/cards/000168/files/59819_txt_69714.zip	415
059823	『悲しき玩具』を読む	伊藤	左千夫	新字旧仮名	NDC 911	https://www.aozora.gr.jp/cards/000058/files/59823_ruby_72620.zip	650
059824	小さな庭	原	民喜	新字旧仮名	NDC 911	https://www.aozora.gr.jp/cards/000293/files/59824_ruby_70398.zip	417
059825	ある時刻	原	民喜	新字旧仮名	NDC 911	https://www.aozora.gr.jp/cards/000293/files/59825_txt_71651.zip	302
059830	赤いステッキ	壺井	栄	新字新仮名	NDC 913	https://www.aozora.gr.jp/cards/001875/files/59830_ruby_71393.zip	447
059835	赤ずきん	グリム	ヴィルヘルム・カール	新字新仮名	NDC K943	https://www.aozora.gr.jp/cards/001091/files/59835_ruby_72426.zip	965
059836	歌をうたう骨	グリム	ヴィルヘルム・カール	新字新仮名	NDC K943	https://www.aozora.gr.jp/cards/001091/files/59836_ruby_74915.zip	872
059837	おりこうハンス	グリム	ヴィルヘルム・カール	新字新仮名	NDC K943	https://www.aozora.gr.jp/cards/001091/files/59837_ruby_74914.zip	778
059838	三本の金の髪の毛をもっている鬼	グリム	ヴィルヘルム・カール	新字新仮名	NDC K943	https://www.aozora.gr.jp/cards/001091/files/59838_ruby_74390.zip	727
059842	なぞ	グリム	ヴィルヘルム・カール	新字新仮名	NDC K943	https://www.aozora.gr.jp/cards/001091/files/59842_ruby_72457.zip	822
059847	ブレーメンの音楽師	グリム	ヴィルヘルム・カール	新字新仮名	NDC K943	https://www.aozora.gr.jp/cards/001091/files/59847_ruby_72628.zip	646
059848	ホレおばあさん	グリム	ヴィルヘルム・カール	新字新仮名	NDC K943	https://www.aozora.gr.jp/cards/001091/files/59848_ruby_70157.zip	759
059849	としよりのお祖父さんと孫	金田	鬼一	新字新仮名	NDC K943	https://www.aozora.gr.jp/cards/001091/files/59849_ruby_73170.zip	684
059854	美術学校時代の岡倉先生	板谷	波山	新字新仮名	NDC 751	https://www.aozora.gr.jp/cards/002089/files/59854_txt_69269.zip	378
059856	琉球に学ぶべきもの	志賀	重昂	新字旧仮名		https://www.aozora.gr.jp/cards/000587/files/59856_ruby_77130.zip	0
059857	トンボの死	山川	方夫	新字新仮名	NDC 913	https://www.aozora.gr.jp/cards/001801/files/59857_ruby_72083.zip	595
059864	初雪	近松	秋江	旧字旧仮名	NDC 914	https://www.aozora.gr.jp/cards/000275/files/59864_ruby_72993.zip	479
059866	親馬鹿入堂記	尾崎	士郎	新字新仮名	NDC 914	https://www.aozora.gr.jp/cards/001753/files/59866_ruby_74910.zip	540
059867	親は眺めて考えている	金森	徳次郎	新字新仮名	NDC 914	https://www.aozora.gr.jp/cards/001956/files/59867_ruby_71097.zip	223
059870	飢えは最善のソースか	石川	欣一	新字新仮名	NDC 596 914	https://www.aozora.gr.jp/cards/001380/files/59870_ruby_70407.zip	452
059871	腹のへった話	梅崎	春生	新字新仮名	NDC 914	https://www.aozora.gr.jp/cards/001798/files/59871_ruby_68446.zip	385
059872	猫料理	村松	梢風	新字新仮名	NDC 914	https://www.aozora.gr.jp/cards/001808/files/59872_ruby_70135.zip	744
059873	庶民の食物	小泉	信三	新字新仮名	NDC 596	https://www.aozora.gr.jp/cards/001846/files/59873_ruby_70915.zip	397
059874	瀬戸内の小魚たち	壺井	栄	新字新仮名	NDC 596 914	https://www.aozora.gr.jp/cards/001875/files/59874_ruby_68697.zip	450
059875	乳と蜜の流れる地	笠	信太郎	新字新仮名	NDC 596	https://www.aozora.gr.jp/cards/001937/files/59875_ruby_69678.zip	422
059876	オフ・ア・ラ・コック・ファンタスティーク	森	於菟	新字新仮名	NDC 596	https://www.aozora.gr.jp/cards/001977/files/59876_ruby_69703.zip	268
059877	九年母	青木	正児	新字新仮名	NDC 596	https://www.aozora.gr.jp/cards/002091/files/59877_ruby_69675.zip	350
059878	ブイヨン・ドンゾール	滝沢	敬一	新字新仮名	NDC 596	https://www.aozora.gr.jp/cards/002092/files/59878_ruby_70160.zip	689
059879	甘い野辺	浜本	浩	新字新仮名	NDC 914	https://www.aozora.gr.jp/cards/002093/files/59879_ruby_70397.zip	338
059891	ドミノのお告げ	久坂	葉子	新字新仮名		https://www.aozora.gr.jp/cards/001052/files/59891_txt_77685.zip	0
059896	暦	壺井	栄	新字新仮名		https://www.aozora.gr.jp/cards/001875/files/59896_ruby_76020.zip	430
059897	雑居家族	壺井	栄	新字新仮名		https://www.aozora.gr.jp/cards/001875/files/59897_ruby_77356.zip	0
059898	ウェストミンスター寺院	アーヴィング	ワシントン	新字新仮名	NDC 933	https://www.aozora.gr.jp/cards/001257/files/59898_ruby_70679.zip	3173
059900	幾度目かの最期	久坂	葉子	新字新仮名	NDC 913	https://www.aozora.gr.jp/cards/001052/files/59900_ruby_69717.zip	281
059901	女	久坂	葉子	新字新仮名	NDC 913	https://www.aozora.gr.jp/cards/001052/files/59901_ruby_72288.zip	413
059902	鋏と布と型	久坂	葉子	新字新仮名	NDC 912	https://www.aozora.gr.jp/cards/001052/files/59902_ruby_70426.zip	65
059903	四年のあいだのこと	久坂	葉子	新字新仮名	NDC 913	https://www.aozora.gr.jp/cards/001052/files/59903_ruby_72794.zip	654
059904	「槐多の歌へる」序	山本	鼎	旧字旧仮名		https://www.aozora.gr.jp/cards/001459/files/59904_ruby_76363.zip	330
059948	昼の花火	山川	方夫	新字新仮名	NDC 913	https://www.aozora.gr.jp/cards/001801/files/59948_ruby_70158.zip	702
059949	おるすばん	壺井	栄	新字新仮名	NDC K913	https://www.aozora.gr.jp/cards/001875/files/59949_ruby_74578.zip	595
059950	何が私をこうさせたか	金子	ふみ子	新字新仮名	NDC 289	https://www.aozora.gr.jp/cards/000246/files/59950_ruby_73657.zip	764
059952	西洋美術館めぐり	安井	曽太郎	旧字旧仮名	NDC 723	https://www.aozora.gr.jp/cards/002123/files/59952_txt_69693.zip	351
059955	おしどり	新美	南吉	新字新仮名	NDC K913	https://www.aozora.gr.jp/cards/000121/files/59955_ruby_75140.zip	602
059967	愛の終り	山川	方夫	新字新仮名	NDC 913	https://www.aozora.gr.jp/cards/001801/files/59967_ruby_74757.zip	635
059968	赤い手帖	山川	方夫	新字新仮名	NDC 913	https://www.aozora.gr.jp/cards/001801/files/59968_ruby_74377.zip	640
059969	暑くない夏	山川	方夫	新字新仮名	NDC 911	https://www.aozora.gr.jp/cards/001801/files/59969_ruby_73652.zip	799
059970	あるドライブ	山川	方夫	新字新仮名	NDC 913	https://www.aozora.gr.jp/cards/001801/files/59970_ruby_73428.zip	722
059971	恐怖の正体	山川	方夫	新字新仮名	NDC 913	https://www.aozora.gr.jp/cards/001801/files/59971_ruby_74017.zip	743
059974	博士の目	山川	方夫	新字新仮名	NDC 913	https://www.aozora.gr.jp/cards/001801/files/59974_ruby_73844.zip	664
059976	非情な男	山川	方夫	新字新仮名	NDC 913	https://www.aozora.gr.jp/cards/001801/files/59976_ruby_73177.zip	667
059977	メリイ・クリスマス	山川	方夫	新字新仮名	NDC 913	https://www.aozora.gr.jp/cards/001801/files/59977_ruby_74589.zip	841
059986	ふつくりとした人柄	萩原	朔太郎	旧字旧仮名	NDC 911	https://www.aozora.gr.jp/cards/000067/files/59986_txt_69939.zip	763
059987	名詩集「思ひ出」の真価	萩原	朔太郎	旧字旧仮名	NDC 911	https://www.aozora.gr.jp/cards/000067/files/59987_ruby_74779.zip	475
059989	ラムネ・他四編	萩原	朔太郎	旧字旧仮名	NDC 914	https://www.aozora.gr.jp/cards/000067/files/59989_ruby_70929.zip	539
059997	雪だるま	アンデルセン	ハンス・クリスチャン	新字新仮名	NDC K949	https://www.aozora.gr.jp/cards/000019/files/59997_ruby_72455.zip	669
060007	美しい家	横光	利一	新字旧仮名	NDC 913	https://www.aozora.gr.jp/cards/000168/files/60007_ruby_72777.zip	684
060009	手療法一則	荻野	吟子	旧字旧仮名	NDC 493	https://www.aozora.gr.jp/cards/002127/files/60009_ruby_73437.zip	284
060018	草の中	横光	利一	旧字旧仮名	NDC 913	https://www.aozora.gr.jp/cards/000168/files/60018_ruby_72286.zip	371
060019	パスカルの言葉	島崎	藤村	旧字旧仮名	NDC 135	https://www.aozora.gr.jp/cards/002128/files/60019_ruby_75632.zip	743
060028	おくさま狐の御婚礼	金田	鬼一	新字新仮名	NDC K943	https://www.aozora.gr.jp/cards/001091/files/60028_ruby_74365.zip	453
060029	子どもたちが屠殺ごっこをした話	金田	鬼一	新字新仮名	NDC K943	https://www.aozora.gr.jp/cards/001091/files/60029_ruby_74570.zip	753
060030	死神の名づけ親（第一話）	金田	鬼一	新字新仮名	NDC K943	https://www.aozora.gr.jp/cards/001091/files/60030_ruby_72254.zip	527
060031	死神の名づけ親（第二話）	金田	鬼一	新字新仮名	NDC K943	https://www.aozora.gr.jp/cards/001091/files/60031_ruby_72255.zip	430
060036	愉快な教室	佐藤	春夫	新字新仮名		https://www.aozora.gr.jp/cards/001763/files/60036_ruby_76732.zip	457
060037	若き日の久米正雄	佐藤	春夫	新字旧仮名		https://www.aozora.gr.jp/cards/001763/files/60037_ruby_76497.zip	536
060067	幸福な一家	アンデルセン	ハンス・クリスチャン	新字新仮名	NDC K949	https://www.aozora.gr.jp/cards/000019/files/60067_ruby_72626.zip	616
060070	風	壺井	栄	新字新仮名	NDC 913	https://www.aozora.gr.jp/cards/001875/files/60070_ruby_75637.zip	737
060071	妻の座	壺井	栄	新字新仮名	NDC 913	https://www.aozora.gr.jp/cards/001875/files/60071_ruby_74903.zip	633
060072	日めくり	壺井	栄	新字新仮名		https://www.aozora.gr.jp/cards/001875/files/60072_ruby_76019.zip	459
060073	子供の世界	有島	武郎	旧字旧仮名	NDC 914	https://www.aozora.gr.jp/cards/000025/files/60073_ruby_73419.zip	435
060074	詩への逸脱	有島	武郎	旧字旧仮名	NDC 914	https://www.aozora.gr.jp/cards/000025/files/60074_txt_72753.zip	350
060075	大船駅で	萩原	朔太郎	旧字旧仮名	NDC 914	https://www.aozora.gr.jp/cards/000067/files/60075_ruby_73161.zip	542
060076	歳末に近き或る冬の日の日記	萩原	朔太郎	旧字旧仮名	NDC 914	https://www.aozora.gr.jp/cards/000067/files/60076_txt_72060.zip	461
060085	「晩年」によせて	小山	清	新字旧仮名	NDC 914	https://www.aozora.gr.jp/cards/001867/files/60085_ruby_73431.zip	516
060087	私の処女出版	小山	清	新字旧仮名	NDC 914	https://www.aozora.gr.jp/cards/001867/files/60087_txt_74164.zip	416
060125	狐と猫	金田	鬼一	新字新仮名	NDC K943	https://www.aozora.gr.jp/cards/001091/files/60125_ruby_72059.zip	500
060126	蚊帳	織田	作之助	新字新仮名	NDC 913	https://www.aozora.gr.jp/cards/000040/files/60126_ruby_74193.zip	743
060134	春雨の夜	永井	荷風	新字新仮名	NDC 913	https://www.aozora.gr.jp/cards/001341/files/60134_ruby_72780.zip	779
060151	わるい王さま（伝説）	アンデルセン	ハンス・クリスチャン	新字新仮名	NDC K949	https://www.aozora.gr.jp/cards/000019/files/60151_ruby_73443.zip	817
060153	ペンとインキつぼ	アンデルセン	ハンス・クリスチャン	新字新仮名	NDC K949	https://www.aozora.gr.jp/cards/000019/files/60153_ruby_73176.zip	684
060154	足利尊氏	萩原	朔太郎	旧字旧仮名	NDC 914	https://www.aozora.gr.jp/cards/000067/files/60154_txt_73416.zip	759
060155	酒に就いて	萩原	朔太郎	旧字旧仮名	NDC 914	https://www.aozora.gr.jp/cards/000067/files/60155_ruby_73162.zip	524
060156	故郷の花	三好	達治	旧字旧仮名	NDC 911	https://www.aozora.gr.jp/cards/001749/files/60156_ruby_73847.zip	560
060157	朝菜集	三好	達治	旧字旧仮名	NDC 911	https://www.aozora.gr.jp/cards/001749/files/60157_ruby_72967.zip	400
060159	四人	芥川	多加志	新字旧仮名	NDC 913	https://www.aozora.gr.jp/cards/002132/files/60159_ruby_72068.zip	426
060170	空想としての新婚旅行	正宗	白鳥	新字新仮名	NDC 914	https://www.aozora.gr.jp/cards/001581/files/60170_ruby_72750.zip	412
060171	弔辞（徳田秋声）	正宗	白鳥	新字新仮名	NDC 914	https://www.aozora.gr.jp/cards/001581/files/60171_ruby_72084.zip	491
060172	弔辞（室生犀星）	正宗	白鳥	新字新仮名	NDC 914	https://www.aozora.gr.jp/cards/001581/files/60172_ruby_70421.zip	272
060175	軍国歌謡集	山川	方夫	新字新仮名	NDC 913	https://www.aozora.gr.jp/cards/001801/files/60175_ruby_74911.zip	796
060176	青い眼	アポリネール	ギヨーム	旧字旧仮名	NDC 953	https://www.aozora.gr.jp/cards/002135/files/60176_ruby_72069.zip	595
060177	生けるものと死せるものと	ノアイユ	アンナ・ド	旧字旧仮名	NDC 951	https://www.aozora.gr.jp/cards/002136/files/60177_ruby_72080.zip	447
060188	休養を取る日を	浅沼	稲次郎	新字新仮名		https://www.aozora.gr.jp/cards/001487/files/60188_txt_76368.zip	511
060191	マッチ売りの少女	アンデルセン	ハンス・クリスチャン	新字新仮名	NDC K949	https://www.aozora.gr.jp/cards/000019/files/60191_ruby_72963.zip	698
060192	キリスト教入門	矢内原	忠雄	新字新仮名	NDC 190	https://www.aozora.gr.jp/cards/001538/files/60192_ruby_74782.zip	964
060195	オリンピック讃歌について	野上	彰	新字新仮名		https://www.aozora.gr.jp/cards/001927/files/60195_txt_77639.zip	0
060196	オリンピック讃歌	野上	彰	新字新仮名		https://www.aozora.gr.jp/cards/002138/files/60196_ruby_77607.zip	0
060224	駅馬車	アーヴィング	ワシントン	新字新仮名	NDC 933	https://www.aozora.gr.jp/cards/001257/files/60224_ruby_73172.zip	557
060225	寡婦とその子	アーヴィング	ワシントン	新字新仮名	NDC 933	https://www.aozora.gr.jp/cards/001257/files/60225_ruby_74180.zip	442
060226	傷心	アーヴィング	ワシントン	新字新仮名	NDC 933	https://www.aozora.gr.jp/cards/001257/files/60226_ruby_74760.zip	433
060227	妻	アーヴィング	ワシントン	新字新仮名	NDC 933	https://www.aozora.gr.jp/cards/001257/files/60227_ruby_75260.zip	436
060228	船旅	アーヴィング	ワシントン	新字新仮名	NDC 933	https://www.aozora.gr.jp/cards/001257/files/60228_ruby_75259.zip	438
060229	幽霊花婿	アーヴィング	ワシントン	新字新仮名	NDC 933	https://www.aozora.gr.jp/cards/001257/files/60229_ruby_72965.zip	513
060230	わたくし自身について	アーヴィング	ワシントン	新字新仮名	NDC 933	https://www.aozora.gr.jp/cards/001257/files/60230_ruby_72966.zip	451
060231	クリスマス	アーヴィング	ワシントン	新字新仮名	NDC 933	https://www.aozora.gr.jp/cards/001257/files/60231_ruby_74588.zip	381
060232	クリスマス・イーヴ	アーヴィング	ワシントン	新字新仮名	NDC 933	https://www.aozora.gr.jp/cards/001257/files/60232_ruby_74587.zip	317
060233	ジョン・ブル	アーヴィング	ワシントン	新字新仮名	NDC 933	https://www.aozora.gr.jp/cards/001257/files/60233_ruby_74396.zip	629
060235	浦添考	伊波	普猷	新字新仮名	NDC 219	https://www.aozora.gr.jp/cards/000232/files/60235_ruby_73836.zip	309
060236	沖縄人の最大欠点	伊波	普猷	新字新仮名	NDC 219	https://www.aozora.gr.jp/cards/000232/files/60236_ruby_72996.zip	814
060240	進化論より見たる沖縄の廃藩置県	伊波	普猷	新字新仮名	NDC 219	https://www.aozora.gr.jp/cards/000232/files/60240_ruby_72997.zip	616
060242	土塊石片録	伊波	普猷	新字新仮名	NDC 219	https://www.aozora.gr.jp/cards/000232/files/60242_ruby_72773.zip	173
060254	「スケッチ・ブック」訳者あとがき	吉田	甲子太郎	新字新仮名	NDC 933 934	https://www.aozora.gr.jp/cards/001258/files/60254_txt_75141.zip	39
060273	ブラウン神父総説	村崎	敏郎	新字新仮名	NDC 934	https://www.aozora.gr.jp/cards/002084/files/60273_txt_72989.zip	421
060286	秋	有島	武郎	旧字旧仮名	NDC 913	https://www.aozora.gr.jp/cards/000025/files/60286_ruby_73418.zip	611
060287	春	有島	武郎	旧字旧仮名	NDC 914	https://www.aozora.gr.jp/cards/000025/files/60287_txt_75118.zip	525
060288	吾亦紅	原	民喜	新字新仮名	NDC 913	https://www.aozora.gr.jp/cards/000293/files/60288_ruby_74036.zip	472
060289	忘れがたみ	原	民喜	新字新仮名	NDC 913	https://www.aozora.gr.jp/cards/000293/files/60289_ruby_72771.zip	376
060292	古代エジプトの作品	高村	光太郎	旧字新仮名	NDC 712	https://www.aozora.gr.jp/cards/001168/files/60292_ruby_75258.zip	431
060293	土門拳写真集「風貌」推薦文	高村	光太郎	旧字新仮名	NDC 740	https://www.aozora.gr.jp/cards/001168/files/60293_txt_74020.zip	353
060320	おばけの声	柳田	国男	新字新仮名	NDC 387	https://www.aozora.gr.jp/cards/001566/files/60320_ruby_75615.zip	881
060321	かはたれ時	柳田	国男	新字新仮名		https://www.aozora.gr.jp/cards/001566/files/60321_ruby_76023.zip	693
060324	天狗	大坪	砂男	新字新仮名		https://www.aozora.gr.jp/cards/001824/files/60324_ruby_78549.zip	0
060326	暗黒日記	清沢	洌	新字新仮名	NDC 210	https://www.aozora.gr.jp/cards/000910/files/60326_ruby_73175.zip	817
060349	「トンネル」に就いて	成瀬	無極	旧字旧仮名	NDC 943	https://www.aozora.gr.jp/cards/002141/files/60349_ruby_72427.zip	401
060351	修道院の月	三木	露風	新字旧仮名	NDC 914	https://www.aozora.gr.jp/cards/001976/files/60351_ruby_75638.zip	702
060352	明治詩壇の回顧	三木	露風	新字旧仮名		https://www.aozora.gr.jp/cards/001976/files/60352_ruby_76745.zip	0
060357	新浦島	アーヴィング	ワシントン	新字旧仮名	NDC K933	https://www.aozora.gr.jp/cards/001257/files/60357_ruby_75861.zip	498
060358	イエス伝	矢内原	忠雄	新字新仮名		https://www.aozora.gr.jp/cards/001538/files/60358_ruby_76740.zip	336
060380	枯葉の記	永井	荷風	新字新仮名	NDC 914	https://www.aozora.gr.jp/cards/001341/files/60380_ruby_75633.zip	647
060383	独居雑感	永井	荷風	新字新仮名		https://www.aozora.gr.jp/cards/001341/files/60383_ruby_76220.zip	878
060385	虫の声	永井	荷風	新字新仮名		https://www.aozora.gr.jp/cards/001341/files/60385_ruby_76035.zip	804
060421	「人間宣言」のうちそと	前田	多門	新字新仮名	NDC 210	https://www.aozora.gr.jp/cards/002144/files/60421_ruby_73411.zip	416
060425	映画界・小言幸兵衛	小津	安二郎	新字新仮名	NDC 778	https://www.aozora.gr.jp/cards/001761/files/60425_txt_72257.zip	444
060426	一休さん	五十公野	清一	新字新仮名	NDC K913	https://www.aozora.gr.jp/cards/002049/files/60426_ruby_73440.zip	1100
060427	先生と父兄の皆さまへ	五十公野	清一	新字新仮名	NDC K914	https://www.aozora.gr.jp/cards/002049/files/60427_ruby_73441.zip	455
060431	誕生日	原	民喜	新字新仮名	NDC K913	https://www.aozora.gr.jp/cards/000293/files/60431_ruby_73156.zip	397
060432	ペンギン鳥の歌	原	民喜	新字新仮名	NDC K911	https://www.aozora.gr.jp/cards/000293/files/60432_ruby_72081.zip	348
060433	もぐらとコスモス	原	民喜	新字新仮名		https://www.aozora.gr.jp/cards/000293/files/60433_ruby_76488.zip	536
060435	翳	原	民喜	新字新仮名	NDC 913	https://www.aozora.gr.jp/cards/000293/files/60435_ruby_71235.zip	316
060440	かげろふ断章	原	民喜	新字旧仮名	NDC 911	https://www.aozora.gr.jp/cards/000293/files/60440_ruby_72769.zip	333
060441	千葉海岸の詩	原	民喜	新字旧仮名	NDC 911	https://www.aozora.gr.jp/cards/000293/files/60441_ruby_75129.zip	364
060442	海の小品	原	民喜	新字旧仮名	NDC 911	https://www.aozora.gr.jp/cards/000293/files/60442_ruby_73654.zip	665
060443	曲者	原	民喜	新字新仮名	NDC 913	https://www.aozora.gr.jp/cards/000293/files/60443_ruby_74379.zip	350
060444	原爆体験以後	原	民喜	新字新仮名	NDC 914	https://www.aozora.gr.jp/cards/000293/files/60444_txt_73828.zip	455
060446	追悼記	原	杞憂	新字旧仮名		https://www.aozora.gr.jp/cards/000293/files/60446_txt_76384.zip	344
060447	広島の牧歌	原	民喜	新字旧仮名	NDC 914	https://www.aozora.gr.jp/cards/000293/files/60447_txt_71395.zip	388
060448	西南北東	原	民喜	新字新仮名	NDC 913	https://www.aozora.gr.jp/cards/000293/files/60448_ruby_75131.zip	343
060449	昔の店	原	民喜	新字新仮名	NDC 913	https://www.aozora.gr.jp/cards/000293/files/60449_ruby_74380.zip	398
060457	古調月明集	北原	白秋	旧字旧仮名	NDC 911	https://www.aozora.gr.jp/cards/000106/files/60457_ruby_72062.zip	278
060464	オリムピヤ選手予選	長瀬	金平	新字旧仮名	NDC 782	https://www.aozora.gr.jp/cards/002152/files/60464_ruby_74560.zip	321
060465	ゴンドラの唄	吉井	勇	旧字旧仮名		https://www.aozora.gr.jp/cards/001497/files/60465_ruby_76493.zip	755
060466	「続スウィス日記」発掘の始末	小島	烏水	新字新仮名	NDC 293	https://www.aozora.gr.jp/cards/000027/files/60466_ruby_74574.zip	245
060467	利根水源探検紀行	渡辺	千吉郎	新字旧仮名	NDC 291	https://www.aozora.gr.jp/cards/002153/files/60467_ruby_74025.zip	424
060470	ここに薔薇ありせば	ヤコブセン	イエンス・ペーター	旧字新仮名		https://www.aozora.gr.jp/cards/002154/files/60470_txt_77838.zip	0
060473	警戒すべき日本	押川	春浪	新字旧仮名	NDC 154	https://www.aozora.gr.jp/cards/000077/files/60473_ruby_74381.zip	439
060474	売薬ファン	古川	緑波	旧字旧仮名		https://www.aozora.gr.jp/cards/001558/files/60474_txt_76029.zip	579
060478	野球界奇怪事　早慶紛争回顧録	吉岡	信敬	新字旧仮名	NDC 783	https://www.aozora.gr.jp/cards/002157/files/60478_ruby_74567.zip	431
060482	紅い花	ガールシン	フセヴォロド・ミハイロヴィチ	新字新仮名	NDC 983	https://www.aozora.gr.jp/cards/000340/files/60482_ruby_75126.zip	421
060514	告・原民喜	熊平	武二	新字新仮名	NDC 914	https://www.aozora.gr.jp/cards/002151/files/60514_txt_75862.zip	328
060516	より美しく―より和やかに	原	民喜	新字新仮名	NDC 914	https://www.aozora.gr.jp/cards/000293/files/60516_txt_71396.zip	427
060539	音楽時計	室生	犀星	新字新仮名	NDC K913	https://www.aozora.gr.jp/cards/001579/files/60539_ruby_73824.zip	455
060540	ヒッポドロム	室生	犀星	新字新仮名	NDC 913	https://www.aozora.gr.jp/cards/001579/files/60540_ruby_75144.zip	485
060556	おくのほそ道	杉浦	正一郎	旧字新仮名		https://www.aozora.gr.jp/cards/002237/files/60556_ruby_78259.zip	0
060583	春夫偏見	直木	三十五	旧字旧仮名	NDC 914	https://www.aozora.gr.jp/cards/000216/files/60583_txt_73155.zip	415
060590	キセルの語源	新村	出	旧字旧仮名	NDC 812	https://www.aozora.gr.jp/cards/001938/files/60590_ruby_73841.zip	628
060594	女教邇言	津田	梅子	旧字旧仮名		https://www.aozora.gr.jp/cards/002165/files/60594_ruby_76033.zip	507
060608	雨月物語	上田	秋成	新字旧仮名		https://www.aozora.gr.jp/cards/001271/files/60608_ruby_77892.zip	0
060609	雨月物語	上田	秋成	新字新仮名		https://www.aozora.gr.jp/cards/001271/files/60609_ruby_77360.zip	0
060610	浅草むかしばなし	永井	荷風	新字新仮名	NDC 914	https://www.aozora.gr.jp/cards/001341/files/60610_ruby_74561.zip	826
060611	吾妻橋	永井	荷風	新字新仮名	NDC 913	https://www.aozora.gr.jp/cards/001341/files/60611_ruby_75287.zip	711
060613	或夜	永井	荷風	新字新仮名	NDC 913	https://www.aozora.gr.jp/cards/001341/files/60613_ruby_74766.zip	716
060628	買出し	永井	荷風	新字新仮名	NDC 913	https://www.aozora.gr.jp/cards/001341/files/60628_ruby_74783.zip	844
060629	心づくし	永井	荷風	新字新仮名		https://www.aozora.gr.jp/cards/001341/files/60629_ruby_76390.zip	647
060636	にぎり飯	永井	荷風	新字新仮名	NDC 913	https://www.aozora.gr.jp/cards/001341/files/60636_ruby_75125.zip	792
060639	羊羹	永井	荷風	新字新仮名	NDC 913	https://www.aozora.gr.jp/cards/001341/files/60639_ruby_75435.zip	791
060640	おくのほそ道	杉浦	正一郎	旧字新仮名		https://www.aozora.gr.jp/cards/002237/files/60640_txt_78260.zip	0
060663	島の便り	折口	春洋	新字旧仮名		https://www.aozora.gr.jp/cards/002177/files/60663_ruby_76851.zip	0
060664	神の如く弱し	菊池	寛	新字新仮名		https://www.aozora.gr.jp/cards/000083/files/60664_ruby_76496.zip	757
060668	ねこ	北村	兼子	旧字旧仮名	NDC 914	https://www.aozora.gr.jp/cards/002169/files/60668_ruby_74394.zip	749
060669	現代語訳　方丈記	鴨	長明	新字新仮名	NDC 914	https://www.aozora.gr.jp/cards/000196/files/60669_ruby_74754.zip	4548
060670	鵠が音	折口	信夫	新字旧仮名	NDC 911 914	https://www.aozora.gr.jp/cards/000933/files/60670_ruby_74906.zip	404
060673	夏すがた	永井	荷風	新字新仮名	NDC 913	https://www.aozora.gr.jp/cards/001341/files/60673_ruby_75871.zip	730
060714	マスク	菊池	寛	新字新仮名	NDC 913	https://www.aozora.gr.jp/cards/000083/files/60714_ruby_74590.zip	964
060726	お百度詣	大塚	楠緒子	旧字旧仮名	NDC 911	https://www.aozora.gr.jp/cards/000456/files/60726_ruby_73831.zip	405
060727	金銀の衣裳	夢野	久作	新字旧仮名	NDC K913	https://www.aozora.gr.jp/cards/000096/files/60727_ruby_74755.zip	571
060728	金剛石	夢野	久作	新字旧仮名	NDC 913	https://www.aozora.gr.jp/cards/000096/files/60728_ruby_75127.zip	734
060750	ペンクラブと芸術院	正宗	白鳥	新字新仮名		https://www.aozora.gr.jp/cards/001581/files/60750_ruby_76388.zip	481
060756	現代語訳　平家物語	尾崎	士郎	新字新仮名	NDC 913	https://www.aozora.gr.jp/cards/001529/files/60756_ruby_74753.zip	5106
060757	北原白秋君を弔ふ	斎藤	茂吉	旧字旧仮名	NDC 911	https://www.aozora.gr.jp/cards/001059/files/60757_txt_74366.zip	418
060758	焼跡	斎藤	茂吉	旧字旧仮名	NDC 914	https://www.aozora.gr.jp/cards/001059/files/60758_txt_75434.zip	555
060776	肱鉄砲	管野	須賀子	新字旧仮名	NDC 367	https://www.aozora.gr.jp/cards/002174/files/60776_ruby_75620.zip	407
060788	三次実録物語	稲生 	武太夫	新字旧仮名	NDC 388	https://www.aozora.gr.jp/cards/002176/files/60788_txt_75924.zip	409
060791	鵠が音	折口	春洋	新字旧仮名		https://www.aozora.gr.jp/cards/002177/files/60791_ruby_76866.zip	0
060795	現代語訳　平家物語	尾崎	士郎	新字新仮名		https://www.aozora.gr.jp/cards/001529/files/60795_ruby_76479.zip	779
060797	現代語訳　平家物語	尾崎	士郎	新字新仮名		https://www.aozora.gr.jp/cards/001529/files/60797_ruby_76719.zip	466
060798	現代語訳　平家物語	尾崎	士郎	新字新仮名	NDC 913	https://www.aozora.gr.jp/cards/001529/files/60798_ruby_75858.zip	951
060799	現代語訳　平家物語	尾崎	士郎	新字新仮名		https://www.aozora.gr.jp/cards/001529/files/60799_ruby_76025.zip	1042
060800	現代語訳　平家物語	尾崎	士郎	新字新仮名		https://www.aozora.gr.jp/cards/001529/files/60800_ruby_76200.zip	998
060801	現代語訳　平家物語	尾崎	士郎	新字新仮名		https://www.aozora.gr.jp/cards/001529/files/60801_ruby_76362.zip	932
060802	現代語訳　平家物語	尾崎	士郎	新字新仮名	NDC 913	https://www.aozora.gr.jp/cards/001529/files/60802_ruby_75621.zip	1022
060803	現代語訳　平家物語	尾崎	士郎	新字新仮名	NDC 913	https://www.aozora.gr.jp/cards/001529/files/60803_ruby_74890.zip	2582
060804	現代語訳　平家物語	尾崎	士郎	新字新仮名	NDC 913	https://www.aozora.gr.jp/cards/001529/files/60804_ruby_75123.zip	1910
060805	現代語訳　平家物語	尾崎	士郎	新字新仮名	NDC 913	https://www.aozora.gr.jp/cards/001529/files/60805_ruby_75265.zip	1496
060806	現代語訳　平家物語	尾崎	士郎	新字新仮名	NDC 913	https://www.aozora.gr.jp/cards/001529/files/60806_ruby_75424.zip	1264
060809	正直な泥棒	ドストエフスキー	フィヨードル・ミハイロヴィチ	新字新仮名		https://www.aozora.gr.jp/cards/000363/files/60809_ruby_77683.zip	0
060812	クリスマスと結婚式	ドストエフスキー	フィヨードル・ミハイロヴィチ	新字新仮名		https://www.aozora.gr.jp/cards/000363/files/60812_ruby_76739.zip	441
060827	鴎外の健康と死	森	於菟	新字新仮名		https://www.aozora.gr.jp/cards/001977/files/60827_ruby_77919.zip	0
060828	観潮楼始末記	森	於菟	新字新仮名		https://www.aozora.gr.jp/cards/001977/files/60828_ruby_77920.zip	0
060847	小さき影	有島	武郎	旧字旧仮名	NDC 913	https://www.aozora.gr.jp/cards/000025/files/60847_ruby_75622.zip	444
060855	スザナの物語	作者不詳		新字新仮名	NDC 193	https://www.aozora.gr.jp/cards/001529/files/60855_ruby_74758.zip	434
060856	ベルとドラゴン	作者不詳		新字新仮名	NDC 193	https://www.aozora.gr.jp/cards/001529/files/60856_ruby_75137.zip	758
060865	太平洋食堂	大石	誠之助	新字旧仮名		https://www.aozora.gr.jp/cards/001998/files/60865_ruby_76542.zip	457
060885	斎藤茂吉の死を悲しむ	吉井	勇	旧字旧仮名	NDC 911	https://www.aozora.gr.jp/cards/001497/files/60885_ruby_74916.zip	203
060898	黒き素船	岩野	泡鳴	新字旧仮名	NDC 911	https://www.aozora.gr.jp/cards/000137/files/60898_ruby_74772.zip	311
060899	地なる響	岩野	泡鳴	新字旧仮名	NDC 911	https://www.aozora.gr.jp/cards/000137/files/60899_ruby_75425.zip	355
060900	御霊うぶや	岩野	泡鳴	新字旧仮名	NDC 911	https://www.aozora.gr.jp/cards/000137/files/60900_ruby_74773.zip	366
060904	緑色の透視	左川	ちか	新字新仮名		https://www.aozora.gr.jp/cards/001914/files/60904_txt_76832.zip	0
060909	或る時の詩	片山	敏彦	新字旧仮名		https://www.aozora.gr.jp/cards/001539/files/60909_ruby_76476.zip	322
060910	泉	片山	敏彦	新字旧仮名		https://www.aozora.gr.jp/cards/001539/files/60910_txt_76477.zip	334
060911	暗い時間に	片山	敏彦	新字旧仮名		https://www.aozora.gr.jp/cards/001539/files/60911_ruby_76367.zip	373
060912	眼	片山	敏彦	新字旧仮名		https://www.aozora.gr.jp/cards/001539/files/60912_ruby_77641.zip	0
060918	女中	石川	善助	新字旧仮名	NDC 911	https://www.aozora.gr.jp/cards/001787/files/60918_ruby_75436.zip	518
060929	解剖随筆抄	森	於菟	新字新仮名		https://www.aozora.gr.jp/cards/001977/files/60929_ruby_78201.zip	0
060930	魂魄分離	森	於菟	新字新仮名		https://www.aozora.gr.jp/cards/001977/files/60930_ruby_78526.zip	0
060931	死体置場への招待	森	於菟	新字新仮名		https://www.aozora.gr.jp/cards/001977/files/60931_txt_77985.zip	0
060932	なきがら陳情	森	於菟	新字新仮名		https://www.aozora.gr.jp/cards/001977/files/60932_ruby_78421.zip	0
060934	麻雀インチキ物語	海野	十三	新字新仮名	NDC 797	https://www.aozora.gr.jp/cards/000160/files/60934_ruby_75437.zip	807
060936	爪	大下	宇陀児	新字新仮名		https://www.aozora.gr.jp/cards/001872/files/60936_ruby_77951.zip	0
060957	新秋の記	木下	夕爾	新字旧仮名		https://www.aozora.gr.jp/cards/002088/files/60957_ruby_76193.zip	382
060958	晩夏	木下	夕爾	新字旧仮名		https://www.aozora.gr.jp/cards/002088/files/60958_ruby_76018.zip	437
060959	火の記憶	木下	夕爾	新字旧仮名		https://www.aozora.gr.jp/cards/002088/files/60959_ruby_76021.zip	403
060960	夜学生	木下	夕爾	新字旧仮名		https://www.aozora.gr.jp/cards/002088/files/60960_ruby_76387.zip	644
060961	幸福が遅く来たなら	生田	春月	新字旧仮名	NDC 911	https://www.aozora.gr.jp/cards/000227/files/60961_ruby_75440.zip	702
060962	誤植	生田	春月	新字旧仮名	NDC 911	https://www.aozora.gr.jp/cards/000227/files/60962_ruby_75439.zip	386
060963	象徴の烏賊	生田	春月	新字旧仮名		https://www.aozora.gr.jp/cards/000227/files/60963_ruby_77262.zip	0
060964	滅亡の喜び	生田	春月	新字旧仮名		https://www.aozora.gr.jp/cards/000227/files/60964_ruby_77100.zip	0
060965	愛は終了され	萩原	恭次郎	新字旧仮名		https://www.aozora.gr.jp/cards/000725/files/60965_txt_77881.zip	0
060967	装甲弾機	萩原	恭次郎	新字旧仮名		https://www.aozora.gr.jp/cards/000725/files/60967_ruby_77882.zip	0
060968	離れてゆく秋	萩原	恭次郎	新字旧仮名		https://www.aozora.gr.jp/cards/000725/files/60968_ruby_78156.zip	0
060971	日比谷のベンチで	萩原	恭次郎	新字旧仮名		https://www.aozora.gr.jp/cards/000725/files/60971_ruby_78158.zip	0
060972	赤	寺田	寅彦	新字新仮名	NDC 914	https://www.aozora.gr.jp/cards/000042/files/60972_ruby_75630.zip	694
060973	天河と星の数	寺田	寅彦	新字新仮名	NDC 443	https://www.aozora.gr.jp/cards/000042/files/60973_ruby_75859.zip	534
060975	神	寺田	寅彦	新字新仮名	NDC 911	https://www.aozora.gr.jp/cards/000042/files/60975_ruby_74397.zip	843
060976	蚊帳の研究	寺田	寅彦	新字新仮名	NDC 589	https://www.aozora.gr.jp/cards/000042/files/60976_ruby_75870.zip	636
060977	汽船の改良	寺田	寅彦	新字新仮名	NDC 550	https://www.aozora.gr.jp/cards/000042/files/60977_ruby_75281.zip	598
060978	写真電送の新法	寺田	寅彦	新字新仮名	NDC 547	https://www.aozora.gr.jp/cards/000042/files/60978_ruby_74893.zip	439
060987	許南麒の詩のように	中野	鈴子	新字新仮名		https://www.aozora.gr.jp/cards/001637/files/60987_txt_76490.zip	328
060990	深夜	三富	朽葉	新字旧仮名		https://www.aozora.gr.jp/cards/000799/files/60990_ruby_76031.zip	377
060991	冬の歌	三富	朽葉	新字旧仮名		https://www.aozora.gr.jp/cards/000799/files/60991_ruby_77354.zip	0
060992	水のほとりに	三富	朽葉	新字旧仮名		https://www.aozora.gr.jp/cards/000799/files/60992_ruby_76015.zip	338
060993	ピアノ	三富	朽葉	新字旧仮名		https://www.aozora.gr.jp/cards/000799/files/60993_ruby_76016.zip	414
060994	メランコリア	三富	朽葉	新字旧仮名		https://www.aozora.gr.jp/cards/000799/files/60994_ruby_76030.zip	390
061014	相撲と力学	寺田	寅彦	新字新仮名	NDC 788	https://www.aozora.gr.jp/cards/000042/files/61014_ruby_75426.zip	570
061015	卵の形	寺田	寅彦	新字新仮名		https://www.aozora.gr.jp/cards/000042/files/61015_ruby_76216.zip	731
061017	猫六題	寺田	寅彦	新字新仮名		https://www.aozora.gr.jp/cards/000042/files/61017_ruby_76503.zip	710
061018	「万年筆」欄より	寺田	寅彦	新字新仮名	NDC 404	https://www.aozora.gr.jp/cards/000042/files/61018_ruby_75643.zip	567
061020	雪の話	寺田	寅彦	新字新仮名	NDC 451	https://www.aozora.gr.jp/cards/000042/files/61020_ruby_74596.zip	552
061021	ムーア灯	寺田	寅彦	新字新仮名	NDC 545	https://www.aozora.gr.jp/cards/000042/files/61021_ruby_75271.zip	453
061022	ランプのいろいろ	寺田	寅彦	新字新仮名	NDC 545	https://www.aozora.gr.jp/cards/000042/files/61022_ruby_75445.zip	754
061045	酒に死せる押川春浪	大町	桂月	旧字旧仮名		https://www.aozora.gr.jp/cards/000237/files/61045_ruby_76489.zip	391
061061	散歩	佐佐木	茂索	新字旧仮名		https://www.aozora.gr.jp/cards/001904/files/61061_ruby_76483.zip	438
061089	おもしろい話	畔柳	二美	新字新仮名		https://www.aozora.gr.jp/cards/002200/files/61089_txt_76826.zip	0
061091	わたしの好きな女優　淡島千景さん	金森	徳次郎	新字新仮名	NDC 778	https://www.aozora.gr.jp/cards/001956/files/61091_txt_74904.zip	613
061098	毒	大下	宇陀児	新字新仮名		https://www.aozora.gr.jp/cards/001872/files/61098_ruby_78153.zip	0
061120	六甲山上の夏	九条	武子	新字新仮名		https://www.aozora.gr.jp/cards/000254/files/61120_ruby_76377.zip	615
061150	ふたりのおばさん	室生	犀星	新字新仮名		https://www.aozora.gr.jp/cards/001579/files/61150_txt_76084.zip	560
061154	「屍の街」序	大田	洋子	旧字新仮名		https://www.aozora.gr.jp/cards/001757/files/61154_txt_76494.zip	455
061155	いまだ癒えぬ傷あと	大田	洋子	旧字新仮名		https://www.aozora.gr.jp/cards/001757/files/61155_txt_76724.zip	445
061156	星野くんの二塁打	吉田	甲子太郎	新字新仮名		https://www.aozora.gr.jp/cards/001258/files/61156_ruby_77804.zip	0
061157	美しき元旦	吉田	甲子太郎	新字新仮名		https://www.aozora.gr.jp/cards/001258/files/61157_ruby_77719.zip	0
061164	国訳史記列伝	司馬	遷	旧字旧仮名		https://www.aozora.gr.jp/cards/001524/files/61164_ruby_78254.zip	0
061168	「精神病者私宅監置ノ実況及ビ其統計的観察」自序	呉	秀三	旧字旧仮名		https://www.aozora.gr.jp/cards/002214/files/61168_txt_77645.zip	0
061186	七里ヶ浜の哀歌	三角	錫子	新字新仮名		https://www.aozora.gr.jp/cards/000796/files/61186_ruby_76837.zip	0
061214	太陽を呑む赤い老星の秘密	畑中	武夫	新字新仮名		https://www.aozora.gr.jp/cards/002217/files/61214_txt_76482.zip	566
061285	片男波	小栗	風葉	新字新仮名		https://www.aozora.gr.jp/cards/000241/files/61285_ruby_76843.zip	0
061288	偽悪病患者	大下	宇陀児	新字新仮名		https://www.aozora.gr.jp/cards/001872/files/61288_ruby_76487.zip	668
061342	メランコリア	三富	朽葉	旧字旧仮名		https://www.aozora.gr.jp/cards/000799/files/61342_ruby_77426.zip	0
061396	わがままな子ども	金田	鬼一	新字新仮名		https://www.aozora.gr.jp/cards/001091/files/61396_ruby_78199.zip	0
061397	おいしいおかゆ	金田	鬼一	新字新仮名		https://www.aozora.gr.jp/cards/001091/files/61397_ruby_78133.zip	0
061411	現代語訳　徒然草	兼好法師		新字新仮名		https://www.aozora.gr.jp/cards/002238/files/61411_ruby_78315.zip	0
061442	万年青	矢田	津世子	新字新仮名		https://www.aozora.gr.jp/cards/000317/files/61442_ruby_77291.zip	0
061619	おくのほそ道	杉浦	正一郎	その他		https://www.aozora.gr.jp/cards/002240/files/61619_ruby_78129.zip	0
061660	厳禁の広告放送	和田	信賢	新字旧仮名		https://www.aozora.gr.jp/cards/002245/files/61660_ruby_77960.zip	0
